1,2,3,4,5,6,7,8,9,10,11,12,13,14,15,16,17,18,19,20,21,22,23,24,25,26,27,28,29,30,31,32,33,34,35,36,37,38,39,40,41,42,43,44,45,46,47,48,49,50,51,52,53,54,55,56,57,58,59,60,61,62,63,64,65,66,67,68,69,70,71,72,73,74,75,76,77,78,79,80,81,82,83,84,85,86,87,88,89,90,91,92,93,94,95,96,97,98,99,100,101,102,103,104,105,106,107,108,109,110,111,112,113,114,115,116,117,118,119,120,121,122,123,124,125,126,127,128,129,130,131,132,133,stress_score,anxiety_score,depression_score
1.01967,0.975333,0.953167,0.96425,0.947625,1.00581,0.924073,0.842333,0.820167,0.798,0.953167,1.29675,1.26904,1.18869,1.01551,0.842333,1.2635,1.23025,1.52396,1.40481,1.38957,1.09379,0.798,0.820167,0.842333,0.842333,1.10833,0.975333,0.842333,1.064,1.08617,1.05292,1.56829,1.38265,1.55582,1.39858,1.36429,1.21414,1.16124,1.57812,1.49839,1.1482,0.798,0.953167,1.05292,0.991958,1.09448,1.56691,1.35979,1.10106,0.842333,0.842333,1.3965,1.31892,1.47962,1.51565,1.44499,1.45399,1.23683,1.08392,1.11829,1.60098,1.39899,1.60833,1.35833,1.29983,1.11542,1.15621,1.08794,1.00947,1.14757,1.52695,1.27331,1.63415,1.41558,1.12896,0.842333,1.01967,1.33,1.2635,1.62925,1.34662,1.31615,1.12357,1.20462,1.28948,1.04374,0.798,1.3965,1.27458,1.28012,1.1499,1.12911,1.09656,0.969445,0.842333,0.820167,0.798,0.9975,1.23025,1.01412,0.798,0.8645,0.919917,0.969792,1.17206,0.985031,0.798,0.931,1.14753,1.14753,1.14753,1.14753,1.14753,1.14753,1.14753,1.14753,1.14753,1.14753,1.14753,1.14753,1.14753,1.14753,1.14753,1.14753,1.14753,1.14753,1.14753,1.14753,1.14753,1.14753,1.14753,1.14753,6,2,0
1.10833,1.15267,1.24133,1.1305,1.16375,0.980875,0.798,0.9975,0.89775,0.798,1.2635,1.49625,1.34662,1.22748,1.10141,0.97187,0.842333,0.886667,1.08617,1.03075,1.02521,1.6431,1.39789,1.36394,1.1253,0.886667,0.886667,1.28567,1.37433,1.463,1.35217,1.23025,1.12496,1.00581,0.886667,0.9975,1.18592,1.45746,1.37156,1.17345,1.09656,1.19111,1.08322,1.09578,0.969056,0.842333,1.01967,1.15267,1.44083,1.45192,1.50179,1.39373,1.11803,0.842333,1.064,1.08617,1.07508,1.22471,1.10002,1.08201,1.44984,1.36775,1.54838,1.39485,1.34026,1.13563,1.09982,1.34791,1.11729,0.886667,1.08617,1.00858,1.12496,1.20531,1.02382,0.842333,1.08617,1.31892,1.34662,1.13881,1.12357,1.27112,1.18973,1.19336,1.28385,1.08526,0.886667,1.35217,1.31892,1.52396,1.40481,1.34524,1.16029,1.17864,1.23215,1.21458,1.13929,1.25681,1.18257,1.18979,1.63673,1.41686,1.35126,1.5623,1.86732,2.17233,1.19811,1.19811,1.19811,1.19811,1.19811,1.19811,1.19811,1.19811,1.19811,1.19811,1.19811,1.19811,1.19811,1.19811,1.19811,1.19811,1.19811,1.19811,1.19811,1.19811,1.19811,1.19811,1.19811,1.19811,1.19811,1.19811,1.19811,0,0,1
1.01967,1.01967,1.463,1.28567,1.55167,1.33,1.61817,1.31892,1.14712,1.03906,1.0072,1.4346,1.2493,1.04582,0.842333,0.931,1.37433,1.24133,1.48517,1.29675,1.20254,1.00027,0.798,1.30783,1.16375,1.40204,1.25519,1.24826,1.28913,1.26523,1.31978,1.30272,1.2277,1.25668,1.18251,1.25625,1.24879,1.33373,1.2432,1.2866,1.21963,1.34132,1.24699,1.46583,1.26491,1.45262,1.28048,1.50474,1.30654,1.25177,1.29088,1.19961,1.37564,1.46365,1.33033,1.48533,1.29683,1.29125,1.33279,1.24273,1.3307,1.28602,1.28584,1.50742,1.30788,1.47411,1.26905,1.36603,1.25935,1.25034,1.24584,1.24358,1.26463,1.47465,1.24716,1.48808,1.25387,1.4471,1.23338,1.19303,1.32801,1.46201,1.263,1.40733,1.30217,1.31608,1.32304,1.48169,1.25068,1.44551,1.27692,1.45863,1.28348,1.30674,1.31837,1.32418,1.30493,1.2953,1.33481,1.22157,1.10833,1.28887,1.28887,1.28887,1.28887,1.28887,1.28887,1.28887,1.28887,1.28887,1.28887,1.28887,1.28887,1.28887,1.28887,1.28887,1.28887,1.28887,1.28887,1.28887,1.28887,1.28887,1.28887,1.28887,1.28887,1.28887,1.28887,1.28887,1.28887,1.28887,1.28887,1.28887,1.28887,4,4,0
1.463,1.463,1.35217,1.34108,1.31337,1.43252,1.31476,1.41105,1.39269,1.62735,1.34567,1.5595,1.40042,1.43171,1.35869,1.32218,1.30392,1.38346,1.3124,1.3877,1.24802,1.39984,1.25409,1.35854,1.29994,1.33714,1.26707,1.36503,1.28102,1.32768,1.30667,1.407,1.34633,1.47117,1.28975,1.30988,1.31994,1.3693,1.32748,1.12924,0.985788,0.842333,1.3965,1.23025,1.50179,1.39373,1.38403,1.35702,1.27701,1.28134,1.2835,1.24025,1.32946,1.26323,1.31878,1.25789,1.27178,1.21222,1.24894,1.22297,1.03265,0.842333,0.798,0.798,0.798,0.908833,0.853417,0.798,0.9975,1.40758,1.23579,1.0834,0.940698,0.798,1.17483,1.27458,1.05846,0.842333,0.886667,1.17483,1.23025,1.39096,1.29398,1.42282,1.39858,1.58596,1.36931,1.41616,1.32874,1.32937,1.28535,1.32984,1.28559,1.46296,1.32998,1.52949,1.34108,1.60154,1.3771,1.46438,1.28636,1.10833,1.26963,1.26963,1.26963,1.26963,1.26963,1.26963,1.26963,1.26963,1.26963,1.26963,1.26963,1.26963,1.26963,1.26963,1.26963,1.26963,1.26963,1.26963,1.26963,1.26963,1.26963,1.26963,1.26963,1.26963,1.26963,1.26963,1.26963,1.26963,1.26963,1.26963,1.26963,4,2,5
1.01967,1.35217,1.25242,1.37987,1.28844,1.30922,1.27528,1.23614,1.2609,1.22895,1.25731,1.38232,1.24533,1.04383,0.842333,0.886667,1.35217,1.25242,1.33554,1.33277,1.42005,1.26419,1.0311,0.798,0.842333,1.28567,1.21917,1.00858,0.798,0.798,0.9975,1.16375,1.26904,1.27735,1.45884,1.26142,1.05188,0.842333,0.886667,1.21917,1.11942,1.29121,1.1776,1.3203,1.25865,1.36083,1.34541,1.13821,0.99027,0.842333,1.15267,1.21917,1.25242,1.26904,1.29952,1.33693,1.08963,0.842333,0.798,1.21917,1.20808,1.26904,1.27735,1.28151,1.21709,1.09621,1.01361,1.06097,0.929485,0.798,0.975333,0.908833,0.842333,0.798,1.10833,1.17483,1.27458,1.28012,1.2829,1.23995,1.28497,1.21882,1.27441,1.28004,1.46019,1.30643,1.07438,0.842333,0.975333,1.15267,1.30783,1.47408,1.26904,1.47685,1.31476,1.63271,1.34836,1.09535,0.842333,0.953167,1.20808,1.22471,1.21085,1.33693,1.4443,1.32065,1.43616,1.55167,1.17689,1.17689,1.17689,1.17689,1.17689,1.17689,1.17689,1.17689,1.17689,1.17689,1.17689,1.17689,1.17689,1.17689,1.17689,1.17689,1.17689,1.17689,1.17689,1.17689,1.17689,1.17689,1.17689,1.17689,1.17689,10,11,8
0.931,0.9975,1.00858,1.16929,1.20531,1.37849,1.26558,1.27562,1.12548,1.20557,1.06829,0.999643,1.09832,1.08116,0.961747,0.842333,1.08617,1.25242,1.20254,1.1111,1.10972,1.15336,1.08651,1.09742,1.10288,1.08344,1.07372,1.04669,1.09968,1.17051,1.07292,1.06846,0.99973,1.16486,1.2031,1.06705,0.976858,0.886667,1.10833,1.064,1.24133,1.10833,1.197,1.2635,1.23025,1.01412,0.798,0.820167,0.842333,0.842333,1.04183,1.11942,1.55721,1.35494,1.23164,1.12565,1.11699,1.157,1.06616,1.10942,0.998041,0.886667,1.04183,0.919917,0.798,0.9975,1.58492,1.39096,1.42698,1.13466,0.842333,0.842333,0.842333,1.01967,1.44083,1.36325,1.78996,1.44915,1.16791,0.886667,1.064,0.9975,1.11942,1.13604,1.69852,1.44776,1.74355,1.47027,1.51097,1.35399,1.45283,1.34708,1.44937,1.34535,1.42634,1.31167,1.38734,1.31433,1.699,1.47017,1.55525,1.28746,1.2644,1.58536,1.41335,1.48251,1.55167,1.18551,1.18551,1.18551,1.18551,1.18551,1.18551,1.18551,1.18551,1.18551,1.18551,1.18551,1.18551,1.18551,1.18551,1.18551,1.18551,1.18551,1.18551,1.18551,1.18551,1.18551,1.18551,1.18551,1.18551,1.18551,1.18551,10,4,3
1.33,1.21917,1.20808,1.09171,1.14435,1.08201,1.13951,1.07959,1.18263,1.16765,1.18232,1.18966,1.17116,1.27275,1.23487,1.21594,1.33947,1.13523,1.14395,1.25914,1.18374,1.25687,1.29343,1.28955,1.30978,1.29772,1.38036,1.24435,1.35367,1.12017,0.886667,1.04183,1.25242,1.04737,0.842333,1.197,1.28567,1.197,1.1305,1.20808,1.24687,1.1776,1.09864,1.14782,1.23891,1.12929,1.09664,1.25766,1.20516,1.28975,1.24337,1.30885,1.29726,1.29146,1.28857,1.35362,1.51914,1.2029,0.886667,0.953167,1.14158,1.01412,0.886667,1.01967,1.04183,1.09725,1.10279,1.19423,1.12911,1.03006,1.0692,1.04443,1.18722,1.12561,1.0948,1.23457,1.17145,1.29506,1.15736,1.26585,1.18709,1.08121,1.13911,1.07939,1.11603,1.15651,1.13242,1.25338,1.22519,1.25543,1.24838,1.28919,1.26526,1.36413,1.36923,1.28312,1.21789,1.25178,1.22439,1.16636,1.13735,1.07851,1.07125,1.08979,1.09906,1.08153,1.1171,1.20138,1.13269,1.064,1.17747,1.17747,1.17747,1.17747,1.17747,1.17747,1.17747,1.17747,1.17747,1.17747,1.17747,1.17747,1.17747,1.17747,1.17747,1.17747,1.17747,1.17747,1.17747,1.17747,1.17747,1.17747,1.17747,0,2,0
0.886667,0.842333,1.33,1.24133,1.33,1.2635,1.36325,1.25796,1.05015,0.842333,0.842333,1.30783,1.16375,1.00304,0.842333,0.975333,1.1305,1.25242,1.09171,1.23302,1.19284,1.23926,1.26246,1.1854,1.23553,1.30493,1.20663,1.20182,1.24374,1.1982,1.15327,1.2638,1.3634,1.39103,1.24968,1.26768,1.27667,1.08167,0.886667,0.842333,1.15267,1.064,1.197,1.21917,1.05292,0.886667,1.04183,1.45192,1.45746,1.32723,1.43945,1.31822,1.32411,1.17189,1.22878,1.32372,1.37119,1.26193,1.2738,1.0359,0.798,1.35217,1.23025,1.03629,0.842333,0.886667,1.064,1.04183,1.14158,1.70129,1.49348,1.63341,1.39304,1.45018,1.32359,1.57063,1.38381,1.46774,1.42104,1.10952,0.798,1.04183,1.00858,1.05846,1.03906,1.18453,1.2351,1.30472,1.20652,1.22393,1.16613,1.18157,1.14495,1.32614,1.3059,1.65045,1.37939,1.2882,1.5086,1.3528,1.29707,1.29137,1.33285,1.35359,1.37433,1.2123,1.2123,1.2123,1.2123,1.2123,1.2123,1.2123,1.2123,1.2123,1.2123,1.2123,1.2123,1.2123,1.2123,1.2123,1.2123,1.2123,1.2123,1.2123,1.2123,1.2123,1.2123,1.2123,1.2123,1.2123,1.2123,1.2123,1.2123,4,1,3
1.55167,1.17483,0.798,0.975333,1.08617,1.09725,0.947625,0.798,0.886667,0.842333,1.04183,1.11942,1.13604,1.12219,0.960094,0.798,1.08617,1.07508,1.04737,1.21085,1.18176,1.14505,1.23752,1.08426,1.1628,1.13557,1.07762,1.07081,1.1339,1.09895,1.05931,1.26115,1.11824,1.17979,1.29923,1.09295,0.886667,0.975333,1.1305,1.20808,1.18037,1.32169,1.28151,1.28359,1.24029,1.17431,1.29649,1.06941,0.842333,0.798,0.798,0.798,1.064,0.931,0.798,0.886667,0.842333,1.04183,0.942083,0.842333,1.15267,1.35217,1.42975,1.31337,1.12219,1.15959,1.15613,0.977065,0.798,0.931,1.197,1.50733,1.3965,1.14158,0.886667,1.064,1.064,1.1305,1.20808,1.15821,1.13327,0.965635,0.798,0.798,0.931,1.17483,1.31892,1.34662,1.40481,1.21224,1.02729,0.842333,0.975333,0.931,0.886667,1.08617,1.27458,1.21362,1.27181,1.21224,1.27112,1.05673,0.842333,0.975333,1.1305,1.05292,1.01412,1.26073,1.18453,1.32377,1.26038,1.20652,1.06876,0.977715,0.886667,0.798,1.08609,1.08609,1.08609,1.08609,1.08609,1.08609,1.08609,1.08609,1.08609,1.08609,1.08609,1.08609,1.08609,1.08609,1.08609,1.08609,1.08609,4,3,1
1.01967,1.1305,1.18592,1.41312,1.26073,1.02936,0.798,0.842333,0.975333,0.931,0.886667,0.975333,0.886667,0.798,0.9975,0.919917,0.842333,1.2635,1.29675,1.53504,1.38819,1.58076,1.38888,1.62544,1.45555,1.61444,1.42789,1.53411,1.36556,1.56944,1.38322,1.66694,1.43197,1.62482,1.45524,1.70295,1.44998,1.61166,1.44866,1.52233,1.35967,1.34483,1.35958,1.34479,1.3374,1.42236,1.33185,1.50826,1.39696,1.49648,1.43541,1.47137,1.35635,1.36534,1.3255,1.43859,1.31779,1.5234,1.40453,1.65543,1.42622,1.71061,1.47597,1.64682,1.46624,1.44245,1.45273,1.45786,1.43827,1.4728,1.42357,1.42112,1.39772,1.3417,1.33585,1.37726,1.3758,1.44156,1.38578,1.49089,1.43261,1.55864,1.46649,1.48691,1.43062,1.42464,1.39949,1.40908,1.43604,1.51602,1.44518,1.47625,1.46963,1.463,1.3705,1.3705,1.3705,1.3705,1.3705,1.3705,1.3705,1.3705,1.3705,1.3705,1.3705,1.3705,1.3705,1.3705,1.3705,1.3705,1.3705,1.3705,1.3705,1.3705,1.3705,1.3705,1.3705,1.3705,1.3705,1.3705,1.3705,1.3705,1.3705,1.3705,1.3705,1.3705,1.3705,1.3705,1.3705,1.3705,1.3705,1.3705,1.3705,2,3,0
1.10833,1.21917,1.29675,1.29121,1.3771,1.35355,1.47478,1.46889,1.53244,1.45339,1.48036,1.42735,1.13484,0.842333,1.064,1.21917,1.00858,0.798,1.1305,0.96425,0.798,1.1305,1.31892,1.56829,1.42698,1.57799,1.52049,1.53608,1.52171,1.60319,1.37793,1.4648,1.41957,1.48562,1.56297,1.51299,1.55449,1.57525,1.49696,1.79031,1.51582,1.20124,0.886667,1.04183,1.34108,1.31337,1.07785,0.842333,0.9975,1.45192,1.41312,1.50456,1.43945,1.65072,1.4682,1.3991,1.09855,0.798,1.48517,1.34108,1.42421,1.5101,1.44222,1.58561,1.3248,1.34957,1.18462,1.47898,1.44882,1.58891,1.43729,1.13981,0.842333,1.01967,0.953167,0.886667,1.01967,1.21917,1.38542,1.46854,1.5766,1.49764,1.16998,0.842333,1.41867,1.24133,1.57383,1.34108,1.31337,1.10002,0.886667,1.37433,1.3965,1.42975,1.53504,1.64033,1.31461,1.31461,1.31461,1.31461,1.31461,1.31461,1.31461,1.31461,1.31461,1.31461,1.31461,1.31461,1.31461,1.31461,1.31461,1.31461,1.31461,1.31461,1.31461,1.31461,1.31461,1.31461,1.31461,1.31461,1.31461,1.31461,1.31461,1.31461,1.31461,1.31461,1.31461,1.31461,1.31461,1.31461,1.31461,1.31461,1.31461,2,2,1
0.798,1.01967,1.197,1.2635,1.31892,1.36879,1.3494,1.2732,1.12427,1.13847,1.2564,1.0272,0.798,0.953167,0.942083,1.15821,1.2441,1.35355,1.25311,1.46889,1.39944,1.12089,0.842333,0.975333,1.10833,1.1305,1.16375,1.11387,1.22194,1.23164,1.21432,1.11699,1.4895,1.45408,1.36987,1.54944,1.39539,1.09669,0.798,1.01967,0.975333,1.10833,1.21917,1.09725,1.10279,1.19423,1.01828,0.842333,1.463,1.41867,1.28567,1.08617,0.886667,1.15267,1.30783,1.31892,1.30229,1.31615,1.25657,1.40412,1.32273,1.28203,1.26168,1.14067,1.324,1.14967,1.129,1.20733,1.047,0.886667,1.1305,1.00858,0.886667,1.197,1.01967,0.842333,1.04183,1.16375,1.09171,1.23302,1.01551,0.798,1.064,1.10833,0.975333,0.842333,0.975333,0.975333,1.1305,1.49625,1.34662,1.51565,1.40066,1.54266,1.3255,1.10608,0.886667,1.01967,0.953167,0.886667,1.08617,1.07508,1.06954,1.26627,1.3203,1.28082,1.32758,1.37433,1.16115,1.16115,1.16115,1.16115,1.16115,1.16115,1.16115,1.16115,1.16115,1.16115,1.16115,1.16115,1.16115,1.16115,1.16115,1.16115,1.16115,1.16115,1.16115,1.16115,1.16115,1.16115,1.16115,1.16115,1.16115,0,1,0
0.842333,0.820167,0.798,1.10833,1.24133,1.44083,1.60708,1.35771,1.52119,1.55859,1.46646,1.13223,0.798,0.820167,0.842333,0.886667,0.931,0.9975,1.03075,1.09171,0.989187,0.886667,1.1305,0.986417,0.842333,1.10833,1.10833,1.04183,1.05292,0.947625,0.842333,1.15267,1.35217,1.11942,0.886667,1.10833,1.24133,1.01967,0.798,0.842333,0.886667,1.01967,1.33,1.30783,1.34108,1.06954,0.798,0.886667,0.842333,0.798,1.1305,1.00858,0.886667,1.01967,0.931,0.842333,1.064,0.953167,0.842333,1.17483,1.03075,0.886667,0.842333,0.975333,0.953167,1.18592,1.36879,1.19423,1.01828,0.842333,0.931,0.931,1.01967,1.08617,0.96425,0.842333,0.886667,1.197,1.10833,0.975333,0.842333,0.798,1.17483,1.23025,1.39096,1.18315,1.01274,0.842333,0.842333,0.842333,0.842333,1.08617,0.942083,0.798,0.798,1.15267,1.37433,1.44083,1.36325,1.19146,1.06123,0.996115,0.963557,1.08028,1.29381,1.35624,1.32095,1.48064,1.47182,1.51174,1.46521,1.37544,1.33055,1.28567,1.07249,1.07249,1.07249,1.07249,1.07249,1.07249,1.07249,1.07249,1.07249,1.07249,1.07249,1.07249,1.07249,1.07249,1.07249,1.07249,1.07249,1.07249,1.07249,10,7,9
1.197,1.1305,1.20808,1.18037,1.10002,1.34801,1.29467,1.24584,1.33225,1.33113,1.2419,1.01995,0.798,0.842333,1.197,1.28567,1.33,1.37433,1.33,1.28567,1.41867,1.197,1.04183,0.886667,0.842333,0.798,0.953167,1.05292,1.34662,1.33831,1.40066,1.40966,1.392,1.38317,1.40092,1.34329,1.31448,1.41091,1.52562,1.49431,1.41215,1.26024,1.49462,1.39014,1.51524,1.64429,1.42064,1.57482,1.36374,1.08087,0.798,0.798,1.1305,1.31892,1.52396,1.36048,1.32307,1.45954,1.46127,1.46213,1.41823,1.48495,1.40748,1.5239,1.38262,1.17898,0.988488,0.798,1.24133,1.35217,1.45192,1.41312,1.52673,1.71653,1.41243,1.37122,1.48361,1.42897,1.31299,1.25499,1.27033,1.30016,1.27075,1.36687,1.3706,1.43897,1.47315,1.15774,0.842333,1.064,1.197,1.41867,1.3965,1.54058,1.54612,1.52673,1.69436,1.44568,1.197,1.2978,1.2978,1.2978,1.2978,1.2978,1.2978,1.2978,1.2978,1.2978,1.2978,1.2978,1.2978,1.2978,1.2978,1.2978,1.2978,1.2978,1.2978,1.2978,1.2978,1.2978,1.2978,1.2978,1.2978,1.2978,1.2978,1.2978,1.2978,1.2978,1.2978,1.2978,1.2978,1.2978,1.2978,24,17,25
1.41867,1.463,1.48517,1.51842,1.62371,1.72069,1.52534,1.16167,0.798,1.1305,1.31892,1.08062,0.842333,1.1305,1.03075,1.11387,1.1776,1.20947,1.20323,1.28878,1.28723,1.24211,1.35256,1.16394,1.18047,1.25524,1.18178,1.12289,1.22645,1.23389,1.21544,1.25056,1.20161,1.22147,1.27574,1.1477,1.15018,1.32876,1.12988,1.18561,1.23564,1.23848,1.23991,1.32929,1.15231,1.15249,1.66241,1.40754,1.43527,1.1388,0.842333,1.1305,1.07508,1.13604,1.25519,1.58076,1.85438,1.52569,1.45001,1.23484,1.19375,1.28404,1.19619,1.21876,1.67338,1.47952,1.42693,1.24546,1.19907,1.26453,1.23077,1.21388,1.27194,1.2123,1.20465,1.26733,1.16566,1.18133,1.27783,1.23742,1.21721,1.31794,1.14664,1.17182,1.25091,1.13529,1.16614,1.24807,1.22254,1.20977,1.31422,1.23344,1.21522,1.27261,1.10181,1.1494,1.2397,1.15185,1.17443,1.27438,1.21352,1.20526,1.20113,1.197,1.25141,1.25141,1.25141,1.25141,1.25141,1.25141,1.25141,1.25141,1.25141,1.25141,1.25141,1.25141,1.25141,1.25141,1.25141,1.25141,1.25141,1.25141,1.25141,1.25141,1.25141,1.25141,1.25141,1.25141,1.25141,1.25141,1.25141,1.25141,1.25141,6,0,0
1.37433,1.28567,1.28567,1.35217,1.20808,1.37987,1.35494,1.34247,1.31407,1.3442,1.38143,1.28922,1.26528,1.36414,1.41357,1.43828,1.38414,1.37924,1.26595,1.45314,1.59107,1.37187,1.5726,1.29613,1.4239,1.33262,1.30914,1.3639,1.47995,1.33848,1.5559,1.28779,1.33106,1.33053,1.3081,1.38555,1.66811,1.29955,1.53644,1.36672,1.41486,1.35026,1.34013,1.46807,1.33253,1.53077,1.45255,1.47994,1.53797,1.41182,1.37091,1.39479,1.36239,1.39053,1.31593,1.4338,1.5814,1.30053,1.40393,1.36697,1.25982,1.02891,0.798,0.842333,1.01967,1.064,0.975333,0.886667,1.064,0.931,0.798,1.24133,1.21917,1.34108,1.40204,1.34385,1.55859,1.62163,1.43148,1.46941,1.37754,1.35377,1.47488,1.35811,1.52139,1.44786,1.45543,1.41488,1.43894,1.4288,1.4459,1.32145,1.54739,1.48303,1.40651,1.33,1.34758,1.34758,1.34758,1.34758,1.34758,1.34758,1.34758,1.34758,1.34758,1.34758,1.34758,1.34758,1.34758,1.34758,1.34758,1.34758,1.34758,1.34758,1.34758,1.34758,1.34758,1.34758,1.34758,1.34758,1.34758,1.34758,1.34758,1.34758,1.34758,1.34758,1.34758,1.34758,1.34758,1.34758,1.34758,1.34758,1.34758,2,4,0
0.886667,1.04183,1.16375,1.18037,1.01135,0.842333,0.798,0.9975,1.05292,1.34662,1.36048,1.12357,0.886667,0.798,0.820167,0.842333,1.064,1.08617,1.16375,1.29121,1.35494,1.14297,1.14782,1.21674,1.2512,1.26844,1.07755,0.886667,0.798,1.197,1.30783,1.05292,0.798,0.798,0.798,0.798,0.798,1.10833,0.953167,0.798,1.064,1.01967,0.975333,1.197,1.24133,1.30783,1.40758,1.41312,1.12773,0.842333,0.886667,0.886667,0.886667,1.21917,1.03075,0.842333,1.10833,1.30783,1.34108,1.06954,0.798,0.9975,1.05292,1.14712,1.26073,1.38403,1.26835,1.18834,1.28134,1.32784,1.41758,1.37379,1.3519,1.34095,1.37981,1.2884,1.13187,0.964934,0.798,0.975333,1.01967,0.931,0.842333,0.842333,1.17483,1.29675,1.26904,1.34385,1.33693,1.42213,1.44257,1.45278,1.43572,1.1612,0.886667,1.064,0.931,0.798,0.9975,1.03075,1.02521,1.1111,0.998885,0.886667,1.1305,1.20808,1.29121,1.33277,1.44222,1.31961,1.1918,1.064,1.1062,1.1062,1.1062,1.1062,1.1062,1.1062,1.1062,1.1062,1.1062,1.1062,1.1062,1.1062,1.1062,1.1062,1.1062,1.1062,1.1062,1.1062,1.1062,1.1062,1.1062,0,0,1
1.197,1.15267,1.21917,1.14158,1.19146,1.12773,1.16236,1.17968,1.21051,1.15942,1.20038,1.19869,1.17568,1.18634,1.19167,1.15,1.19567,1.152,1.19667,1.19683,1.17475,1.20804,1.20252,1.22193,1.29813,1.2254,1.2777,1.25952,1.27259,1.3678,1.37106,1.3727,1.30702,1.42934,1.44617,1.38809,1.31471,1.41102,1.39268,1.42784,1.35675,1.25471,1.27019,1.25576,1.24855,1.15627,1.22097,1.16465,1.18083,1.18891,1.25946,1.22823,1.21261,1.27131,1.25632,1.27099,1.25616,1.20442,1.24504,1.22102,1.23118,1.28059,1.34963,1.27331,1.23516,1.34908,1.29521,1.3126,1.3213,1.23698,1.23916,1.24025,1.28512,1.26323,1.23011,1.28006,1.3272,1.28426,1.30713,1.20773,1.22453,1.21077,1.24822,1.26694,1.25414,1.29207,1.3332,1.30943,1.29755,1.38028,1.3108,1.34257,1.29195,1.28881,1.33157,1.26429,1.27498,1.21382,1.20541,1.15687,1.1991,1.15372,1.15319,1.15293,1.15267,1.25273,1.25273,1.25273,1.25273,1.25273,1.25273,1.25273,1.25273,1.25273,1.25273,1.25273,1.25273,1.25273,1.25273,1.25273,1.25273,1.25273,1.25273,1.25273,1.25273,1.25273,1.25273,1.25273,1.25273,1.25273,1.25273,1.25273,1.25273,2,3,1
1.15267,1.17483,1.25242,1.22471,1.27735,1.32584,1.28359,1.17379,1.2519,1.29095,1.17747,1.2094,1.29187,1.08927,0.886667,1.1305,1.40758,1.63479,1.46023,1.50595,1.57314,1.6954,1.4462,1.4546,1.41447,1.3944,1.34003,1.31285,1.29926,1.3368,1.2669,1.25412,1.24772,1.28886,1.24293,1.30863,1.36365,1.36899,1.283,1.21783,1.42908,1.51254,1.4656,1.5308,1.4304,1.42453,1.39943,1.29822,1.31411,1.25555,1.38144,1.26706,1.27636,1.23668,1.26117,1.20692,1.24629,1.17731,1.27582,1.21425,1.31646,1.16806,1.2047,1.42252,1.50926,1.46396,1.46348,1.41891,1.37445,1.35223,1.27461,1.25797,1.27182,1.27874,1.21571,1.25069,1.11301,1.17717,1.07625,1.20313,1.1114,1.2207,1.16452,1.33592,1.39946,1.40906,1.3252,1.34977,1.31772,1.47902,1.40451,1.50026,1.41513,1.39473,1.31803,1.34618,1.24942,1.26755,1.25444,1.24133,1.31233,1.31233,1.31233,1.31233,1.31233,1.31233,1.31233,1.31233,1.31233,1.31233,1.31233,1.31233,1.31233,1.31233,1.31233,1.31233,1.31233,1.31233,1.31233,1.31233,1.31233,1.31233,1.31233,1.31233,1.31233,1.31233,1.31233,1.31233,1.31233,1.31233,1.31233,1.31233,1.31233,4,3,1
1.15267,1.17483,1.20808,1.35771,1.58769,1.52534,1.64934,1.51184,1.19925,0.886667,1.17483,1.09725,1.14712,1.26073,1.3397,1.26835,1.36567,1.41434,1.32784,1.37325,1.39596,1.29648,1.33541,1.37704,1.28702,1.35284,1.23059,1.19163,1.30515,1.27324,1.21295,1.29364,1.31182,1.23224,1.30329,1.29448,1.22357,1.32112,1.21473,1.20586,1.2901,1.28788,1.22027,1.2973,1.33582,1.24424,1.35362,1.31964,1.23616,1.34958,1.11812,0.886667,1.1305,1.11942,1.13604,1.25519,1.24826,1.20046,1.33173,1.19787,1.19743,1.33022,1.48527,1.47414,1.22474,1.16653,1.3591,1.52188,1.49244,1.63289,1.54794,1.32814,1.26257,1.76178,1.45723,1.68178,1.46156,1.48444,1.16339,0.842333,1.35217,1.42975,1.46854,1.46577,1.70822,1.49694,1.81247,1.54907,1.6612,1.47343,1.68988,1.48778,1.78572,1.55786,1.55476,1.55167,1.34543,1.34543,1.34543,1.34543,1.34543,1.34543,1.34543,1.34543,1.34543,1.34543,1.34543,1.34543,1.34543,1.34543,1.34543,1.34543,1.34543,1.34543,1.34543,1.34543,1.34543,1.34543,1.34543,1.34543,1.34543,1.34543,1.34543,1.34543,1.34543,1.34543,1.34543,1.34543,1.34543,1.34543,1.34543,1.34543,1.34543,0,0,0
1.24133,1.35217,1.34108,1.37987,1.4436,1.40897,1.43598,1.42733,1.3565,1.34325,1.33662,1.37765,1.30949,1.34191,1.29162,1.31081,1.23174,1.3252,1.1946,1.2623,1.18532,1.21333,1.16083,1.26758,1.21012,1.2479,1.22245,1.25406,1.2477,1.37751,1.33159,1.3973,1.31931,1.32466,1.3495,1.40625,1.47896,1.44881,1.54457,1.52595,1.42798,1.40115,1.40991,1.41429,1.43864,1.40649,1.47908,1.44887,1.38944,1.38188,1.35594,1.3873,1.38082,1.42191,1.39812,1.38623,1.38028,1.48814,1.34257,1.31412,1.36639,1.45903,1.48318,1.80559,1.41263,1.43781,1.40607,1.41237,1.41552,1.52793,1.4068,1.5679,1.42678,1.44489,1.40961,1.34764,1.44965,1.41199,1.105,0.798,0.842333,1.15267,1.2635,1.31892,1.36879,1.4159,1.48378,1.53989,1.52361,1.47114,1.42274,1.46503,1.70785,1.43026,1.15267,1.36771,1.36771,1.36771,1.36771,1.36771,1.36771,1.36771,1.36771,1.36771,1.36771,1.36771,1.36771,1.36771,1.36771,1.36771,1.36771,1.36771,1.36771,1.36771,1.36771,1.36771,1.36771,1.36771,1.36771,1.36771,1.36771,1.36771,1.36771,1.36771,1.36771,1.36771,1.36771,1.36771,1.36771,1.36771,1.36771,1.36771,1.36771,2,1,0
1.28567,1.30783,1.31892,1.28012,1.32723,1.26211,1.29606,1.24653,1.31043,1.20938,1.31402,1.27768,1.37034,1.5275,1.49525,1.54563,1.43781,1.45041,1.41237,1.14952,0.886667,0.798,0.798,0.798,1.10833,0.975333,0.842333,0.842333,1.197,1.28567,1.08617,0.886667,0.842333,0.820167,0.798,1.064,0.953167,0.842333,1.1305,1.38542,1.37987,1.1111,0.842333,0.886667,0.953167,0.942083,1.26904,1.47685,1.44776,1.12288,0.798,0.886667,0.8645,0.842333,0.886667,0.953167,0.942083,1.18037,1.01135,0.842333,1.10833,1.04183,0.942083,0.842333,1.197,1.28567,1.10833,1.1305,1.25242,1.18037,1.18869,1.23718,1.19492,1.12946,1.20756,1.00278,0.798,1.064,1.17483,1.09725,1.23579,1.2164,1.16236,1.26835,1.14401,1.0375,1.27242,1.07954,0.886667,0.842333,0.8645,0.886667,1.1305,1.05292,1.08062,1.27181,1.45607,1.50387,1.5721,1.47322,1.20211,1.17739,1.27586,1.28076,1.19455,1.32877,1.10772,0.886667,1.04183,1.197,1.12835,1.12835,1.12835,1.12835,1.12835,1.12835,1.12835,1.12835,1.12835,1.12835,1.12835,1.12835,1.12835,1.12835,1.12835,1.12835,1.12835,1.12835,1.12835,1.12835,1.12835,1.12835,1.12835,8,1,4
1.64033,1.35217,1.07508,0.798,0.820167,0.842333,0.798,1.064,0.9975,0.89775,0.798,1.17483,1.23025,1.39096,1.24965,1.02382,0.798,1.2635,1.23025,1.10279,0.972562,0.842333,1.064,0.931,0.798,1.01967,0.975333,0.9975,1.05292,0.969792,0.886667,1.17483,1.03075,0.886667,0.842333,0.931,0.975333,1.04183,1.00858,1.14712,1.0834,0.940698,0.798,0.9975,0.942083,0.886667,0.842333,0.798,0.798,0.798,0.842333,0.886667,0.908833,1.09725,0.947625,0.798,0.975333,1.10833,1.01967,1.064,0.931,0.798,0.975333,0.908833,0.842333,0.842333,0.886667,0.975333,1.1305,0.986417,0.842333,1.04183,0.919917,0.798,0.820167,0.842333,1.064,1.17483,0.986417,0.798,1.17483,1.36325,1.16929,1.02798,0.886667,0.842333,0.798,0.953167,1.09725,0.969792,0.842333,0.953167,0.89775,0.842333,1.04183,0.942083,0.842333,1.35217,1.20808,1.15821,1.0446,1.09864,1.05915,0.928576,0.798,1.04183,0.942083,0.842333,1.064,0.931,0.798,0.886667,0.842333,0.798,1.01967,0.975333,0.886667,0.798,0.798,0.798,0.886667,0.842333,1.10833,0.973528,0.973528,0.973528,0.973528,0.973528,0.973528,0.973528,0.973528,0.973528,0.973528,10,7,9
1.37433,1.28567,1.04183,0.798,0.842333,1.197,1.28567,1.37433,1.463,1.463,1.197,1.04183,0.886667,1.1305,0.96425,0.798,0.842333,0.798,0.842333,1.08617,0.96425,0.842333,0.798,0.820167,0.842333,1.10833,0.975333,0.842333,0.886667,0.908833,0.942083,1.24687,1.35494,1.3203,1.05915,0.798,0.798,0.798,1.1305,1.29675,1.42421,1.48794,1.40897,1.12565,0.842333,0.931,1.28567,1.37433,1.21917,1.05292,0.886667,1.1305,0.96425,0.798,0.798,0.8645,0.919917,1.05846,0.994729,0.940698,0.886667,0.8645,0.842333,0.886667,0.886667,0.886667,1.21917,1.34108,1.40204,1.10002,0.798,0.842333,1.24133,1.1305,0.96425,0.798,0.842333,0.886667,0.842333,0.820167,0.798,0.842333,1.15267,1.35217,1.23025,1.03629,0.842333,1.10833,1.01967,0.9975,1.18592,1.01412,0.842333,0.798,1.1305,1.00858,0.886667,1.08617,1.27458,1.34662,1.24965,1.02382,0.798,1.10833,1.2635,1.38542,1.42421,1.3106,1.0543,0.798,1.08617,0.96425,0.842333,1.1305,1.34108,1.55167,1.04931,1.04931,1.04931,1.04931,1.04931,1.04931,1.04931,1.04931,1.04931,1.04931,1.04931,1.04931,1.04931,1.04931,1.04931,1.04931,1.04931,2,1,1
1.24133,1.17483,1.42975,1.29121,1.62094,1.34247,1.11457,0.886667,1.064,1.197,1.33,1.41867,1.35217,1.54058,1.36879,1.37156,1.23995,1.01897,0.798,0.953167,1.38542,1.64587,1.3771,1.33139,1.44153,1.14193,0.842333,0.9975,1.14158,1.19146,0.994729,0.798,0.820167,0.842333,0.842333,0.931,0.931,0.908833,0.886667,0.886667,0.886667,1.1305,1.11942,1.06954,0.933771,0.798,1.04183,1.16375,1.49071,1.29952,1.42559,1.62163,1.40932,1.34749,1.58258,1.32329,1.30448,1.56107,1.5342,1.2326,1.59163,1.21698,0.842333,1.064,1.21917,1.09725,1.41312,1.30506,1.09586,0.886667,0.975333,1.3965,1.25242,1.40204,1.25519,1.44776,1.30021,1.51461,1.37797,1.46482,1.48608,1.20854,1.1141,1.08905,1.01003,1.01485,0.950756,0.886667,0.842333,0.953167,1.38542,1.37987,1.1111,0.842333,0.9975,0.96425,0.903292,0.842333,0.886667,0.842333,1.10833,1.28567,1.10833,1.01967,0.9975,1.23025,1.30229,1.37433,1.17245,1.17245,1.17245,1.17245,1.17245,1.17245,1.17245,1.17245,1.17245,1.17245,1.17245,1.17245,1.17245,1.17245,1.17245,1.17245,1.17245,1.17245,1.17245,1.17245,1.17245,1.17245,1.17245,1.17245,1.17245,14,5,2
0.842333,1.01967,1.064,1.197,1.10833,1.15267,1.35217,1.31892,1.14712,0.994729,0.842333,0.798,0.842333,0.842333,0.886667,0.9975,0.96425,0.925458,0.886667,0.798,0.842333,1.15267,1.1305,1.00858,0.886667,1.21917,1.16375,0.980875,0.798,0.798,0.798,0.842333,0.931,1.21917,1.34108,1.31337,1.07785,0.842333,0.798,0.9975,1.14158,1.05846,1.0169,1.08478,1.36256,1.36845,1.34922,1.38394,1.13531,0.886667,0.842333,1.01967,1.064,1.15267,1.28567,1.10833,0.975333,0.842333,0.842333,1.08617,1.25242,1.37987,1.46577,1.28705,1.37503,1.28601,1.33017,1.06409,0.798,0.9975,1.03075,0.936542,0.842333,0.931,0.9975,1.27458,1.28012,1.19423,1.37295,1.46231,1.32965,1.06383,0.798,1.08617,0.986417,0.886667,0.842333,0.798,0.9975,1.27458,1.41312,1.19423,1.32861,1.26281,1.2299,1.25779,1.40473,1.25653,1.02726,0.798,0.886667,0.9975,0.89775,0.798,0.953167,0.919917,0.886667,1.10833,1.21917,1.29675,1.29121,1.19977,0.998885,0.798,1.10833,1.07202,1.07202,1.07202,1.07202,1.07202,1.07202,1.07202,1.07202,1.07202,1.07202,1.07202,1.07202,1.07202,1.07202,1.07202,1.07202,1.07202,1.07202,8,5,2
1.197,0.798,0.820167,0.842333,0.8645,0.886667,0.842333,0.798,1.17483,1.09725,1.19146,1.2829,1.12911,1.03006,1.24653,1.02226,0.798,1.01967,1.10833,1.2635,1.42975,1.44637,1.47685,1.42559,1.1118,0.798,0.886667,1.01967,1.10833,0.953167,0.798,0.798,1.24133,1.064,0.886667,0.842333,0.931,0.953167,1.34108,1.26904,1.18869,1.41451,1.10626,0.798,1.1305,0.96425,0.798,1.1305,0.986417,0.842333,0.798,0.908833,1.00858,1.12496,1.29398,1.15682,1.30991,1.12046,1.00356,0.886667,1.21917,1.09725,1.30229,1.33831,1.28982,1.42074,1.17587,1.05344,1.21388,1.24978,1.33422,1.50944,1.30889,1.36378,1.41339,1.12786,0.842333,1.28567,1.04183,0.798,0.820167,0.842333,0.886667,0.9975,1.27458,1.14712,1.26073,1.02936,0.798,0.842333,0.798,0.842333,1.01967,1.08617,1.36325,1.34662,1.38265,1.37849,1.42074,1.39754,1.29727,1.18063,1.23315,1.03774,0.842333,0.9975,1.27458,1.32446,1.26073,1.45053,1.41243,1.37433,1.10867,1.10867,1.10867,1.10867,1.10867,1.10867,1.10867,1.10867,1.10867,1.10867,1.10867,1.10867,1.10867,1.10867,1.10867,1.10867,1.10867,1.10867,1.10867,1.10867,1.10867,12,6,3
1.33,1.33,1.064,0.798,1.41867,1.35217,1.31892,1.08062,0.842333,1.15267,1.33,1.33,1.064,0.798,0.842333,0.842333,0.842333,1.1305,0.986417,0.842333,1.10833,1.08617,1.05292,1.25796,1.11665,1.11249,1.19908,1.13154,1.09777,1.25822,1.18328,1.0793,1.18249,1.05674,1.0382,1.16194,1.04647,1.03307,1.15937,1.42202,1.37601,1.50817,1.41909,1.10854,0.798,1.04183,0.986417,1.02521,1.19977,1.10972,1.06469,1.24168,1.15284,1.08625,1.27463,1.10281,1.08341,1.22887,1.1686,1.0498,1.23423,1.43728,1.36148,1.5009,1.43762,1.11781,0.798,0.842333,0.8645,0.886667,1.1305,0.96425,0.798,1.17483,0.986417,0.798,0.842333,1.197,1.2635,1.42975,1.42421,1.53227,1.49764,1.16998,0.842333,0.798,0.820167,0.842333,0.886667,1.197,1.30783,1.36325,1.39096,1.51565,1.46716,1.17691,0.886667,1.1305,1.03075,1.04737,1.18869,1.08201,1.09517,1.23475,1.01638,0.798,1.01967,0.931,0.842333,0.886667,0.953167,1.01967,1.11577,1.11577,1.11577,1.11577,1.11577,1.11577,1.11577,1.11577,1.11577,1.11577,1.11577,1.11577,1.11577,1.11577,1.11577,1.11577,1.11577,1.11577,1.11577,1.11577,1.11577,8,3,1
0.975333,1.30783,1.29675,1.09171,0.886667,0.931,1.3965,1.25242,1.04737,0.842333,1.01967,1.57383,1.27458,1.14712,0.994729,0.842333,0.842333,0.842333,1.01967,0.975333,0.9975,1.07508,1.13604,1.03352,1.04876,1.12288,0.982607,0.842333,1.08617,0.96425,0.842333,0.886667,0.908833,0.96425,1.14712,0.994729,0.842333,0.8645,0.886667,1.01967,1.17483,1.03075,0.886667,1.08617,0.96425,0.842333,1.3965,1.25242,1.06954,0.886667,0.931,1.04183,0.986417,1.04737,1.49902,1.28151,1.03976,0.798,0.9975,1.47408,1.24687,1.6431,1.33139,1.72969,1.35251,1.42992,1.40213,1.6764,1.3037,1.64935,1.31234,1.07734,0.842333,0.953167,1.45192,1.25796,1.05015,0.842333,0.931,1.41867,1.21917,1.18592,1.01412,0.842333,0.886667,0.953167,0.986417,0.936542,0.886667,0.886667,0.908833,0.853417,0.798,0.931,0.953167,0.986417,1.09171,0.989187,0.886667,1.33,1.197,1.41867,1.2635,1.58492,1.25796,1.64865,1.31199,1.27666,1.03733,0.798,1.1305,0.96425,0.798,0.842333,1.09518,1.09518,1.09518,1.09518,1.09518,1.09518,1.09518,1.09518,1.09518,1.09518,1.09518,1.09518,1.09518,1.09518,1.09518,1.09518,1.09518,1.09518,1.09518,8,3,1
1.15267,1.17483,1.05292,1.16929,1.31615,1.19007,1.23787,1.32827,1.2183,1.31848,1.25774,1.22737,1.30085,1.22676,1.18971,1.21552,1.22843,1.12405,1.18269,1.03468,0.886667,1.15267,1.04183,0.942083,0.842333,0.931,0.931,1.08617,1.23025,1.05846,0.886667,0.975333,0.953167,1.09725,1.10279,1.06123,1.12911,1.00789,0.886667,1.064,1.15267,1.24133,1.37433,1.24133,1.21917,1.23025,1.19146,1.19423,1.26211,1.31822,1.30195,1.33814,1.5114,1.33203,1.39752,1.47459,1.24713,1.2664,1.40903,1.25868,1.27217,1.34542,1.22688,1.21194,1.42614,1.2229,1.25428,1.31431,1.21132,1.31499,1.21166,1.2265,1.25608,1.04921,0.842333,1.1305,1.40758,1.36879,1.5489,1.55028,1.48447,1.60674,1.46837,1.53218,1.54193,1.56896,1.47165,1.44516,1.12158,0.798,0.9975,1.20808,1.24687,1.33277,1.22055,1.09794,1.14747,1.23874,1.15137,1.21852,1.05259,0.886667,0.886667,1.17483,1.23025,1.28567,1.20927,1.20927,1.20927,1.20927,1.20927,1.20927,1.20927,1.20927,1.20927,1.20927,1.20927,1.20927,1.20927,1.20927,1.20927,1.20927,1.20927,1.20927,1.20927,1.20927,1.20927,1.20927,1.20927,1.20927,1.20927,1.20927,1.20927,12,8,7
1.68467,1.596,1.7955,1.42975,1.42421,1.1776,1.00997,0.842333,1.10833,1.10833,1.1305,1.09725,1.36879,1.32723,1.06261,0.798,1.1305,1.31892,1.25796,1.38265,1.62232,1.38749,1.46958,1.57712,1.4314,1.4472,1.49943,1.28172,1.37236,1.12951,0.886667,1.01967,1.24133,1.01967,0.798,1.10833,1.24133,1.04183,0.842333,0.842333,1.1305,1.49625,1.28012,1.43806,1.1402,0.842333,1.15267,1.3965,1.29675,1.11387,1.0446,1.23164,1.50248,1.34974,1.42854,1.26844,1.07755,0.886667,1.2635,1.36325,1.36879,1.39373,1.09586,0.798,0.908833,1.20808,1.53504,1.29952,1.40343,1.16721,1.13777,1.10089,1.25978,1.38356,1.29028,1.39881,1.38657,1.13662,0.886667,1.17483,1.45192,1.45746,1.39373,1.4727,1.42352,1.48759,1.65263,1.38048,1.44391,1.34262,1.07031,0.798,1.1305,1.38542,1.20254,1.3106,1.4533,1.43598,1.51599,1.46733,1.41867,1.25786,1.25786,1.25786,1.25786,1.25786,1.25786,1.25786,1.25786,1.25786,1.25786,1.25786,1.25786,1.25786,1.25786,1.25786,1.25786,1.25786,1.25786,1.25786,1.25786,1.25786,1.25786,1.25786,1.25786,1.25786,1.25786,1.25786,1.25786,1.25786,1.25786,1.25786,1.25786,16,6,11
1.197,1.24133,1.463,1.33,1.463,1.37433,1.37433,1.33,1.3965,1.34108,1.42421,1.35494,1.5198,1.38057,1.13362,0.886667,1.04183,0.986417,1.02521,1.15544,0.998885,0.842333,1.01967,1.30783,1.27458,1.03629,0.798,0.886667,1.33,1.30783,1.09725,0.886667,1.08617,0.986417,0.886667,1.08617,0.942083,0.798,0.9975,0.919917,0.842333,0.886667,1.197,1.197,1.28567,1.28567,1.30783,1.27458,1.36879,1.32723,1.41728,1.35147,1.0969,0.842333,1.04183,0.919917,0.798,1.01967,0.975333,0.9975,1.11942,1.06954,1.02244,1.08755,1.12011,1.02555,1.11128,1.04331,1.05365,1.16966,0.98383,0.798,0.9975,0.942083,0.886667,1.064,0.9975,0.89775,0.798,0.820167,0.842333,0.798,1.1305,1.20808,1.26904,1.23302,1.21501,1.20601,1.2015,1.19925,1.26463,1.27515,1.36907,1.3717,1.10702,0.842333,1.064,1.064,1.01967,1.17483,0.986417,0.798,0.886667,0.908833,0.875583,0.842333,0.842333,0.842333,1.04183,1.00858,0.991958,1.09448,1.12357,1.15267,1.09298,1.09298,1.09298,1.09298,1.09298,1.09298,1.09298,1.09298,1.09298,1.09298,1.09298,1.09298,1.09298,1.09298,1.09298,1.09298,1.09298,1.09298,1.09298,0,0,0
0.931,1.08617,0.986417,0.886667,1.08617,1.07508,1.11387,1.1776,1.1208,1.11457,1.17795,1.14314,1.03707,1.1392,0.990768,0.842333,1.04183,0.942083,0.842333,1.064,1.10833,1.064,1.17483,1.20808,1.15821,1.1776,1.1873,1.05915,1.15024,1.28445,1.12989,1.18561,1.30214,1.2274,1.25654,1.38193,1.22297,1.27648,1.25891,1.13929,1.23464,1.26016,1.16208,1.24604,1.28802,1.15384,1.19759,1.28596,1.10848,1.21924,1.03079,0.842333,0.886667,0.842333,0.798,1.064,1.33,1.28567,1.463,1.37433,1.44083,1.36325,1.56829,1.42698,1.22332,1.05499,0.886667,1.01967,1.04183,1.16375,1.37987,1.28844,1.33139,1.39719,1.27493,1.30246,1.29407,1.15687,1.22127,1.2313,1.12548,1.22774,1.1902,1.1271,1.22855,1.19061,1.10514,1.17324,1.51762,1.40164,1.29932,1.11516,1.20041,1.24304,1.15352,1.21959,1.16396,1.13615,1.21091,1.02662,0.842333,1.064,1.17483,1.09725,1.16929,1.22748,1.10141,1.17137,1.11768,1.04651,0.975333,1.16159,1.16159,1.16159,1.16159,1.16159,1.16159,1.16159,1.16159,1.16159,1.16159,1.16159,1.16159,1.16159,1.16159,1.16159,1.16159,1.16159,1.16159,1.16159,1.16159,1.16159,1.16159,20,5,9
1.463,1.35217,1.36325,1.23579,1.12773,1.29536,1.20185,1.19942,1.30905,1.36386,1.23609,1.34955,1.27327,1.2573,1.29365,1.26749,1.16575,1.27004,1.21135,1.07118,1.28925,1.24313,1.17573,1.27503,1.03652,0.798,0.842333,1.17483,1.16375,1.20254,1.3106,1.27597,1.23648,1.32758,1.43962,1.22964,1.34632,1.33816,1.24541,1.35421,1.12044,0.886667,1.1305,1.20808,1.20254,1.33277,1.33139,1.24203,1.30818,1.42992,1.26913,1.36606,1.3702,1.19493,1.2403,1.28515,1.19674,1.3077,1.31885,1.36876,1.39371,1.45052,1.25726,1.33796,1.28965,1.22116,1.34208,1.33604,1.28869,1.37584,1.46375,1.28604,1.33019,1.41876,1.33005,1.39652,1.3411,1.20255,1.31061,1.36464,1.30299,1.33866,1.31216,1.29891,1.35879,1.32223,1.19311,1.30589,1.36228,1.27964,1.34915,1.47258,1.29045,1.31023,1.32011,1.28072,1.4162,1.41743,1.30722,1.38511,1.20239,1.04453,0.886667,1.27395,1.27395,1.27395,1.27395,1.27395,1.27395,1.27395,1.27395,1.27395,1.27395,1.27395,1.27395,1.27395,1.27395,1.27395,1.27395,1.27395,1.27395,1.27395,1.27395,1.27395,1.27395,1.27395,1.27395,1.27395,1.27395,1.27395,1.27395,1.27395,1.27395,4,0,0
1.01967,1.1305,1.23025,1.25796,1.31615,1.25657,1.38195,1.22298,1.25432,1.22566,1.32216,1.39258,1.36129,1.45648,1.12724,0.798,0.975333,1.44083,1.27458,1.45746,1.39373,1.3397,1.15752,0.999924,0.842333,1.15267,1.37433,1.44083,1.49625,1.45746,1.5489,1.50595,1.52881,1.58457,1.47945,1.58206,1.7442,1.8031,1.50005,1.32636,1.66068,1.45101,1.74517,1.38242,1.42271,1.13252,0.842333,1.08617,1.40758,1.30229,1.20531,1.15682,1.39858,1.47512,1.77939,1.4882,1.45343,1.12572,0.798,0.820167,0.842333,0.842333,1.463,1.28567,1.50733,1.3965,1.58492,1.50179,1.57106,1.51703,1.82252,1.44326,1.6083,1.57998,1.65449,1.47008,1.44437,1.12119,0.798,1.1305,0.96425,0.798,1.44083,1.27458,1.34662,1.07231,0.798,1.197,1.30783,1.69575,1.35771,1.72069,1.43668,1.44984,1.12392,0.798,0.798,1.314,1.314,1.314,1.314,1.314,1.314,1.314,1.314,1.314,1.314,1.314,1.314,1.314,1.314,1.314,1.314,1.314,1.314,1.314,1.314,1.314,1.314,1.314,1.314,1.314,1.314,1.314,1.314,1.314,1.314,1.314,1.314,1.314,1.314,1.314,1.314,4,0,2
1.463,1.3965,1.49625,1.28012,1.3494,1.36186,1.21293,1.2493,1.22315,1.16574,1.2257,1.30002,1.20418,1.28925,1.37613,1.1979,1.28612,1.33022,1.24145,1.30789,1.25244,1.13606,1.23303,1.30368,1.20601,1.31234,1.299,1.1815,1.25575,1.20421,1.11194,1.22097,1.05382,0.886667,1.064,1.10833,1.08617,1.20808,1.33554,1.19977,1.28705,1.37503,1.28601,1.28584,1.30792,1.25246,1.26906,1.3882,1.33693,1.28913,1.4204,1.3752,1.37477,1.44105,1.27469,1.28018,1.26076,1.16238,1.22402,1.29918,1.15942,1.24471,1.28736,1.24218,1.30826,1.36346,1.25806,1.29403,1.31202,1.18801,1.30334,1.11717,1.06842,1.19921,1.04294,0.886667,1.1305,0.986417,0.842333,1.08617,1.07508,1.06954,1.19977,1.17622,1.12011,1.22505,1.03369,0.842333,1.08617,1.00858,1.05846,1.19423,1.21778,1.11872,1.22436,1.23285,1.19276,1.30571,1.18486,1.12443,1.18288,1.25644,1.16022,1.17861,1.25431,1.18132,1.25566,1.33,1.21868,1.21868,1.21868,1.21868,1.21868,1.21868,1.21868,1.21868,1.21868,1.21868,1.21868,1.21868,1.21868,1.21868,1.21868,1.21868,1.21868,1.21868,1.21868,1.21868,1.21868,1.21868,1.21868,1.21868,1.21868,8,0,1
0.975333,1.17483,1.47408,1.46854,1.55444,1.50872,1.57453,1.80693,1.43546,1.75957,1.43395,1.42631,1.48899,1.45383,1.52491,1.47179,1.57823,1.87528,1.51397,1.44415,1.63091,1.50262,1.61581,1.51724,1.66745,1.49873,1.21486,1.13943,1.25688,1.09394,1.1233,1.22665,1.54433,1.43716,1.60525,1.86662,1.46531,1.41982,1.13108,0.842333,1.44083,1.29675,1.66804,1.41035,1.72484,1.46092,1.37329,1.08565,0.798,1.08617,1.40758,1.43529,1.11665,0.798,1.1305,1.49625,1.47962,1.69298,1.55582,1.28774,1.15371,1.50785,1.41893,1.39663,1.49631,1.45749,1.39375,1.42837,1.35702,1.38784,1.42542,1.71021,1.38711,1.40289,1.12261,0.842333,1.10833,1.08617,1.11942,1.24687,1.13327,1.1208,1.24757,1.13362,1.12098,1.26982,1.14474,1.12654,1.25044,1.17938,1.14386,1.30343,1.13938,1.10169,1.19368,1.28567,1.35243,1.35243,1.35243,1.35243,1.35243,1.35243,1.35243,1.35243,1.35243,1.35243,1.35243,1.35243,1.35243,1.35243,1.35243,1.35243,1.35243,1.35243,1.35243,1.35243,1.35243,1.35243,1.35243,1.35243,1.35243,1.35243,1.35243,1.35243,1.35243,1.35243,1.35243,1.35243,1.35243,1.35243,1.35243,1.35243,1.35243,8,4,8
0.975333,0.908833,0.842333,1.24133,1.41867,1.35217,1.54058,1.72346,1.4824,1.4062,1.1021,0.798,1.08617,0.986417,0.886667,1.15267,1.48517,1.74008,1.49071,1.41035,1.19284,1.12842,1.29571,1.13552,1.07759,1.31463,1.05632,0.798,1.3965,1.31892,1.34662,1.55998,1.35632,1.09933,0.842333,1.064,0.9975,1.07508,1.15821,0.978104,0.798,1.28567,1.35217,1.36325,1.56829,1.44915,1.16791,0.886667,1.17483,1.07508,1.00304,1.16652,1.46993,1.5108,1.46473,1.7077,1.45235,1.45767,1.17217,0.886667,1.463,1.3965,1.31892,1.08062,0.842333,1.35217,1.23025,1.59046,1.3494,1.4062,1.12427,0.842333,1.04183,1.05292,1.19146,1.2829,1.17345,1.11872,1.18003,1.09985,1.14842,1.17271,1.11836,1.11334,1.28817,1.08742,0.886667,1.04183,1.07508,1.06954,1.22194,1.09864,1.08132,1.22783,1.19025,1.08279,1.29506,1.0687,0.842333,0.886667,0.842333,0.798,1.1305,1.36325,1.596,1.19523,1.19523,1.19523,1.19523,1.19523,1.19523,1.19523,1.19523,1.19523,1.19523,1.19523,1.19523,1.19523,1.19523,1.19523,1.19523,1.19523,1.19523,1.19523,1.19523,1.19523,1.19523,1.19523,1.19523,1.19523,1.19523,1.19523,1.19523,4,1,1
1.15267,1.2635,1.09725,1.16929,1.18315,1.38957,1.18245,1.21189,1.29311,1.40022,1.23211,1.30322,1.29444,1.35656,1.23244,1.21472,1.18369,1.16818,1.18259,1.21196,1.20448,1.20074,1.15454,1.1536,1.15313,1.2194,1.11953,1.2026,1.11113,1.22057,1.12012,1.11423,1.15561,1.15414,1.17557,1.18628,1.16948,1.18324,1.14579,1.21573,1.13986,1.1906,1.1273,1.11782,1.09091,1.12179,1.11506,1.1782,1.03243,0.886667,0.953167,1.00858,1.03629,1.13881,1.05707,1.10487,1.1066,1.66163,1.54015,1.27991,1.26062,1.16231,1.15749,1.11074,1.06521,1.1311,1.20838,1.09186,1.18876,1.08205,1.16169,1.09068,1.09951,1.14825,1.15046,1.1294,1.18536,1.14685,1.21626,1.14013,1.32373,1.12737,1.25085,1.15742,1.24371,1.19819,1.37493,1.15296,1.21932,1.16382,1.22475,1.23304,1.30369,1.13951,1.30125,1.16046,1.11223,1.22112,1.23122,1.16978,1.22772,1.12369,1.16035,1.15651,1.26542,1.14254,1.19194,1.15014,1.2179,1.20745,1.197,1.18241,1.18241,1.18241,1.18241,1.18241,1.18241,1.18241,1.18241,1.18241,1.18241,1.18241,1.18241,1.18241,1.18241,1.18241,1.18241,1.18241,1.18241,1.18241,1.18241,1.18241,1.18241,0,0,2
1.77333,1.7955,1.60708,1.71237,1.56552,1.20393,0.842333,1.1305,1.45192,1.39096,1.22748,1.14574,1.26004,1.22852,1.14626,1.28246,1.21756,1.11862,1.24647,1.53207,1.4532,1.1921,1.19455,1.26228,1.2518,1.13574,1.2772,1.12627,1.1173,1.22365,1.56499,1.4475,1.16708,0.886667,1.10833,1.1305,1.09725,1.23579,1.0169,0.798,1.08617,1.45192,1.39096,1.16098,1.13466,1.25449,1.20358,1.13379,1.25406,1.20336,1.13368,1.25401,1.026,0.798,1.064,0.975333,0.886667,1.1305,1.07508,1.06954,1.22194,1.56414,1.4914,1.56587,1.49227,1.58847,1.4814,1.6052,1.51193,1.1993,0.886667,1.08617,1.49625,1.43529,1.13881,0.842333,1.10833,1.21917,1.16375,1.24687,1.26627,1.23164,1.28082,1.12808,1.16254,1.24627,1.62063,1.47532,1.20316,1.17791,1.27612,1.12573,1.1392,1.32327,1.57047,1.4724,1.57853,1.47643,1.64705,1.48852,1.33,1.26553,1.26553,1.26553,1.26553,1.26553,1.26553,1.26553,1.26553,1.26553,1.26553,1.26553,1.26553,1.26553,1.26553,1.26553,1.26553,1.26553,1.26553,1.26553,1.26553,1.26553,1.26553,1.26553,1.26553,1.26553,1.26553,1.26553,1.26553,1.26553,1.26553,1.26553,1.26553,2,1,3
1.41867,1.28567,1.35217,1.18592,1.16929,1.29398,1.06816,0.842333,1.15267,1.01967,0.886667,1.10833,1.01967,1.10833,1.24133,1.04183,0.842333,1.463,1.37433,1.3965,1.51842,1.40204,1.21085,1.15959,1.2448,1.0879,1.09812,1.21406,1.1612,1.13476,1.23238,1.01519,0.798,1.08617,1.09725,1.08062,1.24965,1.15682,1.08824,1.16479,1.18089,1.16678,1.42572,1.57736,1.43151,1.60242,1.46621,1.70844,1.47489,1.15861,0.842333,1.24133,1.3965,1.47408,1.44637,1.45469,1.39234,1.49417,1.36775,1.19371,0.995855,0.798,0.975333,0.886667,0.798,1.15267,1.3965,1.34108,1.13604,1.12219,1.27043,1.14505,1.12669,1.22835,1.27917,1.12725,1.22863,1.19065,1.06082,1.19541,0.996706,0.798,1.10833,1.5295,1.65142,1.49071,1.45469,1.52534,1.49417,1.45642,1.43754,1.47244,1.37905,1.64269,1.48635,1.27517,1.21392,1.27196,1.25665,1.20466,1.24516,1.28758,1.13146,0.975333,1.23277,1.23277,1.23277,1.23277,1.23277,1.23277,1.23277,1.23277,1.23277,1.23277,1.23277,1.23277,1.23277,1.23277,1.23277,1.23277,1.23277,1.23277,1.23277,1.23277,1.23277,1.23277,1.23277,1.23277,1.23277,1.23277,1.23277,1.23277,1.23277,4,1,2
1.55167,1.44083,1.23025,1.28012,1.26073,1.49486,1.27943,1.34905,1.45036,1.27935,1.37117,1.21759,1.09646,1.1689,1.29378,1.24539,1.26553,1.05393,0.842333,0.886667,1.15267,1.10833,1.17483,1.29675,1.09171,0.886667,1.04183,1.20808,1.53504,1.34385,1.07093,0.798,1.15267,0.9975,0.842333,0.798,0.886667,0.8645,0.842333,1.01967,1.24133,1.1305,0.96425,0.798,1.15267,1.1305,1.05292,1.08062,1.13881,1.21224,1.13812,1.30056,1.33745,1.24506,1.28753,1.37526,1.26397,1.29698,1.37999,1.24416,1.30925,1.07579,0.842333,0.975333,1.1305,1.31892,1.21362,1.27181,1.38957,1.31545,1.27839,1.4372,1.36143,1.32355,1.06077,0.798,0.798,0.886667,1.04183,1.07508,0.936542,0.798,0.8645,1.00858,1.05846,1.23856,1.43945,1.31822,1.30195,1.18297,0.990486,0.798,1.1305,1.09725,1.08062,1.20531,1.09032,0.966328,0.842333,1.15267,1.41867,1.2635,1.25242,1.44637,1.32169,1.39234,1.31684,1.24133,1.1574,1.1574,1.1574,1.1574,1.1574,1.1574,1.1574,1.1574,1.1574,1.1574,1.1574,1.1574,1.1574,1.1574,1.1574,1.1574,1.1574,1.1574,1.1574,1.1574,1.1574,1.1574,1.1574,1.1574,1.1574,2,4,2
1.15267,0.975333,0.798,1.1305,1.40758,1.28012,1.06123,0.842333,1.37433,1.33,1.48517,1.56275,1.31337,1.16652,1.09309,1.34455,1.47027,1.4223,1.19882,1.02058,0.842333,0.953167,0.942083,1.06954,0.933771,0.798,1.04183,0.986417,0.980875,1.1111,0.998885,0.886667,1.15267,1.04183,1.00858,1.16929,1.20531,1.00166,0.798,1.17483,1.34108,1.49071,1.27735,1.21501,1.16167,1.31234,1.07733,0.842333,0.975333,1.064,1.1305,1.23025,1.01412,0.798,0.931,1.04183,1.11942,0.980875,0.842333,0.842333,0.975333,1.04183,1.14158,1.23579,1.23856,1.06261,0.886667,1.21917,1.29675,1.09171,0.886667,0.842333,1.28567,1.41867,1.44083,1.49625,1.47962,1.53781,1.54474,1.57037,1.62752,1.43443,1.13838,0.842333,0.908833,1.09725,1.03629,1.31615,1.07924,0.842333,0.842333,0.798,0.886667,0.798,0.886667,0.842333,0.798,1.463,1.28567,1.30783,1.42975,1.26904,1.05569,0.842333,1.15267,1.3965,1.45192,1.50733,1.13189,1.13189,1.13189,1.13189,1.13189,1.13189,1.13189,1.13189,1.13189,1.13189,1.13189,1.13189,1.13189,1.13189,1.13189,1.13189,1.13189,1.13189,1.13189,1.13189,1.13189,1.13189,1.13189,1.13189,1.13189,6,3,3
1.37433,1.08617,0.798,1.01967,1.1305,1.05292,0.991958,1.13881,0.990573,0.842333,1.15267,1.41867,1.21917,1.16375,1.13604,1.12219,1.02659,1.20046,1.59773,1.48603,1.45235,1.16951,0.886667,1.15267,0.975333,0.798,1.2635,1.38542,1.64587,1.5101,1.73039,1.53019,1.47443,1.60171,1.57669,1.25385,1.02592,0.798,0.842333,0.886667,0.842333,0.931,1.01967,1.1305,0.986417,0.842333,1.04183,0.986417,1.06954,1.15544,1.15405,1.06469,1.24168,1.04201,0.842333,1.01967,1.01967,1.064,1.21917,1.07508,1.00304,1.21085,1.51426,1.4443,1.20982,1.07041,1.17804,1.05452,1.10359,1.26113,1.09606,1.1022,1.12743,1.14005,1.07986,1.07193,1.09013,1.03273,1.1592,1.22243,1.05455,0.886667,0.953167,1.00858,1.45746,1.1499,0.842333,0.842333,0.953167,0.986417,1.11387,1.13327,1.09864,1.21432,1.11699,1.157,1.19916,1.15375,1.15321,1.15294,1.17497,1.03082,0.886667,0.931,1.04183,1.27458,1.03629,0.798,1.01967,0.931,0.842333,1.28567,1.1224,1.1224,1.1224,1.1224,1.1224,1.1224,1.1224,1.1224,1.1224,1.1224,1.1224,1.1224,1.1224,1.1224,1.1224,1.1224,1.1224,1.1224,1.1224,1.1224,1.1224,4,3,1
1.24133,1.21917,1.03075,0.842333,0.953167,1.20808,1.31337,1.32169,1.37018,1.10626,0.842333,0.9975,1.14158,1.32446,1.5489,1.30645,1.31822,1.25761,1.31597,1.21215,1.22674,1.2562,1.33744,1.17855,1.18778,1.21455,1.20578,1.17922,1.23244,1.17039,1.22803,1.19035,1.28234,1.23967,1.41784,1.35175,1.47388,1.37977,1.37705,1.39786,1.14226,0.886667,0.798,1.064,1.2635,1.40758,1.30229,1.29398,1.40066,1.38749,1.33658,1.33329,1.28731,1.28649,1.21958,1.36346,1.21373,1.3162,1.3231,1.06055,0.798,0.842333,1.21917,1.25242,1.35771,1.36602,1.37018,1.41659,1.10729,0.798,1.01967,1.30783,1.38542,1.37987,1.42144,1.37572,1.37503,1.39685,1.34126,1.44646,1.3439,1.40345,1.34456,1.35945,1.32256,1.30411,1.29489,1.33461,1.28797,1.37549,1.33058,1.41895,1.35231,1.07516,0.798,0.798,1.04183,1.23025,1.25796,1.33831,1.48932,1.34316,1.197,1.24374,1.24374,1.24374,1.24374,1.24374,1.24374,1.24374,1.24374,1.24374,1.24374,1.24374,1.24374,1.24374,1.24374,1.24374,1.24374,1.24374,1.24374,1.24374,1.24374,1.24374,1.24374,1.24374,1.24374,1.24374,1.24374,1.24374,1.24374,1.24374,1.24374,6,1,5
1.33,1.41867,1.463,1.44083,1.49625,1.45746,1.52673,1.45053,1.4346,1.42663,1.46698,1.44282,1.54158,1.45796,1.61564,1.51716,1.20191,0.886667,1.1305,1.40758,1.39096,1.49348,1.43391,1.55929,1.46681,1.64224,1.53045,1.67406,1.47986,1.67093,1.56697,1.51498,1.42249,1.46491,1.46396,1.50781,1.44107,1.1417,0.842333,1.08617,1.00858,1.03629,1.18315,1.01274,0.842333,1.064,1.30783,1.31892,1.50179,1.4824,1.16236,0.842333,1.10833,1.01967,1.04183,1.20808,1.04737,0.886667,1.15267,1.3965,1.38542,1.40204,1.38819,1.51426,1.4443,1.63098,1.52482,1.18358,0.842333,1.08617,1.45192,1.41312,1.43806,1.4062,1.52327,1.4488,1.1234,0.798,1.08617,1.00858,0.991958,1.16098,1.06816,1.06608,1.28671,1.04235,0.798,1.04183,1.34108,1.35771,1.36602,1.41451,1.50526,1.83879,1.49573,1.3907,1.18302,0.975333,1.30567,1.30567,1.30567,1.30567,1.30567,1.30567,1.30567,1.30567,1.30567,1.30567,1.30567,1.30567,1.30567,1.30567,1.30567,1.30567,1.30567,1.30567,1.30567,1.30567,1.30567,1.30567,1.30567,1.30567,1.30567,1.30567,1.30567,1.30567,1.30567,1.30567,1.30567,1.30567,1.30567,1.30567,1.30567,14,6,3
0.842333,0.798,1.04183,1.16375,1.31337,1.16652,1.07093,1.13396,1.07682,1.13691,1.14479,1.30389,1.20611,1.29022,1.24361,1.35331,1.11999,0.886667,0.798,0.931,1.1305,1.23025,1.25796,1.29398,1.55582,1.30991,1.38646,1.13656,0.886667,0.931,1.01967,0.908833,0.798,0.9975,1.20808,1.40204,1.27735,1.32584,1.12842,1.00754,0.886667,1.10833,1.064,0.931,0.798,1.01967,1.08617,0.986417,0.886667,1.197,1.33,1.2635,1.14158,0.969792,0.798,1.064,1.2635,1.54058,1.32446,1.37156,1.23995,1.01897,0.798,0.842333,0.8645,0.886667,0.798,0.842333,1.28567,1.2635,1.16375,1.31337,1.45469,1.25934,1.16167,0.979836,0.798,1.01967,1.2635,1.25242,1.35771,1.34385,1.31476,1.25588,1.20427,1.00114,0.798,1.01967,0.953167,0.886667,1.21917,1.11942,1.15821,1.26627,1.2538,1.24757,1.28878,1.33156,1.24211,1.19739,1.48536,1.25251,1.40209,1.29955,1.27044,1.34455,1.35944,1.36689,1.41494,1.463,1.14427,1.14427,1.14427,1.14427,1.14427,1.14427,1.14427,1.14427,1.14427,1.14427,1.14427,1.14427,1.14427,1.14427,1.14427,1.14427,1.14427,1.14427,1.14427,1.14427,1.14427,1.14427,1.14427,0,0,0
1.01967,0.886667,0.842333,0.908833,1.18592,1.28012,1.37156,1.50595,1.57314,1.25207,1.2467,1.08885,1.40893,1.16996,1.18348,1.03507,0.886667,1.30783,1.05292,0.798,1.30783,1.20808,1.31337,1.36602,1.37018,1.08409,0.798,0.798,0.798,0.931,1.064,1.24133,1.1305,1.07508,1.13604,1.41035,1.54751,1.50526,1.61713,1.49573,1.5237,1.53768,1.32301,1.393,1.18417,1.10192,1.23813,1.01806,0.798,0.842333,1.08617,1.05292,0.991958,0.961479,1.10141,1.06054,0.973602,0.886667,1.04183,1.03075,1.04737,0.944854,0.842333,0.798,0.886667,0.9975,0.96425,0.947625,0.961479,0.94624,0.960786,1.30056,1.44828,1.25614,1.4704,1.4667,1.19885,1.48609,1.65188,1.35794,1.5213,1.66948,1.36674,1.50354,1.43894,1.40663,1.43482,1.31591,1.05695,0.798,1.1305,0.96425,0.798,1.04183,1.07508,1.06954,1.22194,1.43114,1.26973,1.2112,1.31493,1.05647,0.798,0.842333,0.798,0.908833,0.942083,1.06954,1.39927,1.20947,1.01967,1.15646,1.15646,1.15646,1.15646,1.15646,1.15646,1.15646,1.15646,1.15646,1.15646,1.15646,1.15646,1.15646,1.15646,1.15646,1.15646,1.15646,1.15646,1.15646,1.15646,1.15646,1.15646,16,7,7
1.064,1.064,0.9975,0.919917,0.842333,0.820167,0.798,1.15267,1.04183,0.919917,0.798,1.1305,1.29675,1.15821,0.978104,0.798,1.08617,0.942083,0.798,0.842333,0.842333,0.798,1.17483,1.14158,1.05846,1.26073,1.05153,0.842333,1.01967,0.953167,0.886667,1.04183,0.942083,0.842333,0.886667,1.04183,1.25242,1.20254,1.1776,1.16514,1.18107,1.2777,1.23735,1.21718,1.00759,0.798,1.30783,1.25242,1.02521,0.798,0.953167,1.07508,1.24687,1.19977,1.35355,1.23094,1.34697,1.36065,1.50049,1.14925,0.798,0.953167,0.89775,0.842333,0.886667,0.8645,0.842333,0.798,0.842333,0.886667,0.8645,0.842333,0.798,1.08617,1.00858,0.947625,0.886667,1.08617,1.00858,1.21362,1.20531,1.24549,1.26558,1.36429,1.41364,1.26099,1.33983,1.31275,1.16621,1.3146,1.2558,1.07123,0.886667,0.842333,0.975333,0.886667,0.798,1.08617,1.27458,1.19146,1.1499,0.973948,0.798,0.908833,1.00858,1.23579,1.1499,1.26211,1.16306,1.1357,1.12201,0.960007,0.798,0.798,0.798,1.04628,1.04628,1.04628,1.04628,1.04628,1.04628,1.04628,1.04628,1.04628,1.04628,1.04628,1.04628,1.04628,1.04628,1.04628,1.04628,1.04628,1.04628,8,5,2
1.01967,0.975333,1.01967,0.975333,0.9975,1.05292,0.925458,0.798,0.975333,1.35217,1.38542,1.37987,1.26627,1.23164,1.28082,1.37191,1.37312,1.35156,1.29645,1.04722,0.798,0.975333,0.908833,0.842333,1.21917,1.29675,1.57937,1.34385,1.33693,1.13396,0.965982,0.798,1.2635,1.18592,1.10279,1.0834,1.2732,1.5011,1.43772,1.58336,1.47885,1.20492,1.00146,0.798,0.908833,0.853417,0.798,0.842333,0.886667,0.9975,1.00858,0.991958,1.05015,1.38957,1.24895,1.11214,0.977238,0.842333,0.8645,0.886667,0.953167,0.96425,1.10279,1.4159,1.21778,1.14089,1.03595,1.16081,1.15674,1.0882,1.0761,1.15872,1.11136,1.08768,1.18667,1.10317,1.03925,1.02946,1.0689,1.17728,1.12064,1.07015,1.04491,1.20962,1.09248,1.05607,1.0157,1.06202,1.08518,1.22975,1.05821,0.886667,0.931,1.01967,1.197,1.24133,1.1305,0.96425,0.798,0.953167,0.875583,0.798,0.908833,0.96425,1.10279,1.06123,1.01828,1.28497,1.10799,0.952993,0.798,0.908833,0.986417,1.18037,1.10002,1.05984,1.01967,1.08903,1.08903,1.08903,1.08903,1.08903,1.08903,1.08903,1.08903,1.08903,1.08903,1.08903,1.08903,1.08903,1.08903,1.08903,1.08903,10,5,4
0.886667,0.975333,0.953167,1.07508,1.09171,1.05569,1.10418,1.19492,1.46196,1.46248,1.30757,1.49612,1.36873,1.61536,1.49485,1.34592,1.1828,1.21206,1.2267,1.18968,1.08251,1.13975,1.07971,1.09402,1.27851,1.17126,1.05113,1.12406,1.09403,1.18985,1.14909,1.06221,1.19611,1.17439,1.11919,1.1581,1.22188,1.16511,1.13672,1.27769,1.17085,1.16176,1.31238,1.07736,0.842333,1.064,0.953167,0.842333,1.1305,0.96425,0.798,1.04183,1.03075,1.06954,1.1776,0.987802,0.798,1.01967,0.975333,1.04183,1.31892,1.45746,1.12773,0.798,0.9975,0.942083,0.886667,0.842333,1.15267,1.04183,0.919917,0.798,0.798,0.798,0.798,0.798,1.04183,1.14158,0.969792,0.798,0.798,1.1305,1.14158,1.14712,1.10556,1.19561,1.01897,0.842333,1.24133,1.01967,0.798,1.01967,0.908833,0.798,0.842333,0.886667,1.01967,1.10833,0.975333,0.842333,1.17483,1.00858,0.842333,1.04183,0.942083,0.842333,1.04183,0.96425,0.886667,1.10833,0.975333,0.842333,1.01967,1.04183,1.064,1.0625,1.0625,1.0625,1.0625,1.0625,1.0625,1.0625,1.0625,1.0625,1.0625,1.0625,1.0625,1.0625,1.0625,1.0625,1.0625,1.0625,1.0625,14,3,1
0.931,0.886667,0.8645,0.842333,0.9975,0.919917,0.842333,1.10833,1.197,1.37433,1.463,1.33,1.08617,0.842333,0.798,1.17483,1.27458,1.36879,1.43806,1.31753,1.21293,1.1163,0.95715,0.798,1.1305,1.29675,1.04737,0.798,0.931,0.8645,0.798,0.953167,0.875583,0.798,1.2635,1.36325,1.41312,1.10556,0.798,1.1305,1.25242,1.31337,1.38819,1.38126,1.59946,1.44257,1.12028,0.798,0.9975,1.27458,1.21362,1.11665,1.11249,1.15474,1.13154,1.18644,1.14738,1.17219,1.0516,1.1908,1.0609,1.08462,1.16297,1.04699,0.988994,1.07083,0.956582,0.842333,0.820167,0.798,0.842333,0.9975,0.919917,0.842333,1.15267,1.197,1.2635,1.03075,0.798,0.798,0.820167,0.842333,1.10833,1.21917,1.31892,1.28012,1.23856,1.01828,0.798,0.842333,1.1305,1.34108,1.40204,1.43252,1.11526,0.798,1.064,0.953167,0.842333,1.197,1.3965,1.36325,1.08062,0.798,0.9975,1.29675,1.37987,1.1111,0.842333,0.798,0.9975,1.197,1.08436,1.08436,1.08436,1.08436,1.08436,1.08436,1.08436,1.08436,1.08436,1.08436,1.08436,1.08436,1.08436,1.08436,1.08436,1.08436,1.08436,1.08436,1.08436,1.08436,1.08436,18,4,5
1.37433,1.08617,0.798,0.9975,1.05292,1.34662,1.18315,1.07924,1.00512,1.01239,1.21553,1.3171,1.43438,1.44869,1.12335,0.798,1.15267,1.01967,0.886667,1.21917,1.03075,0.842333,0.975333,1.04183,1.16375,1.24687,1.1776,1.16514,1.07023,1.02278,0.910392,0.798,1.2635,1.05292,0.842333,0.798,0.908833,1.00858,1.16929,1.09448,1.10141,1.23787,1.1066,1.06313,1.26307,1.14137,1.14702,1.37151,1.21775,1.11871,1.20219,1.00009,0.798,1.08617,1.07508,1.06954,1.28844,1.28705,1.15336,1.35251,1.11959,0.886667,1.08617,1.00858,1.19146,1.23856,1.30645,1.18522,1.32411,1.26056,1.27311,1.27939,1.41553,1.2176,1.2738,1.3019,1.24945,1.33406,1.33203,1.24235,1.02017,0.798,0.842333,0.9975,1.23025,1.16929,1.13881,1.23441,1.30437,1.20635,1.44551,1.45425,1.12613,0.798,0.975333,1.04183,1.05292,1.08062,0.939312,0.798,0.842333,1.064,1.08617,1.14158,1.05846,1.0834,1.36186,1.2351,1.14955,1.30627,1.0743,0.842333,1.12178,1.12178,1.12178,1.12178,1.12178,1.12178,1.12178,1.12178,1.12178,1.12178,1.12178,1.12178,1.12178,1.12178,1.12178,1.12178,1.12178,1.12178,1.12178,1.12178,1.12178,6,2,0
0.798,1.08617,1.11942,1.20254,1.19977,1.37572,1.46369,1.37468,1.39667,1.1195,0.842333,0.798,0.9975,1.11942,1.31337,1.23302,1.01551,0.798,0.798,0.9975,0.89775,0.798,1.1305,0.96425,0.798,1.1305,1.07508,0.936542,0.798,0.798,0.798,0.9975,1.23025,1.05846,0.886667,0.842333,0.9975,1.05292,1.08062,1.31615,1.25657,1.04945,0.842333,0.975333,0.886667,0.798,0.820167,0.842333,0.798,0.820167,0.842333,0.886667,1.04183,1.16375,1.35771,1.25519,1.27043,1.41105,1.10452,0.798,1.17483,1.07508,0.936542,0.798,1.1305,1.11942,1.15821,1.28844,1.42005,1.24203,1.17518,1.31909,1.16938,1.13886,1.12359,1.0938,1.05673,1.0382,1.0511,1.03538,1.24919,1.0236,0.798,0.820167,0.842333,1.17483,1.31892,1.16929,1.09448,0.94624,0.798,1.08617,1.23025,1.01412,0.798,0.975333,1.04183,1.03075,1.24687,1.02244,0.798,1.17483,1.00858,0.842333,0.798,1.1305,1.25242,1.15821,1.13327,1.20947,1.2919,1.15578,1.42023,1.68467,1.06263,1.06263,1.06263,1.06263,1.06263,1.06263,1.06263,1.06263,1.06263,1.06263,1.06263,1.06263,1.06263,1.06263,1.06263,1.06263,1.06263,1.06263,1.06263,12,5,3
0.842333,0.975333,1.064,0.9975,1.03075,1.33554,1.39927,1.34247,1.07023,0.798,1.064,1.04183,1.07508,1.15821,1.08894,1.1873,1.16998,1.05049,1.01291,1.01629,1.01798,1.04099,1.11899,1.00283,0.886667,1.17483,0.986417,0.798,0.908833,0.942083,1.02521,1.15544,1.04322,1.14228,1.16964,1.11682,1.13474,1.32104,1.19252,1.12826,1.16263,1.15765,1.04432,1.51966,1.33616,1.22225,1.14312,1.19223,1.26111,1.16256,1.13545,1.21056,1.24811,1.15606,1.13219,1.05376,1.08105,1.05036,1.01285,1.19359,1.04013,0.886667,1.08617,1.11942,1.06954,1.1111,1.06539,0.976026,0.886667,0.931,0.953167,1.07508,1.22471,1.01135,0.798,0.953167,1.03075,1.13604,1.16652,1.09309,1.03421,1.20427,1.00114,0.798,1.10833,1.064,1.04183,1.18592,1.12496,1.13881,1.25657,1.02729,0.798,0.953167,1.00858,1.01412,1.1499,1.06261,1.08547,1.0969,1.10262,1.12764,1.16232,1.11316,1.11075,1.35337,1.40819,1.16959,1.07246,1.13473,1.2102,1.0041,0.798,1.10833,1.064,1.04183,1.01967,1.08779,1.08779,1.08779,1.08779,1.08779,1.08779,1.08779,1.08779,1.08779,1.08779,1.08779,1.08779,1.08779,1.08779,1.08779,1.08779,24,11,16
0.975333,0.975333,1.2635,1.25242,1.02521,0.798,0.886667,1.064,0.931,0.798,0.886667,1.15267,1.15267,1.3965,1.38542,1.33554,1.22194,1.00997,0.798,0.842333,0.886667,0.842333,0.975333,1.21917,1.25242,1.35771,1.34385,1.44776,1.36671,1.45919,1.41676,1.39555,1.42927,1.3353,1.39915,1.38674,1.15887,0.978436,0.798,0.798,0.798,0.908833,1.03075,0.936542,0.842333,0.798,0.820167,0.842333,1.01967,0.9975,1.00858,1.05846,0.928229,0.798,1.04183,1.20808,1.22471,1.34385,1.44776,1.36671,1.12669,0.886667,0.953167,1.09725,1.28012,1.23856,1.39511,1.29606,1.04703,0.798,0.798,0.798,0.9975,1.27458,1.16929,1.00581,0.842333,0.798,1.2635,1.31892,1.34662,1.33831,1.22332,1.03283,0.842333,0.931,0.8645,0.798,0.953167,0.875583,0.798,1.08617,1.11942,1.20254,1.2441,1.48655,1.16444,0.842333,0.842333,0.842333,1.10833,1.28567,1.28567,1.28567,1.17483,1.23025,1.21362,1.22748,1.16791,1.31545,1.21189,1.00495,0.798,1.10833,1.09171,1.09171,1.09171,1.09171,1.09171,1.09171,1.09171,1.09171,1.09171,1.09171,1.09171,1.09171,1.09171,1.09171,1.09171,1.09171,1.09171,1.09171,1.09171,0,0,0
1.10833,0.953167,0.798,1.01967,0.931,0.842333,0.886667,0.908833,0.89775,0.886667,1.21917,1.34108,1.33554,1.22194,1.3868,1.4249,1.44395,1.27614,1.05924,0.842333,0.820167,0.798,1.08617,1.14158,1.39096,1.24965,1.11249,1.06608,1.13154,1.03127,1.0698,1.11123,0.976784,0.842333,0.886667,0.842333,0.798,0.842333,0.798,0.9975,0.89775,0.798,0.842333,1.197,1.35217,1.27458,1.41312,1.43806,1.4062,1.1021,0.798,0.842333,0.9975,0.919917,0.842333,1.04183,0.942083,0.842333,1.10833,1.28567,1.24133,1.35217,1.31892,1.41312,1.30506,1.0737,0.842333,0.886667,1.17483,1.09725,0.991958,0.886667,1.064,0.931,0.798,1.04183,1.25242,1.26904,1.43252,1.29259,1.08963,0.886667,0.886667,1.15267,1.28567,1.35217,1.27458,1.03629,0.798,1.04183,1.25242,1.15821,1.00027,0.842333,1.01967,0.975333,0.9975,1.20808,1.29121,1.55444,1.33139,1.06469,0.798,0.908833,0.89775,0.886667,0.842333,0.842333,0.842333,0.798,0.9975,0.919917,0.842333,1.24133,1.21917,1.197,1.0648,1.0648,1.0648,1.0648,1.0648,1.0648,1.0648,1.0648,1.0648,1.0648,1.0648,1.0648,1.0648,1.0648,1.0648,1.0648,1.0648,0,0,0
1.33,1.41867,1.33,1.30783,1.38542,1.33554,1.3106,1.29814,1.2919,1.31095,1.29831,1.29199,1.37749,1.30941,1.38621,1.33594,1.3108,1.29823,1.29195,1.28881,1.26507,1.23104,1.25835,1.31634,1.32317,1.30442,1.33938,1.31252,1.25476,1.24805,1.17819,1.23193,1.2588,1.4939,1.23462,1.08281,0.984737,0.886667,1.1305,1.20808,1.20254,1.26627,1.23164,1.25865,1.27216,1.27891,1.12712,0.962562,0.798,1.04183,1.16375,1.18037,1.21085,1.24826,1.22263,1.29848,1.26991,1.27779,1.28173,1.2837,1.21818,1.20759,1.24663,1.26615,1.23157,1.32512,1.26106,1.36203,1.23518,1.23826,1.3063,1.29598,1.24649,1.31041,1.32021,1.2586,1.24997,1.28998,1.22133,1.27566,1.2585,1.31642,1.25671,1.29335,1.26734,1.25434,1.27,1.32217,1.25958,1.31696,1.30131,1.29349,1.24524,1.24329,1.22014,1.25291,1.22495,1.23314,1.30374,1.33904,1.24585,1.22143,1.20921,1.15877,1.10833,1.2544,1.2544,1.2544,1.2544,1.2544,1.2544,1.2544,1.2544,1.2544,1.2544,1.2544,1.2544,1.2544,1.2544,1.2544,1.2544,1.2544,1.2544,1.2544,1.2544,1.2544,1.2544,1.2544,1.2544,1.2544,1.2544,1.2544,1.2544,4,0,0
1.33,1.3965,1.25242,1.31337,1.14435,1.25934,1.13951,1.25692,1.16046,1.2674,1.14353,0.970766,0.798,0.842333,0.842333,0.842333,0.798,1.08617,1.14158,1.19146,1.19423,1.32861,1.12981,1.34074,1.20237,1.28835,1.24268,1.3085,1.14192,1.16946,1.1389,1.21228,1.13814,1.25624,1.16012,1.31156,1.16561,1.26997,1.18915,1.28174,1.12854,1.25144,1.13555,1.23278,1.14839,1.28353,1.1516,1.3738,1.19673,1.35203,1.25235,1.35767,1.18867,1.30367,1.18383,1.27908,1.12721,1.25077,1.17955,1.27694,1.17047,1.22807,1.14603,1.23802,1.15101,1.26267,1.14117,1.34642,1.20521,1.2011,1.02172,0.842333,0.9975,1.14158,1.12496,1.18315,1.10141,1.23787,1.12877,1.22938,1.12453,1.16076,1.09021,1.21011,1.07055,1.26678,1.07672,0.886667,0.953167,1.20808,1.04737,0.886667,0.953167,1.11942,1.09171,1.27735,1.12634,1.29467,1.24584,1.39875,1.23138,1.34719,1.18343,1.21238,1.18252,1.25626,1.1158,1.24507,1.1102,0.975333,1.17044,1.17044,1.17044,1.17044,1.17044,1.17044,1.17044,1.17044,1.17044,1.17044,1.17044,1.17044,1.17044,1.17044,1.17044,1.17044,1.17044,1.17044,1.17044,1.17044,1.17044,1.17044,1.17044,0,0,0
1.10833,0.798,1.04183,1.25242,1.02521,0.798,0.931,1.064,0.931,0.798,1.064,0.9975,0.986417,1.04737,0.944854,0.842333,1.30783,1.25242,1.42421,1.1111,0.798,1.1305,1.07508,1.02521,1.19977,1.02105,0.842333,1.10833,1.33,1.08617,0.842333,1.064,1.17483,0.986417,0.798,1.1305,0.96425,0.798,1.1305,1.34108,1.49071,1.38819,1.38126,1.13396,0.886667,1.1305,0.96425,0.798,1.08617,0.986417,0.886667,1.21917,1.25242,1.35771,1.45469,1.39234,1.11734,0.842333,0.886667,1.01967,1.064,1.21917,1.03075,0.842333,1.08617,1.03075,1.11387,1.35494,1.3868,1.44707,1.16687,0.886667,1.30783,1.29675,1.04737,0.798,0.886667,0.908833,0.853417,0.798,1.08617,0.96425,0.842333,1.15267,1.21917,1.34108,1.31337,1.05569,0.798,0.798,1.1305,1.20808,1.55721,1.33277,1.35355,1.07578,0.798,1.21917,1.29675,1.22471,1.03352,0.842333,1.04183,0.942083,0.842333,0.820167,0.798,1.01967,1.10833,0.975333,0.842333,1.197,1.10833,1.01967,1.07133,1.07133,1.07133,1.07133,1.07133,1.07133,1.07133,1.07133,1.07133,1.07133,1.07133,1.07133,1.07133,1.07133,1.07133,1.07133,1.07133,1.07133,1.07133,0,0,0
1.197,1.197,1.33,1.24133,1.08617,0.942083,0.798,1.1305,1.25242,1.44637,1.21085,1.33693,1.3113,1.43148,1.26991,1.36645,1.25956,1.31695,1.16831,1.27132,1.16766,1.31533,1.21183,1.00492,0.798,0.842333,1.197,1.197,1.33,1.17483,1.31892,1.23579,1.39373,1.3397,1.62302,1.32134,1.39217,1.22809,1.34554,1.2491,1.04572,0.842333,0.931,1.01967,0.953167,0.886667,1.2635,1.25242,1.40204,1.23302,1.37018,1.30576,1.45088,1.30177,1.42672,1.22319,1.29876,1.20355,1.35544,1.23189,1.34744,1.31656,1.14594,0.994139,0.842333,1.197,1.15267,1.35217,1.23025,1.10279,0.972562,0.842333,0.975333,0.886667,0.798,0.798,0.798,0.798,1.17483,1.14158,0.969792,0.798,0.931,1.01967,0.931,0.842333,0.975333,0.886667,0.798,1.1305,1.20808,1.00304,0.798,0.842333,0.820167,0.798,0.975333,1.2635,1.27458,1.36879,1.2829,1.30645,1.34039,1.1357,0.966848,0.798,0.8645,0.83125,0.798,1.1305,1.463,1.13213,1.13213,1.13213,1.13213,1.13213,1.13213,1.13213,1.13213,1.13213,1.13213,1.13213,1.13213,1.13213,1.13213,1.13213,1.13213,1.13213,1.13213,1.13213,1.13213,1.13213,1.13213,0,0,0
0.931,0.908833,0.886667,1.08617,0.942083,0.798,1.10833,1.064,0.953167,0.842333,0.842333,0.842333,0.931,1.08617,1.00858,0.947625,0.886667,0.886667,0.8645,0.842333,0.842333,1.197,1.24133,1.04183,0.842333,0.886667,1.064,1.1305,1.11942,1.33554,1.06677,0.798,1.04183,0.919917,0.798,1.08617,1.14158,1.08062,1.02798,1.20116,1.19908,1.22021,1.16427,1.18063,1.32182,1.05991,0.798,0.798,0.798,0.9975,1.09725,0.947625,0.798,1.1305,1.03075,1.09171,1.18869,1.03768,0.886667,1.04183,1.00858,1.03629,1.07231,1.00166,1.14366,1.392,1.18367,1.16817,1.27125,1.21196,1.18231,1.34482,1.27091,1.18962,1.21548,1.07324,1.13512,1.18823,1.19261,1.19481,1.1959,1.12995,1.25214,1.2689,1.03345,0.798,1.04183,0.96425,0.886667,0.9975,1.09725,1.08062,1.27181,1.32307,1.17137,1.36152,1.12409,0.886667,0.842333,0.798,0.842333,0.931,0.975333,0.886667,0.798,0.9975,0.89775,0.798,1.04183,0.96425,0.886667,1.08617,1.09725,1.14712,1.23856,1.04045,0.842333,1.04088,1.04088,1.04088,1.04088,1.04088,1.04088,1.04088,1.04088,1.04088,1.04088,1.04088,1.04088,1.04088,1.04088,1.04088,1.04088,0,0,0
0.886667,0.842333,0.842333,0.842333,1.10833,1.064,0.975333,0.886667,0.908833,0.942083,1.11387,1.02244,1.02105,1.13119,1.38576,1.29138,1.42152,1.39793,1.43046,1.42457,1.44378,1.36472,1.36953,1.37193,1.37313,1.28507,1.35187,1.31877,1.34655,1.29394,1.04597,0.798,0.886667,0.908833,0.919917,1.08062,1.31615,1.30091,1.44845,1.41139,1.4372,1.36143,1.45655,1.32677,1.37272,1.28486,1.3296,1.35197,1.31882,1.28007,1.41587,1.35077,1.09655,0.842333,0.886667,0.842333,0.798,1.04183,1.20808,1.22471,1.34385,1.27043,1.03421,0.798,1.08617,0.942083,0.798,1.01967,0.908833,0.798,0.886667,1.15267,1.21917,1.34108,1.35771,1.45469,1.39234,1.44984,1.36775,1.43754,1.33944,1.44555,1.36561,1.43647,1.31674,1.38987,1.33777,1.35605,1.29869,1.07051,0.842333,0.798,1.04183,1.05292,1.16929,1.13881,1.12357,1.22679,1.07889,1.04928,1.14531,0.99382,0.842333,0.886667,0.908833,0.942083,1.11387,1.33277,1.55167,1.16933,1.16933,1.16933,1.16933,1.16933,1.16933,1.16933,1.16933,1.16933,1.16933,1.16933,1.16933,1.16933,1.16933,1.16933,1.16933,1.16933,1.16933,1.16933,1.16933,1.16933,1.16933,1.16933,1.16933,0,0,1
1.64033,1.37433,1.1305,0.886667,1.33,1.197,1.729,1.50733,1.15267,0.798,1.28567,1.2635,1.31892,1.34662,1.42698,1.11249,0.798,0.931,1.24133,1.17483,1.00858,0.842333,0.953167,1.20808,1.24687,1.02244,0.798,1.08617,0.942083,0.798,0.842333,0.798,0.9975,0.942083,0.886667,0.842333,0.798,0.8645,0.83125,0.798,1.08617,1.31892,1.10279,0.886667,0.842333,0.886667,1.08617,1.18592,1.10279,0.994729,0.886667,0.886667,0.886667,0.931,0.975333,0.953167,1.05292,1.25796,1.05015,0.842333,1.15267,0.9975,0.842333,0.886667,0.9975,1.40758,1.12496,0.842333,0.842333,0.842333,0.798,0.842333,0.798,0.842333,0.886667,0.886667,0.886667,0.842333,0.842333,0.798,1.01967,0.975333,1.064,1.30783,1.09725,0.886667,1.21917,1.05292,0.886667,1.04183,1.05292,1.03629,1.11665,1.13466,0.988495,0.842333,1.24133,1.30783,1.51842,1.40204,1.23302,1.39234,1.33901,1.135,0.966501,0.798,1.1305,1.14158,1.21362,1.24965,1.31199,1.18799,1.36983,1.66025,1.95067,1.06956,1.06956,1.06956,1.06956,1.06956,1.06956,1.06956,1.06956,1.06956,1.06956,1.06956,1.06956,1.06956,1.06956,1.06956,1.06956,1.06956,1.06956,0,0,2
1.10833,0.975333,0.842333,0.908833,0.875583,0.842333,0.886667,1.17483,1.23025,1.01412,0.798,0.798,0.842333,0.953167,1.03075,0.936542,0.842333,1.15267,1.30783,1.05292,0.798,0.842333,0.820167,0.798,0.953167,0.875583,0.798,1.01967,1.15267,0.975333,0.798,0.842333,0.820167,0.798,1.17483,1.03075,0.886667,1.064,0.953167,0.842333,0.9975,1.00858,0.947625,0.886667,0.842333,0.798,0.842333,1.04183,1.20808,1.11387,0.955937,0.798,1.04183,0.919917,0.798,0.798,0.798,0.975333,1.08617,1.23025,1.39096,1.24965,1.35632,1.29883,1.29225,1.42196,1.17648,0.987239,0.798,0.8645,0.83125,0.798,1.01967,1.10833,1.15267,0.975333,0.798,0.842333,0.798,0.953167,1.05292,0.947625,0.842333,0.886667,1.1305,1.25242,1.22471,1.01135,0.798,0.842333,0.886667,1.17483,1.14158,0.969792,0.798,0.975333,0.908833,0.842333,0.953167,1.25242,1.22471,1.34385,1.11526,0.886667,0.842333,0.820167,0.798,1.08617,0.986417,0.886667,1.1305,1.09725,0.969792,0.842333,0.886667,0.953167,1.20808,1.24687,1.3771,1.37572,1.19769,1.01967,0.993479,0.993479,0.993479,0.993479,0.993479,0.993479,0.993479,0.993479,0.993479,0.993479,0.993479,10,3,6
0.931,1.064,0.953167,0.842333,1.01967,1.24133,1.5295,1.31892,1.05846,0.798,0.931,0.886667,0.842333,0.8645,0.886667,0.931,0.975333,0.931,0.886667,1.35217,1.11942,0.886667,0.842333,0.798,0.975333,0.931,0.886667,1.064,1.17483,1.05292,0.947625,0.842333,1.35217,1.25242,1.24687,1.02244,0.798,0.8645,1.03075,1.09171,1.49902,1.23718,1.19492,0.996461,0.798,0.953167,0.875583,0.798,0.9975,1.18592,1.21362,1.29398,1.20116,1.24341,1.02071,0.798,0.842333,1.10833,1.064,1.064,1.17483,1.00858,0.842333,0.886667,1.3965,1.25242,1.29121,1.2441,1.44222,1.27528,1.23614,1.01707,0.798,0.9975,0.89775,0.798,1.1305,1.18592,1.14712,1.26073,1.09586,0.946932,0.798,0.886667,0.953167,1.07508,1.09171,0.989187,0.886667,1.17483,1.11942,1.11387,0.955937,0.798,1.30783,1.20808,1.00304,0.798,0.842333,0.886667,0.842333,0.798,0.953167,0.875583,0.798,0.908833,0.853417,0.798,0.908833,0.853417,0.798,0.9975,0.919917,0.842333,1.04183,0.919917,0.798,1.28567,1.77333,1.02512,1.02512,1.02512,1.02512,1.02512,1.02512,1.02512,1.02512,1.02512,1.02512,1.02512,1.02512,1.02512,1.02512,0,0,2
1.55167,1.50733,1.30783,1.05292,0.798,0.9975,0.89775,0.798,1.17483,1.23025,1.14712,0.994729,0.842333,1.01967,0.931,0.842333,0.886667,1.04183,1.20808,1.29121,1.5101,1.28705,1.28636,1.06435,0.842333,1.35217,1.18592,1.23579,1.2829,1.35078,1.22956,1.21328,1.38247,1.1124,0.842333,1.01967,0.953167,0.886667,0.908833,0.942083,0.892208,0.842333,1.10833,0.975333,0.842333,0.886667,1.04183,0.96425,0.886667,0.842333,0.9975,0.919917,0.842333,0.886667,1.08617,1.00858,1.03629,0.983646,1.11249,0.977411,0.842333,0.908833,1.05292,1.03629,1.16098,1.20116,1.24341,1.17587,1.23077,1.05872,0.886667,0.931,0.886667,0.842333,0.8645,0.886667,0.886667,0.886667,0.842333,0.8645,0.886667,0.953167,0.96425,1.08062,1.13881,1.01274,0.886667,0.9975,0.986417,1.22471,1.38819,1.24826,1.1783,1.05465,1.03716,1.00625,0.990789,1.02739,1.22303,1.03268,0.842333,0.8645,0.886667,0.953167,1.07508,0.936542,0.798,0.9975,1.05292,0.925458,0.798,1.04183,1.20808,1.00304,0.798,0.931,1.10833,1.28567,1.463,1.03798,1.03798,1.03798,1.03798,1.03798,1.03798,1.03798,1.03798,1.03798,1.03798,1.03798,1.03798,1.03798,1.03798,0,0,0
1.01967,0.908833,0.798,0.975333,0.9975,1.05292,0.969792,0.886667,1.08617,1.07508,0.958708,0.842333,0.886667,0.842333,0.798,1.21917,1.20808,1.18037,1.05569,1.03768,1.05084,0.946586,0.842333,0.842333,0.842333,0.842333,0.886667,0.842333,0.798,0.9975,0.89775,0.798,1.01967,0.975333,0.931,0.886667,0.8645,0.842333,1.10833,1.197,1.17483,1.09725,1.10279,1.12773,1.0737,1.04668,1.14401,0.993171,0.842333,1.04183,1.31892,1.14712,0.972562,0.798,0.842333,0.820167,0.798,0.798,0.820167,0.842333,0.975333,0.886667,0.798,0.8645,0.875583,0.886667,0.886667,0.842333,0.842333,0.931,0.886667,0.842333,0.886667,0.842333,0.798,0.908833,1.14158,1.32446,1.12773,1.38403,1.15752,0.999924,0.842333,0.798,1.10833,0.9975,0.886667,1.08617,1.00858,0.991958,1.36048,1.21224,1.02729,0.842333,0.842333,0.931,0.886667,0.842333,0.931,0.8645,0.798,1.17483,0.986417,0.798,1.1305,0.986417,0.842333,1.01967,0.908833,0.798,0.8645,0.96425,1.03629,1.07231,1.02382,1.11041,1.15371,1.06452,1.08643,1.45205,1.23586,1.10559,1.0183,0.974649,1.06366,0.997329,0.931,0.977632,0.977632,0.977632,0.977632,0.977632,0.977632,4,0,0
0.842333,0.886667,1.17483,1.27458,1.28012,1.37156,1.41728,1.28497,1.10799,1.04166,1.341,1.37983,1.66525,1.36462,1.36948,1.39407,1.42854,1.31277,1.43222,1.27028,1.36664,1.34832,1.38349,1.40108,1.38771,1.42535,1.35551,1.45359,1.32529,1.10598,0.886667,0.842333,0.798,0.842333,0.842333,0.842333,0.798,1.17483,1.23025,1.25796,1.31615,1.41174,1.30437,1.42802,1.35684,1.40992,1.48079,1.1394,0.798,0.953167,1.00858,0.925458,0.842333,0.798,1.04183,1.14158,1.25796,1.22748,1.34524,1.44845,1.36706,1.41503,1.37251,1.24042,1.06355,0.886667,0.798,1.01967,1.10833,1.24133,1.2635,1.25242,1.46854,1.22194,1.34247,1.26973,1.25553,1.29277,1.31138,1.38719,1.24776,1.35538,1.40919,1.2366,1.30546,1.3399,1.35712,1.36572,1.08186,0.798,0.842333,1.08617,1.27458,1.32446,1.30506,1.4727,1.22402,1.29917,1.29242,1.20038,0.999188,0.798,1.064,1.24133,1.10833,0.975333,1.20685,1.20685,1.20685,1.20685,1.20685,1.20685,1.20685,1.20685,1.20685,1.20685,1.20685,1.20685,1.20685,1.20685,1.20685,1.20685,1.20685,1.20685,1.20685,1.20685,1.20685,1.20685,1.20685,1.20685,1.20685,1.20685,1.20685,12,0,4
1.01967,0.798,0.842333,0.820167,0.798,0.842333,0.798,1.1305,1.05292,1.03629,0.961479,0.886667,0.9975,0.89775,0.798,0.842333,1.197,1.01967,0.842333,0.820167,0.798,0.975333,0.908833,0.842333,0.9975,1.09725,0.969792,0.842333,1.10833,1.24133,1.3965,1.14158,0.886667,1.21917,1.00858,0.798,0.820167,0.842333,0.798,1.1305,1.25242,1.15821,1.08894,1.14297,1.01482,0.886667,1.08617,1.00858,1.01412,1.10556,0.951781,0.798,1.064,1.35217,1.31892,1.30229,1.05015,0.798,1.17483,1.40758,1.12496,0.842333,0.798,0.842333,0.886667,1.064,1.33,1.33,1.30783,1.16375,1.02521,0.886667,0.842333,0.798,0.842333,0.798,0.842333,0.798,0.908833,0.853417,0.798,0.953167,1.03075,1.04737,1.12219,0.98226,0.842333,1.197,1.197,0.9975,0.798,0.842333,0.820167,0.798,0.908833,1.03075,0.936542,0.842333,0.886667,1.17483,1.14158,0.969792,0.798,1.08617,0.942083,0.798,1.1305,1.16375,1.20254,1.22194,1.16514,1.58007,1.3442,1.49227,1.41113,1.4149,1.32812,1.26256,1.197,1.01967,1.01967,1.01967,1.01967,1.01967,1.01967,1.01967,1.01967,1.01967,1.01967,1.01967,1.01967,1.01967,1.01967,4,0,0
1.064,0.842333,0.842333,1.1305,1.07508,0.958708,0.842333,0.908833,1.11942,1.09171,1.29952,1.07093,0.842333,0.8645,0.886667,1.01967,1.197,1.04183,0.886667,1.04183,1.14158,1.03629,1.20531,1.11249,1.17691,1.18696,1.32498,1.06149,0.798,0.9975,1.14158,1.14712,1.17206,1.31753,1.1686,1.1163,1.20098,1.33199,1.35316,1.14208,1.28037,1.32735,1.35084,1.22959,1.01379,0.798,0.8645,1.09725,0.969792,0.842333,1.15267,1.01967,0.886667,0.842333,0.798,0.842333,1.1305,1.29675,1.24687,1.08894,0.943469,0.798,1.17483,1.25242,1.04737,0.842333,0.908833,0.919917,0.858958,0.798,0.842333,1.15267,1.08617,1.09725,0.947625,0.798,0.842333,0.931,1.10833,1.08617,1.27458,1.14712,1.30506,1.2067,1.00235,0.798,0.798,0.9975,1.18592,1.12496,1.02798,0.91299,0.798,0.9975,1.27458,1.36879,1.23856,1.32861,1.21847,1.25207,1.1137,1.31052,1.18726,1.19213,1.08373,0.963032,0.842333,1.08617,1.20808,1.06954,1.39927,1.09864,0.798,0.908833,1.01967,1.06272,1.06272,1.06272,1.06272,1.06272,1.06272,1.06272,1.06272,1.06272,1.06272,1.06272,1.06272,1.06272,1.06272,1.06272,1.06272,1.06272,1.06272,4,0,0
1.55167,1.17483,0.798,0.798,0.953167,1.16375,1.18037,1.01135,0.842333,0.798,0.931,1.01967,1.1305,1.36325,1.16929,1.00581,0.842333,0.886667,0.842333,0.798,0.886667,0.8645,0.842333,0.953167,1.07508,1.31337,1.38819,1.38126,1.46646,1.2209,1.07595,0.936975,0.798,0.8645,0.83125,0.798,0.798,0.798,0.842333,1.01967,1.04183,1.07508,1.40204,1.12219,0.842333,0.886667,0.953167,1.18592,1.05846,0.950396,0.842333,0.886667,0.842333,0.798,0.842333,0.798,0.842333,0.886667,0.842333,0.886667,0.842333,1.064,1.21917,1.25242,1.13604,1.27735,1.28151,1.03976,0.798,0.886667,0.886667,0.886667,0.886667,0.842333,0.908833,1.00858,1.28012,1.06123,0.842333,0.886667,0.886667,0.886667,0.798,0.8645,0.89775,0.847875,0.798,0.798,0.908833,0.853417,0.798,0.842333,0.886667,1.08617,1.18592,1.30229,1.07231,0.842333,0.820167,0.798,0.842333,0.798,0.842333,0.975333,0.975333,0.908833,0.842333,0.820167,0.798,0.8645,0.919917,1.05846,1.2164,1.1402,1.0356,1.1163,1.28965,1.22116,1.07608,1.07004,0.956186,0.842333,1.04183,1.03075,1.01967,0.980509,0.980509,0.980509,0.980509,0.980509,0.980509,0.980509,0.980509,0,0,0
0.842333,1.24133,1.08617,1.03075,0.980875,0.955937,0.965635,0.948318,1.07266,1.20133,1.15483,1.08725,0.986958,0.886667,1.08617,1.27458,1.08062,0.886667,0.842333,0.975333,1.21917,1.16375,1.06954,0.955937,0.842333,0.886667,0.842333,0.798,0.953167,1.11942,1.11387,0.978104,0.842333,1.04183,0.942083,0.842333,0.9975,1.27458,1.23579,1.39373,1.42836,1.35702,1.09967,0.842333,0.798,0.798,0.798,1.10833,0.975333,0.842333,1.197,1.37433,1.197,1.08617,0.942083,0.798,0.8645,0.96425,0.991958,1.02798,0.935156,0.842333,0.842333,0.842333,0.798,0.798,0.798,0.842333,0.886667,0.842333,0.798,0.842333,0.886667,0.9975,0.89775,0.798,0.842333,0.820167,0.798,0.798,0.798,1.1305,0.96425,0.798,0.886667,0.8645,0.842333,1.197,0.9975,0.798,0.842333,0.798,1.1305,1.29675,1.04737,0.798,0.842333,0.886667,0.842333,1.197,1.04183,0.886667,0.908833,1.00858,1.12496,1.02798,1.04599,1.18799,1.30333,1.13933,1.279,1.12717,1.20642,1.00221,0.798,1.17483,1.00858,0.842333,1.197,1.01967,0.842333,0.8645,0.886667,0.986816,0.986816,0.986816,0.986816,0.986816,0.986816,0.986816,0.986816,0.986816,0.986816,12,1,0
1.28567,1.24133,1.35217,1.20808,1.24687,1.22194,1.2538,1.26973,1.29987,1.24843,1.26705,1.27636,1.34751,1.31659,1.25679,1.27123,1.03462,0.798,0.886667,1.1305,1.20808,1.33554,1.35494,1.36464,1.36948,1.39408,1.33987,1.44577,1.32138,1.05969,0.798,0.908833,1.11942,1.33554,1.3106,1.34247,1.2254,1.38853,1.2706,1.3668,1.3484,1.38353,1.29027,1.3323,1.41982,1.30841,1.3192,1.3911,1.38272,1.37853,1.28776,1.35321,1.36377,1.32472,1.43819,1.3176,1.4568,1.37123,1.46145,1.24056,1.35178,1.40739,1.39086,1.42693,1.4893,1.47615,1.35874,1.36654,1.41477,1.30588,1.31794,1.34614,1.36024,1.36728,1.32648,1.30607,1.2737,1.32402,1.17184,1.31742,1.43454,1.33794,1.35614,1.23223,1.25895,1.31664,1.27899,1.32666,1.3505,1.38458,1.44596,1.36581,1.37007,1.41654,1.6171,1.34055,1.42394,1.3548,1.4089,1.463,1.31226,1.31226,1.31226,1.31226,1.31226,1.31226,1.31226,1.31226,1.31226,1.31226,1.31226,1.31226,1.31226,1.31226,1.31226,1.31226,1.31226,1.31226,1.31226,1.31226,1.31226,1.31226,1.31226,1.31226,1.31226,1.31226,1.31226,1.31226,1.31226,1.31226,1.31226,1.31226,1.31226,0,0,0
0.886667,0.8645,0.842333,0.975333,0.931,0.886667,0.9975,0.89775,0.798,0.953167,0.96425,0.947625,0.917146,0.886667,1.17483,1.18592,1.08062,1.09448,1.23441,1.12704,1.13985,1.16843,1.18271,1.18986,0.993928,0.798,0.931,1.10833,0.975333,0.842333,0.886667,1.1305,1.11942,0.958708,0.798,1.30783,1.42975,1.11387,0.798,0.820167,0.842333,0.798,0.842333,1.064,1.2635,1.09725,1.08062,0.961479,0.842333,0.798,0.842333,1.064,0.9975,0.986417,1.09171,1.01135,1.21501,1.25034,1.17934,1.2325,1.30342,1.09504,0.886667,1.064,0.953167,0.842333,1.04183,0.942083,0.842333,0.820167,0.798,0.886667,1.08617,1.18592,1.05846,1.17206,1.02936,0.886667,0.908833,0.96425,0.991958,0.894979,0.798,0.842333,0.798,0.842333,0.886667,1.1305,0.96425,0.798,0.798,0.798,0.820167,0.842333,0.886667,1.04183,0.919917,0.798,0.820167,0.842333,0.798,1.1305,0.96425,0.798,0.975333,0.908833,0.842333,0.975333,1.04183,1.11942,1.20254,1.0446,0.886667,1.04183,1.05292,1.12496,1.47131,1.37849,1.08824,0.798,0.820167,0.842333,0.986776,0.986776,0.986776,0.986776,0.986776,0.986776,0.986776,0.986776,0.986776,0.986776,0.986776,0,0,0
0.931,0.9975,1.05292,1.25796,1.24965,1.17899,1.36533,1.14816,1.23908,1.35104,1.09669,0.842333,1.10833,1.08617,1.14158,1.34662,1.20531,1.11249,1.24341,1.10937,1.15319,1.30809,1.07521,0.842333,1.10833,1.197,1.1305,1.29675,1.24687,1.22194,1.3868,1.2919,1.17795,1.32048,1.0814,0.842333,1.15267,1.21917,1.11942,1.26904,1.21085,1.24826,1.33346,1.2209,1.07595,1.22514,1.01157,0.798,1.08617,1.09725,1.12496,1.29398,1.20116,1.19908,1.26454,1.18644,1.14738,1.26086,1.02943,0.798,1.17483,1.03075,0.886667,1.21917,1.25242,1.15821,1.26627,1.27597,1.23648,1.28324,1.15145,1.12989,1.29645,1.09156,0.886667,1.21917,1.25242,1.11387,1.28844,1.24272,1.15336,1.26385,1.05309,0.842333,1.08617,1.29675,1.11387,1.2441,1.33139,1.19769,1.26385,1.09742,1.12504,1.29402,1.17901,1.12151,1.29225,1.20029,1.24298,1.35299,1.16416,1.18058,1.32179,1.10423,0.886667,1.1305,1.20808,1.09171,0.967021,0.842333,1.1584,1.1584,1.1584,1.1584,1.1584,1.1584,1.1584,1.1584,1.1584,1.1584,1.1584,1.1584,1.1584,1.1584,1.1584,1.1584,1.1584,1.1584,1.1584,1.1584,1.1584,1.1584,1.1584,2,0,3
0.842333,0.886667,1.08617,0.96425,0.842333,1.01967,0.9975,1.05292,1.08062,0.939312,0.798,1.10833,1.24133,1.35217,1.36325,1.67912,1.39373,1.4062,1.12427,0.842333,1.1305,0.986417,0.842333,1.064,0.931,0.798,1.08617,1.31892,1.34662,1.38265,1.24549,1.02174,0.798,1.44083,1.27458,1.23579,1.03906,0.842333,1.08617,1.31892,1.65696,1.36048,1.32307,1.0827,0.842333,1.064,0.931,0.798,1.04183,0.919917,0.798,0.931,0.931,1.01967,1.1305,1.42975,1.26904,1.03352,0.798,0.975333,0.908833,0.842333,1.04183,0.942083,0.842333,1.01967,0.908833,0.798,0.798,0.798,0.908833,0.89775,0.886667,0.9975,1.14158,0.969792,0.798,1.01967,0.953167,0.886667,1.48517,1.27458,1.41312,1.39373,1.29536,1.04668,0.798,1.01967,0.931,0.842333,1.463,1.28567,1.24133,1.04183,0.842333,1.064,1.33,1.2635,1.03075,0.798,1.08617,0.942083,0.798,1.04183,0.919917,0.798,0.9975,0.942083,0.886667,1.01967,0.931,0.842333,1.064,1.30783,1.55167,1.05995,1.05995,1.05995,1.05995,1.05995,1.05995,1.05995,1.05995,1.05995,1.05995,1.05995,1.05995,1.05995,1.05995,1.05995,1.05995,1.05995,1.05995,4,0,1
0.842333,1.01967,0.975333,0.975333,0.953167,0.875583,0.798,1.08617,0.942083,0.798,1.064,0.953167,0.842333,1.08617,0.96425,0.842333,1.01967,0.975333,0.975333,1.35217,1.45192,1.54612,1.59323,1.48378,1.14089,0.798,0.842333,0.8645,0.886667,1.064,1.04183,1.00858,1.14712,1.12773,1.05153,1.1686,1.09413,0.946066,0.798,0.798,0.798,0.9975,0.942083,0.886667,0.9975,0.942083,0.886667,1.04183,0.96425,0.886667,1.15267,0.975333,0.798,0.975333,0.9975,0.96425,1.05846,0.950396,0.842333,0.975333,0.931,0.886667,0.9975,0.89775,0.798,1.064,1.33,1.064,0.798,0.798,1.1305,1.29675,1.37987,1.08894,0.798,0.798,0.798,0.842333,1.15267,0.9975,0.842333,0.886667,1.04183,1.00858,1.19146,0.994729,0.798,1.04183,1.05292,1.03629,1.00581,0.968406,0.927536,0.886667,0.842333,0.8645,0.886667,0.908833,1.03075,1.11387,0.955937,0.798,1.3965,1.29675,1.24687,1.02244,0.798,1.064,0.953167,0.842333,0.886667,0.975333,1.08617,1.00858,1.16929,1.29398,1.09032,0.886667,0.9975,1.10833,1.00234,1.00234,1.00234,1.00234,1.00234,1.00234,1.00234,1.00234,1.00234,1.00234,1.00234,1.00234,1.00234,4,1,3
1.197,1.30783,1.29675,1.33554,1.3771,1.39789,1.31961,1.30264,1.29415,1.33424,1.26562,1.29781,1.38041,1.44387,1.45343,1.36955,1.46061,1.4618,1.41807,1.44053,1.11927,0.798,1.01967,1.15267,1.04183,1.20808,1.04737,0.886667,1.21917,1.00858,0.798,0.842333,0.820167,0.798,0.798,0.798,1.01967,1.15267,1.35217,1.31892,1.43529,1.40481,1.43391,1.38195,1.33381,1.3984,1.25337,1.26952,1.21109,1.33705,1.22269,1.32068,1.36967,1.08384,0.798,1.064,1.08617,1.00858,0.903292,0.798,1.10833,1.33,1.463,1.596,1.48517,1.38542,1.09171,0.798,0.798,1.21917,1.34108,1.49071,1.38819,1.46993,1.42213,1.44257,1.45278,1.48006,1.38286,1.1126,0.842333,0.886667,1.2635,1.45192,1.36879,1.4159,1.10695,0.798,1.17483,0.986417,0.798,0.842333,0.820167,0.798,1.01967,0.931,0.842333,0.886667,0.8645,0.842333,1.064,0.9975,0.96425,1.23579,1.3494,1.31753,1.28567,1.17645,1.17645,1.17645,1.17645,1.17645,1.17645,1.17645,1.17645,1.17645,1.17645,1.17645,1.17645,1.17645,1.17645,1.17645,1.17645,1.17645,1.17645,1.17645,1.17645,1.17645,1.17645,1.17645,1.17645,1.17645,1.17645,0,0,0
1.729,1.41867,1.28567,1.463,1.50733,1.35217,1.54058,1.39096,1.62648,1.38957,1.29329,1.42248,1.44274,1.3642,1.50227,1.28313,1.5504,1.28503,1.28535,1.46284,1.32992,1.41863,1.30781,1.38541,1.5572,1.2441,1.48655,1.27528,1.23614,1.34957,1.27328,1.34598,1.24932,1.33399,1.2655,1.38642,1.31387,1.4106,1.54764,1.32798,1.26249,1.36275,1.30204,1.40469,1.32301,1.41517,1.32825,1.43996,1.58448,1.30207,1.2717,1.32302,1.30434,1.295,1.26817,1.36558,1.50296,1.34998,1.53949,1.27958,1.26046,1.36173,1.27936,1.37118,1.46142,1.28488,1.26311,1.36305,1.28003,1.32718,1.23992,1.28496,1.26315,1.27441,1.19137,1.30502,1.25101,1.357,1.277,1.32567,1.23917,1.30675,1.38488,1.2466,1.44347,1.23157,1.36945,1.26106,1.22903,1.34601,1.27151,1.30075,1.24888,1.28944,1.19889,1.28661,1.2418,1.197,1.34673,1.34673,1.34673,1.34673,1.34673,1.34673,1.34673,1.34673,1.34673,1.34673,1.34673,1.34673,1.34673,1.34673,1.34673,1.34673,1.34673,1.34673,1.34673,1.34673,1.34673,1.34673,1.34673,1.34673,1.34673,1.34673,1.34673,1.34673,1.34673,1.34673,1.34673,1.34673,1.34673,1.34673,1.34673,0,0,0
0.842333,0.842333,1.064,0.975333,0.886667,0.975333,1.1305,1.05292,1.08062,1.07231,1.13466,1.07716,1.15925,1.06729,1.22081,1.16457,1.22512,1.14456,1.25945,1.13956,1.19044,1.14939,1.35053,1.09643,0.842333,1.10833,1.37433,1.15267,1.15267,1.21917,1.11942,1.24687,1.28844,1.19839,1.19769,1.24168,1.26367,1.16384,1.26908,1.18871,1.21502,1.20601,1.33451,1.17709,1.16488,1.18094,1.2333,1.14865,1.12849,1.16275,1.17987,1.2106,1.2038,1.2004,1.1987,1.22002,1.25284,1.13625,1.21096,1.20398,1.20049,1.19875,1.15354,1.2196,1.1418,1.1694,1.22753,1.1236,1.18247,1.1454,1.14903,1.08435,1.05201,1.10234,1.061,1.04033,1.0965,1.05808,1.08321,1.02927,1.0688,1.08857,1.07628,1.04798,1.07815,1.07108,1.17837,1.14335,1.14801,1.08384,1.05175,1.01354,1.10527,1.0403,1.16298,1.00266,0.842333,0.820167,0.798,0.908833,1.11942,1.02521,1.15544,1.08755,1.20878,1.15855,1.17778,1.16522,1.18111,1.14472,1.25953,1.1396,1.25697,1.18265,1.10833,1.12972,1.12972,1.12972,1.12972,1.12972,1.12972,1.12972,1.12972,1.12972,1.12972,1.12972,1.12972,1.12972,1.12972,1.12972,1.12972,1.12972,1.12972,8,5,1
0.842333,0.798,0.908833,0.853417,0.798,0.842333,0.975333,1.08617,1.07508,1.22471,1.07785,1.13743,1.21155,1.29294,1.13414,1.18774,1.2367,1.28335,1.15151,1.10775,1.28538,1.32986,1.17476,1.18588,1.16927,1.2718,1.3674,1.10487,0.842333,1.197,1.24133,1.17483,1.20808,1.20254,1.15544,1.30922,1.14228,0.992305,0.842333,0.798,1.04183,1.07508,1.24687,1.22194,1.2538,1.2254,1.36637,1.28168,1.28368,1.24034,1.17434,1.31867,1.147,1.26067,1.384,1.20183,1.06642,0.932208,0.798,1.04183,0.96425,0.886667,0.975333,1.15267,1.10833,1.15267,1.08617,1.16375,1.11387,1.08894,1.27597,1.03698,0.798,1.08617,1.09725,1.16929,1.13881,1.30091,1.20462,1.26731,1.23215,1.39191,1.16146,1.06839,1.31003,1.25352,1.31392,1.38846,1.2484,1.2892,1.2431,1.30872,1.18636,1.23601,1.26084,1.40625,1.16863,1.27148,1.21207,1.20454,1.15643,1.19888,1.24228,1.26397,1.23049,1.23591,1.28295,1.37298,1.17416,1.31858,1.463,1.16167,1.16167,1.16167,1.16167,1.16167,1.16167,1.16167,1.16167,1.16167,1.16167,1.16167,1.16167,1.16167,1.16167,1.16167,1.16167,1.16167,1.16167,1.16167,1.16167,1.16167,1.16167,6,0,1
0.798,0.798,0.798,0.798,0.798,1.10833,0.953167,0.798,1.08617,0.942083,0.798,0.798,0.798,0.886667,1.197,1.01967,0.842333,0.842333,0.820167,0.798,0.820167,0.842333,1.21917,1.34108,1.29121,1.06677,0.842333,0.820167,0.798,1.01967,0.931,0.842333,1.17483,1.38542,1.40204,1.10002,0.798,0.820167,0.842333,0.798,0.798,0.931,0.8645,0.798,0.798,0.820167,0.842333,1.15267,0.9975,0.842333,0.842333,0.798,0.798,0.798,0.820167,0.842333,0.798,0.842333,0.798,1.15267,0.975333,0.798,0.798,0.842333,0.886667,0.886667,0.798,0.798,0.798,0.886667,0.798,1.10833,1.04183,0.96425,0.886667,0.842333,0.798,0.886667,0.931,0.953167,1.23025,1.03629,0.842333,1.17483,1.00858,0.842333,1.08617,0.96425,0.842333,0.886667,1.197,0.9975,0.798,1.10833,1.1305,0.986417,0.842333,0.8645,0.886667,0.886667,0.798,0.798,0.798,0.798,0.798,0.798,0.798,0.798,1.17483,1.07508,1.06954,1.26627,1.20947,1.04807,0.886667,0.842333,0.798,0.886667,0.842333,0.798,1.15267,1.10833,1.01967,1.21917,1.41867,0.933255,0.933255,0.933255,0.933255,0.933255,0.933255,0.933255,0.933255,12,8,6
1.41867,1.1305,0.842333,1.04183,0.96425,0.886667,0.886667,0.798,0.798,1.01967,0.908833,0.798,0.886667,0.842333,0.798,1.10833,1.37433,1.08617,0.798,0.798,1.17483,1.25242,1.11387,1.0446,1.0543,1.30298,1.05049,0.798,0.886667,0.842333,0.798,1.08617,0.942083,0.798,1.10833,0.953167,0.798,0.886667,1.2635,1.36325,1.36879,1.17206,0.985031,0.798,0.931,0.8645,0.798,0.798,0.798,0.798,0.953167,1.23025,1.34662,1.31615,1.34524,1.42629,1.35598,1.07699,0.798,0.798,1.17483,1.29675,1.33554,1.3106,1.34247,1.2919,1.33312,1.42023,1.37511,1.41906,1.39669,1.34118,1.42426,1.3328,1.35356,1.49695,1.28047,1.41607,1.28437,1.21852,1.29643,1.37971,1.31052,1.32026,1.23646,1.34973,1.1847,1.27952,1.03876,0.798,0.798,0.953167,1.18592,1.30229,1.40481,1.32307,1.3487,1.33935,1.42334,1.37667,1.41984,1.37492,1.10863,0.842333,0.798,1.15267,1.2635,1.34108,1.06954,0.798,1.12112,1.12112,1.12112,1.12112,1.12112,1.12112,1.12112,1.12112,1.12112,1.12112,1.12112,1.12112,1.12112,1.12112,1.12112,1.12112,1.12112,1.12112,1.12112,1.12112,1.12112,1.12112,1.12112,8,1,1
1.01967,1.10833,1.064,1.2635,1.03075,0.798,0.886667,0.908833,1.23025,1.01412,0.798,0.798,0.798,0.842333,0.8645,0.886667,0.842333,0.798,0.842333,0.886667,1.1305,0.96425,0.798,0.953167,0.875583,0.798,0.842333,1.01967,0.931,0.842333,1.15267,1.08617,0.942083,0.798,0.953167,0.942083,1.04737,1.25519,1.13743,0.967714,0.798,0.842333,0.798,0.798,0.798,0.798,0.798,0.908833,0.853417,0.798,0.953167,1.09725,1.14712,1.3494,1.4062,1.47893,1.22713,1.30073,1.38187,1.20077,0.999383,0.798,0.842333,0.886667,0.8645,0.842333,0.798,0.9975,1.03075,1.15821,1.3106,1.34247,1.11457,0.886667,0.953167,0.96425,0.947625,0.983646,1.11249,1.28774,1.10937,0.953686,0.798,0.842333,1.064,0.931,0.798,0.798,0.798,1.17483,1.27458,1.03629,0.798,1.08617,1.31892,1.05846,0.798,0.842333,0.975333,1.08617,1.03075,0.980875,0.889437,0.798,0.820167,0.842333,1.01967,0.931,0.842333,1.15267,0.9975,0.842333,1.064,0.9975,1.18592,1.25796,1.27181,1.23441,1.0162,0.798,0.842333,0.798,0.931,0.984206,0.984206,0.984206,0.984206,0.984206,0.984206,0.984206,0.984206,0.984206,0.984206,10,5,5
1.463,1.50733,1.28567,1.24133,1.35217,1.27458,1.08062,0.886667,1.04183,1.29675,1.09171,0.886667,1.08617,0.942083,0.798,1.17483,0.986417,0.798,1.17483,1.23025,1.05846,0.886667,0.798,0.9975,0.89775,0.798,0.820167,0.842333,0.908833,0.875583,0.842333,0.842333,0.842333,1.064,1.17483,1.27458,1.32446,1.2829,1.28428,1.32931,1.13015,1.00841,0.886667,0.842333,0.842333,0.842333,0.953167,1.16375,1.26904,1.05569,0.842333,0.798,0.798,1.08617,1.23025,1.21362,1.09448,1.10141,1.32654,1.3061,1.14072,1.34619,1.22726,1.1678,1.02723,0.886667,0.798,0.842333,1.04183,1.23025,1.25796,1.40481,1.38957,1.24895,1.33381,1.22107,1.2977,1.33602,1.39951,1.27609,1.32521,1.17244,0.985219,0.798,1.1305,1.00858,0.886667,1.17483,1.18592,1.21362,1.29398,1.28982,1.33208,1.26454,1.2086,1.2028,1.3329,1.26495,1.25314,1.22507,1.0337,0.842333,0.798,1.1305,1.05292,1.21362,1.29398,1.42282,1.26558,1.36429,1.463,1.11566,1.11566,1.11566,1.11566,1.11566,1.11566,1.11566,1.11566,1.11566,1.11566,1.11566,1.11566,1.11566,1.11566,1.11566,1.11566,1.11566,1.11566,1.11566,1.11566,1.11566,1.11566,18,4,1
1.01967,1.197,1.064,1.197,1.17483,1.34108,1.15821,1.35494,1.56414,1.6244,1.38853,1.3371,1.26705,1.32069,1.25885,1.44959,1.50063,1.21581,1.05124,0.886667,0.842333,1.08617,1.49625,1.41312,1.32723,1.50595,1.19631,0.886667,0.8645,0.842333,1.30783,1.36325,1.39096,1.22748,1.12357,1.02729,1.04564,1.38732,1.42516,1.22241,1.54221,1.34744,1.49389,1.45628,1.30447,1.25074,1.1352,0.988767,0.842333,1.1305,1.00858,0.886667,1.197,1.3965,1.47408,1.18037,0.886667,0.842333,0.798,0.886667,1.04183,1.09725,0.947625,0.798,0.842333,0.886667,0.931,1.01967,1.21917,1.07508,0.958708,0.842333,0.953167,1.29675,1.18037,1.12219,1.49209,1.52188,1.42594,1.37797,1.28749,1.10924,1.02012,1.10856,0.95328,0.798,0.9975,1.20808,1.06954,1.19977,1.13189,1.38611,1.49105,1.47703,1.18185,0.886667,0.842333,1.01967,1.30783,1.29675,1.11387,1.06677,1.08755,1.12011,1.20289,1.15561,1.10833,1.16878,1.16878,1.16878,1.16878,1.16878,1.16878,1.16878,1.16878,1.16878,1.16878,1.16878,1.16878,1.16878,1.16878,1.16878,1.16878,1.16878,1.16878,1.16878,1.16878,1.16878,1.16878,1.16878,1.16878,1.16878,1.16878,16,9,4
1.50733,0.842333,0.931,0.8645,0.798,1.01967,1.1305,1.14158,1.08062,1.16098,1.13466,1.09933,1.17033,1.0285,0.886667,0.886667,0.798,0.798,0.798,0.886667,0.886667,0.886667,0.842333,0.9975,0.942083,0.886667,0.953167,1.16375,1.15821,1.0446,1.27597,1.21432,1.11699,1.13483,0.966415,0.798,0.842333,0.886667,0.8645,0.842333,0.798,0.798,1.10833,0.9975,0.886667,1.15267,1.04183,1.18592,1.21362,1.02798,0.842333,0.798,0.886667,0.886667,0.886667,0.798,0.842333,0.820167,0.798,0.975333,1.17483,1.07508,1.22471,1.10002,1.12634,1.20601,1.09067,0.944335,0.798,0.798,0.798,0.886667,0.886667,0.886667,0.798,1.15267,1.01967,0.886667,0.975333,1.17483,0.986417,0.798,0.886667,0.886667,0.975333,1.04183,0.919917,0.798,1.17483,0.986417,0.798,0.886667,0.842333,0.953167,0.89775,0.842333,0.886667,0.8645,0.842333,0.953167,0.942083,0.870042,0.798,0.886667,0.798,0.798,0.798,0.8645,0.875583,0.886667,1.04183,0.96425,0.886667,0.8645,0.842333,0.798,0.798,1.064,0.9975,0.986417,1.11387,1.15544,1.15405,1.35286,1.25276,1.15267,0.964912,0.964912,0.964912,0.964912,0.964912,0.964912,0.964912,26,12,13
1.01967,1.15267,1.17483,1.27458,1.19146,1.17206,1.31753,1.34593,1.3158,1.30073,1.3597,1.27835,1.37067,1.3725,1.32909,1.39604,1.23002,1.25784,1.27176,1.27871,1.30436,1.25068,1.26817,1.32125,1.14829,1.30565,1.20699,1.33499,1.22166,1.34233,1.2475,1.28875,1.28721,1.33077,1.28605,1.28586,1.3301,1.30788,1.34111,1.29122,1.33278,1.30922,1.25311,1.35806,1.21103,1.20401,1.24484,1.30959,1.25329,1.24731,1.35516,1.32041,1.34737,1.36085,1.34543,1.35988,1.27844,1.28205,1.32819,1.24043,1.21871,1.29652,1.20243,1.24405,1.19836,1.24201,1.30817,1.34125,1.29129,1.28848,1.24274,1.30854,1.2971,1.29138,1.17769,1.27601,1.23651,1.34975,1.11821,0.886667,0.975333,1.21917,1.18592,1.28012,1.2829,1.32861,1.30714,1.31857,1.30212,1.24956,1.31195,1.34314,1.20357,1.24462,1.22081,1.29757,1.22512,1.21106,1.2927,1.28918,1.28742,1.26438,1.18636,1.10833,1.26734,1.26734,1.26734,1.26734,1.26734,1.26734,1.26734,1.26734,1.26734,1.26734,1.26734,1.26734,1.26734,1.26734,1.26734,1.26734,1.26734,1.26734,1.26734,1.26734,1.26734,1.26734,1.26734,1.26734,1.26734,1.26734,1.26734,1.26734,1.26734,12,4,1
0.886667,0.886667,1.1305,1.20808,1.24687,1.0446,0.842333,0.886667,0.953167,1.25242,1.22471,1.25519,1.40343,1.23371,1.34836,1.31701,1.39001,1.227,1.38933,1.38183,1.28942,1.28754,1.4196,1.19747,1.2859,1.33012,1.26356,1.40761,1.14714,0.886667,0.842333,0.798,0.8645,0.919917,1.23579,1.2164,1.25103,1.31268,1.27701,1.237,1.30567,1.38433,1.24633,1.02217,0.798,0.842333,1.01967,1.197,1.15267,1.21917,1.40758,1.30229,1.24965,1.04599,0.842333,0.842333,0.886667,1.064,1.17483,1.23025,1.03629,0.842333,0.798,1.17483,0.986417,0.798,0.931,1.01967,0.975333,0.886667,0.798,0.842333,1.08617,1.00858,0.903292,0.798,0.908833,0.853417,0.798,0.953167,1.00858,1.23579,1.26073,1.2732,1.32377,1.28255,1.06244,0.842333,0.820167,0.798,1.08617,0.942083,0.798,0.908833,0.89775,0.886667,0.953167,1.00858,1.28012,1.0834,0.886667,0.953167,1.16375,1.02521,0.886667,1.08617,0.942083,0.798,1.04183,1.18592,1.36879,1.32723,1.35078,1.31822,1.28567,1.0868,1.0868,1.0868,1.0868,1.0868,1.0868,1.0868,1.0868,1.0868,1.0868,1.0868,1.0868,1.0868,1.0868,1.0868,1.0868,1.0868,1.0868,6,2,5
0.931,1.24133,1.33,1.08617,0.842333,1.15267,0.975333,0.798,0.842333,0.886667,0.9975,1.11942,1.02521,1.1111,1.28705,1.04253,0.798,1.08617,1.03075,1.06954,1.26627,1.03214,0.798,1.08617,0.986417,0.886667,0.842333,0.820167,0.798,0.9975,0.89775,0.798,0.798,0.798,0.842333,1.064,1.01967,1.064,1.2635,1.07508,0.886667,1.1305,0.96425,0.798,1.04183,0.96425,0.886667,1.064,1.01967,1.1305,1.16375,1.13604,1.10002,1.14851,1.15059,1.10729,1.08565,0.96399,0.842333,0.975333,0.931,0.886667,1.01967,1.064,1.04183,1.20808,1.04737,0.886667,1.04183,0.96425,0.886667,1.04183,0.919917,0.798,1.04183,1.05292,1.08062,1.09448,1.07924,1.22679,1.30056,1.07145,0.842333,1.197,1.37433,1.28567,1.17483,1.14158,1.21362,1.11665,1.17899,1.32099,1.08166,0.842333,0.886667,0.8645,0.842333,1.064,0.9975,1.03075,1.20254,1.28844,1.06539,0.842333,0.975333,1.04183,1.00858,0.969792,1.12773,1.2067,1.17968,1.09967,1.34784,1.11725,0.886667,1.08617,1.18592,1.28567,1.03734,1.03734,1.03734,1.03734,1.03734,1.03734,1.03734,1.03734,1.03734,1.03734,1.03734,1.03734,1.03734,1.03734,1.03734,8,4,4
1.28567,1.24133,1.064,0.886667,1.08617,1.09725,1.16929,1.27181,1.14574,1.30437,1.13985,1.12409,1.33788,1.11227,0.886667,1.08617,1.23025,1.10279,1.23856,1.12911,1.16306,1.11353,1.0666,1.17613,1.27523,1.21395,1.16114,1.3564,1.25454,1.2701,1.36655,1.23744,1.10639,1.19603,1.10785,1.19676,1.28555,1.26344,1.23022,1.39094,1.29397,1.24549,1.15474,1.39754,1.16427,1.24713,1.35507,1.14303,1.19218,1.37193,1.21796,1.25181,1.22441,1.16637,1.27035,1.21151,1.07125,1.26713,1.16556,1.09262,1.27781,1.2374,1.10637,1.24035,1.30734,1.05267,0.798,0.9975,1.00858,1.16929,1.18315,1.10141,1.19354,1.21743,1.16288,1.22428,1.21064,1.13732,1.30016,1.11558,1.08979,1.18773,1.19236,1.06168,1.24017,1.04125,0.842333,1.04183,1.11942,1.02521,1.22194,1.1208,1.0259,1.13362,1.03231,1.20332,1.28883,1.26508,1.09804,1.30269,1.16118,1.09042,1.23238,1.05952,0.886667,1.1305,1.03075,1.13604,1.25519,1.04876,0.842333,1.1651,1.1651,1.1651,1.1651,1.1651,1.1651,1.1651,1.1651,1.1651,1.1651,1.1651,1.1651,1.1651,1.1651,1.1651,1.1651,1.1651,1.1651,1.1651,1.1651,1.1651,1.1651,8,2,1
1.41867,1.21917,1.00858,0.798,0.931,0.8645,0.798,0.931,0.931,1.01967,1.21917,1.03075,0.842333,0.886667,1.2635,1.27458,1.03629,0.798,0.842333,0.886667,1.17483,1.18592,0.991958,0.798,0.842333,0.886667,0.842333,0.820167,0.798,1.04183,1.05292,1.03629,1.07231,1.11249,1.06608,1.04287,1.1421,0.992218,0.842333,0.908833,0.919917,1.08062,1.20531,1.00166,0.798,1.064,0.953167,0.842333,1.04183,0.942083,0.842333,1.197,1.35217,1.27458,1.10279,1.03906,1.25103,1.44568,1.36567,1.104,0.842333,0.953167,0.96425,1.12496,1.18315,1.01274,0.842333,1.10833,1.064,1.064,1.08617,0.96425,0.842333,1.064,0.9975,1.07508,1.22471,1.12219,1.11526,1.13396,1.07682,1.13691,1.21129,1.04898,0.886667,1.1305,1.05292,1.08062,1.18315,1.12357,1.16029,1.17864,1.14349,1.14808,1.17254,0.985269,0.798,0.953167,0.875583,0.798,1.04183,0.919917,0.798,0.9975,0.89775,0.798,1.08617,0.942083,0.798,1.21917,1.34108,1.13604,0.967021,0.798,0.975333,1.01967,1.064,1.02737,1.02737,1.02737,1.02737,1.02737,1.02737,1.02737,1.02737,1.02737,1.02737,1.02737,1.02737,1.02737,1.02737,1.02737,1.02737,14,4,5
1.463,1.33,1.33,1.2635,1.23025,1.30229,1.27181,1.23441,1.30437,1.38368,1.24601,1.26584,1.29792,1.24746,1.28873,1.26503,1.23102,1.28051,1.26092,1.16246,1.22406,1.21053,1.1816,1.23363,1.25965,1.22832,1.257,1.27133,1.25633,1.271,1.27833,1.23767,1.2395,1.21825,1.20762,1.26881,1.27724,1.23712,1.30573,1.2957,1.22418,1.29926,1.24813,1.22256,1.23195,1.12581,1.11707,1.20137,1.22135,1.16484,1.26959,1.23329,1.19298,1.23932,1.21816,1.20758,1.22446,1.05556,0.886667,1.08617,1.05292,1.12496,1.22748,1.27874,1.2157,1.25068,1.13518,1.16609,1.18154,1.16711,1.18205,1.23386,1.21543,1.20621,1.26811,1.14389,1.17044,1.20589,1.11278,1.11056,1.22028,1.20864,1.20282,1.28858,1.22062,1.20881,1.24724,1.06695,0.886667,1.08617,1.05292,1.12496,1.22748,1.12357,1.16029,1.20081,1.0659,1.06495,1.13098,1.07532,1.09183,1.21091,1.07096,1.13398,1.20982,1.13691,1.16696,1.18198,0.989989,0.798,1.19813,1.19813,1.19813,1.19813,1.19813,1.19813,1.19813,1.19813,1.19813,1.19813,1.19813,1.19813,1.19813,1.19813,1.19813,1.19813,1.19813,1.19813,1.19813,1.19813,1.19813,1.19813,1.19813,6,3,3
1.28567,1.33,1.21917,1.27458,1.30229,1.20531,1.24549,1.37641,1.28671,1.33052,1.19726,1.24146,1.39656,1.20812,1.29122,1.28845,1.30922,1.38611,1.38022,1.28861,1.15414,1.19774,1.2417,1.21935,1.29684,1.29125,1.17763,1.23165,1.34732,1.22783,1.27891,1.41529,1.30615,1.29591,1.37945,1.37689,1.30911,1.07572,0.842333,0.798,0.9975,0.89775,0.798,1.04183,1.25242,1.33554,1.26627,1.23164,1.48032,1.20566,1.37866,1.3765,1.30892,1.38596,1.20281,1.00041,0.798,1.1305,1.27458,1.28012,1.23856,1.41728,1.37364,1.44049,1.47391,1.33546,1.35489,1.25378,1.29189,1.28878,1.04339,0.798,0.798,1.1305,1.34108,1.26904,1.27735,1.03768,0.798,0.842333,1.10833,1.10833,1.10833,1.17483,1.00858,0.842333,0.842333,1.064,0.9975,0.986417,1.04737,1.25519,1.02659,0.798,0.886667,1.08617,1.09725,0.947625,0.798,1.1305,1.20808,1.00304,0.798,1.08617,1.18592,0.991958,0.798,1.1305,1.463,1.17186,1.17186,1.17186,1.17186,1.17186,1.17186,1.17186,1.17186,1.17186,1.17186,1.17186,1.17186,1.17186,1.17186,1.17186,1.17186,1.17186,1.17186,1.17186,1.17186,1.17186,1.17186,1.17186,1.17186,6,1,0
1.37433,1.3965,1.16375,1.15821,1.28844,1.04322,0.798,1.1305,0.96425,0.798,1.08617,0.942083,0.798,1.1305,0.96425,0.798,1.08617,0.96425,0.842333,0.842333,0.842333,1.064,1.04183,0.96425,0.886667,1.21917,1.07508,1.06954,1.22194,1.03214,0.842333,0.820167,0.798,1.08617,1.29675,1.46854,1.15544,0.842333,0.975333,1.24133,1.04183,0.842333,1.1305,0.96425,0.798,1.24133,1.37433,1.08617,0.798,0.9975,1.20808,1.02521,0.842333,1.1305,1.09725,1.14712,1.26073,1.11803,1.11318,1.28809,1.55288,1.46361,1.1973,1.15282,1.28574,1.1527,1.17485,1.25243,1.22471,1.21086,1.33693,1.06746,0.798,1.08617,0.986417,0.886667,1.17483,1.03075,0.886667,1.1305,1.16375,1.15821,1.3106,1.07647,0.842333,1.064,0.953167,0.842333,1.08617,1.00858,1.10279,1.2164,1.2067,1.17968,1.29917,1.22592,1.16713,1.31506,1.5442,1.45927,1.1508,0.842333,1.1305,1.05292,1.12496,1.22748,1.21224,1.20462,1.28948,1.17674,1.00954,0.842333,1.09425,1.09425,1.09425,1.09425,1.09425,1.09425,1.09425,1.09425,1.09425,1.09425,1.09425,1.09425,1.09425,1.09425,1.09425,1.09425,1.09425,1.09425,1.09425,1.09425,1.09425,4,5,2
0.842333,1.1305,1.36325,1.25796,1.09448,1.07924,1.18245,1.10106,1.0382,1.16193,1.13513,1.09957,1.19262,1.06181,1.1294,1.2297,1.16902,1.13868,1.30084,1.13809,1.21188,1.2931,1.04555,0.798,1.08617,1.09725,0.991958,0.886667,0.931,1.064,1.17483,1.05292,1.10279,1.23856,1.08478,0.985724,0.886667,1.15267,1.33,1.33,1.33,1.2635,1.14158,1.12496,1.22748,1.21224,1.16029,1.28948,1.1989,1.24229,1.30831,1.18615,1.19158,1.23862,1.30648,1.18524,1.23545,1.26056,1.18445,1.25722,1.27144,1.14556,1.25994,1.11764,1.20165,1.28799,1.28683,1.17541,1.23054,1.1251,1.13889,1.21228,1.1603,1.17865,1.25433,1.22566,1.12266,1.2485,1.11192,1.15446,1.17573,1.11986,1.15843,1.22205,1.14302,1.14785,1.19459,1.19579,1.17423,1.22995,1.08047,1.11657,1.20112,1.17689,1.12045,1.20306,1.24436,1.17635,1.16451,1.18075,1.12238,1.18186,1.21159,1.15996,1.17848,1.32074,1.19237,1.19469,1.15151,1.10775,1.06371,1.01967,1.16407,1.16407,1.16407,1.16407,1.16407,1.16407,1.16407,1.16407,1.16407,1.16407,1.16407,1.16407,1.16407,1.16407,1.16407,1.16407,1.16407,1.16407,1.16407,1.16407,1.16407,10,4,3
0.931,0.931,0.953167,0.89775,0.842333,1.064,0.931,0.798,1.08617,1.03075,1.06954,1.26627,1.07647,0.886667,1.17483,1.23025,1.23579,1.30506,1.16236,0.980182,0.798,0.820167,0.842333,0.798,1.08617,1.18592,1.19146,1.30506,1.2067,1.04668,0.886667,1.17483,1.11942,1.20254,1.28844,1.19839,1.19769,1.33035,1.06417,0.798,1.064,1.2635,1.31892,1.30229,1.38265,1.46716,1.28774,1.35321,1.1421,0.970051,0.798,1.1305,1.16375,1.11387,1.15544,1.04322,0.920609,0.798,1.1305,0.96425,0.798,0.9975,1.16375,1.18037,1.18869,1.37018,1.08409,0.798,0.8645,1.16375,0.980875,0.798,0.842333,1.10833,0.975333,0.842333,0.886667,1.1305,1.27458,1.03629,0.798,1.10833,1.197,1.17483,1.25242,1.33554,1.39927,1.47547,1.44707,1.32203,1.39252,1.25043,1.15721,1.17711,1.36439,1.23636,1.39401,1.47284,1.35709,1.32138,1.25919,1.18376,1.21255,1.02744,0.842333,1.064,1.30783,1.11942,1.00304,0.886667,1.17483,1.463,1.11451,1.11451,1.11451,1.11451,1.11451,1.11451,1.11451,1.11451,1.11451,1.11451,1.11451,1.11451,1.11451,1.11451,1.11451,1.11451,1.11451,1.11451,1.11451,1.11451,1.11451,4,3,2
1.01967,1.064,0.953167,0.842333,1.01967,0.975333,1.064,1.17483,1.09725,1.03629,1.29398,1.06816,0.842333,0.798,0.820167,0.842333,0.798,1.1305,0.96425,0.798,0.842333,0.820167,0.798,0.953167,1.09725,0.969792,0.842333,1.08617,0.942083,0.798,0.886667,0.908833,1.11942,1.31337,1.10002,0.886667,0.798,0.842333,0.842333,1.15267,0.9975,0.842333,1.15267,1.08617,1.07508,1.06954,1.08894,1.23164,1.23648,1.17241,1.14037,1.39035,1.16068,1.068,1.17684,1.14258,1.14763,1.17231,1.05166,1.10216,1.23825,1.12896,1.05215,1.16891,1.09429,0.990476,0.886667,0.953167,0.942083,1.00304,1.05569,1.05984,1.21709,1.07404,1.13552,1.05543,1.12621,1.20594,1.13497,0.988652,0.842333,1.08617,1.00858,1.14712,1.0169,0.886667,1.1305,0.96425,0.798,0.798,0.798,1.04183,1.11942,1.09171,1.14435,1.17068,1.11734,1.15717,1.31008,1.16488,0.981438,0.798,0.8645,1.16375,0.980875,0.798,0.798,0.798,1.04183,0.919917,0.798,0.953167,0.875583,0.798,0.9975,0.942083,0.886667,0.842333,0.798,0.931,1.01149,1.01149,1.01149,1.01149,1.01149,1.01149,1.01149,1.01149,1.01149,1.01149,1.01149,1.01149,1.01149,6,1,0
1.28567,1.33,1.37433,1.463,1.41867,1.1305,0.842333,0.798,0.820167,0.842333,0.886667,0.842333,0.798,0.842333,1.21917,1.18592,1.36879,1.46023,1.46161,1.46231,1.24099,1.01949,0.798,1.197,1.2635,1.34108,1.37987,1.08894,0.798,1.01967,1.01967,0.931,0.842333,1.197,1.33,1.08617,0.842333,0.798,0.953167,0.919917,0.886667,0.842333,0.798,1.1305,0.96425,0.798,0.842333,0.820167,0.798,0.9975,1.27458,1.36879,1.4159,1.10695,0.798,0.842333,0.886667,0.842333,1.197,1.33,1.1305,0.96425,0.798,0.820167,0.842333,0.798,0.820167,0.842333,0.798,0.8645,0.83125,0.798,1.1305,1.34108,1.11387,0.886667,1.08617,0.986417,0.886667,0.842333,1.197,1.37433,1.463,1.48517,1.18592,0.886667,0.886667,1.21917,1.34108,1.09171,0.842333,0.842333,1.197,1.37433,1.41867,1.48517,1.14158,0.798,0.842333,0.8645,0.886667,0.842333,0.8645,0.886667,0.842333,1.1305,0.986417,0.842333,0.798,0.820167,0.842333,0.886667,1.04183,1.197,1.03706,1.03706,1.03706,1.03706,1.03706,1.03706,1.03706,1.03706,1.03706,1.03706,1.03706,1.03706,1.03706,1.03706,1.03706,1.03706,1.03706,1.03706,1.03706,0,0,0
1.197,1.04183,0.886667,0.975333,1.01967,1.04183,1.07508,1.06954,1.0446,1.09864,1.12565,1.05049,1.07941,1.13821,1.32277,1.08255,0.842333,0.842333,0.842333,0.886667,1.04183,1.05292,1.23579,1.12773,1.4062,1.12427,0.842333,0.9975,1.20808,1.00304,0.798,0.931,1.15267,1.01967,0.886667,0.975333,1.04183,1.09725,1.36879,1.12773,0.886667,1.24133,1.197,1.17483,1.09725,1.16929,1.07231,1.31199,1.07716,0.842333,1.064,1.21917,1.07508,1.09171,1.12219,1.24826,1.06746,0.886667,0.931,1.15267,1.10833,1.21917,1.18592,1.05846,1.2164,1.09586,1.1686,1.13847,1.14557,1.21562,1.09547,1.3679,1.28245,1.10673,1.15186,1.10793,1.15247,1.04173,1.0307,1.09168,1.10001,1.03767,1.206,1.002,0.798,0.953167,1.11942,1.11387,1.19977,1.04322,0.886667,0.931,1.33,1.37433,1.15267,1.2635,1.14158,1.21362,1.09448,1.12357,1.07162,1.11214,1.08807,1.00954,0.948101,0.886667,1.01967,0.953167,0.886667,1.04183,1.25242,1.04737,0.842333,0.931,0.953167,0.975333,1.07858,1.07858,1.07858,1.07858,1.07858,1.07858,1.07858,1.07858,1.07858,1.07858,1.07858,1.07858,1.07858,1.07858,1.07858,1.07858,1.07858,0,2,0
1.10833,1.1305,1.16375,1.15821,1.22194,1.23164,1.25865,1.20566,1.31216,1.21025,1.29229,1.26681,1.23191,1.19229,1.26114,1.25124,1.26845,1.21056,1.31461,1.27797,1.25965,1.29483,1.20158,1.15496,1.22031,1.20866,1.24716,1.19991,1.26496,1.18665,1.25832,1.18333,1.21233,1.13817,1.21192,1.18229,1.12315,1.00491,0.886667,1.01967,1.10833,1.10833,1.15267,1.15267,1.17483,1.20808,1.20254,1.15544,1.26489,1.14228,1.01447,0.886667,1.04183,1.05292,1.14712,1.2164,1.22886,1.14643,1.34905,1.31736,1.23501,1.17167,1.22867,1.19067,1.23817,1.21758,1.27379,1.27973,1.30486,1.25093,1.3348,1.28807,1.2647,1.31952,1.25826,1.1833,1.34531,1.27116,1.38925,1.40396,1.25614,1.20441,1.2007,1.19885,1.24226,1.06446,0.886667,0.9975,1.20808,1.00304,0.798,0.975333,1.064,1.10833,1.15267,1.197,1.2635,1.18592,1.34662,1.27181,1.30091,1.22679,1.16756,1.20445,1.20072,1.22103,1.27551,1.19192,1.10833,1.19331,1.19331,1.19331,1.19331,1.19331,1.19331,1.19331,1.19331,1.19331,1.19331,1.19331,1.19331,1.19331,1.19331,1.19331,1.19331,1.19331,1.19331,1.19331,1.19331,1.19331,1.19331,1.19331,1.19331,6,2,0
1.28567,1.15267,1.197,1.1305,1.27458,1.12496,1.16098,1.11249,1.19908,1.08721,1.11994,1.0698,1.17773,1.12087,1.2476,1.06713,0.886667,0.886667,0.886667,0.908833,1.16375,1.09171,1.27735,1.12634,1.27251,1.10175,1.17154,1.13994,1.05764,1.17165,1.20649,1.11308,0.95554,0.798,1.15267,0.9975,0.842333,0.8645,0.886667,1.01967,1.15267,1.08617,1.20808,1.15821,1.3106,1.1208,1.07023,1.15578,1.28723,1.06478,0.842333,0.975333,1.15267,1.064,1.17483,1.07508,1.22471,1.03352,0.842333,0.953167,0.942083,0.870042,0.798,1.01967,1.15267,1.01967,0.886667,1.10833,1.064,1.01967,0.953167,0.886667,1.01967,0.975333,1.064,1.04183,1.09725,1.05846,1.10556,1.08478,1.14089,1.10245,1.01672,1.15119,1.08543,1.00822,1.19127,1.0833,1.07365,1.13533,1.25483,1.07075,0.886667,1.04183,1.05292,1.10279,1.10556,1.08478,1.14089,1.05811,1.03889,1.14011,1.12422,1.09411,1.25639,1.11586,1.15643,1.13238,1.25336,1.11435,1.24434,1.132,1.25317,1.15858,1.31079,1.463,1.08968,1.08968,1.08968,1.08968,1.08968,1.08968,1.08968,1.08968,1.08968,1.08968,1.08968,1.08968,1.08968,1.08968,1.08968,1.08968,1.08968,2,2,0
1.01967,0.953167,0.886667,0.953167,1.05292,1.10279,1.1499,1.06261,1.15197,1.10799,1.24116,1.10825,1.21912,1.16373,1.13603,1.10002,1.12634,1.11734,1.15717,1.08842,1.20921,1.11444,1.11139,1.10986,1.15343,1.04221,1.16394,1.0918,1.25524,1.07095,0.886667,0.9975,1.09725,1.10279,1.0834,1.1402,1.1686,1.1163,1.11232,1.11032,1.15366,1.02016,0.886667,0.953167,1.00858,1.05846,1.06123,1.06261,1.10764,1.06365,1.06383,1.06391,1.19696,1.04181,0.886667,0.931,1.08617,1.05292,1.10279,1.12773,1.18453,1.07993,1.13847,1.07907,1.40403,1.23402,1.43717,1.20625,1.31246,1.1439,1.39212,1.18372,1.38986,1.20476,1.35605,1.12136,0.886667,0.953167,1.29675,1.13604,1.34385,1.20393,1.22263,1.12115,1.40291,1.21129,1.40364,1.21166,1.24866,1.1785,1.52025,1.58029,1.23348,0.886667,0.931,1.064,1.1305,1.25242,1.13604,1.32169,1.08201,0.842333,0.886667,0.798,1.30783,1.16375,1.42421,1.26627,1.40897,1.23648,1.50491,1.77333,1.14648,1.14648,1.14648,1.14648,1.14648,1.14648,1.14648,1.14648,1.14648,1.14648,1.14648,1.14648,1.14648,1.14648,1.14648,1.14648,1.14648,1.14648,1.14648,1.14648,1.14648,6,3,1
0.975333,1.21917,1.45192,1.32446,1.63756,1.35078,1.58422,1.34628,1.38247,1.35624,1.54262,1.32548,1.63807,1.26237,0.886667,0.975333,1.08617,1.31892,1.47962,1.29398,1.31199,1.05499,0.798,1.35217,1.18592,1.43529,1.31615,1.58907,1.3487,1.31718,1.41226,1.3268,1.3284,1.2627,1.16335,1.51267,1.26617,1.56409,1.29188,1.3331,1.28722,1.33078,1.28605,1.37453,1.3301,1.68472,1.37436,1.68468,1.37434,1.33,1.35217,1.27458,1.43529,1.67081,1.38957,1.67012,1.30056,1.29311,1.33372,1.33186,1.3531,1.56322,1.31361,1.63214,1.34807,1.31687,1.38993,1.24913,1.24523,1.48712,1.27556,1.52445,1.29422,1.35644,1.29889,1.31444,1.16706,1.55886,1.31143,1.58672,1.34752,1.5161,1.31221,1.60927,1.38097,1.55499,1.37599,1.33083,1.37475,1.33021,1.44094,1.67364,1.36882,1.59324,1.81767,1.3719,1.3719,1.3719,1.3719,1.3719,1.3719,1.3719,1.3719,1.3719,1.3719,1.3719,1.3719,1.3719,1.3719,1.3719,1.3719,1.3719,1.3719,1.3719,1.3719,1.3719,1.3719,1.3719,1.3719,1.3719,1.3719,1.3719,1.3719,1.3719,1.3719,1.3719,1.3719,1.3719,1.3719,1.3719,1.3719,1.3719,1.3719,2,4,0
0.842333,0.820167,0.798,1.37433,1.197,1.2635,1.34108,1.44637,1.38819,1.46993,1.3778,1.46473,1.33087,1.50777,1.30805,1.47419,1.35776,1.52121,1.38127,1.33347,1.26524,1.54145,1.25839,1.2942,1.40076,1.34322,1.07061,0.798,0.886667,0.953167,1.27458,1.10279,1.43806,1.31753,1.58977,1.30472,1.58336,1.34585,1.67042,1.32288,1.54811,1.28389,1.48428,1.25197,1.31315,1.38808,1.33687,1.0896,0.842333,0.975333,1.08617,1.03075,1.57937,1.34385,1.71376,1.38888,1.78061,1.46664,1.77515,1.53041,1.60754,1.20277,0.798,0.886667,0.953167,1.45192,1.36879,1.4824,1.51703,1.71168,1.43217,1.69142,1.35554,1.49794,1.23664,1.34982,1.27341,1.5012,1.23827,1.26197,1.27382,1.32408,1.32704,1.63885,1.26276,0.886667,0.842333,0.798,1.10833,1.08617,1.23025,1.01412,0.798,0.886667,0.842333,0.798,1.37433,1.15267,0.931,1.27639,1.27639,1.27639,1.27639,1.27639,1.27639,1.27639,1.27639,1.27639,1.27639,1.27639,1.27639,1.27639,1.27639,1.27639,1.27639,1.27639,1.27639,1.27639,1.27639,1.27639,1.27639,1.27639,1.27639,1.27639,1.27639,1.27639,1.27639,1.27639,1.27639,1.27639,1.27639,1.27639,1.27639,20,2,1
0.842333,0.908833,1.07508,1.13604,1.12219,1.24826,1.4443,1.16548,0.886667,1.1305,1.07508,1.09171,1.36602,1.19284,1.17276,1.29571,1.17986,1.38793,1.22596,1.43315,1.53674,1.30037,1.27085,1.27826,1.17113,1.33923,1.48978,1.25472,1.2037,1.31118,1.29842,1.29205,1.24452,1.30943,1.45271,1.25836,1.16118,1.04609,1.07721,1.24794,1.17814,1.2984,1.20337,1.33318,1.22076,1.34188,1.24727,1.2443,1.17632,1.03149,0.886667,0.9975,0.89775,0.798,1.30783,1.18592,1.50179,1.19423,0.886667,0.931,1.08617,1.23025,1.36879,1.23856,1.19561,0.996807,0.798,0.886667,0.8645,0.842333,0.975333,0.931,0.886667,1.01967,1.35217,1.20808,1.04737,0.886667,0.886667,0.908833,0.919917,1.01412,0.994729,0.962865,1.39027,1.20497,1.31182,1.21007,1.60254,1.3111,1.23188,1.05928,0.886667,1.04183,0.919917,0.798,0.975333,0.886667,0.798,1.41867,1.21917,1.18592,0.991958,0.798,0.975333,0.908833,0.842333,0.9975,0.986417,1.02521,1.06677,1.10833,1.12894,1.12894,1.12894,1.12894,1.12894,1.12894,1.12894,1.12894,1.12894,1.12894,1.12894,1.12894,1.12894,1.12894,1.12894,1.12894,1.12894,1.12894,1.12894,1.12894,1.12894,6,2,2
1.37433,1.15267,1.064,0.975333,0.886667,0.953167,1.03075,0.980875,1.5101,1.26489,1.34178,1.40239,1.58786,1.32593,1.32797,1.15165,1.01916,0.886667,0.9975,0.986417,1.04737,1.01135,1.28151,1.28359,1.32896,1.35165,1.11916,0.886667,0.9975,0.986417,0.936542,0.886667,1.463,1.21917,1.34108,1.31337,1.47685,1.27043,1.45538,1.17102,0.886667,0.975333,1.064,1.30783,1.29675,1.40204,1.32169,1.43668,1.31684,1.63375,1.30454,1.47244,1.35689,1.40994,1.23697,1.30565,1.20699,1.29066,1.22166,1.14283,0.970416,0.798,0.886667,1.01967,1.15267,1.04183,0.942083,0.842333,0.798,1.15267,1.197,1.55167,1.2635,1.34108,1.26904,1.34385,1.24826,1.35563,1.32065,1.59132,1.3055,1.38425,1.29062,1.31031,1.29799,1.46916,1.31091,1.09879,0.886667,0.908833,1.51842,1.22471,1.36602,1.34801,1.38334,1.17934,1.45417,1.39208,1.69354,1.3566,1.76447,1.39207,1.33887,1.28567,1.22774,1.22774,1.22774,1.22774,1.22774,1.22774,1.22774,1.22774,1.22774,1.22774,1.22774,1.22774,1.22774,1.22774,1.22774,1.22774,1.22774,1.22774,1.22774,1.22774,1.22774,1.22774,1.22774,1.22774,1.22774,1.22774,1.22774,1.22774,1.22774,6,3,2
0.798,0.953167,1.47408,1.22471,1.58769,1.39234,1.40551,1.21259,1.16046,1.28956,1.19895,1.10931,1.21965,1.20833,1.15833,1.26633,1.03217,0.798,1.04183,1.03075,1.04737,1.27735,1.03768,0.798,1.01967,0.931,0.842333,1.28567,1.2635,1.56275,1.33554,1.59877,1.35355,1.29744,1.11422,1.08911,1.27606,1.17003,1.16135,1.06834,1.044,1.1205,1.20308,1.20004,1.15419,1.30859,1.16413,1.11407,1.2442,1.24277,1.15338,1.21952,1.2526,1.20263,1.31065,1.09866,0.886667,1.15267,1.01967,0.886667,1.21917,1.05292,0.886667,1.064,1.08617,1.07508,1.22471,1.03352,0.842333,1.2635,1.03075,0.798,1.48517,1.25242,1.77887,1.42144,1.33139,1.21986,1.18626,1.2803,1.23865,1.17349,1.22958,1.21329,1.16081,1.22324,1.07712,1.09273,1.47736,1.31501,1.49984,1.21542,1.13971,1.27919,1.19376,1.12888,1.22944,1.01372,0.798,1.197,0.9975,0.798,1.28567,1.04183,0.798,1.15267,0.9975,0.842333,1.064,1.16033,1.16033,1.16033,1.16033,1.16033,1.16033,1.16033,1.16033,1.16033,1.16033,1.16033,1.16033,1.16033,1.16033,1.16033,1.16033,1.16033,1.16033,1.16033,1.16033,1.16033,1.16033,1.16033,1.16033,2,0,0
1.33,1.35217,1.34108,1.40204,1.34385,1.35909,1.32238,1.28186,1.23943,1.28471,1.19652,1.3076,1.27446,1.36873,1.3272,1.3286,1.2628,1.27423,1.23562,1.32714,1.3729,1.61745,1.34073,1.3797,1.39918,1.38676,1.35838,1.38852,1.42576,1.73255,1.42044,1.37522,1.39694,1.36347,1.3024,1.29403,1.31202,1.65351,1.38092,1.37763,1.46465,1.28649,1.15308,1.19721,1.2636,1.31897,1.39098,1.69299,1.3785,1.37641,1.37537,1.35269,1.38568,1.66817,1.38825,1.29263,1.35565,1.36499,1.32533,1.32766,1.32883,1.35158,1.42946,1.4019,1.49895,1.43664,1.40549,1.36774,1.41537,1.72735,1.44001,1.385,1.0915,0.798,1.10833,1.28567,1.30783,1.34108,1.29121,1.5101,1.77472,1.44153,1.40793,1.3468,1.2054,1.09037,1.23235,1.19251,1.23909,1.21804,1.22969,1.10251,0.994589,0.886667,1.04183,1.09725,1.14712,1.197,1.33229,1.33229,1.33229,1.33229,1.33229,1.33229,1.33229,1.33229,1.33229,1.33229,1.33229,1.33229,1.33229,1.33229,1.33229,1.33229,1.33229,1.33229,1.33229,1.33229,1.33229,1.33229,1.33229,1.33229,1.33229,1.33229,1.33229,1.33229,1.33229,1.33229,1.33229,1.33229,1.33229,1.33229,1.33229,0,0,0
0.798,1.064,1.15267,1.17483,1.31892,1.41312,1.23856,1.39511,1.27389,1.23545,1.43789,1.27311,1.05772,0.842333,0.931,1.15267,0.9975,0.842333,0.842333,1.15267,1.01967,0.886667,0.9975,1.20808,1.00304,0.798,0.953167,1.47408,1.33554,1.35494,1.36464,1.72415,1.34974,1.42854,1.20194,1.1773,1.20932,1.04799,0.886667,1.17483,1.00858,0.842333,1.04183,1.03075,1.13604,1.32169,1.43668,1.22817,1.30125,1.33779,1.28956,1.42061,1.44181,1.43024,1.13629,0.842333,1.1305,0.96425,0.798,0.842333,1.15267,0.9975,0.842333,1.44083,1.23025,1.25796,1.29398,1.22332,1.36533,1.17033,0.984165,0.798,1.10833,1.44083,1.27458,1.32446,1.32723,1.26211,1.27389,1.03595,0.798,0.886667,1.10833,1.37433,1.2635,1.23025,1.05846,0.886667,1.1305,1.31892,1.32446,1.32723,1.21778,1.29606,1.0692,0.842333,0.886667,1.17483,1.14158,1.16929,1.24965,1.33416,1.22124,1.31996,1.14764,1.12799,1.11816,1.10833,1.1584,1.1584,1.1584,1.1584,1.1584,1.1584,1.1584,1.1584,1.1584,1.1584,1.1584,1.1584,1.1584,1.1584,1.1584,1.1584,1.1584,1.1584,1.1584,1.1584,1.1584,1.1584,1.1584,1.1584,1.1584,0,1,0
0.975333,0.908833,0.842333,0.842333,1.41867,1.21917,1.60708,1.35771,1.43252,1.13743,0.842333,0.931,1.01967,1.01967,1.17483,1.38542,1.37987,1.42144,1.50872,1.19769,0.886667,1.44083,1.11942,0.798,0.886667,0.798,0.908833,0.986417,1.40204,1.25519,1.29259,1.13396,1.05465,1.21449,1.05058,0.886667,0.886667,1.10833,1.463,1.30783,1.29675,1.13604,1.27735,1.14851,1.01759,0.886667,0.9975,0.96425,1.19146,1.19423,1.30645,1.62856,1.36845,1.23839,1.08469,1.22951,1.16892,1.04996,0.946148,0.842333,0.931,0.8645,0.798,0.886667,1.064,1.01967,1.15267,0.975333,0.798,0.842333,0.886667,1.17483,1.16375,1.09171,1.07785,1.15959,1.06746,1.0879,1.07595,0.936975,0.798,1.064,1.21917,1.36325,1.32446,1.2829,1.26211,1.22956,1.05811,0.886667,1.1305,1.05292,1.10279,1.0169,1.17345,1.53989,1.30195,1.33814,1.55574,1.3542,1.23127,1.01463,0.798,1.1305,0.96425,0.798,1.08617,1.25242,1.29121,1.33,1.12257,1.12257,1.12257,1.12257,1.12257,1.12257,1.12257,1.12257,1.12257,1.12257,1.12257,1.12257,1.12257,1.12257,1.12257,1.12257,1.12257,1.12257,1.12257,1.12257,1.12257,1.12257,1.12257,2,2,0
1.33,1.28567,1.41867,1.28567,1.37433,1.30783,1.31892,1.25796,1.33831,1.26766,1.34316,1.38091,1.46629,1.37598,1.44166,1.36366,1.41333,1.37167,1.4395,1.45125,1.67879,1.41573,1.66103,1.36252,1.41276,1.39355,1.49477,1.41239,1.12736,0.842333,0.9975,1.27458,1.36879,1.46023,1.32861,1.41797,1.30749,1.25224,1.11379,0.978061,0.842333,0.886667,1.197,1.17483,1.31892,1.28012,1.4159,1.32861,1.39581,1.4294,1.13587,0.842333,0.953167,1.29675,1.26904,1.41035,1.30368,1.49417,1.34559,1.13829,0.968146,0.798,1.28567,1.28567,1.41867,1.33,1.41867,1.37433,1.3965,1.42975,1.55721,1.39927,1.74147,1.40273,1.4772,1.4036,1.41113,1.3484,1.5387,1.36785,1.43759,1.29513,1.51206,1.33237,1.48635,1.40817,1.10309,0.798,0.953167,1.18592,1.01412,0.842333,1.37433,1.24133,1.15267,1.21917,1.54058,1.32446,1.10833,1.29974,1.29974,1.29974,1.29974,1.29974,1.29974,1.29974,1.29974,1.29974,1.29974,1.29974,1.29974,1.29974,1.29974,1.29974,1.29974,1.29974,1.29974,1.29974,1.29974,1.29974,1.29974,1.29974,1.29974,1.29974,1.29974,1.29974,1.29974,1.29974,1.29974,1.29974,1.29974,1.29974,1.29974,2,0,0
1.463,1.37433,1.68467,1.2635,0.842333,0.953167,0.89775,0.842333,1.064,1.30783,1.23025,1.34662,1.27181,1.34524,1.40412,1.41139,1.12686,0.842333,0.886667,0.842333,0.798,0.975333,0.886667,0.798,0.908833,0.89775,0.886667,1.197,1.41867,1.5295,1.29675,1.42421,1.3771,1.42005,1.35286,1.4966,1.2803,1.50465,1.39516,1.36258,1.45712,1.34923,1.45045,1.58972,1.41553,1.57226,1.51763,1.40165,1.14416,0.886667,1.21917,1.36325,1.41312,1.39373,1.42836,1.40135,1.36567,1.48084,1.73792,1.42313,1.3544,1.56386,1.38043,1.08922,0.798,0.842333,1.064,1.24133,1.37433,1.44083,1.40758,1.30229,1.22748,1.25657,1.44845,1.63306,1.45936,1.48335,1.42884,1.42375,1.44338,1.43102,1.55784,1.75426,1.40913,1.4139,1.43845,1.47289,1.51228,1.84231,1.43099,1.42483,1.57691,1.43129,1.11464,0.798,0.9975,1.197,1.29678,1.29678,1.29678,1.29678,1.29678,1.29678,1.29678,1.29678,1.29678,1.29678,1.29678,1.29678,1.29678,1.29678,1.29678,1.29678,1.29678,1.29678,1.29678,1.29678,1.29678,1.29678,1.29678,1.29678,1.29678,1.29678,1.29678,1.29678,1.29678,1.29678,1.29678,1.29678,1.29678,1.29678,1.29678,4,4,1
0.886667,0.798,0.8645,0.942083,1.20254,1.00027,0.798,1.10833,0.9975,0.886667,1.30783,1.34108,1.33554,1.1111,0.886667,1.17483,0.986417,0.798,1.5295,1.31892,1.41312,1.5489,1.48378,1.16306,0.842333,1.33,1.3965,1.58492,1.52396,1.51565,1.51149,1.46508,1.15371,0.842333,1.01967,0.975333,1.01967,1.3965,1.29675,1.80104,1.45469,1.63618,1.46092,1.75013,1.42923,1.42395,1.15531,0.886667,1.21917,1.03075,0.842333,1.15267,1.3965,1.45192,1.50179,1.4824,1.6057,1.91118,1.50976,1.55288,1.48577,1.47439,1.53519,1.27743,1.05988,0.842333,1.24133,1.41867,1.35217,1.49625,1.59046,1.50456,1.43945,1.20739,1.18003,1.32151,1.05976,0.798,1.15267,1.41867,1.61817,1.34108,1.37987,1.1776,1.1208,1.26973,1.4772,1.4701,1.13405,0.798,1.10833,1.04183,1.05292,1.28012,1.03906,0.798,1.3965,1.27458,1.30229,1.33,1.25679,1.25679,1.25679,1.25679,1.25679,1.25679,1.25679,1.25679,1.25679,1.25679,1.25679,1.25679,1.25679,1.25679,1.25679,1.25679,1.25679,1.25679,1.25679,1.25679,1.25679,1.25679,1.25679,1.25679,1.25679,1.25679,1.25679,1.25679,1.25679,1.25679,1.25679,1.25679,1.25679,4,4,3
1.41867,1.3965,1.09725,0.798,0.798,1.04183,0.96425,0.886667,1.17483,1.49625,1.32446,1.37156,1.55028,1.59531,1.37399,1.39633,1.23016,1.30225,1.20529,1.46715,1.26557,1.03179,0.798,0.886667,1.04183,0.942083,0.842333,0.975333,1.04183,1.09725,1.34662,1.07231,0.798,0.842333,1.064,1.24133,1.04183,0.842333,0.820167,0.798,1.1305,1.20808,1.44637,1.27735,1.21501,1.18384,1.07959,1.42646,1.2674,1.4317,1.24785,1.28892,1.2208,1.29756,1.13645,0.989391,0.842333,1.04183,1.03075,1.13604,1.01135,0.886667,0.798,0.931,1.17483,1.11942,0.958708,0.798,0.820167,0.842333,1.2635,1.38542,1.33554,1.66527,1.5198,1.38057,1.20012,1.19856,0.998279,0.798,1.21917,1.11942,1.31337,1.18869,1.32584,1.35009,1.36221,1.27961,1.39347,1.22873,1.41237,1.14952,0.886667,0.798,0.820167,0.842333,1.17483,1.03075,0.886667,0.798,1.10833,1.24133,1.50733,1.64033,1.463,1.57383,1.36325,1.15267,1.15086,1.15086,1.15086,1.15086,1.15086,1.15086,1.15086,1.15086,1.15086,1.15086,1.15086,1.15086,1.15086,1.15086,1.15086,1.15086,1.15086,1.15086,1.15086,1.15086,1.15086,1.15086,1.15086,1.15086,1.15086,2,1,0
0.975333,1.08617,1.38542,1.13604,0.886667,1.01967,1.197,1.33,1.55167,1.24133,1.30783,1.29675,1.29121,1.3771,1.35355,1.40828,1.36914,1.08357,0.798,0.798,1.1305,1.14158,0.969792,0.798,0.798,1.24133,1.24133,1.21917,1.27458,1.25796,1.29398,1.35632,1.54266,1.41416,1.37208,1.19587,0.996937,0.798,1.04183,1.18592,1.30229,1.07231,0.842333,0.842333,0.842333,0.820167,0.798,0.886667,0.886667,0.886667,1.04183,0.986417,0.936542,0.886667,1.01967,1.15267,1.24133,1.33,1.2635,1.60708,1.35771,1.23302,1.05984,0.886667,1.064,0.931,0.798,0.798,1.15267,1.24133,1.3965,1.31892,1.47962,1.36048,1.52257,1.40412,1.50006,1.3707,1.52768,1.38451,1.15775,1.11088,1.17611,1.45255,1.43561,1.36064,1.10149,0.842333,0.798,0.798,1.01967,0.9975,0.89775,0.798,1.01967,0.931,0.842333,0.842333,0.886667,1.10833,1.35217,1.31892,1.19146,1.0169,0.842333,1.10833,1.15267,1.197,1.13289,1.13289,1.13289,1.13289,1.13289,1.13289,1.13289,1.13289,1.13289,1.13289,1.13289,1.13289,1.13289,1.13289,1.13289,1.13289,1.13289,1.13289,1.13289,1.13289,1.13289,1.13289,1.13289,1.13289,1.13289,0,1,0
1.37433,1.48517,1.58492,1.25796,1.27181,1.27874,1.57037,1.20635,0.842333,0.9975,1.16375,1.40204,1.60985,1.44776,1.41105,1.48136,1.38351,1.42326,1.44313,1.47523,1.40262,1.61014,1.4479,1.12295,0.798,1.24133,1.35217,1.36325,1.10279,0.842333,0.886667,1.17483,1.20808,1.44637,1.38819,1.60293,1.46646,1.19873,1.1092,1.5521,1.37455,1.30794,1.54064,1.43532,1.51566,1.62233,1.54266,1.43633,1.18367,1.12383,1.24908,1.57771,1.49819,1.48059,1.4053,1.47848,1.44857,1.23412,1.37073,1.41686,1.30693,1.40713,1.36857,1.34928,1.33964,1.40132,1.38783,1.42541,1.33337,1.44252,1.36409,1.45788,1.41611,1.52822,1.47344,1.62339,1.47669,1.64718,1.46642,1.48688,1.40844,1.23622,1.26094,1.45064,1.54549,1.39341,1.31737,1.41235,1.32684,1.35059,1.22946,1.21323,1.29378,1.37433,1.36368,1.36368,1.36368,1.36368,1.36368,1.36368,1.36368,1.36368,1.36368,1.36368,1.36368,1.36368,1.36368,1.36368,1.36368,1.36368,1.36368,1.36368,1.36368,1.36368,1.36368,1.36368,1.36368,1.36368,1.36368,1.36368,1.36368,1.36368,1.36368,1.36368,1.36368,1.36368,1.36368,1.36368,1.36368,1.36368,1.36368,1.36368,1.36368,10,4,7
0.931,1.1305,1.14158,1.14712,1.12773,1.16236,1.11318,1.19942,1.15388,1.21977,1.18622,1.28028,1.21647,1.31757,1.21295,1.27148,1.23424,1.28212,1.15089,1.15178,1.19656,1.13028,1.16364,0.98082,0.798,1.04183,0.919917,0.798,0.931,1.5295,1.40758,1.21362,1.20531,1.11249,1.22124,1.07612,1.31389,1.14461,1.17081,0.984403,0.798,0.886667,0.886667,0.931,1.04183,1.00858,1.12496,1.02798,1.11249,1.06608,1.17587,1.16427,1.2693,1.25532,1.31483,1.38891,1.40379,1.36689,1.39278,1.36139,1.3457,1.27135,1.21201,1.0715,1.15642,1.15454,1.26444,1.16422,1.15844,1.33289,1.26494,1.14231,1.19182,1.12791,1.18462,1.16864,1.18282,1.12341,1.13804,1.16752,1.09359,1.10096,1.06031,1.10649,1.12958,1.05246,1.03606,1.0722,1.15677,1.06605,1.35319,1.2751,1.14738,1.21652,1.14026,1.23513,1.14957,1.32845,1.12972,1.2077,1.26885,1.34376,1.20388,1.00094,0.798,1.01967,1.08617,1.18592,1.08062,1.09448,1.16791,1.18245,1.197,1.1545,1.1545,1.1545,1.1545,1.1545,1.1545,1.1545,1.1545,1.1545,1.1545,1.1545,1.1545,1.1545,1.1545,1.1545,1.1545,1.1545,1.1545,1.1545,1.1545,0,0,0
0.886667,0.842333,1.15267,0.975333,0.798,0.975333,1.197,1.21917,1.23025,1.32446,1.32723,1.19561,1.19631,1.17449,0.986243,0.798,0.9975,0.942083,0.886667,1.5295,1.40758,1.21362,1.40481,1.52257,1.31545,1.45573,1.1712,0.886667,1.17483,1.14158,1.28012,1.2829,1.39511,1.16306,1.15786,1.3326,1.1318,0.964899,0.798,0.975333,0.886667,0.798,1.1305,1.34108,1.20254,1.35494,1.27597,1.39165,1.31649,1.38975,1.16037,1.26735,1.03268,0.798,0.908833,1.16375,1.22471,1.34385,1.29259,1.33346,1.17657,1.27545,1.08106,0.886667,0.886667,1.17483,0.986417,0.798,1.01967,1.24133,1.24133,1.24133,1.2635,1.34108,1.35771,1.43252,1.11526,0.798,0.842333,0.931,0.8645,0.798,0.975333,1.55167,1.48517,1.47408,1.18037,0.886667,1.1305,1.25242,1.20254,1.33277,1.19839,1.13119,1.20843,1.40221,1.25527,1.35914,1.14507,0.971534,0.798,1.04183,1.03075,1.04737,1.14435,1.19284,1.19492,1.197,1.14784,1.14784,1.14784,1.14784,1.14784,1.14784,1.14784,1.14784,1.14784,1.14784,1.14784,1.14784,1.14784,1.14784,1.14784,1.14784,1.14784,1.14784,1.14784,1.14784,1.14784,1.14784,1.14784,1.14784,1.14784,0,0,0
1.24133,1.5295,1.49625,1.74562,1.38265,1.31199,1.07716,0.842333,0.931,0.8645,0.798,0.975333,1.064,1.064,1.15267,0.9975,0.842333,0.953167,1.00858,1.01412,1.12773,1.05153,1.01343,1.03872,1.02919,1.06876,1.11071,0.954357,0.798,0.886667,0.886667,0.886667,0.953167,1.03075,1.00304,1.05569,1.05984,0.951089,0.842333,1.01967,1.064,1.08617,1.11942,1.06954,1.15544,1.08755,1.12011,1.09205,1.12236,1.11535,1.08967,1.14334,1.19234,1.15033,1.17367,1.09667,1.169,1.16083,1.02375,0.886667,1.01967,0.953167,0.886667,1.04183,1.14158,1.12496,1.20531,1.11249,1.15474,1.17587,1.03127,0.886667,1.1305,1.09725,1.08062,1.07231,1.17899,1.21016,1.20358,1.13379,1.2319,1.21445,1.07272,1.06836,1.08835,1.12051,1.07009,1.15571,1.13202,1.12018,1.09209,1.01154,1.05994,1.5718,1.34007,1.20203,1.11085,1.10959,1.17546,1.11973,1.1362,1.18877,1.17072,1.20602,1.22368,1.14384,1.10392,1.15046,1.1294,1.1632,1.22443,1.05555,0.886667,1.04183,0.986417,0.931,1.09336,1.09336,1.09336,1.09336,1.09336,1.09336,1.09336,1.09336,1.09336,1.09336,1.09336,1.09336,1.09336,1.09336,1.09336,1.09336,1.09336,2,0,0
0.931,0.886667,1.197,1.28567,1.64033,1.35217,1.34108,1.33554,1.4436,1.14297,0.842333,0.8645,0.886667,1.01967,0.953167,0.886667,0.842333,0.9975,0.986417,0.980875,0.911604,0.842333,0.9975,1.09725,0.947625,0.798,0.8645,0.89775,1.13604,1.27735,1.34801,1.13951,1.14609,1.32671,1.23969,1.21834,1.14117,1.21342,1.38254,1.2011,1.02172,0.842333,0.886667,1.15267,1.35217,1.47408,1.33554,1.08894,0.842333,1.1305,1.45192,1.45746,1.63756,1.52811,1.31822,1.05811,0.798,1.17483,1.23025,1.19146,0.994729,0.798,1.3965,1.56275,1.44637,1.58769,1.19284,0.798,0.975333,1.197,1.08617,1.38542,1.35771,1.12219,0.886667,1.04183,1.03075,1.22471,1.07785,1.18176,1.34455,1.15994,1.1563,1.17665,1.38633,1.4025,1.10025,0.798,0.798,0.842333,0.842333,0.842333,0.820167,0.798,0.886667,0.908833,0.986417,0.958708,0.922687,0.886667,1.24133,1.21917,1.03075,0.842333,0.975333,0.908833,0.842333,1.01967,1.15267,1.28567,1.10723,1.10723,1.10723,1.10723,1.10723,1.10723,1.10723,1.10723,1.10723,1.10723,1.10723,1.10723,1.10723,1.10723,1.10723,1.10723,1.10723,1.10723,1.10723,1.10723,1.10723,1.10723,1.10723,8,2,3
0.975333,1.2635,1.18592,1.23579,1.17206,1.4727,1.37918,1.44326,1.4753,1.49131,1.18899,0.886667,1.17483,1.07508,1.06954,1.3771,1.46439,1.72969,1.39685,1.62942,1.34671,1.64869,1.35634,1.58701,1.30334,1.53833,1.23467,1.371,1.17317,1.02992,0.886667,1.24133,1.3965,1.11942,0.842333,0.886667,0.8645,0.842333,0.798,0.953167,1.25242,1.11387,1.00027,0.886667,1.01967,0.931,0.842333,0.975333,1.21917,1.07508,1.11387,1.53227,1.23164,1.05915,0.886667,1.15267,0.975333,0.798,0.798,0.820167,0.842333,1.04183,1.09725,1.28012,1.03906,0.798,1.21917,1.40758,1.41312,1.3494,1.1402,1.41243,1.12738,0.842333,1.10833,1.15267,1.21917,1.31892,1.34662,1.22748,1.32307,1.23787,1.21743,1.34022,1.06911,0.798,1.28567,1.41867,1.3965,1.34108,1.15821,1.28844,1.22055,1.20878,1.38022,1.24428,1.04331,0.842333,0.886667,0.975333,1.35217,1.34108,1.33554,1.33,1.17893,1.17893,1.17893,1.17893,1.17893,1.17893,1.17893,1.17893,1.17893,1.17893,1.17893,1.17893,1.17893,1.17893,1.17893,1.17893,1.17893,1.17893,1.17893,1.17893,1.17893,1.17893,1.17893,1.17893,1.17893,1.17893,1.17893,1.17893,1.17893,10,2,0
1.33,1.2635,1.27458,1.34662,1.27181,1.27874,1.4817,1.31718,1.32359,1.28246,1.21756,1.27378,1.10239,1.10536,1.19551,1.17409,1.16338,1.24669,1.31051,1.23159,1.30296,1.20565,1.15699,1.2435,1.13158,1.16429,1.20281,1.22207,1.20954,1.26977,1.29988,1.27061,1.25597,1.24865,1.22283,1.27641,1.05937,0.842333,1.04183,1.07508,1.11387,1.19977,1.17622,1.18661,1.21397,1.29415,1.24558,1.28779,1.10939,1.10886,1.19727,0.997633,0.798,1.04183,1.07508,1.11387,1.1776,1.23164,1.19215,1.26108,1.16254,1.17977,1.23272,1.05969,0.886667,1.08617,1.09725,1.14712,1.2164,1.18453,1.19077,1.23822,1.26194,1.22947,1.25757,1.22728,1.18998,1.25999,1.13983,1.16841,1.20487,1.24527,1.19897,1.17582,1.20858,1.20279,1.24423,1.24278,1.24206,1.2417,1.15285,1.13059,1.20813,1.26906,1.23303,1.25935,1.29467,1.24584,1.28792,1.24246,1.21973,1.00886,0.798,0.975333,1.1305,1.16375,1.15821,1.19977,1.24133,1.19044,1.19044,1.19044,1.19044,1.19044,1.19044,1.19044,1.19044,1.19044,1.19044,1.19044,1.19044,1.19044,1.19044,1.19044,1.19044,1.19044,1.19044,1.19044,1.19044,1.19044,1.19044,1.19044,1.19044,8,2,0
1.55167,1.55167,1.44083,1.54058,1.36879,1.19423,1.10695,0.974641,0.842333,0.820167,0.798,0.820167,0.842333,0.9975,1.09725,1.16929,1.42698,1.26766,1.40966,1.28116,1.41642,1.43971,1.40702,1.10251,0.798,0.798,1.17483,1.40758,1.45746,1.43806,1.22886,1.01343,0.798,1.064,1.17483,1.34108,1.26904,1.21085,1.46993,1.4443,1.23198,1.36966,1.41633,1.30666,1.05233,0.798,0.798,1.5295,1.18592,0.842333,0.8645,0.886667,0.798,1.17483,1.36325,1.52396,1.53781,1.16791,0.798,1.21917,1.25242,1.24687,1.02244,0.798,0.798,1.24133,1.41867,1.463,1.2635,1.23025,1.08062,1.20531,1.04599,0.886667,0.842333,0.798,0.908833,0.96425,0.881125,0.798,1.41867,1.48517,1.27458,1.52396,1.22748,1.47824,1.51495,1.51114,1.50924,1.22012,1.11989,1.40228,1.38831,1.51432,1.46649,1.59775,1.70771,1.34152,1.49093,1.3218,1.15267,1.20429,1.20429,1.20429,1.20429,1.20429,1.20429,1.20429,1.20429,1.20429,1.20429,1.20429,1.20429,1.20429,1.20429,1.20429,1.20429,1.20429,1.20429,1.20429,1.20429,1.20429,1.20429,1.20429,1.20429,1.20429,1.20429,1.20429,1.20429,1.20429,1.20429,1.20429,1.20429,10,5,4
1.33,1.37433,1.41867,1.57383,1.36325,1.36879,1.37156,1.43945,1.20739,1.44603,1.29935,1.38117,1.42209,1.37604,1.41952,1.35259,1.49646,1.5684,1.4492,1.5226,1.4263,1.57765,1.36516,1.48058,1.40529,1.56714,1.42641,1.5112,1.4206,1.41963,1.44132,1.47433,1.29133,1.5545,1.42008,1.46371,1.41902,1.46318,1.41876,1.68471,1.39652,1.29676,1.29121,1.37711,1.30922,1.40828,1.36914,1.50474,1.37303,1.15202,1.13018,1.16359,1.37979,1.4214,1.48653,1.43043,1.64622,1.42161,1.59747,1.46374,1.75153,1.4521,1.43538,1.51569,1.48935,1.49834,1.525,1.4275,1.42308,1.31004,1.49735,1.36934,1.39401,1.20684,1.40142,1.32138,1.65819,1.36109,1.72238,1.41536,1.52785,1.42892,1.44596,1.45448,1.45874,1.5052,1.77227,1.4403,1.51815,1.44624,1.41029,1.37433,1.43466,1.43466,1.43466,1.43466,1.43466,1.43466,1.43466,1.43466,1.43466,1.43466,1.43466,1.43466,1.43466,1.43466,1.43466,1.43466,1.43466,1.43466,1.43466,1.43466,1.43466,1.43466,1.43466,1.43466,1.43466,1.43466,1.43466,1.43466,1.43466,1.43466,1.43466,1.43466,1.43466,1.43466,1.43466,1.43466,1.43466,1.43466,1.43466,1.43466,1.43466,4,2,0
0.975333,0.9975,1.05292,0.991958,1.07231,1.33416,1.30991,1.34212,1.44689,1.58795,1.34814,1.47207,1.4897,1.36552,1.28126,1.28346,1.41756,1.39595,1.45164,1.50165,1.41583,1.55025,1.37362,1.55131,1.39632,1.60699,1.269,1.2995,1.31475,1.45537,1.25969,1.40568,1.27917,1.45975,1.35054,1.4511,1.41272,1.43786,1.4061,1.36805,1.41552,1.59443,1.39571,1.38502,1.53485,1.18859,0.842333,0.975333,1.17483,1.31892,1.05846,0.798,0.820167,0.842333,1.08617,1.11942,1.15821,1.59877,1.28705,1.33069,1.35251,1.36342,1.30238,1.42702,1.26768,1.36534,1.3255,1.06175,0.798,0.931,1.197,1.24133,1.35217,1.31892,1.45746,1.2829,1.41728,1.28497,1.46265,1.24116,1.35208,1.34104,1.40202,1.27734,1.28151,1.23925,1.35113,1.20756,1.18011,1.23289,1.12628,1.25031,1.26799,1.36549,1.36991,1.30562,1.27348,1.30174,1.33804,1.37433,1.29395,1.29395,1.29395,1.29395,1.29395,1.29395,1.29395,1.29395,1.29395,1.29395,1.29395,1.29395,1.29395,1.29395,1.29395,1.29395,1.29395,1.29395,1.29395,1.29395,1.29395,1.29395,1.29395,1.29395,1.29395,1.29395,1.29395,1.29395,1.29395,1.29395,1.29395,1.29395,1.29395,8,1,0
1.01967,1.08617,1.05292,0.925458,0.798,1.21917,1.25242,1.04737,0.842333,1.17483,0.986417,0.798,1.10833,1.064,1.1305,1.29675,1.15821,1.13327,1.49764,1.50248,1.46058,1.21795,1.20748,1.46824,1.17745,0.886667,1.1305,1.05292,1.05846,1.23856,1.10695,1.06331,1.39615,1.09708,0.798,1.15267,1.197,1.064,1.68467,1.37433,1.3965,1.11942,0.842333,0.975333,1.08617,1.27458,1.39096,1.36048,1.21224,1.38195,1.24514,1.22107,1.1647,1.11435,1.13351,1.25392,1.24763,1.15581,1.61974,1.3862,1.2251,1.01155,0.798,1.01967,0.975333,0.953167,1.14158,1.39096,1.36048,1.16791,1.09379,1.30056,1.29311,1.17856,1.34294,1.24781,1.1559,1.26512,1.14239,1.08103,1.24985,1.24559,1.2213,1.36431,1.39149,1.27208,1.34537,1.18252,1.18976,1.25988,1.20627,1.04647,0.886667,1.01967,1.08617,1.27458,1.28012,1.23856,1.23995,1.01897,0.798,1.04183,1.14158,1.03629,1.24965,1.24549,1.15474,1.064,1.17042,1.17042,1.17042,1.17042,1.17042,1.17042,1.17042,1.17042,1.17042,1.17042,1.17042,1.17042,1.17042,1.17042,1.17042,1.17042,1.17042,1.17042,1.17042,1.17042,1.17042,1.17042,1.17042,1.17042,1.17042,0,0,0
0.798,1.10833,0.953167,0.798,1.064,1.04183,1.05292,1.23579,1.0834,1.1402,1.32377,1.08305,0.842333,1.197,1.48517,1.45192,1.14712,0.842333,1.10833,1.44083,1.36325,1.65696,1.58215,1.19007,0.798,1.08617,0.986417,0.886667,1.17483,1.16375,1.00304,0.842333,0.8645,0.886667,1.17483,1.40758,1.41312,1.43806,1.11803,0.798,0.842333,0.975333,1.2635,1.40758,1.61262,1.49348,1.19007,0.886667,0.8645,0.842333,0.953167,1.31892,1.34662,1.27181,1.47824,1.49279,1.54439,1.1712,0.798,1.04183,1.18592,1.08062,1.02798,1.20116,0.999578,0.798,1.04183,1.14158,0.991958,0.842333,1.197,1.64033,1.44083,1.40758,1.72346,1.59323,1.30645,1.16306,1.24653,1.15526,1.15397,0.998149,0.842333,1.08617,1.18592,1.14712,0.994729,0.842333,0.820167,0.798,1.15267,1.10833,1.04183,1.07508,1.13604,1.18869,1.30368,1.13951,1.05742,1.17154,1.00694,0.842333,1.064,0.975333,0.886667,1.21917,1.55167,1.13833,1.13833,1.13833,1.13833,1.13833,1.13833,1.13833,1.13833,1.13833,1.13833,1.13833,1.13833,1.13833,1.13833,1.13833,1.13833,1.13833,1.13833,1.13833,1.13833,1.13833,1.13833,1.13833,1.13833,1.13833,1.13833,4,2,3
1.33,1.48517,1.56275,1.53504,1.49902,1.17068,0.842333,1.10833,0.9975,0.886667,1.197,1.3965,1.45192,1.39096,1.44915,1.61124,1.49279,1.16756,0.842333,1.1305,0.96425,0.798,1.10833,1.463,1.44083,1.14158,0.842333,1.15267,1.3965,1.67358,1.36879,1.39373,1.56136,1.49002,1.63167,1.59167,1.616,1.5395,1.43475,1.42671,1.40052,1.47609,1.42521,1.53277,1.47572,1.49153,1.54376,1.54772,1.39452,1.42876,1.40155,1.60961,1.4033,1.49965,1.52566,1.16183,0.798,0.798,1.1305,0.986417,0.842333,1.197,1.37433,1.41867,1.41867,1.50733,1.3965,1.51842,1.44637,1.41035,1.17068,1.38334,1.31234,1.432,1.4475,1.49958,1.50346,1.5054,1.43986,1.4071,1.56805,1.78152,1.48926,1.47613,1.6469,1.64362,1.59764,1.86282,1.48558,1.49646,1.43539,1.40486,1.37433,1.37105,1.37105,1.37105,1.37105,1.37105,1.37105,1.37105,1.37105,1.37105,1.37105,1.37105,1.37105,1.37105,1.37105,1.37105,1.37105,1.37105,1.37105,1.37105,1.37105,1.37105,1.37105,1.37105,1.37105,1.37105,1.37105,1.37105,1.37105,1.37105,1.37105,1.37105,1.37105,1.37105,1.37105,1.37105,1.37105,1.37105,1.37105,1.37105,1.37105,4,1,1
1.197,1.21917,1.42975,1.33554,1.55444,1.37572,1.55236,1.41901,1.48534,1.34117,1.06958,0.798,1.01967,0.9975,1.05292,1.05846,0.972562,0.886667,1.064,1.35217,1.36325,1.47962,1.36048,1.14574,1.0827,1.09552,1.01326,1.01646,1.10673,1.37353,1.5291,1.23005,1.25786,1.02793,0.798,0.975333,0.886667,0.798,1.21917,1.23025,1.23579,1.37156,1.30645,1.05222,0.798,0.886667,1.10833,1.17483,1.05292,1.05846,1.2829,1.21778,1.20739,1.44603,1.32151,1.08192,0.842333,0.9975,0.919917,0.842333,0.9975,0.89775,0.798,0.9975,1.31892,1.25796,1.07231,0.886667,0.953167,1.05292,1.01412,1.10556,1.01828,1.06331,1.15232,1.04166,1.0085,1.10275,1.39371,1.29535,1.53434,1.38784,1.13725,0.886667,1.08617,1.42975,1.33554,1.48794,1.34247,1.11457,0.886667,1.04183,1.03075,1.00304,1.10002,1.08201,1.00651,0.924419,0.842333,0.842333,1.08617,1.40758,1.30229,1.20531,1.11249,1.17691,1.14262,1.12548,1.13907,1.14587,1.03843,0.931,1.135,1.135,1.135,1.135,1.135,1.135,1.135,1.135,1.135,1.135,1.135,1.135,1.135,1.135,1.135,1.135,1.135,1.135,1.135,1.135,1.135,2,1,0
1.197,1.3965,1.27458,1.32446,1.30506,1.36186,1.25727,1.20497,1.35615,1.23224,1.34762,1.31664,1.32332,1.41533,1.284,1.41783,1.37392,1.55146,1.30773,1.40753,1.23577,1.43805,1.22886,1.25726,1.20496,1.17882,1.27657,1.43629,1.31664,1.23466,1.39316,1.40591,1.39012,1.4709,1.40045,1.38739,1.44736,1.34435,1.44801,1.47767,1.38167,1.40017,1.43158,1.42513,1.37756,1.50895,1.30864,1.27499,1.30249,1.29408,1.22337,1.27669,1.23684,1.39426,1.29563,1.40148,1.34357,1.44762,1.41098,1.41482,1.46108,1.39554,1.51794,1.5348,1.4989,1.43662,1.58281,1.41207,1.41537,1.43918,1.42893,1.44596,1.36581,1.41441,1.3722,1.37327,1.3738,1.46273,1.32987,1.3521,1.31888,1.30228,1.4048,1.6334,1.39303,1.47235,1.51201,1.421,1.575,1.4525,1.50208,1.48254,1.47277,1.37922,1.15511,0.931,1.37292,1.37292,1.37292,1.37292,1.37292,1.37292,1.37292,1.37292,1.37292,1.37292,1.37292,1.37292,1.37292,1.37292,1.37292,1.37292,1.37292,1.37292,1.37292,1.37292,1.37292,1.37292,1.37292,1.37292,1.37292,1.37292,1.37292,1.37292,1.37292,1.37292,1.37292,1.37292,1.37292,1.37292,1.37292,1.37292,1.37292,4,1,2
1.197,1.24133,1.064,0.886667,0.931,1.04183,1.00858,1.08062,1.07231,1.17899,1.07716,1.15925,1.06729,1.17648,1.05374,1.12537,1.07252,1.15693,1.06613,1.15373,1.0867,1.03102,0.936675,0.842333,0.931,1.04183,1.03075,1.11387,1.0446,1.07647,1.0259,1.06712,1.02123,1.10911,1.02006,1.06419,1.01976,1.06405,1.01969,1.08618,1.03076,1.11388,1.04461,1.3868,1.2254,1.12253,1.1376,1.0343,1.09348,1.03441,1.09354,1.03444,1.04922,1.03444,1.09355,1.05661,1.12681,1.0289,1.09078,1.05523,1.10395,1.01747,1.04074,1.07453,1.13577,1.05555,1.12628,1.07297,1.11282,1.04408,1.12054,1.04794,1.12247,1.07107,1.13403,1.05468,1.10368,1.0395,1.09609,1.05788,1.12744,1.05139,1.12419,1.0276,1.09013,1.03273,1.0927,1.03402,1.11551,1.04542,1.07688,1.04827,1.16697,1.00465,0.842333,0.886667,0.9975,1.00858,1.30229,1.18315,1.07924,1.09379,0.990227,0.886667,0.908833,0.986417,0.958708,1.03352,0.98226,1.26696,1.18765,1.05932,1.08383,1.02958,1.02462,0.999979,1.05416,0.992578,1.05046,0.968561,0.886667,1.197,1.0651,1.0651,1.0651,1.0651,1.0651,1.0651,1.0651,1.0651,1.0651,1.0651,1.0651,2,0,0
1.463,1.463,1.463,1.41867,1.37433,1.41867,1.3965,1.40758,1.41312,1.4824,1.38403,1.40135,1.34351,1.38109,1.26688,1.23194,1.21447,1.27223,1.16812,1.22689,1.14545,1.52589,1.49444,1.34572,1.33786,1.37826,1.3098,1.3199,1.28062,1.21664,1.27332,1.27949,1.32691,1.26196,1.31815,1.32407,1.39354,1.45043,1.50105,1.59286,1.70526,1.49546,1.45707,1.4157,1.41718,1.32926,1.3518,1.31873,1.21353,1.16093,1.31197,1.32098,1.39199,1.4275,1.40091,1.36546,1.39206,1.3167,1.38985,1.31559,1.34496,1.33748,1.37807,1.33187,1.30877,1.09772,0.886667,1.08617,1.27458,1.36879,1.4159,1.55028,1.48447,1.60674,1.49054,1.43243,1.40338,1.36669,1.39268,1.33917,1.40109,1.32121,1.34777,1.36105,1.16819,1.2491,1.31171,1.27652,1.32543,1.28338,1.30669,1.34051,1.37959,1.37696,1.37565,1.30849,1.24133,1.3509,1.3509,1.3509,1.3509,1.3509,1.3509,1.3509,1.3509,1.3509,1.3509,1.3509,1.3509,1.3509,1.3509,1.3509,1.3509,1.3509,1.3509,1.3509,1.3509,1.3509,1.3509,1.3509,1.3509,1.3509,1.3509,1.3509,1.3509,1.3509,1.3509,1.3509,1.3509,1.3509,1.3509,1.3509,1.3509,18,14,9
1.95067,1.7955,1.49625,1.54612,1.43806,1.6057,1.40135,1.52084,1.35892,1.10063,0.842333,0.842333,1.28567,1.24133,1.41867,1.41867,1.463,1.41867,1.44083,1.45192,1.56829,1.44915,1.50041,1.4817,1.51668,1.37901,1.33234,1.19817,1.44142,1.34138,1.66819,1.38826,1.4478,1.43323,1.11562,0.798,0.798,1.35217,1.20808,1.60154,1.39927,1.49764,1.50248,1.52708,1.42854,1.53444,1.49872,1.74686,1.4276,1.53396,1.45415,1.48074,1.40537,1.50069,1.43751,1.56109,1.40121,1.60944,1.49189,1.65478,1.42589,1.44444,1.36506,1.48053,1.3831,1.53388,1.40977,1.61372,1.47186,1.44526,1.4763,1.44748,1.38874,1.4702,1.37794,1.50913,1.44173,1.78487,1.4466,1.7873,1.44782,1.52191,1.44812,1.67723,1.41495,1.77147,1.4399,1.47362,1.44614,1.38807,1.33,1.4419,1.4419,1.4419,1.4419,1.4419,1.4419,1.4419,1.4419,1.4419,1.4419,1.4419,1.4419,1.4419,1.4419,1.4419,1.4419,1.4419,1.4419,1.4419,1.4419,1.4419,1.4419,1.4419,1.4419,1.4419,1.4419,1.4419,1.4419,1.4419,1.4419,1.4419,1.4419,1.4419,1.4419,1.4419,1.4419,1.4419,1.4419,1.4419,1.4419,1.4419,1.4419,4,4,0
1.463,1.37433,1.33,1.24133,1.21917,1.34108,1.24687,1.26627,1.36464,1.23648,1.26108,1.3177,1.23519,1.23826,1.15113,1.0854,1.22987,1.39077,1.33822,1.26761,1.18797,1.25899,1.40533,1.2125,1.29341,1.48904,1.27652,1.34759,1.11713,0.886667,0.842333,1.064,1.197,1.197,1.28567,1.37433,1.197,1.28567,1.55167,1.33,1.41867,1.596,1.35217,1.38542,1.46854,1.33277,1.33139,1.30853,1.27493,1.2803,1.34948,1.22891,1.30162,1.44881,1.27857,1.39295,1.45014,1.3014,1.36004,1.27852,1.17126,1.2728,1.4344,1.27137,1.36718,1.50376,1.32821,1.37344,1.41822,1.28544,1.32989,1.30778,1.20806,1.29119,1.46576,1.30922,1.31961,1.56864,1.36065,1.41183,1.50391,1.32829,1.32914,1.30741,1.23004,1.25785,1.20526,1.1568,1.26556,1.34212,1.24739,1.31086,1.4756,1.31413,1.3664,1.4812,1.29477,1.31238,1.34336,1.37433,1.30983,1.30983,1.30983,1.30983,1.30983,1.30983,1.30983,1.30983,1.30983,1.30983,1.30983,1.30983,1.30983,1.30983,1.30983,1.30983,1.30983,1.30983,1.30983,1.30983,1.30983,1.30983,1.30983,1.30983,1.30983,1.30983,1.30983,1.30983,1.30983,1.30983,1.30983,1.30983,1.30983,0,0,0
1.68467,1.24133,0.798,1.21917,1.05292,0.886667,0.842333,0.886667,0.8645,0.842333,0.842333,0.842333,1.15267,1.37433,1.596,1.50733,1.3965,1.11942,0.842333,0.820167,0.798,1.21917,1.31892,1.47962,1.18315,0.886667,0.842333,0.975333,0.931,0.886667,0.953167,1.11942,1.18037,1.38819,1.31476,1.05638,0.798,0.886667,1.064,0.953167,0.842333,1.15267,1.44083,1.16375,0.886667,0.842333,0.842333,0.842333,0.842333,1.197,1.17483,1.40758,1.10279,0.798,0.798,0.931,0.953167,1.27458,1.08062,0.886667,1.21917,1.47408,1.44637,1.54335,1.54751,1.37226,1.08513,0.798,0.886667,0.8645,0.842333,1.08617,0.986417,0.886667,1.15267,1.17483,1.00858,0.842333,1.064,1.10833,1.15267,1.30783,1.40758,1.45746,1.4159,1.30645,1.16306,0.980529,0.798,0.798,1.21917,1.29675,1.06954,0.842333,1.15267,1.30783,1.11942,1.02521,1.26627,1.47547,1.4914,1.16687,0.842333,1.08617,1.14158,1.08062,1.40481,1.10141,0.798,0.975333,1.09588,1.09588,1.09588,1.09588,1.09588,1.09588,1.09588,1.09588,1.09588,1.09588,1.09588,1.09588,1.09588,1.09588,1.09588,1.09588,1.09588,1.09588,1.09588,1.09588,1.09588,1.09588,1.09588,4,0,1
0.975333,0.908833,0.842333,0.931,0.908833,0.886667,1.197,0.9975,0.798,0.975333,1.24133,1.08617,1.03075,1.00304,1.21085,1.20393,1.15613,0.999232,0.842333,0.842333,0.842333,1.04183,1.25242,1.11387,1.1111,1.02105,0.998193,1.27493,1.0808,0.886667,1.04183,1.00858,1.03629,1.00581,1.19007,0.994036,0.798,1.21917,1.09725,1.03629,0.961479,0.886667,0.886667,0.8645,0.842333,0.886667,0.953167,0.89775,0.842333,1.21917,1.05292,0.886667,0.931,0.8645,0.798,0.886667,1.24133,1.197,1.08617,0.942083,0.798,0.842333,0.886667,1.10833,0.953167,0.798,0.842333,0.908833,0.89775,0.886667,0.842333,0.886667,0.8645,0.842333,1.064,0.931,0.798,0.886667,1.24133,1.064,0.886667,0.908833,0.919917,1.23579,1.0169,0.798,0.908833,1.03075,0.936542,0.842333,1.197,1.08617,1.05292,0.991958,1.27181,1.16791,1.40412,1.50006,1.52586,1.4501,1.16838,0.886667,0.975333,0.908833,0.842333,0.842333,0.953167,0.986417,1.02521,1.2441,1.19839,1.08686,0.94243,0.798,0.886667,0.9975,0.89775,0.798,1.1305,1.25242,1.04737,0.842333,1.00329,1.00329,1.00329,1.00329,1.00329,1.00329,1.00329,1.00329,1.00329,1.00329,1.00329,0,0,0
0.842333,1.1305,1.09725,0.991958,0.886667,0.842333,0.908833,0.875583,0.842333,1.2635,1.31892,1.05846,0.798,0.886667,0.798,1.17483,1.07508,0.958708,0.842333,1.21917,1.00858,0.798,0.798,0.908833,0.942083,1.22471,1.07785,0.937927,0.798,1.064,0.975333,0.886667,1.04183,0.919917,0.798,0.798,0.798,0.798,0.798,0.975333,1.24133,1.21917,1.23025,1.39096,1.36048,1.12357,0.886667,1.24133,1.33,1.08617,0.842333,0.798,1.1305,1.34108,1.46854,1.28844,1.17622,1.03144,0.886667,0.886667,0.886667,0.798,0.8645,1.11942,1.24687,1.0446,0.842333,0.908833,1.23025,1.05846,0.886667,1.197,1.197,1.21917,1.05292,0.886667,0.931,1.10833,0.975333,0.842333,0.842333,0.908833,0.942083,0.870042,0.798,1.01967,1.1305,1.25242,1.04737,0.842333,0.842333,0.820167,0.798,0.798,0.886667,0.886667,1.24133,1.24133,1.28567,1.35217,1.45192,1.32446,1.0834,0.842333,0.975333,1.197,1.37433,1.15267,1.01967,0.886667,0.842333,0.798,0.798,0.9975,0.96425,1.01412,0.950396,0.886667,1.01508,1.01508,1.01508,1.01508,1.01508,1.01508,1.01508,1.01508,1.01508,1.01508,1.01508,1.01508,1.01508,1.01508,1.01508,2,0,0
1.064,0.9975,1.23025,1.25796,1.05015,0.842333,0.908833,0.89775,0.886667,1.1305,1.07508,1.00304,1.27735,1.03768,0.798,1.15267,1.04183,1.07508,1.20254,1.19977,1.13189,1.25311,1.15855,1.19994,1.37581,1.44157,1.31928,1.10298,0.886667,0.842333,0.798,0.842333,1.04183,1.03075,0.980875,0.955937,0.943469,1.04807,1.16687,0.982434,0.798,0.953167,0.96425,1.14712,1.06123,0.929615,0.798,0.798,0.798,0.798,0.798,1.1305,1.03075,1.00304,0.944854,0.886667,1.17483,1.40758,1.47962,1.29398,1.13466,1.09933,1.21466,1.0285,0.842333,0.886667,0.798,1.01967,1.35217,1.34108,1.35771,1.52119,1.49209,1.14505,0.798,0.886667,0.975333,1.21917,1.23025,1.01412,0.798,0.798,0.798,1.01967,1.064,0.931,0.798,1.064,0.931,0.798,0.8645,0.875583,0.886667,1.10833,0.9975,0.886667,0.842333,0.798,1.08617,1.25242,1.04737,0.842333,0.886667,0.886667,0.886667,1.24133,1.3965,1.11942,0.842333,1.10833,1.01967,1.1305,1.09725,1.30229,1.44915,1.596,1.04857,1.04857,1.04857,1.04857,1.04857,1.04857,1.04857,1.04857,1.04857,1.04857,1.04857,1.04857,1.04857,1.04857,1.04857,1.04857,1.04857,2,1,0
1.41867,1.41867,1.30783,1.27458,1.21362,1.36048,1.25657,1.38195,1.40031,1.52032,1.51383,1.44408,1.29837,1.35852,1.41076,1.41471,1.39452,1.38443,1.46805,1.13302,0.798,1.10833,1.2635,1.09725,1.03629,1.29398,1.33416,1.37641,1.41971,1.46352,1.55193,1.50746,1.1749,0.842333,0.886667,1.33,1.3965,1.36325,1.16929,1.24965,1.37849,1.35424,1.45296,1.52448,1.47157,1.15695,0.842333,1.08617,1.34108,1.35771,1.47685,1.46993,1.1783,0.886667,0.842333,0.908833,0.853417,0.798,0.886667,0.886667,0.886667,1.24133,1.30783,1.49625,1.45746,1.1499,0.842333,1.1305,1.07508,1.02521,1.26627,1.43114,1.4249,1.44395,1.47564,1.40282,1.49941,1.56987,1.42777,1.13505,0.842333,1.197,1.28567,1.33,1.41867,1.5295,1.45192,1.52396,1.53781,1.52257,1.58145,1.50006,1.5037,1.46118,1.52859,1.45146,1.12473,0.798,1.01967,1.24133,1.27729,1.27729,1.27729,1.27729,1.27729,1.27729,1.27729,1.27729,1.27729,1.27729,1.27729,1.27729,1.27729,1.27729,1.27729,1.27729,1.27729,1.27729,1.27729,1.27729,1.27729,1.27729,1.27729,1.27729,1.27729,1.27729,1.27729,1.27729,1.27729,1.27729,1.27729,1.27729,1.27729,24,11,14
1.064,1.04183,1.05292,1.39096,1.47131,1.44499,1.12149,0.798,1.17483,1.31892,1.19146,1.37156,1.23995,1.21847,1.27424,1.03612,0.798,1.08617,1.31892,1.14712,1.1499,1.01828,0.886667,1.17483,1.14158,1.01412,0.886667,0.842333,0.798,0.798,0.953167,1.11942,0.980875,0.842333,0.820167,0.798,0.798,1.01967,1.21917,1.23025,1.25796,1.42698,1.20116,1.11041,1.30887,1.09777,0.886667,1.197,1.197,1.064,1.30783,1.05292,0.798,1.15267,1.064,1.01967,1.197,1.064,1.15267,1.28567,1.37433,1.197,1.37433,1.197,1.1305,1.23025,1.10279,1.10556,1.21778,1.09656,1.14678,1.30489,1.27311,1.12422,1.24928,1.09014,1.07707,1.13703,0.967517,0.798,0.975333,0.953167,1.00858,1.21362,1.18315,1.21224,1.27112,1.10106,1.12686,1.27276,1.14622,1.14944,1.21755,1.36244,1.14672,1.32703,1.17335,1.18517,1.25759,1.18296,1.16781,1.27107,1.23404,1.21552,1.40576,1.16838,1.07186,1.22309,1.47605,1.13702,0.798,1.13265,1.13265,1.13265,1.13265,1.13265,1.13265,1.13265,1.13265,1.13265,1.13265,1.13265,1.13265,1.13265,1.13265,1.13265,1.13265,1.13265,1.13265,1.13265,1.13265,1.13265,1.13265,6,3,3
1.95067,1.862,1.61817,1.58492,1.28012,1.23856,1.48378,1.38472,1.4682,1.3326,1.48647,1.38607,1.49103,1.74302,1.42567,1.37784,1.15442,1.13138,1.25285,1.15843,1.17771,1.23169,1.19218,1.19459,1.28446,1.21856,1.20778,1.22456,1.25511,1.18172,1.18936,1.14885,1.17292,1.34013,1.5124,1.39903,1.51968,1.42484,1.46609,1.37588,1.44161,1.40797,1.45765,1.46033,1.4395,1.38475,1.13571,0.886667,1.10833,1.064,1.064,1.21917,1.14158,1.12496,1.27181,1.19007,1.1492,0.995768,0.842333,1.064,1.15267,1.10833,1.1305,1.16375,1.02521,0.886667,1.08617,1.40758,1.34662,1.44915,1.38957,1.44845,1.67739,1.32636,1.48335,1.38451,1.31292,1.07763,0.842333,1.064,0.953167,0.842333,1.08617,0.986417,0.886667,1.064,1.01967,1.10833,1.21917,1.07508,1.11387,1.19977,1.08755,1.14228,1.3248,1.1944,1.24003,1.44018,1.36293,1.43513,1.38256,1.44495,1.50733,1.26464,1.26464,1.26464,1.26464,1.26464,1.26464,1.26464,1.26464,1.26464,1.26464,1.26464,1.26464,1.26464,1.26464,1.26464,1.26464,1.26464,1.26464,1.26464,1.26464,1.26464,1.26464,1.26464,1.26464,1.26464,1.26464,1.26464,1.26464,1.26464,1.26464,16,6,6
1.064,1.28567,1.41867,1.44083,1.40758,1.25796,1.05015,0.842333,1.01967,0.908833,0.798,1.01967,1.33,1.37433,1.48517,1.34108,1.22471,1.01135,0.798,1.17483,1.16375,1.04737,0.989187,1.20393,1.02313,0.842333,0.798,1.08617,1.14158,1.03629,1.00581,1.19007,1.0162,0.842333,1.064,1.064,0.931,0.798,1.197,1.28567,1.08617,0.886667,1.064,1.21917,1.18592,1.08062,1.02798,1.04599,0.944161,0.842333,1.04183,0.96425,0.886667,1.064,0.975333,0.886667,0.886667,1.01967,0.931,0.842333,1.10833,1.197,1.463,1.33,1.15267,0.9975,0.842333,0.798,0.886667,1.2635,1.31892,1.56829,1.44915,1.41174,1.1492,0.886667,1.1305,0.986417,0.842333,0.798,0.842333,0.886667,1.197,1.3965,1.25242,1.04737,0.842333,0.9975,0.919917,0.842333,0.842333,1.064,1.10833,1.17483,1.27458,1.34662,1.09448,0.842333,0.886667,1.08617,1.40758,1.47962,1.49348,1.19007,0.886667,0.798,1.064,0.931,0.798,0.886667,0.908833,0.853417,0.798,1.06974,1.06974,1.06974,1.06974,1.06974,1.06974,1.06974,1.06974,1.06974,1.06974,1.06974,1.06974,1.06974,1.06974,1.06974,1.06974,1.06974,1.06974,1.06974,1.06974,4,0,0
1.41867,1.28567,1.30783,1.25242,1.20254,1.28844,1.33139,1.19769,1.24168,1.26367,1.1195,1.15825,1.22196,1.23165,1.14782,1.15024,1.15146,1.26289,1.38511,1.31322,1.27728,1.34797,1.20599,1.26799,1.34333,1.29233,1.39983,1.34275,1.26987,1.34427,1.24847,1.20057,1.26528,1.23114,1.08107,1.2277,1.25668,1.22684,1.25625,1.42613,1.33373,1.3762,1.30877,1.18638,1.30252,1.2276,1.2123,1.24898,1.48899,1.36516,1.32541,1.32771,1.21802,1.22968,1.19117,1.06109,0.929543,0.798,0.842333,1.15267,1.37433,1.44083,1.14158,0.842333,1.197,1.28567,1.21917,1.34108,1.37987,1.3771,1.35355,1.40828,1.3248,1.3274,1.37303,1.24068,1.26318,1.25225,1.04729,0.842333,1.10833,1.33,1.28567,1.33,1.37433,1.28567,1.28567,1.17483,1.03075,0.886667,1.10833,1.2635,1.23025,1.30229,1.40481,1.32307,1.3487,1.45018,1.30143,1.29355,1.15661,1.06597,1.06498,0.997992,0.931,1.23749,1.23749,1.23749,1.23749,1.23749,1.23749,1.23749,1.23749,1.23749,1.23749,1.23749,1.23749,1.23749,1.23749,1.23749,1.23749,1.23749,1.23749,1.23749,1.23749,1.23749,1.23749,1.23749,1.23749,1.23749,1.23749,1.23749,1.23749,24,7,12
1.15267,1.08617,1.38542,1.51287,1.5766,1.3868,1.13673,0.886667,1.21917,1.25242,1.29121,1.3106,1.1873,1.28082,1.12808,1.27337,1.30169,1.42668,1.24534,1.22117,1.29775,1.24738,1.20002,1.24284,1.24209,1.17521,0.986605,0.798,0.953167,1.14158,1.28012,1.30506,1.29536,1.29052,1.26592,1.0763,0.886667,0.842333,0.798,0.842333,0.886667,0.842333,0.842333,1.064,0.931,0.798,0.798,1.1305,0.986417,0.842333,1.08617,1.03075,1.06954,1.1776,1.09864,1.12565,1.27216,1.10158,1.28229,1.21748,1.02991,0.842333,0.820167,0.798,1.064,1.17483,1.00858,0.842333,1.33,1.064,0.798,1.01967,1.17483,1.14158,1.23579,1.06123,0.886667,1.04183,1.05292,1.16929,1.27181,1.25657,1.29329,1.04564,0.798,0.798,0.975333,1.15267,1.08617,1.14158,1.14712,0.994729,0.842333,1.15267,1.197,1.197,1.24133,1.15267,1.37433,1.33,1.197,1.15267,0.975333,0.798,0.842333,0.798,1.08617,1.05292,1.14712,1.23856,1.15128,1.17414,1.20774,1.24133,1.10596,1.10596,1.10596,1.10596,1.10596,1.10596,1.10596,1.10596,1.10596,1.10596,1.10596,1.10596,1.10596,1.10596,1.10596,1.10596,1.10596,1.10596,1.10596,18,11,17
1.197,1.197,1.2635,1.05292,0.842333,1.1305,1.40758,1.39096,1.49348,1.47824,1.58145,1.50006,1.25986,1.1841,1.25705,1.20486,1.17876,1.25438,1.24786,1.20026,1.26513,1.25323,1.20295,1.42164,1.46449,1.39724,1.23062,1.16948,1.24974,1.2677,1.23235,1.30334,1.27234,1.23467,1.3045,1.25075,1.24604,1.26585,1.27576,1.23638,1.28319,1.2401,1.21855,1.29644,1.51272,1.42136,1.28701,1.21984,1.27492,1.23596,1.19431,1.26216,1.25175,1.22437,1.25502,1.18168,1.16717,1.24859,1.20063,1.19881,1.24224,1.24179,1.24156,1.26361,1.25247,1.22474,1.2552,1.13743,1.12288,1.24861,1.51097,1.44265,1.25333,1.203,1.2665,1.03225,0.798,1.064,1.04183,1.09725,1.21362,1.11665,1.15682,1.22124,1.09829,1.12548,1.20557,1.22345,1.21023,1.24795,1.24464,1.22082,1.25324,1.18079,1.16673,1.24836,1.22268,1.20984,1.26992,1.23346,1.21523,1.25045,1.15722,1.17711,1.197,1.23855,1.23855,1.23855,1.23855,1.23855,1.23855,1.23855,1.23855,1.23855,1.23855,1.23855,1.23855,1.23855,1.23855,1.23855,1.23855,1.23855,1.23855,1.23855,1.23855,1.23855,1.23855,1.23855,1.23855,1.23855,1.23855,1.23855,1.23855,4,4,3
1.24133,0.842333,1.064,1.15267,1.17483,1.25242,1.18037,1.21085,1.27043,1.25588,1.18211,1.21172,1.13786,1.16743,1.24872,1.08986,0.988262,0.886667,0.975333,1.064,1.04183,1.03075,1.09171,1.21085,1.20393,1.1783,1.25415,1.04824,0.842333,1.064,1.41867,1.37433,1.21917,1.11942,1.22471,1.18869,1.12634,1.20601,1.15717,1.15492,1.30896,1.27515,1.28041,1.1057,1.15135,1.21851,1.18559,1.08046,1.18306,1.16787,1.09377,1.21188,1.11577,0.956887,0.798,0.975333,1.04183,1.18592,1.21362,1.16098,1.24549,1.24341,1.15371,1.21969,1.14184,1.08075,1.20538,1.24552,1.22126,1.25346,1.33607,1.24437,1.59752,1.55242,1.64071,1.55186,1.99509,1.46305,1.41869,1.57385,1.45192,1.25796,1.07231,0.886667,1.04183,0.96425,0.886667,0.908833,0.875583,0.842333,1.21917,1.31892,1.39096,1.44915,1.45607,1.43737,1.51668,1.46768,1.46534,1.26467,1.29733,1.2915,1.24425,1.28713,1.10906,1.06436,1.01967,1.1994,1.1994,1.1994,1.1994,1.1994,1.1994,1.1994,1.1994,1.1994,1.1994,1.1994,1.1994,1.1994,1.1994,1.1994,1.1994,1.1994,1.1994,1.1994,1.1994,1.1994,1.1994,1.1994,1.1994,1.1994,1.1994,6,4,6
0.886667,1.08617,1.18592,1.19146,1.26073,1.2067,1.26835,1.29917,1.33675,1.22254,1.27627,1.2588,1.2279,1.05728,0.886667,0.931,1.10833,1.17483,1.18592,1.30229,1.22748,1.19007,1.2822,1.28393,1.1518,1.5069,1.41845,1.37423,1.41861,1.17481,1.34107,1.06953,0.798,1.04183,1.11942,1.02521,1.15544,1.13189,1.00928,0.886667,0.9975,1.05292,1.16929,1.18315,1.19007,1.23787,1.08443,1.07422,1.15778,1.19955,1.17611,1.29739,1.51319,1.44376,1.29822,1.22544,1.27772,1.08219,0.886667,1.08617,1.00858,1.16929,1.27181,1.25657,1.18245,1.30056,1.31528,1.21181,1.2709,1.10095,1.14898,1.26165,1.11849,1.11341,1.17737,1.20935,1.15884,1.24442,1.26504,1.16452,1.24726,1.08913,1.07657,1.22545,1.05606,0.886667,1.10833,1.3965,1.36325,1.28012,1.19423,1.26211,1.25172,1.11353,1.22176,1.03205,0.842333,1.064,1.10833,1.1305,1.20808,1.18037,1.16652,1.24826,1.26696,1.14332,1.19232,1.3055,1.09608,0.886667,1.17444,1.17444,1.17444,1.17444,1.17444,1.17444,1.17444,1.17444,1.17444,1.17444,1.17444,1.17444,1.17444,1.17444,1.17444,1.17444,1.17444,1.17444,1.17444,1.17444,1.17444,1.17444,1.17444,14,7,9
0.975333,1.35217,1.23025,1.45746,1.2829,1.28428,1.10764,1.37399,1.19683,1.32991,1.24129,1.46298,1.13049,0.798,0.975333,1.21917,1.09725,1.28012,1.2164,1.29536,1.15752,1.17726,1.09846,1.14773,1.1502,1.1736,1.14097,0.969483,0.798,0.842333,1.08617,1.09725,1.30229,1.22748,1.34524,1.27112,1.36706,1.12686,0.886667,0.842333,1.15267,1.10833,1.37433,1.197,1.35217,1.20808,1.02521,0.842333,0.842333,1.17483,1.09725,1.32446,1.23856,1.32861,1.35147,1.2299,1.32429,1.06114,0.798,0.9975,1.25242,1.13604,1.14435,1.10418,1.37226,1.32896,1.19648,1.37407,1.46287,1.32994,1.41863,1.21915,1.18591,1.16929,1.36048,1.54474,1.3487,1.40585,1.36793,1.21596,1.36165,1.52316,1.33791,1.44479,1.12139,0.798,0.953167,1.23025,1.34662,1.22748,1.52257,1.35979,1.41139,1.1712,1.16193,1.1573,1.31015,1.09841,0.886667,0.9975,1.27458,1.08062,0.886667,1.04183,1.23025,1.41867,1.19656,1.19656,1.19656,1.19656,1.19656,1.19656,1.19656,1.19656,1.19656,1.19656,1.19656,1.19656,1.19656,1.19656,1.19656,1.19656,1.19656,1.19656,1.19656,1.19656,1.19656,1.19656,1.19656,1.19656,1.19656,1.19656,1.19656,12,7,3
1.37433,1.2635,1.31892,1.28012,1.30506,1.36186,1.25727,1.2493,1.33398,1.26549,1.16475,1.26954,1.4106,1.21513,1.36123,1.34562,1.31564,1.36715,1.39291,1.25062,1.09081,1.32124,1.30345,1.33889,1.40095,1.21031,1.31449,1.30008,1.15987,1.31144,1.05472,0.798,0.798,0.953167,1.14158,1.19146,1.32723,1.35078,1.31822,1.39061,1.47114,1.33407,1.3542,1.43077,1.33605,1.33303,1.22068,1.20884,1.29159,1.28863,1.17631,1.54132,1.19183,0.842333,1.17483,1.31892,1.21362,1.31615,1.27874,1.19354,1.35043,1.18505,1.16886,1.2716,1.41163,1.30432,1.36149,1.34575,1.24921,1.33394,1.08813,0.842333,1.17483,0.986417,0.798,1.1305,1.25242,1.20254,1.28844,1.22055,1.14228,1.23614,1.2609,1.18462,1.23514,1.2604,1.2952,1.26827,1.4543,1.30348,1.36108,1.5007,1.21585,1.33943,1.11305,0.886667,1.17483,1.51842,1.44637,1.25519,1.13743,1.25588,1.37433,1.25127,1.25127,1.25127,1.25127,1.25127,1.25127,1.25127,1.25127,1.25127,1.25127,1.25127,1.25127,1.25127,1.25127,1.25127,1.25127,1.25127,1.25127,1.25127,1.25127,1.25127,1.25127,1.25127,1.25127,1.25127,1.25127,1.25127,1.25127,1.25127,1.25127,2,1,1
0.975333,1.01967,1.33,1.17483,1.49625,1.25796,1.49348,1.25657,1.31545,1.34489,1.38178,1.35589,1.47594,1.31431,1.32215,1.39258,1.33912,1.46756,1.42095,1.48631,1.62982,1.43558,1.58229,1.32314,1.57041,1.33937,1.35685,1.47643,1.44755,1.47744,1.44805,1.38903,1.35951,1.32259,1.37063,1.26165,1.27366,1.30183,1.51541,1.28971,1.22119,1.03176,0.842333,1.04183,1.00858,1.10279,1.17206,0.985031,0.798,1.08617,0.96425,0.842333,1.064,0.9975,1.05292,1.19146,1.0169,0.842333,1.10833,1.37433,1.33,1.463,1.41867,1.44083,1.62925,1.34662,1.09448,0.842333,0.931,1.50733,1.28567,1.33,1.44083,1.47408,1.51287,1.4436,1.49764,1.48032,1.49383,1.61141,1.44854,1.5666,1.47047,1.4224,1.4427,1.38635,1.35818,1.34409,1.31488,1.34461,1.31514,1.54423,1.28195,1.06214,0.842333,0.953167,1.38542,1.22471,1.064,1.29173,1.29173,1.29173,1.29173,1.29173,1.29173,1.29173,1.29173,1.29173,1.29173,1.29173,1.29173,1.29173,1.29173,1.29173,1.29173,1.29173,1.29173,1.29173,1.29173,1.29173,1.29173,1.29173,1.29173,1.29173,1.29173,1.29173,1.29173,1.29173,1.29173,1.29173,1.29173,1.29173,1.29173,0,0,0
1.01967,1.08617,1.07508,1.15821,1.1776,1.29814,1.2254,1.23337,1.34818,1.27259,1.21263,1.22698,1.23416,1.21558,1.25062,1.11298,1.15499,1.06516,1.13108,1.54087,1.3911,1.29405,1.33419,1.2656,1.25346,1.09223,1.12245,1.15972,1.53303,1.36501,1.63567,1.41634,1.24017,1.19642,0.997209,0.798,1.01967,1.15267,1.28567,1.2635,1.23025,1.08062,1.13881,1.16791,1.09379,1.12323,1.16011,1.22289,1.20994,1.22564,1.27782,1.23741,1.2172,1.0741,1.13555,1.16628,1.0708,1.15607,1.17653,1.31977,1.25838,1.24986,1.1791,1.18805,1.17036,1.18368,1.19034,1.21584,1.29508,1.24604,1.24369,1.28684,1.26409,1.23054,1.16944,1.20539,1.20119,1.02176,0.842333,1.01967,0.975333,1.08617,1.18592,1.12496,1.18315,1.21224,1.11595,1.17864,1.18782,1.08158,1.13929,1.21248,1.22691,1.21195,1.24881,1.2894,1.26537,1.23118,1.32493,1.28313,1.2179,1.18528,1.21331,1.18299,1.03483,0.886667,1.04183,1.07508,1.10833,1.19003,1.19003,1.19003,1.19003,1.19003,1.19003,1.19003,1.19003,1.19003,1.19003,1.19003,1.19003,1.19003,1.19003,1.19003,1.19003,1.19003,1.19003,1.19003,1.19003,1.19003,1.19003,1.19003,1.19003,6,0,0
1.01967,0.9975,1.05292,1.14712,1.06123,1.06261,1.15197,1.08582,1.09708,1.19137,1.01685,0.842333,1.064,1.15267,1.15267,1.197,1.04183,0.886667,1.08617,1.07508,1.11387,1.19977,1.19839,1.17553,1.25276,1.24705,1.19986,1.24276,1.17555,1.16411,1.22489,1.05578,0.886667,0.953167,0.96425,1.08062,1.18315,1.19007,1.19354,1.21743,1.20722,1.17994,1.2328,1.1484,1.15053,1.30677,1.47355,1.33528,1.24397,1.19832,1.24199,1.13083,1.14175,1.19154,1.06127,1.04047,1.16307,1.09137,1.07768,1.18168,1.12284,1.13775,1.34471,1.09352,0.842333,1.01967,0.931,0.842333,0.975333,0.908833,0.842333,1.04183,1.40758,1.30229,1.18315,1.21224,1.22679,1.16756,1.16011,1.22289,1.07694,1.09264,1.18915,1.45908,1.4167,1.48419,1.40709,1.54588,1.39361,1.20664,1.17965,1.23266,1.12616,1.16158,1.06846,0.933229,0.798,1.064,1.37433,1.33,1.08617,0.842333,1.064,0.9975,1.07508,1.15821,1.06677,1.08755,1.16444,1.11422,1.15561,1.197,1.13959,1.13959,1.13959,1.13959,1.13959,1.13959,1.13959,1.13959,1.13959,1.13959,1.13959,1.13959,1.13959,1.13959,1.13959,1.13959,1.13959,1.13959,1.13959,1.13959,1.13959,0,1,0
1.33,1.35217,1.20808,1.06954,0.933771,0.798,1.15267,1.2635,1.27458,1.41312,1.32723,1.35078,1.49556,1.27978,1.39356,1.45044,1.30156,1.29361,1.51131,1.30982,1.38641,1.53554,1.29977,1.31488,1.34461,1.38164,1.37799,1.26533,1.23116,1.30275,1.42721,1.33427,1.30997,1.34215,1.24741,1.2887,1.39802,1.29751,1.38025,1.44379,1.29823,1.33628,1.39964,1.25399,1.38066,1.46616,1.28725,1.41946,1.5299,1.29695,1.37997,1.39932,1.29816,1.35841,1.54371,1.34819,1.42776,1.48971,1.34336,1.33668,1.42201,1.3095,1.38625,1.49113,1.34406,1.3592,1.38893,1.29297,1.33365,1.13232,1.03166,1.15866,1.28867,1.24283,1.35292,1.36362,1.28031,1.37166,1.43949,1.27391,1.30196,1.29381,1.20107,1.24337,1.33102,1.24184,1.35242,1.49638,1.30236,1.36051,1.45609,1.32654,1.32827,1.32914,1.28523,1.32978,1.39639,1.34103,1.28567,1.32807,1.32807,1.32807,1.32807,1.32807,1.32807,1.32807,1.32807,1.32807,1.32807,1.32807,1.32807,1.32807,1.32807,1.32807,1.32807,1.32807,1.32807,1.32807,1.32807,1.32807,1.32807,1.32807,1.32807,1.32807,1.32807,1.32807,1.32807,1.32807,1.32807,1.32807,1.32807,1.32807,1.32807,6,4,4
1.77333,1.37433,1.10833,0.842333,1.197,1.2635,1.18592,1.03629,0.886667,0.9975,1.07508,1.09171,1.23302,1.05984,0.886667,1.1305,1.18592,1.19146,1.26073,1.31753,1.25727,1.33797,1.22315,1.32091,1.34762,1.31664,1.23466,1.21583,1.13991,1.16846,1.04973,1.05686,1.17127,1.29497,1.29032,1.24366,1.28683,1.28625,1.17512,1.27473,1.10286,0.994765,0.886667,0.886667,0.886667,1.064,1.08617,1.27458,1.41312,1.32723,1.26211,1.29606,1.2022,1.08876,1.32022,1.12561,1.18347,1.1459,0.971951,0.798,0.975333,1.04183,0.96425,0.886667,0.842333,0.953167,1.18592,1.14712,1.17206,1.16236,1.26835,1.36567,1.34784,1.22809,1.43421,1.33777,1.09005,0.842333,1.064,1.04183,1.07508,1.00304,1.03352,1.24826,1.2448,1.24307,1.28653,1.04227,0.798,1.08617,1.07508,1.13604,1.27735,1.41451,1.23926,1.43979,1.36273,1.21337,1.16085,1.17892,1.14363,1.23681,1.10607,1.15154,1.3516,1.0748,0.798,1.1305,1.463,1.1603,1.1603,1.1603,1.1603,1.1603,1.1603,1.1603,1.1603,1.1603,1.1603,1.1603,1.1603,1.1603,1.1603,1.1603,1.1603,1.1603,1.1603,1.1603,1.1603,1.1603,1.1603,1.1603,1.1603,8,3,2
1.68467,1.50733,1.57383,1.47408,1.37987,1.3771,1.22055,1.27528,1.30264,1.11682,1.24558,1.28779,1.04289,0.798,0.886667,1.10833,1.596,1.463,1.3965,1.29675,1.18037,1.21085,1.07093,1.1783,1.25415,1.26991,1.16695,1.11548,1.17841,1.27637,1.63568,1.37201,1.32884,1.59542,1.37404,1.32985,1.41859,1.1083,0.798,1.064,1.24133,1.2635,1.27458,1.10279,1.06123,1.12911,1.22956,1.76745,1.48222,1.40611,1.19072,1.19386,1.2176,1.25163,1.44598,1.29932,1.2925,1.46641,1.44254,1.38627,1.82364,1.55465,1.42016,1.55241,1.37471,1.30802,1.51851,1.33559,1.33279,1.61956,1.47478,1.38022,1.46595,1.35364,1.31965,1.74599,1.4715,1.40075,1.54271,1.39202,1.36101,1.83317,1.53725,1.43363,1.78081,1.51107,1.42054,1.53043,1.40805,1.34686,1.44926,1.30096,1.31548,1.41141,1.32637,1.28385,1.24133,1.35035,1.35035,1.35035,1.35035,1.35035,1.35035,1.35035,1.35035,1.35035,1.35035,1.35035,1.35035,1.35035,1.35035,1.35035,1.35035,1.35035,1.35035,1.35035,1.35035,1.35035,1.35035,1.35035,1.35035,1.35035,1.35035,1.35035,1.35035,1.35035,1.35035,1.35035,1.35035,1.35035,1.35035,1.35035,1.35035,2,2,3
1.197,1.08617,1.05292,1.19146,1.19423,1.19561,1.32931,1.46265,1.28549,1.19691,1.35212,1.4519,1.47961,1.44914,1.27874,1.32654,1.3061,1.29588,1.29078,1.24389,1.22044,1.29739,1.38019,1.26643,1.36472,1.36952,1.2611,1.27338,1.05786,0.842333,0.886667,1.1305,1.03075,1.02521,0.933771,0.842333,0.842333,0.842333,1.08617,1.14158,1.16929,1.33831,1.33416,1.24341,1.22021,1.31944,1.23605,1.34953,1.36193,1.21296,1.29365,1.20099,1.15466,1.22016,1.18642,1.10304,1.23869,1.48384,1.25176,1.26871,1.25502,1.38118,1.35559,1.43146,1.35856,1.34428,1.35931,1.23382,1.21541,1.25054,1.2681,1.29905,1.38103,1.28901,1.42034,1.486,1.29717,1.33575,1.28854,1.33144,1.41939,1.35253,1.23043,1.23588,1.37161,1.32864,1.37365,1.48483,1.36308,1.39087,1.49344,1.36738,1.34869,1.45018,1.39009,1.36004,1.30069,1.22668,1.12317,1.07142,1.17854,1.25427,1.1148,0.975333,1.25708,1.25708,1.25708,1.25708,1.25708,1.25708,1.25708,1.25708,1.25708,1.25708,1.25708,1.25708,1.25708,1.25708,1.25708,1.25708,1.25708,1.25708,1.25708,1.25708,1.25708,1.25708,1.25708,1.25708,1.25708,1.25708,1.25708,1.25708,1.25708,8,3,2
1.01967,1.50733,1.33,1.75117,1.38542,1.37987,1.13327,0.886667,0.798,1.24133,1.37433,1.5295,1.76225,1.47962,1.31615,1.38957,1.38195,1.15648,0.977238,0.798,1.01967,1.2635,1.27458,1.45746,1.17206,0.886667,0.975333,0.908833,0.842333,0.798,1.50733,1.33,1.3965,1.11942,0.842333,1.41867,1.463,1.77333,1.463,1.41867,1.55167,1.61817,1.31892,1.43529,1.60431,1.60016,1.22124,0.842333,0.842333,1.17483,1.56275,1.33554,1.55444,1.53089,1.47478,1.15855,0.842333,1.21917,1.23025,1.34662,1.42698,1.60016,1.50941,1.75221,1.51894,1.6018,1.3994,1.6307,1.39168,1.75984,1.36759,1.43746,1.18423,1.01328,0.842333,0.842333,0.842333,1.1305,0.96425,0.798,1.15267,1.30783,1.74008,1.37987,1.4436,1.56414,1.46923,1.26662,1.09881,1.23657,1.03945,0.842333,0.842333,0.9975,0.89775,0.798,0.886667,1.68467,1.26586,1.26586,1.26586,1.26586,1.26586,1.26586,1.26586,1.26586,1.26586,1.26586,1.26586,1.26586,1.26586,1.26586,1.26586,1.26586,1.26586,1.26586,1.26586,1.26586,1.26586,1.26586,1.26586,1.26586,1.26586,1.26586,1.26586,1.26586,1.26586,1.26586,1.26586,1.26586,1.26586,1.26586,1.26586,10,3,3
1.10833,0.842333,1.30783,1.40758,1.19146,0.994729,0.798,0.798,0.886667,0.953167,1.27458,1.41312,1.7484,1.4727,1.68952,1.57626,1.76346,1.45806,1.4827,1.56152,1.66742,1.60955,1.31461,1.0563,0.798,1.28567,1.28567,1.2635,1.45192,1.30229,1.07231,0.842333,1.15267,1.37433,1.5295,1.49625,1.45746,1.12773,0.798,1.48517,1.25242,1.06954,0.886667,0.931,1.197,1.50733,1.75117,1.38542,1.44637,1.56552,1.49209,1.54405,1.57002,1.42785,1.62276,1.43204,1.66919,1.47743,1.73621,1.44444,1.43155,1.49161,1.47731,1.55882,1.48874,1.63104,1.59135,1.43851,1.47292,1.51229,1.46548,1.50857,1.48579,1.54089,1.50195,1.57114,1.51707,1.53437,1.47652,1.49193,1.49963,1.50348,1.50541,1.5507,1.50685,1.48493,1.47396,1.49065,1.49899,1.5475,1.596,1.3885,1.3885,1.3885,1.3885,1.3885,1.3885,1.3885,1.3885,1.3885,1.3885,1.3885,1.3885,1.3885,1.3885,1.3885,1.3885,1.3885,1.3885,1.3885,1.3885,1.3885,1.3885,1.3885,1.3885,1.3885,1.3885,1.3885,1.3885,1.3885,1.3885,1.3885,1.3885,1.3885,1.3885,1.3885,1.3885,1.3885,1.3885,1.3885,1.3885,1.3885,1.3885,0,0,0
1.463,1.30783,1.05292,0.798,1.17483,1.14158,0.991958,0.842333,1.21917,1.07508,1.24687,1.28844,1.08755,0.886667,1.064,1.08617,0.96425,0.842333,1.15267,0.975333,0.798,0.820167,0.842333,1.17483,1.18592,1.12496,1.36048,1.43391,1.47062,1.31164,1.05482,0.798,0.975333,0.886667,0.798,0.9975,1.20808,1.53504,1.43252,1.15959,0.886667,1.197,1.15267,1.01967,0.886667,0.842333,0.798,1.15267,1.30783,1.31892,1.05846,0.798,1.15267,0.975333,0.798,1.1305,1.07508,0.980875,0.886667,0.886667,0.886667,0.8645,0.842333,0.9975,1.29675,1.46854,1.4436,1.5863,1.50248,1.52708,1.40637,1.43469,1.44884,1.43375,1.31538,1.12319,1.22659,1.03446,0.842333,1.197,1.24133,1.28567,1.21917,1.36325,1.08062,0.798,1.08617,1.29675,1.09171,0.886667,1.2635,1.07508,0.886667,0.798,1.21917,1.18592,1.08062,1.00581,1.19007,1.03837,0.886667,1.15267,1.463,1.41867,1.57383,1.729,1.12763,1.12763,1.12763,1.12763,1.12763,1.12763,1.12763,1.12763,1.12763,1.12763,1.12763,1.12763,1.12763,1.12763,1.12763,1.12763,1.12763,1.12763,1.12763,1.12763,1.12763,1.12763,1.12763,1.12763,1.12763,1.12763,1.12763,0,0,0
0.931,0.908833,0.886667,1.2635,1.34108,1.35771,1.52119,1.49209,1.47755,1.22644,1.30039,1.07136,0.842333,0.931,1.24133,1.28567,1.17483,1.40758,1.47962,1.47131,1.51149,1.75324,1.43079,1.44689,1.14461,0.842333,0.886667,1.10833,1.33,1.2635,1.29675,1.46854,1.33277,1.30922,1.25311,1.20289,1.31078,1.23172,1.19219,1.28326,1.28447,1.1964,1.21887,1.05277,0.886667,1.01967,0.931,0.842333,0.931,0.886667,0.842333,0.931,1.197,1.33,1.35217,1.42975,1.24687,1.2441,1.37572,1.19769,1.08651,1.16392,1.31346,1.12223,1.27045,1.32239,1.23753,1.03993,0.842333,1.10833,1.197,1.30783,1.27458,1.36879,1.4159,1.30645,1.05222,0.798,0.798,0.908833,1.14158,1.14712,1.0834,0.940698,0.798,0.953167,1.40758,1.43529,1.47131,1.20116,1.55374,1.39754,1.1421,0.886667,0.975333,1.15267,1.50733,1.30783,1.07508,0.842333,1.064,1.08617,1.34108,1.29121,1.19977,1.22055,1.24133,1.19071,1.19071,1.19071,1.19071,1.19071,1.19071,1.19071,1.19071,1.19071,1.19071,1.19071,1.19071,1.19071,1.19071,1.19071,1.19071,1.19071,1.19071,1.19071,1.19071,1.19071,1.19071,1.19071,1.19071,1.19071,1.19071,10,5,5
1.197,1.197,1.35217,1.36325,1.45746,1.4159,1.39511,1.18522,1.30195,1.24947,1.28974,1.2877,1.06502,0.842333,0.931,1.10833,1.01967,1.064,1.04183,1.09725,1.14712,1.03906,0.918531,0.798,1.17483,1.27458,1.36879,1.30506,1.38403,1.26835,1.43217,1.33675,1.24471,1.24302,1.22001,1.27501,1.236,1.3495,1.33975,1.35704,1.45435,1.34784,1.09509,0.842333,1.197,1.24133,1.44083,1.42975,1.49071,1.45469,1.28151,1.03976,0.798,1.1305,1.34108,1.33554,1.39927,1.56414,1.40273,1.3442,1.49227,1.5663,1.53682,1.41124,1.12679,0.842333,1.10833,1.30783,1.25242,1.35771,1.36602,1.43668,1.44984,1.47859,1.38213,1.2674,1.1657,1.31435,1.30001,1.22634,1.256,1.16,1.22283,1.32075,1.48054,1.40527,1.5893,1.48182,1.53891,1.41229,1.21598,1.40599,1.43449,1.49308,1.41154,1.12694,0.842333,0.886667,1.15267,1.2635,1.27458,1.28567,1.2672,1.2672,1.2672,1.2672,1.2672,1.2672,1.2672,1.2672,1.2672,1.2672,1.2672,1.2672,1.2672,1.2672,1.2672,1.2672,1.2672,1.2672,1.2672,1.2672,1.2672,1.2672,1.2672,1.2672,1.2672,1.2672,1.2672,1.2672,1.2672,1.2672,1.2672,12,3,3
0.886667,1.17483,1.00858,0.842333,0.820167,0.798,1.17483,1.03075,0.886667,0.8645,0.842333,0.886667,0.842333,0.820167,0.798,0.886667,0.798,0.842333,0.908833,0.96425,1.23579,1.12773,1.05153,0.924766,0.798,0.842333,0.886667,0.8645,0.842333,0.798,0.886667,0.886667,0.886667,0.886667,0.886667,0.886667,1.197,1.33,1.10833,0.886667,0.886667,0.886667,0.798,0.798,0.798,0.798,0.798,0.842333,0.886667,0.798,0.798,0.798,0.842333,0.798,0.798,0.798,0.931,1.17483,1.27458,1.12496,1.33831,1.06816,0.798,0.842333,0.886667,0.886667,0.886667,1.21917,1.27458,1.36879,1.4159,1.19561,1.30714,1.38507,1.22454,1.29943,1.40338,1.25586,1.1156,0.956798,0.798,0.886667,0.842333,0.798,0.798,0.842333,0.975333,1.24133,1.3965,1.14158,0.886667,0.886667,0.842333,1.15267,1.33,1.197,1.01967,0.842333,0.798,0.9975,0.89775,0.798,0.842333,0.886667,0.798,0.798,0.842333,0.9975,0.919917,0.842333,0.8645,0.886667,0.842333,0.798,0.886667,0.886667,0.886667,0.798,0.842333,0.886667,0.886667,0.842333,0.798,0.842333,0.886667,0.931,0.953242,0.953242,0.953242,0.953242,0.953242,0.953242,0.953242,14,4,1
1.15267,1.17483,1.03075,0.886667,1.10833,1.15267,1.10833,1.15267,1.28567,1.30783,1.14158,1.19146,1.2829,1.12911,1.16306,1.29086,1.0666,0.842333,1.1305,1.58492,1.52396,1.49348,1.36741,1.10487,0.842333,0.820167,0.798,1.08617,1.29675,1.22471,1.29952,1.31476,1.25588,1.29294,1.2893,1.30965,1.38633,1.31383,1.10025,0.886667,1.10833,1.2635,1.31892,1.28012,1.26073,1.2732,1.3016,1.2493,1.28965,1.50932,1.198,0.886667,0.908833,0.875583,0.842333,0.798,0.798,0.798,1.15267,1.04183,1.09725,1.25796,1.13881,1.14574,1.1492,1.19527,1.19613,1.21873,1.20787,1.04727,0.886667,1.01967,1.1305,1.23025,1.30229,1.09448,0.886667,1.15267,1.15267,0.975333,0.798,1.01967,0.931,0.842333,0.798,0.798,0.886667,0.842333,1.15267,1.28567,1.04183,0.798,1.10833,0.953167,0.798,1.10833,1.24133,1.197,0.9975,0.798,1.10833,1.30783,1.20808,1.00304,0.798,0.842333,0.798,1.064,0.9975,1.07508,1.15267,1.10434,1.10434,1.10434,1.10434,1.10434,1.10434,1.10434,1.10434,1.10434,1.10434,1.10434,1.10434,1.10434,1.10434,1.10434,1.10434,1.10434,1.10434,1.10434,1.10434,1.10434,1.10434,12,7,6
1.10833,1.064,1.30783,1.29675,1.04737,0.798,0.798,1.01967,1.1305,1.11942,1.18037,1.14435,0.971177,0.798,0.820167,0.842333,0.9975,1.20808,1.29121,1.0446,0.798,0.953167,0.919917,0.886667,0.798,1.01967,1.37433,1.33,1.17483,0.986417,0.798,0.886667,0.886667,0.886667,0.798,1.17483,0.986417,0.798,0.798,1.01967,1.28567,1.21917,1.47408,1.22471,1.47685,1.22609,1.32238,1.30402,1.07318,0.842333,0.931,1.24133,1.197,1.197,1.2635,1.09725,1.10279,1.23856,1.23995,1.01897,0.798,1.064,1.44083,1.29675,1.04737,0.798,0.975333,1.2635,1.03075,0.798,0.798,0.798,0.798,1.08617,1.27458,1.39096,1.33831,1.09032,0.842333,0.798,1.10833,1.01967,0.908833,0.798,0.798,0.975333,0.886667,0.798,1.01967,1.28567,1.2635,1.03075,0.798,0.9975,1.42975,1.35771,1.12219,0.886667,0.842333,1.08617,1.23025,1.32446,1.4824,1.6057,1.35702,1.12184,0.886667,0.9975,1.20808,1.24687,1.48794,1.27597,1.064,1.07669,1.07669,1.07669,1.07669,1.07669,1.07669,1.07669,1.07669,1.07669,1.07669,1.07669,1.07669,1.07669,1.07669,1.07669,1.07669,1.07669,1.07669,1.07669,1.07669,14,4,1
1.10833,1.2635,1.20808,1.15821,1.42144,1.10972,0.798,0.886667,0.975333,0.886667,0.798,0.9975,1.03075,1.11387,1.1776,1.20947,1.40273,1.18903,0.993517,0.798,0.798,0.798,1.01967,1.197,1.08617,1.29675,1.20254,1.08894,1.29814,1.2919,1.17795,1.27614,1.30307,1.09487,0.886667,0.798,0.842333,0.842333,0.842333,1.10833,1.17483,1.45192,1.12496,0.798,1.01967,1.15267,1.197,1.48517,1.42975,1.35771,1.29952,1.29259,1.08963,0.886667,0.886667,0.842333,0.798,1.28567,1.15267,1.28567,1.48517,1.36325,1.25796,1.18315,1.30091,1.18245,1.23406,1.28203,1.17301,1.22934,1.23534,1.194,1.23983,1.46225,1.13013,0.798,0.9975,1.07508,1.26904,1.03352,0.798,0.798,0.798,1.15267,1.197,1.197,0.9975,0.798,1.01967,1.15267,1.15267,1.01967,0.886667,0.886667,0.886667,0.886667,1.10833,1.10833,1.21917,1.38542,1.09171,0.798,1.08617,1.18592,1.12496,1.18315,1.10141,1.4817,1.38368,1.09084,0.798,1.10529,1.10529,1.10529,1.10529,1.10529,1.10529,1.10529,1.10529,1.10529,1.10529,1.10529,1.10529,1.10529,1.10529,1.10529,1.10529,1.10529,1.10529,1.10529,1.10529,1.10529,1.10529,16,5,3
1.197,1.01967,0.842333,0.886667,0.798,0.798,0.798,1.01967,1.15267,1.28567,1.197,1.2635,1.18592,0.991958,0.798,0.908833,1.05292,1.14712,1.2164,1.22886,1.21293,1.13847,0.968233,0.798,0.842333,0.886667,1.1305,1.31892,1.12496,1.05015,1.05707,1.0827,1.05118,1.01326,1.01646,1.1289,1.25162,1.35731,1.27715,1.23708,1.23921,1.39544,1.09672,0.798,0.798,0.798,0.798,0.931,1.10833,1.1305,1.00858,0.886667,1.10833,0.975333,0.842333,0.798,0.798,0.798,1.04183,1.16375,1.20254,1.2441,1.26489,1.23094,1.01447,0.798,0.842333,0.886667,0.8645,0.842333,1.08617,1.09725,1.19146,1.17206,1.09586,1.05777,1.12738,1.14002,1.14635,1.21601,1.25084,1.24608,1.24371,1.08735,0.942677,0.798,0.842333,0.886667,1.10833,0.975333,0.842333,0.820167,0.798,0.886667,0.908833,1.03075,1.29121,1.22194,1.03214,0.842333,0.886667,0.798,1.01967,0.931,0.842333,1.10833,1.17483,1.27458,1.25796,1.22748,1.01274,0.798,0.798,0.798,1.01967,1.17483,1.00858,0.842333,1.03217,1.03217,1.03217,1.03217,1.03217,1.03217,1.03217,1.03217,1.03217,1.03217,1.03217,1.03217,1.03217,1.03217,1.03217,8,5,4
1.01967,1.08617,1.20808,1.20254,1.00027,0.798,0.9975,1.11942,1.26904,1.21085,1.40343,1.21155,1.22644,1.27822,1.10461,1.08431,0.941153,0.798,0.886667,1.064,1.10833,1.1305,1.29675,1.26904,1.16652,1.24826,1.20046,1.3539,1.34195,1.20297,1.00049,0.798,0.975333,1.01967,1.04183,1.23025,1.05846,0.886667,0.9975,1.25242,1.15821,1.19977,1.30922,1.31961,1.2583,1.42715,1.15691,0.886667,1.04183,1.20808,1.22471,1.23302,1.25934,1.49417,1.14609,0.798,1.01967,1.21917,1.16375,1.40204,1.27735,1.19284,1.30576,1.36221,1.34611,1.29372,1.31186,1.4096,1.25896,1.33882,1.29007,1.31004,1.32002,1.41368,1.28317,1.41742,1.24071,1.21885,1.31876,1.23571,1.10552,1.35076,1.20738,1.33519,1.2661,1.18721,1.30294,1.3608,1.30107,1.2712,1.38927,1.40397,1.21182,1.24874,1.3337,1.37619,1.30876,1.31938,1.34686,1.42709,1.24555,1.39861,1.27564,1.23632,1.03933,0.842333,1.20427,1.20427,1.20427,1.20427,1.20427,1.20427,1.20427,1.20427,1.20427,1.20427,1.20427,1.20427,1.20427,1.20427,1.20427,1.20427,1.20427,1.20427,1.20427,1.20427,1.20427,1.20427,1.20427,1.20427,1.20427,1.20427,1.20427,16,7,7
1.064,1.1305,1.14158,1.25796,1.16098,1.17899,1.16583,1.38091,1.28896,1.24298,1.39732,1.31933,1.05866,0.798,0.842333,0.820167,0.798,0.798,0.798,0.842333,1.197,1.01967,0.842333,0.9975,1.09725,1.32446,1.2829,1.23995,1.19631,1.24099,1.19683,1.28558,1.21912,1.2524,1.20253,1.2441,1.28705,1.15336,1.10868,1.15284,1.28575,1.19704,1.13052,1.14159,1.25796,1.29398,1.24549,1.24341,1.35321,1.2086,1.3358,1.24423,1.30928,1.27531,1.36915,1.21658,1.16246,1.29056,1.19945,1.28689,1.13111,1.29706,1.31353,1.21093,1.35913,1.1894,1.30403,1.16185,1.11292,1.28796,1.17598,1.27516,1.32475,1.23871,1.28435,1.19634,1.241,1.32984,1.21908,1.27454,1.2801,1.30505,1.20669,1.31268,1.16617,1.29242,1.15604,1.22085,1.18676,1.23621,1.03927,0.842333,0.798,0.886667,0.9975,1.03075,1.06954,1.1111,1.15405,1.10903,1.19735,1.17501,1.319,1.41317,1.26075,1.36188,1.39027,1.33797,1.28567,1.1848,1.1848,1.1848,1.1848,1.1848,1.1848,1.1848,1.1848,1.1848,1.1848,1.1848,1.1848,1.1848,1.1848,1.1848,1.1848,1.1848,1.1848,1.1848,1.1848,1.1848,1.1848,1.1848,1.1848,14,3,5
0.842333,0.9975,1.00858,1.01412,1.10556,0.996115,0.886667,1.04183,1.11942,0.958708,0.798,0.953167,1.11942,1.04737,1.16652,0.98226,0.798,1.04183,1.27458,1.28012,1.26073,1.2732,1.3016,1.42663,1.31182,1.32091,1.39195,1.18364,0.990822,0.798,0.908833,0.89775,0.886667,0.886667,0.886667,1.15267,1.30783,1.05292,0.798,0.975333,0.953167,1.00858,1.36879,1.2164,1.1402,1.05777,1.14955,1.26194,1.16297,1.09132,1.21066,1.13733,1.10066,1.21533,1.1175,1.09075,1.27687,1.03744,0.798,0.9975,1.09725,1.14712,1.1499,1.17345,1.20739,1.37953,1.22176,1.16505,1.24752,1.2666,1.1653,1.18115,0.989574,0.798,0.798,0.975333,1.04183,1.23025,1.28012,1.19423,1.08478,1.18522,1.08028,1.18297,1.25649,1.18241,1.21187,1.4261,1.28938,1.15453,1.24226,1.26396,1.16398,1.26916,1.07791,0.886667,1.08617,1.20808,1.20254,1.26627,1.3203,1.25865,1.24999,1.20133,1.13266,1.23133,1.21417,1.11692,1.15696,1.33215,1.22024,1.25295,1.28567,1.12603,1.12603,1.12603,1.12603,1.12603,1.12603,1.12603,1.12603,1.12603,1.12603,1.12603,1.12603,1.12603,1.12603,1.12603,1.12603,1.12603,1.12603,1.12603,1.12603,14,2,0
0.931,1.197,1.15267,1.064,0.931,0.798,1.064,1.30783,1.27458,1.25796,1.07231,0.886667,0.886667,1.064,0.953167,0.842333,0.886667,0.842333,0.953167,0.986417,0.980875,1.0446,1.23164,1.03698,0.842333,0.886667,1.21917,1.14158,0.991958,0.842333,1.10833,1.064,1.064,0.975333,0.886667,0.842333,1.1305,0.986417,0.842333,1.10833,1.064,0.975333,0.886667,1.21917,1.14158,1.25796,1.09448,1.21224,1.02729,0.842333,1.01967,1.01967,0.9975,1.05292,1.01412,1.0169,1.17345,1.09656,0.947279,0.798,0.931,0.931,0.908833,0.886667,1.197,1.24133,1.1305,1.05292,1.10279,1.03906,0.918531,0.798,1.04183,1.23025,1.16929,1.00581,0.842333,0.798,1.1305,1.09725,1.10279,1.0834,1.22886,1.14643,1.08305,1.36169,1.21285,1.16059,1.13446,1.14356,1.25895,1.16147,1.09057,1.12162,1.02631,1.20032,1.30949,1.20891,1.13646,1.16673,1.0932,1.0786,1.2708,1.1674,1.09353,1.14527,1.01597,0.886667,1.1305,0.986417,0.842333,0.798,0.931,0.931,0.8645,0.798,0.975333,1.08617,1.197,1.04637,1.04637,1.04637,1.04637,1.04637,1.04637,1.04637,1.04637,1.04637,1.04637,1.04637,1.04637,1.04637,1.04637,12,6,6
1.77333,1.55167,1.55167,1.21917,0.886667,1.15267,1.2635,1.16375,1.09171,1.16652,1.11526,1.15613,1.17657,1.12028,1.09214,1.03374,1.04887,1.18943,1.25972,1.07319,0.886667,0.931,0.975333,1.197,1.41867,1.3965,1.36325,1.45746,1.39373,1.4062,1.25727,1.47097,1.31182,1.16574,1.1592,0.978602,0.798,1.10833,1.197,1.33,1.41867,1.17483,0.986417,0.798,0.886667,1.01967,1.28567,1.17483,1.09725,1.12496,1.02798,1.04599,1.25449,1.02625,0.798,0.975333,0.975333,1.17483,1.16375,1.09171,1.14435,0.971177,0.798,0.798,0.9975,1.09725,0.991958,0.886667,1.01967,1.10833,1.01967,1.04183,1.25242,1.18037,1.07785,1.15959,1.06746,1.04357,1.16462,1.02564,0.886667,1.3965,1.31892,1.25796,1.16098,1.20116,1.37641,1.19804,1.17535,1.23051,1.05859,0.886667,1.04183,0.96425,0.886667,1.01967,1.10833,1.10833,1.21917,1.00858,0.798,1.064,1.04183,0.986417,1.29121,1.3106,1.34247,1.3584,1.3442,1.44793,1.55167,1.14123,1.14123,1.14123,1.14123,1.14123,1.14123,1.14123,1.14123,1.14123,1.14123,1.14123,1.14123,1.14123,1.14123,1.14123,1.14123,1.14123,1.14123,1.14123,1.14123,1.14123,1.14123,20,5,3
0.975333,0.886667,0.842333,0.9975,1.07508,1.13604,1.29952,1.18176,1.14505,1.28186,1.28376,1.21821,1.16327,1.15797,1.00015,0.842333,0.798,0.798,1.01967,1.064,1.15267,1.04183,1.05292,1.12496,1.00581,0.886667,0.798,0.953167,1.05292,1.39096,1.27181,1.32307,1.26004,1.02902,0.798,0.798,0.9975,0.919917,0.842333,0.9975,1.36325,1.32446,1.43806,1.4727,1.24618,1.11076,1.08738,1.18652,1.12526,1.07246,1.1569,1.02178,0.886667,1.08617,0.942083,0.798,0.9975,0.89775,0.798,1.01967,1.28567,1.21917,1.38542,1.31337,1.16652,0.98226,0.798,0.798,0.798,0.798,1.17483,1.20808,1.22471,1.21085,1.07093,0.934464,0.798,0.820167,0.842333,0.886667,0.975333,1.1305,1.14158,1.08062,1.11665,1.15682,1.11041,1.06504,1.06452,1.33026,1.19713,1.13056,1.07512,1.06956,0.955946,0.842333,0.886667,1.24133,1.17483,1.11942,1.02521,1.06677,1.33139,1.21986,1.07543,1.00321,0.900607,0.798,1.10833,1.1305,1.07508,1.09171,1.25519,1.49209,1.34455,1.11561,0.886667,1.07176,1.07176,1.07176,1.07176,1.07176,1.07176,1.07176,1.07176,1.07176,1.07176,1.07176,1.07176,1.07176,1.07176,1.07176,1.07176,18,7,3
1.28567,1.28567,1.08617,0.886667,0.886667,1.064,1.064,0.931,0.798,0.9975,1.16375,1.18037,0.989187,0.798,0.798,1.08617,1.07508,0.936542,0.798,0.842333,1.04183,1.14158,1.41312,1.2829,1.04045,0.798,0.931,1.04183,1.11942,1.31337,1.23302,1.48101,1.36117,1.58942,1.32671,1.61652,1.20726,0.798,1.04183,0.919917,0.798,0.886667,0.886667,0.842333,0.9975,0.942083,0.886667,0.975333,1.2635,1.07508,0.886667,0.886667,1.1305,1.00858,0.886667,0.8645,0.842333,1.064,1.197,1.21917,1.27458,1.28012,1.06123,0.842333,1.1305,1.09725,1.23579,1.19423,0.996115,0.798,0.842333,1.04183,1.11942,0.958708,0.798,0.798,1.04183,1.05292,1.10279,1.1499,0.973948,0.798,0.798,0.9975,1.16375,0.980875,0.798,0.886667,1.10833,1.24133,1.01967,0.798,0.886667,0.886667,1.01967,1.197,1.1305,1.16375,1.02521,0.886667,1.01967,1.197,1.1305,1.14158,1.14712,1.12773,0.962865,0.798,0.820167,0.842333,0.953167,0.89775,0.842333,0.798,1.10833,1.064,1.01967,1.03109,1.03109,1.03109,1.03109,1.03109,1.03109,1.03109,1.03109,1.03109,1.03109,1.03109,1.03109,1.03109,1.03109,1.03109,1.03109,20,6,7
1.37433,1.33,1.44083,1.29675,1.37987,1.26627,1.3203,1.39165,1.31649,1.12375,1.09387,1.27844,1.32638,1.46119,1.37343,1.46255,1.48494,1.29664,1.04732,0.798,0.798,0.798,1.064,1.30783,1.34108,1.33554,1.35494,1.36464,1.34732,1.33866,1.24566,1.22133,1.47517,1.35825,1.54362,1.48115,1.42774,1.24587,1.3101,1.40872,1.32503,1.34968,1.45067,1.45684,1.21608,1.02921,0.842333,0.886667,0.886667,0.886667,1.21917,1.36325,1.32446,1.32723,1.35078,1.53989,1.39061,1.16081,0.979403,0.798,1.04183,1.18592,1.03629,0.886667,0.842333,1.17483,1.45192,1.45746,1.12773,0.798,1.10833,1.197,1.2635,1.27458,1.25796,1.11665,1.20116,1.28774,1.46404,1.35269,1.47434,1.42434,1.39934,1.36467,1.32517,1.34975,1.33988,1.40144,1.36572,1.52519,1.5606,1.55613,1.46523,1.50845,1.35272,1.43003,1.26918,1.34392,1.3148,1.34456,1.07128,0.798,1.26397,1.26397,1.26397,1.26397,1.26397,1.26397,1.26397,1.26397,1.26397,1.26397,1.26397,1.26397,1.26397,1.26397,1.26397,1.26397,1.26397,1.26397,1.26397,1.26397,1.26397,1.26397,1.26397,1.26397,1.26397,1.26397,1.26397,1.26397,1.26397,1.26397,1.26397,2,1,3
1.463,1.35217,1.31892,1.21362,1.24965,1.26766,1.14366,1.34766,1.13933,1.12383,1.29342,1.51121,1.33194,1.33097,1.52998,1.29699,1.40216,1.10008,0.798,1.1305,1.40758,1.21362,1.36048,1.07924,0.798,0.886667,1.197,1.21917,1.31892,1.39096,1.09448,0.798,0.798,1.064,1.28567,1.2635,1.27458,1.16929,0.983646,0.798,1.1305,1.09725,0.947625,0.798,0.820167,0.842333,0.798,1.064,1.28567,1.33,1.33,1.48517,1.31892,1.05846,0.798,1.17483,1.51842,1.24687,1.33277,1.35355,1.29744,1.35805,1.12236,0.886667,0.9975,1.05292,0.969792,0.886667,0.9975,1.16375,1.35771,1.29952,1.35909,1.12288,0.886667,0.886667,1.064,1.01967,0.908833,0.798,1.064,1.10833,0.953167,0.798,1.01967,1.08617,1.07508,1.09171,1.21085,1.00443,0.798,0.908833,1.20808,1.00304,0.798,0.908833,1.11942,1.13604,1.14435,1.08201,1.11734,1.22367,1.27683,1.19258,1.17263,1.11831,1.35716,1.07758,0.798,0.975333,1.1249,1.1249,1.1249,1.1249,1.1249,1.1249,1.1249,1.1249,1.1249,1.1249,1.1249,1.1249,1.1249,1.1249,1.1249,1.1249,1.1249,1.1249,1.1249,1.1249,1.1249,1.1249,1.1249,14,7,8
1.463,0.798,1.08617,1.07508,1.04737,1.18869,1.14851,1.06192,1.17379,1.1189,1.09145,1.18856,1.08195,1.05081,1.16824,1.09395,0.990309,0.886667,1.04183,1.05292,1.25796,1.11665,1.09032,1.27666,1.50283,1.50508,1.17371,0.842333,0.886667,0.8645,0.842333,1.15267,1.30783,1.25242,1.11387,1.06677,1.24272,1.02036,0.798,1.064,0.931,0.798,1.1305,1.07508,0.958708,0.842333,0.886667,1.01967,1.17483,1.09725,1.12496,1.18315,1.01274,0.842333,1.10833,1.08617,1.00858,1.14712,1.06123,1.08478,1.22956,1.16895,1.07214,1.26757,1.16578,1.04839,1.27786,1.4591,1.39455,1.11844,0.842333,1.08617,1.00858,1.08062,1.27181,1.12357,1.00512,0.886667,0.886667,0.886667,1.10833,0.975333,0.842333,1.15267,1.33,1.30783,1.18592,1.16929,1.27181,1.12357,1.09379,1.23406,1.45936,1.37251,1.19609,1.17438,1.29652,1.20243,1.11105,1.22052,1.1201,1.11421,1.19994,1.06547,1.13124,1.20845,1.22489,1.12228,1.22614,1.16724,1.13778,1.27823,1.19328,1.10833,1.11548,1.11548,1.11548,1.11548,1.11548,1.11548,1.11548,1.11548,1.11548,1.11548,1.11548,1.11548,1.11548,1.11548,1.11548,1.11548,1.11548,1.11548,1.11548,12,3,7
1.463,1.15267,0.842333,0.798,1.10833,1.01967,0.953167,0.886667,1.10833,1.28567,1.30783,1.27458,1.32446,1.32723,1.52811,1.58422,1.50145,1.48222,1.42828,1.37914,1.42107,1.55287,1.41927,1.15297,0.886667,0.842333,1.15267,1.10833,0.9975,0.886667,1.21917,1.27458,1.52396,1.42698,1.26766,1.03283,0.798,0.9975,0.942083,0.886667,1.197,1.35217,1.42975,1.40204,1.49902,1.48101,1.13951,0.798,1.10833,1.37433,1.30783,1.25242,1.02521,0.798,1.064,1.2635,1.20808,1.00304,0.798,0.886667,0.842333,0.798,1.30783,1.36325,1.54612,1.2164,0.886667,1.197,1.24133,1.01967,0.798,1.10833,1.41867,1.70683,1.51842,1.40204,1.65419,1.49209,1.61055,1.49244,1.49989,1.61444,1.25056,0.886667,1.17483,1.36325,1.43529,1.40481,1.61124,1.51495,1.15648,0.798,1.08617,1.47408,1.44637,1.52119,1.82459,1.33346,0.842333,1.23022,1.23022,1.23022,1.23022,1.23022,1.23022,1.23022,1.23022,1.23022,1.23022,1.23022,1.23022,1.23022,1.23022,1.23022,1.23022,1.23022,1.23022,1.23022,1.23022,1.23022,1.23022,1.23022,1.23022,1.23022,1.23022,1.23022,1.23022,1.23022,1.23022,1.23022,1.23022,1.23022,1.23022,26,7,12
1.28567,1.41867,1.197,1.55167,1.17483,0.798,1.064,1.1305,1.23025,1.05846,0.886667,0.842333,1.197,1.21917,1.25242,1.33554,1.33277,1.37572,1.48586,1.27493,1.43546,1.1389,0.842333,0.931,1.35217,1.29675,1.33554,1.28844,1.37572,1.17553,1.2306,1.32463,1.43815,1.42841,1.13537,0.842333,0.886667,0.908833,1.11942,1.20254,1.3106,1.29814,1.31407,1.43287,1.38143,1.42222,1.42044,1.66339,1.45236,1.45768,1.39384,1.47275,1.31271,1.43219,1.33676,1.31121,1.32061,1.17014,0.984068,0.798,1.01967,0.908833,0.798,1.10833,1.24133,1.064,0.886667,1.08617,1.20808,1.44637,1.32169,1.48101,1.27251,1.36775,1.23804,1.35052,1.34026,1.33513,1.3104,1.3867,1.38052,1.39959,1.34263,1.09248,0.842333,1.15267,1.01967,0.886667,0.886667,0.886667,0.886667,0.798,1.17483,1.29675,1.37987,1.35494,1.4533,1.30298,1.38299,1.40083,1.25458,1.15929,1.064,1.21802,1.21802,1.21802,1.21802,1.21802,1.21802,1.21802,1.21802,1.21802,1.21802,1.21802,1.21802,1.21802,1.21802,1.21802,1.21802,1.21802,1.21802,1.21802,1.21802,1.21802,1.21802,1.21802,1.21802,1.21802,1.21802,1.21802,1.21802,1.21802,1.21802,14,4,0
1.64033,1.64033,1.41867,1.55167,1.33,1.41867,1.30783,1.38542,1.35771,1.38819,1.42559,1.55513,1.24307,1.3752,1.17527,1.2748,1.21373,1.33837,1.28985,1.33209,1.37538,1.68519,1.39676,1.29688,1.06961,0.842333,1.197,1.197,1.35217,1.27458,1.45746,1.2829,1.46161,1.32931,1.44049,1.40741,1.67904,1.30502,1.25101,1.357,1.38784,1.27025,1.38879,1.27073,1.3447,1.35952,1.41126,1.43713,1.18406,1.0132,0.842333,1.21917,1.36325,1.28012,1.39373,1.49486,1.19077,0.886667,1.064,1.24133,1.21917,1.42975,1.31337,1.56552,1.40343,1.47755,1.44811,1.47772,1.33736,1.46668,1.30967,1.4085,1.34709,1.44938,1.32319,1.39309,1.38371,1.44552,1.2991,1.42538,1.26686,1.4536,1.30313,1.67123,1.30112,1.44856,1.38928,1.55914,1.33374,1.39837,1.36418,1.50226,1.3718,1.39523,1.40695,1.36847,1.33,1.35207,1.35207,1.35207,1.35207,1.35207,1.35207,1.35207,1.35207,1.35207,1.35207,1.35207,1.35207,1.35207,1.35207,1.35207,1.35207,1.35207,1.35207,1.35207,1.35207,1.35207,1.35207,1.35207,1.35207,1.35207,1.35207,1.35207,1.35207,1.35207,1.35207,1.35207,1.35207,1.35207,1.35207,1.35207,1.35207,10,5,2
1.50733,1.37433,1.28567,1.2635,1.20808,1.33554,1.19977,1.33139,1.28636,1.44118,1.27476,1.32454,1.23861,1.17347,1.18523,1.19112,1.17189,1.38395,1.24614,1.5319,1.29795,1.53564,1.36632,1.41466,1.35016,1.27358,1.25746,1.2494,1.20103,1.26552,1.23126,1.41363,1.28315,1.48391,1.29612,1.35739,1.32153,1.28143,1.26138,1.20702,1.20201,1.24384,1.22042,1.38604,1.26935,1.41051,1.32592,1.50529,1.30681,1.31841,1.27987,1.3271,1.32855,1.44011,1.29639,1.42403,1.31051,1.32026,1.2808,1.21673,1.20687,1.2241,1.18838,1.32569,1.15051,1.28459,1.19646,1.30756,1.16362,1.18031,1.14432,1.21499,1.22816,1.34558,1.24912,1.3339,1.24328,1.26447,1.20857,1.20279,1.24423,1.33145,1.24206,1.35253,1.2526,1.26913,1.23307,1.19287,1.2171,1.27355,1.23527,1.39347,1.2509,1.40128,1.27698,1.25915,1.20591,1.22362,1.18814,1.21474,1.20587,1.24577,1.28567,1.28519,1.28519,1.28519,1.28519,1.28519,1.28519,1.28519,1.28519,1.28519,1.28519,1.28519,1.28519,1.28519,1.28519,1.28519,1.28519,1.28519,1.28519,1.28519,1.28519,1.28519,1.28519,1.28519,1.28519,1.28519,1.28519,1.28519,1.28519,1.28519,1.28519,0,0,3
1.15267,1.10833,1.1305,1.11942,1.11387,1.1111,1.10972,1.10903,1.10868,1.15284,1.13059,1.20813,1.15823,1.17761,1.18731,1.23649,1.17241,1.25121,1.20194,1.3103,1.20932,1.20316,1.20008,1.28721,1.19777,1.30822,1.20828,1.40214,1.23307,1.2372,1.23927,1.1738,1.14107,1.1247,1.09435,1.14568,1.10484,1.23959,1.15179,1.3739,1.15245,1.30772,1.18586,1.2136,1.2053,1.26765,1.23232,1.41416,1.21691,1.47296,1.26848,1.49874,1.28137,1.48302,1.27351,1.25742,1.27154,1.25644,1.27105,1.41136,1.23768,1.43901,1.22934,1.324,1.194,1.21767,1.20733,1.2465,1.22175,1.32021,1.23644,1.21672,1.22903,1.19085,1.19392,1.17329,1.16298,1.22432,1.16633,1.33683,1.24475,1.22087,1.2311,1.19189,1.17228,1.2068,1.2019,1.17728,1.16498,1.13665,1.10033,1.1265,1.09525,1.12396,1.09398,1.10116,1.10474,1.10654,1.1296,1.14113,1.16907,1.18303,1.25652,1.33759,1.22296,1.20998,1.24782,1.28567,1.215,1.215,1.215,1.215,1.215,1.215,1.215,1.215,1.215,1.215,1.215,1.215,1.215,1.215,1.215,1.215,1.215,1.215,1.215,1.215,1.215,1.215,1.215,1.215,1.215,0,1,0
0.975333,0.9975,1.03075,0.980875,1.0446,0.987802,1.07023,0.978451,0.886667,0.931,1.064,1.01967,1.064,1.01967,1.10833,1.01967,1.064,0.9975,1.03075,1.00304,1.03352,1.00443,1.01205,0.99369,1.05101,0.991006,1.094,1.0125,1.12692,1.05113,1.1684,1.07186,1.13443,1.05488,1.12594,1.0063,0.886667,0.908833,1.05292,1.01412,1.06123,1.01828,1.15197,1.06365,1.17466,1.09716,1.23575,1.08337,1.11802,1.09101,1.09967,1.05967,1.06183,1.04075,1.09671,1.01385,1.10543,1.01821,1.12977,1.05255,1.16911,1.07222,1.15678,1.06606,1.13153,1.03126,1.09197,1.03365,1.09316,1.03425,1.11562,1.02331,1.08799,1.07599,1.18083,1.10025,1.14862,1.08415,1.14057,1.08012,1.13856,1.03478,1.07156,1.02344,1.08806,1.00953,1.05893,1.0393,1.09598,1.03566,1.09416,1.03475,1.07154,1.0456,1.07697,1.00398,1.07833,1.02683,1.06758,1.04362,1.09815,1.03674,1.1612,1.0461,1.12155,1.04844,1.14489,1.06011,1.10639,1.06303,1.08568,1.05267,1.0805,1.05009,1.05704,1.01619,1.06226,0.99663,1.00815,0.991741,1.02787,0.957269,0.886667,1.05738,1.05738,1.05738,1.05738,1.05738,1.05738,1.05738,1.05738,1.05738,1.05738,2,0,1
1.55167,1.68467,1.41867,1.70683,1.40758,1.32446,1.12773,1.11803,1.57868,1.34351,1.55842,1.26688,1.58661,1.30314,1.8929,1.45628,1.59264,1.19532,0.798,1.37433,1.24133,1.24133,1.24133,1.1305,1.23025,1.32446,1.19423,1.55028,1.28497,1.63999,1.30766,1.29666,1.0695,0.842333,1.5295,1.31892,1.65696,1.29398,1.40066,1.29883,1.35875,1.27787,1.30394,1.2948,1.5784,1.34337,1.33668,1.15601,1.15434,1.30867,1.05333,0.798,1.30783,1.14158,1.56829,1.29398,1.31199,1.16583,1.11491,1.24462,1.17648,1.14241,1.4357,1.20552,1.26776,1.29888,1.60261,1.31114,1.4314,1.1147,0.798,1.35217,1.18592,1.25796,1.02798,0.798,1.04183,1.14158,1.12496,1.24965,1.24549,1.19908,1.55271,1.33052,1.26376,1.09738,1.12502,1.22751,1.16792,1.16029,1.31165,1.07699,0.842333,1.33,1.17483,1.58492,1.32446,1.30506,1.18453,1.14643,1.10833,1.27938,1.27938,1.27938,1.27938,1.27938,1.27938,1.27938,1.27938,1.27938,1.27938,1.27938,1.27938,1.27938,1.27938,1.27938,1.27938,1.27938,1.27938,1.27938,1.27938,1.27938,1.27938,1.27938,1.27938,1.27938,1.27938,1.27938,1.27938,1.27938,1.27938,1.27938,1.27938,4,5,5
1.90633,1.995,1.5295,1.80658,1.47962,1.75948,1.41174,1.57037,1.36152,1.43443,1.40438,1.72186,1.37076,1.10655,0.842333,0.953167,1.16375,1.29121,1.3106,1.34247,1.38057,1.37745,1.37589,1.46378,1.44122,1.38561,1.35781,1.4104,1.39237,1.47202,1.37884,1.15492,1.13163,1.18648,1.19174,1.1722,1.5836,1.27947,1.3269,1.43928,1.69498,1.35732,1.67616,1.34791,1.40546,1.34556,1.29345,1.35606,1.3652,1.36976,1.66022,1.31777,1.67855,1.34911,1.33956,1.06878,0.798,1.1305,1.31892,1.59046,1.3494,1.69436,1.35702,1.32134,1.104,0.886667,1.08617,1.38542,1.35771,1.52119,1.38126,1.08963,0.798,1.463,1.24133,1.30783,1.45192,1.39096,1.49348,1.74424,1.38195,1.71064,1.36515,1.34758,1.40529,1.34548,1.40424,1.61095,1.31531,1.56649,1.29308,1.28937,1.33185,1.30876,1.28567,1.37383,1.37383,1.37383,1.37383,1.37383,1.37383,1.37383,1.37383,1.37383,1.37383,1.37383,1.37383,1.37383,1.37383,1.37383,1.37383,1.37383,1.37383,1.37383,1.37383,1.37383,1.37383,1.37383,1.37383,1.37383,1.37383,1.37383,1.37383,1.37383,1.37383,1.37383,1.37383,1.37383,1.37383,1.37383,1.37383,1.37383,1.37383,4,1,3
1.41867,1.5295,1.40758,1.43529,1.38265,1.40066,1.34316,1.40308,1.38871,1.73619,1.37793,1.57563,1.45282,1.48007,1.40504,1.41185,1.30443,1.33938,1.26819,1.27693,1.10396,1.10615,1.24024,1.19645,1.17456,1.38528,1.37981,1.51007,1.3757,1.41935,1.37468,1.41884,1.28575,1.52954,1.4076,1.4353,1.31615,1.34524,1.33762,1.62198,1.38732,1.11483,0.842333,0.9975,1.27458,1.28012,1.39373,1.38403,1.49002,1.38784,1.62492,1.45529,1.41481,1.37241,1.37337,1.30735,1.42951,1.31325,1.47679,1.38123,1.77678,1.44256,1.65228,1.49114,1.4549,1.41462,1.39448,1.27357,1.36829,1.34914,1.40607,1.34587,1.38227,1.28963,1.28765,1.19799,1.24183,1.17508,1.29687,1.31344,1.58772,1.32586,1.3501,1.25138,1.24636,1.22168,1.27584,1.16992,1.22779,1.1459,1.21578,1.13989,1.25711,1.22706,1.45586,1.4151,1.37433,1.35511,1.35511,1.35511,1.35511,1.35511,1.35511,1.35511,1.35511,1.35511,1.35511,1.35511,1.35511,1.35511,1.35511,1.35511,1.35511,1.35511,1.35511,1.35511,1.35511,1.35511,1.35511,1.35511,1.35511,1.35511,1.35511,1.35511,1.35511,1.35511,1.35511,1.35511,1.35511,1.35511,1.35511,1.35511,1.35511,2,0,0
1.41867,1.28567,1.5295,1.25242,1.26904,1.03352,0.798,1.41867,1.197,1.57383,1.29675,1.49071,1.23302,1.45884,1.23926,1.08513,1.0524,1.01387,1.50443,1.21772,1.18519,1.03593,0.886667,1.24133,1.15267,1.30783,1.23025,1.45746,1.2164,1.3397,1.22402,1.36567,1.19267,1.4165,1.24025,1.26296,1.03048,0.798,1.3965,1.20808,1.46854,1.22194,1.49764,1.23648,1.52708,1.27337,1.50119,1.21609,1.49471,1.21286,1.64826,1.3118,1.54257,1.28112,1.50506,1.26236,1.07451,0.886667,0.975333,1.28567,1.21917,1.45192,1.21362,1.62648,1.30091,1.47062,1.26731,1.32082,1.23674,1.28337,1.21802,1.31834,1.19117,1.28275,1.17338,1.29602,1.18001,1.32151,1.23709,1.61604,1.29569,1.64534,1.33251,1.59725,1.33063,1.39681,1.29691,1.55729,1.26631,1.23165,1.03699,0.842333,1.17483,1.18592,1.52396,1.20531,0.886667,0.8645,0.842333,1.24133,1.64033,1.27327,1.27327,1.27327,1.27327,1.27327,1.27327,1.27327,1.27327,1.27327,1.27327,1.27327,1.27327,1.27327,1.27327,1.27327,1.27327,1.27327,1.27327,1.27327,1.27327,1.27327,1.27327,1.27327,1.27327,1.27327,1.27327,1.27327,1.27327,1.27327,1.27327,1.27327,1.27327,0,0,0
0.975333,0.931,0.886667,1.08617,1.00858,1.12496,1.55998,1.33416,1.42074,1.39754,1.5411,1.47988,1.51578,1.15689,0.798,1.04183,1.05292,1.08062,1.53781,1.34524,1.31545,1.14539,1.1047,1.17301,1.14067,1.21317,1.29375,1.04588,0.798,1.33,1.28567,1.37433,1.197,1.15267,1.24133,1.28567,1.15267,1.37433,1.55167,1.57383,1.58492,1.47962,1.16098,0.842333,1.50733,1.24133,1.33,1.37433,1.50733,1.41867,1.64033,1.48517,1.45192,1.12496,0.798,1.17483,1.29675,1.62371,1.36602,1.72484,1.43876,1.36221,1.08011,0.798,1.17483,1.29675,1.71237,1.41035,1.39234,1.13951,0.886667,1.1305,0.986417,0.842333,1.197,1.35217,1.45192,1.52396,1.49348,1.56691,1.51495,1.59981,1.5314,1.4307,1.42468,1.39951,1.54209,1.43604,1.58252,1.47843,1.55938,1.42252,1.5536,1.53046,1.43023,1.15845,0.886667,1.15267,1.29621,1.29621,1.29621,1.29621,1.29621,1.29621,1.29621,1.29621,1.29621,1.29621,1.29621,1.29621,1.29621,1.29621,1.29621,1.29621,1.29621,1.29621,1.29621,1.29621,1.29621,1.29621,1.29621,1.29621,1.29621,1.29621,1.29621,1.29621,1.29621,1.29621,1.29621,1.29621,1.29621,1.29621,1.29621,2,0,0
1.37433,1.50733,1.48517,1.36325,1.45746,1.52673,1.38403,1.15752,1.06642,1.04305,1.38602,1.31368,1.47701,1.337,1.35567,1.2985,1.49158,1.29996,1.64748,1.35574,1.2542,1.18127,1.16697,1.55882,1.28924,1.64212,1.35306,1.65186,1.40227,1.29963,1.22615,1.10074,1.0602,1.43894,1.31797,1.47915,1.51541,1.40054,1.16577,1.02622,0.886667,1.24133,1.24133,1.33,1.33,1.50733,1.28567,1.15267,1.17483,1.11942,1.00304,0.886667,0.798,0.908833,0.942083,0.936542,1.15544,1.39789,1.12011,0.842333,1.1305,1.27458,1.16929,1.16098,1.26766,1.34316,1.24791,1.42196,1.30948,1.45274,1.41354,1.57127,1.31763,1.47898,1.29366,1.6,1.332,1.68567,1.37483,1.59625,1.35229,1.60715,1.29124,1.24412,1.15406,1.1312,1.25276,1.51305,1.31069,1.23168,1.48034,1.29434,1.2235,1.36542,1.23688,1.21694,1.20697,1.22415,1.16624,1.13729,1.10833,1.29019,1.29019,1.29019,1.29019,1.29019,1.29019,1.29019,1.29019,1.29019,1.29019,1.29019,1.29019,1.29019,1.29019,1.29019,1.29019,1.29019,1.29019,1.29019,1.29019,1.29019,1.29019,1.29019,1.29019,1.29019,1.29019,1.29019,1.29019,1.29019,1.29019,1.29019,1.29019,4,0,0
0.975333,1.1305,1.20808,1.18037,1.21085,1.35909,1.21155,1.27077,1.23389,1.23761,1.26164,1.22932,1.19099,1.23833,1.3285,1.24058,1.26312,1.31873,1.25786,1.27177,1.14572,1.10486,1.1731,1.25155,1.22427,1.25497,1.24815,1.24474,1.2652,1.2976,1.26947,1.2554,1.24837,1.20052,1.22093,1.1868,1.1254,1.20553,1.26777,1.25455,1.27011,1.38872,1.27069,1.30035,1.11567,1.112,1.17667,1.23117,1.19192,1.23879,1.2844,1.26286,1.34077,1.11372,0.886667,1.064,1.01967,1.04183,1.16375,1.15821,1.13327,1.20947,1.2919,1.24445,1.26506,1.2532,1.2251,1.23322,1.19294,1.1728,1.22924,1.30178,1.22723,1.27861,1.34864,1.27282,1.27924,1.21595,1.16214,1.20174,1.2437,1.19818,1.21976,1.23055,1.19161,1.23864,1.04048,0.842333,1.01967,1.10833,1.1305,1.18592,1.25796,1.20531,1.22332,1.12149,1.13708,1.16704,1.13769,1.12301,1.20434,1.3115,1.25425,1.29213,1.4219,1.30945,1.29756,1.28567,1.21143,1.21143,1.21143,1.21143,1.21143,1.21143,1.21143,1.21143,1.21143,1.21143,1.21143,1.21143,1.21143,1.21143,1.21143,1.21143,1.21143,1.21143,1.21143,1.21143,1.21143,1.21143,1.21143,1.21143,1.21143,6,5,9
1.24133,1.33,1.17483,1.27458,1.21362,1.33831,1.22332,1.29883,1.24791,1.26679,1.25406,1.26986,1.34427,1.33713,1.33357,1.37612,1.39739,1.40803,1.41335,1.52684,1.38409,1.22404,1.38786,1.29243,1.31121,1.38711,1.35855,1.43294,1.33714,1.48874,1.36503,1.39185,1.31659,1.34546,1.2934,1.35603,1.38735,1.42517,1.37759,1.42029,1.28648,1.30824,1.27479,1.36889,1.21645,1.27322,1.27945,1.30472,1.29519,1.33476,1.35455,1.38661,1.2918,1.33307,1.2872,1.39727,1.29713,1.3579,1.32178,1.34806,1.3612,1.43426,1.35997,1.38932,1.29316,1.33375,1.26537,1.29769,1.29168,1.35517,1.29825,1.35846,1.2999,1.33711,1.31139,1.3207,1.25885,1.27226,1.23463,1.26015,1.25074,1.29037,1.22152,1.34226,1.26963,1.41065,1.32599,1.3945,1.29575,1.49021,1.25494,1.35897,1.32232,1.32616,1.35025,1.36229,1.32398,1.30482,1.31741,1.33,1.32747,1.32747,1.32747,1.32747,1.32747,1.32747,1.32747,1.32747,1.32747,1.32747,1.32747,1.32747,1.32747,1.32747,1.32747,1.32747,1.32747,1.32747,1.32747,1.32747,1.32747,1.32747,1.32747,1.32747,1.32747,1.32747,1.32747,1.32747,1.32747,1.32747,1.32747,1.32747,1.32747,18,9,14
1.28567,1.33,1.44083,1.38542,1.42421,1.35494,1.34247,1.3584,1.32203,1.30385,1.38343,1.33455,1.44311,1.34222,1.51344,1.42172,1.44236,1.36401,1.43567,1.36067,1.434,1.382,1.44467,1.38733,1.38083,1.31108,1.34271,1.29202,1.31101,1.29834,1.40284,1.34425,1.51446,1.40006,1.14336,0.886667,1.064,1.01967,1.04183,1.16375,1.40204,1.32169,1.37018,1.37226,1.35113,1.36273,1.34637,1.38252,1.40059,1.3653,1.34765,1.29449,1.26791,1.27679,1.25906,1.29453,1.26793,1.29897,1.35882,1.34441,1.4037,1.32252,1.32626,1.2838,1.28473,1.30737,1.31868,1.36867,1.39367,1.40617,1.45675,1.37121,1.5501,1.41789,1.44044,1.34089,1.35761,1.32164,1.34799,1.33899,1.35666,1.3655,1.34775,1.29454,1.2901,1.28789,1.26461,1.31947,1.32474,1.34953,1.36193,1.3238,1.30473,1.2952,1.26827,1.3213,1.28132,1.24133,1.33466,1.33466,1.33466,1.33466,1.33466,1.33466,1.33466,1.33466,1.33466,1.33466,1.33466,1.33466,1.33466,1.33466,1.33466,1.33466,1.33466,1.33466,1.33466,1.33466,1.33466,1.33466,1.33466,1.33466,1.33466,1.33466,1.33466,1.33466,1.33466,1.33466,1.33466,1.33466,1.33466,1.33466,1.33466,0,2,0
1.37433,1.61817,1.45192,1.14712,0.842333,1.01967,1.01967,0.9975,1.09725,0.969792,0.842333,1.04183,0.96425,0.886667,1.064,1.04183,1.07508,1.15821,1.1111,1.08755,1.16444,1.11422,1.04478,1.12089,1.02594,1.08931,1.14315,1.10358,1.06162,1.12931,1.09666,1.10249,1.19408,1.04037,0.886667,1.10833,1.01967,1.064,1.1305,1.23025,1.16929,1.18315,1.16791,1.09379,1.12323,1.11578,1.17856,1.23211,1.12589,1.18361,1.21247,1.04957,0.886667,1.04183,1.07508,1.09171,1.23302,1.01551,0.798,1.04183,1.56275,1.37987,1.13327,0.886667,1.04183,1.11942,1.13604,1.12219,0.98226,0.842333,0.842333,0.842333,0.931,0.975333,1.04183,0.986417,1.06954,1.1776,1.14297,1.05915,1.15024,1.17362,1.09664,1.16899,1.02783,0.886667,1.04183,1.07508,1.13604,1.21085,1.00443,0.798,1.01967,1.01967,0.953167,0.886667,0.953167,0.96425,1.50179,1.30506,1.22886,1.1021,1.12738,1.22869,1.01335,0.798,1.35217,1.23025,1.28012,1.0834,0.886667,1.17483,1.38542,1.596,1.09505,1.09505,1.09505,1.09505,1.09505,1.09505,1.09505,1.09505,1.09505,1.09505,1.09505,1.09505,1.09505,1.09505,1.09505,1.09505,1.09505,1.09505,1.09505,12,4,1
0.975333,1.15267,1.04183,1.07508,1.18037,1.16652,1.11526,1.26696,1.03248,0.798,1.1305,1.47408,1.40204,1.58769,1.48101,1.49417,1.52292,1.49296,1.41148,1.59241,1.50554,1.70593,1.58447,1.6789,1.65962,1.53914,1.50107,1.45987,1.4171,1.39572,1.42936,1.46835,1.42134,1.13184,0.842333,1.1305,1.09725,1.03629,1.18315,1.52257,1.47062,1.53331,1.45382,1.56924,1.47179,1.20139,1.1327,1.25352,1.18092,1.12246,1.2484,1.11187,1.13227,1.20897,1.04782,0.886667,1.10833,0.953167,0.798,1.04183,1.14158,1.12496,1.27181,1.14574,1.12704,1.25068,1.06868,0.886667,1.1305,1.05292,1.05846,1.1499,1.17345,1.09656,1.21328,1.16081,1.09024,1.27662,1.12598,1.11715,1.22358,1.21029,1.13714,1.30007,1.0712,0.842333,1.08617,1.00858,1.05846,1.2164,1.05153,0.886667,1.10833,1.21917,1.07508,1.20254,1.19977,1.17622,1.31961,1.08097,0.842333,1.17483,1.42975,1.68467,1.22404,1.22404,1.22404,1.22404,1.22404,1.22404,1.22404,1.22404,1.22404,1.22404,1.22404,1.22404,1.22404,1.22404,1.22404,1.22404,1.22404,1.22404,1.22404,1.22404,1.22404,1.22404,1.22404,1.22404,1.22404,1.22404,1.22404,1.22404,1.22404,14,2,1
0.931,1.197,1.24133,1.33,1.24133,1.33,1.24133,1.41867,1.197,1.3965,1.23025,1.01412,0.798,0.842333,1.10833,1.17483,1.29675,1.26904,1.38819,1.31476,1.41105,1.37052,1.41676,1.35121,1.36277,1.32422,1.32711,1.35072,1.42903,1.35735,1.38801,1.2925,1.33342,1.26521,1.3641,1.28055,1.39394,1.2733,1.32382,1.30474,1.27304,1.30152,1.31576,1.30071,1.35969,1.25618,1.24876,1.24504,1.35402,1.16468,1.26951,1.16675,1.24838,1.15619,1.26526,1.1868,1.28057,1.21662,1.33981,1.2019,1.26595,1.16498,1.18099,1.18899,1.30383,1.16175,1.24587,1.19927,1.30897,1.20865,1.22499,1.18883,1.21508,1.18387,1.25694,1.16047,1.28957,1.17678,1.36423,1.14761,1.34964,1.22899,1.25733,1.31583,1.34508,1.27104,1.27835,1.21551,1.25059,1.17946,1.25473,1.18153,1.3001,1.20422,1.33361,1.28747,1.37524,1.28612,1.33023,1.33011,1.41872,1.33003,1.30785,1.28567,1.26334,1.26334,1.26334,1.26334,1.26334,1.26334,1.26334,1.26334,1.26334,1.26334,1.26334,1.26334,1.26334,1.26334,1.26334,1.26334,1.26334,1.26334,1.26334,1.26334,1.26334,1.26334,1.26334,1.26334,1.26334,1.26334,1.26334,1.26334,1.26334,26,13,10
1.37433,1.21917,1.38542,1.31337,1.18869,1.30368,1.29467,1.22367,1.3655,1.12608,0.886667,1.15267,1.064,1.1305,1.36325,1.25796,1.22748,1.21224,1.40412,1.25623,1.40395,1.38914,1.24874,1.4002,1.14343,0.886667,0.842333,0.798,0.842333,0.798,1.2635,1.09725,1.08062,1.22748,1.34524,1.16029,1.31164,1.07699,0.842333,1.15267,0.9975,0.842333,0.953167,0.942083,0.892208,0.842333,1.1305,1.09725,1.25796,1.44915,1.12357,0.798,1.1305,1.11942,1.18037,1.41035,1.28151,1.17276,1.34004,1.11336,0.886667,1.1305,1.16375,1.06954,1.2441,1.10972,1.21986,1.40793,1.19163,1.10565,1.30649,1.09658,0.886667,1.08617,1.05292,1.03629,1.09448,1.10141,1.03837,1.29502,1.35684,1.18825,1.43646,1.18373,1.1682,1.35993,1.14547,1.1269,1.33928,1.13514,1.16607,1.3367,1.24468,1.17651,1.29759,1.22513,1.14456,1.34812,1.09522,0.842333,1.15267,1.064,1.10833,1.30783,1.20808,1.15821,1.19977,1.06539,1.30853,1.55167,1.16455,1.16455,1.16455,1.16455,1.16455,1.16455,1.16455,1.16455,1.16455,1.16455,1.16455,1.16455,1.16455,1.16455,1.16455,1.16455,1.16455,1.16455,1.16455,1.16455,1.16455,1.16455,1.16455,14,4,3
1.463,1.37433,1.3965,1.27458,1.28012,1.39373,1.31753,1.27943,1.52638,1.36169,1.36801,1.50417,1.39492,1.62846,1.27973,1.1497,1.21768,1.31817,1.23542,1.26054,1.42827,1.31264,1.27698,1.39216,1.38325,1.29012,1.26573,1.2092,1.24743,1.08922,1.07661,1.2033,1.44399,1.36483,1.65775,1.40521,1.3011,1.33772,1.28953,1.2876,1.41963,1.33048,1.33024,1.55179,1.39656,1.34111,1.35772,1.2552,1.27043,1.47755,1.38161,1.3558,1.25424,1.09262,1.12264,1.20415,1.55524,1.37612,1.30873,1.4967,1.39118,1.36059,1.65563,1.42631,1.35599,1.63116,1.32541,1.26121,1.3621,1.27955,1.26044,1.22872,1.01336,0.798,1.04183,1.34108,1.29121,1.26627,1.3203,1.32515,1.32758,1.28445,1.04123,0.798,1.08617,1.47408,1.29121,1.26627,1.34247,1.24757,1.31095,1.58648,1.36957,1.34979,1.62806,1.39036,1.31585,1.41159,1.50733,1.32454,1.32454,1.32454,1.32454,1.32454,1.32454,1.32454,1.32454,1.32454,1.32454,1.32454,1.32454,1.32454,1.32454,1.32454,1.32454,1.32454,1.32454,1.32454,1.32454,1.32454,1.32454,1.32454,1.32454,1.32454,1.32454,1.32454,1.32454,1.32454,1.32454,1.32454,1.32454,1.32454,1.32454,2,0,1
1.41867,1.37433,1.3965,1.29675,1.31337,1.34385,1.69159,1.3778,1.3539,1.40845,1.74606,1.4272,1.35643,1.09938,0.842333,1.15267,1.30783,1.65142,1.35771,1.69852,1.35909,1.34455,1.42594,1.7548,1.4094,1.54703,1.41635,1.48401,1.407,1.39067,1.47117,1.42275,1.46504,1.61919,1.29726,1.5353,1.29965,1.29266,1.31133,1.34283,1.33642,1.26671,1.36485,1.56909,1.29438,1.31219,1.40976,1.39205,1.40536,1.63368,1.34884,1.33942,1.44554,1.45427,1.4143,1.72682,1.39541,1.71737,1.36852,1.37143,1.43938,1.73936,1.40168,1.34367,1.07084,0.798,1.3965,1.20808,1.22471,1.05569,0.886667,1.463,1.197,1.61817,1.31892,1.25796,1.11665,1.13466,1.29883,1.35875,1.67687,1.34827,1.6938,1.35673,1.36553,1.43643,1.38322,1.42311,1.73122,1.37544,1.68522,1.37461,1.46314,1.55167,1.39331,1.39331,1.39331,1.39331,1.39331,1.39331,1.39331,1.39331,1.39331,1.39331,1.39331,1.39331,1.39331,1.39331,1.39331,1.39331,1.39331,1.39331,1.39331,1.39331,1.39331,1.39331,1.39331,1.39331,1.39331,1.39331,1.39331,1.39331,1.39331,1.39331,1.39331,1.39331,1.39331,1.39331,1.39331,1.39331,1.39331,1.39331,1.39331,6,7,5
0.931,1.08617,1.09725,1.19146,0.994729,0.798,1.1305,1.42975,1.44637,1.27735,1.12634,1.38334,1.2015,1.06625,1.26463,1.31948,1.10307,0.886667,1.08617,1.29675,1.29121,1.26627,1.03214,0.798,1.064,1.04183,0.986417,1.02521,1.00027,1.00997,1.21432,1.27216,1.41191,1.28229,1.39481,1.45107,1.45704,1.54868,1.50584,1.41792,1.19663,1.13031,1.14149,1.23575,1.01687,0.798,1.17483,1.34108,1.66804,1.43252,1.49209,1.14505,0.798,0.931,0.975333,0.908833,0.842333,0.886667,0.842333,0.886667,1.04183,1.29675,1.53504,1.47685,1.42559,1.35563,1.07682,0.798,1.10833,1.37433,1.24133,1.35217,1.31892,1.21362,1.38265,1.22332,1.16583,1.40308,1.16704,1.09335,1.21168,1.24867,1.26717,1.38725,1.49163,1.25565,1.40366,1.30033,1.2265,1.34475,1.20437,1.17852,1.01043,0.842333,0.886667,0.908833,1.18592,1.16929,1.22748,1.12357,1.38195,1.40031,1.45382,1.45841,1.21687,0.975333,1.19098,1.19098,1.19098,1.19098,1.19098,1.19098,1.19098,1.19098,1.19098,1.19098,1.19098,1.19098,1.19098,1.19098,1.19098,1.19098,1.19098,1.19098,1.19098,1.19098,1.19098,1.19098,1.19098,1.19098,1.19098,1.19098,1.19098,4,1,0
1.81767,1.64033,1.57383,1.38542,1.37987,1.28844,1.19839,1.50803,1.55201,1.50751,1.15275,0.798,0.842333,1.2635,1.05292,0.842333,1.04183,1.23025,1.34662,1.47131,1.35632,1.32099,1.126,1.00633,0.886667,0.842333,0.842333,0.842333,1.1305,1.03075,1.06954,1.08894,1.5863,1.39165,1.18349,1.14591,1.17146,1.20639,1.0687,0.955515,0.842333,1.04183,1.07508,1.13604,0.967021,0.798,0.820167,0.842333,1.064,1.21917,1.03075,0.842333,0.842333,0.842333,1.01967,1.064,1.35217,1.36325,1.36879,1.17206,1.2732,1.05777,0.842333,0.908833,0.875583,0.842333,0.908833,0.875583,0.842333,0.798,0.842333,1.17483,1.09725,1.03629,1.20531,1.09032,0.988495,0.886667,0.931,1.1305,1.18592,1.14712,1.12773,1.0737,1.11318,1.15509,1.26471,1.38602,1.64618,1.39942,1.32038,1.12569,1.00618,0.886667,1.2635,1.07508,0.886667,0.842333,1.01967,1.197,1.30783,1.34108,1.42421,1.1776,1.29814,1.26973,1.38853,1.11543,0.842333,0.798,1.10833,1.12298,1.12298,1.12298,1.12298,1.12298,1.12298,1.12298,1.12298,1.12298,1.12298,1.12298,1.12298,1.12298,1.12298,1.12298,1.12298,1.12298,1.12298,1.12298,1.12298,1.12298,1.12298,4,4,1
1.77333,1.50733,1.3965,1.14158,0.886667,0.798,0.9975,0.942083,0.886667,1.24133,1.1305,1.31892,1.08062,0.842333,0.798,0.842333,0.886667,0.953167,1.09725,1.25796,1.40481,1.38957,1.42629,1.24514,1.48707,1.40854,1.25843,1.38288,1.60028,1.64247,1.55274,1.53003,1.20835,0.886667,0.886667,0.886667,1.2635,1.14158,1.16929,1.27181,1.10141,1.03837,1.02902,1.24601,1.3545,1.29792,1.29179,1.2444,1.24286,1.35293,1.34147,1.18057,1.27745,1.39239,1.0952,0.798,0.886667,0.975333,1.197,1.08617,1.18592,1.34662,1.36048,1.19007,1.43737,1.18418,1.07976,1.31571,1.52236,1.42618,1.11209,0.798,0.820167,0.842333,1.21917,1.20808,1.35771,1.23302,1.25934,1.27251,1.21259,1.16046,1.24523,1.19895,1.19797,1.15315,1.37458,1.24146,1.46306,1.50736,1.66252,1.54059,1.4353,1.24965,1.17899,1.29883,1.42525,1.11162,0.798,0.8645,1.14158,1.30229,1.29398,1.28567,1.20928,1.20928,1.20928,1.20928,1.20928,1.20928,1.20928,1.20928,1.20928,1.20928,1.20928,1.20928,1.20928,1.20928,1.20928,1.20928,1.20928,1.20928,1.20928,1.20928,1.20928,1.20928,1.20928,1.20928,1.20928,1.20928,1.20928,1.20928,1.20928,0,3,2
1.064,0.798,1.21917,1.29675,1.46854,1.5101,1.37572,1.39719,1.4301,1.35788,1.41044,1.14855,0.886667,0.842333,0.798,1.15267,1.2635,1.18592,1.32446,1.3494,1.29536,1.33485,1.13292,1.0763,1.31398,1.36632,1.14866,1.062,1.24033,1.3295,1.08592,0.842333,1.08617,1.29675,1.04737,0.798,1.08617,1.29675,1.20254,1.15544,1.02105,0.886667,0.886667,1.1305,0.96425,0.798,1.1305,0.986417,0.842333,1.10833,1.10833,1.24133,1.197,1.28567,1.24133,1.21917,1.27458,1.30229,1.31615,1.16791,1.29329,1.06781,0.842333,1.10833,1.24133,1.15267,1.04183,1.09725,1.23579,1.17206,1.1402,1.2351,1.03872,0.842333,0.842333,1.10833,1.15267,0.9975,0.842333,1.10833,1.197,1.064,1.2635,1.16375,1.22471,1.21085,1.29259,1.26696,1.18765,1.56916,1.36091,1.36762,1.21581,1.11774,1.29037,1.24368,1.10951,1.19759,1.15296,1.06415,1.28574,1.3522,1.09727,0.842333,1.10833,1.24133,1.17483,1.25242,1.33,1.15955,1.15955,1.15955,1.15955,1.15955,1.15955,1.15955,1.15955,1.15955,1.15955,1.15955,1.15955,1.15955,1.15955,1.15955,1.15955,1.15955,1.15955,1.15955,1.15955,1.15955,1.15955,1.15955,1.15955,10,8,4
0.842333,1.08617,1.18592,1.03629,0.886667,1.2635,1.31892,1.05846,0.798,1.064,1.21917,1.05292,0.886667,0.886667,0.975333,0.953167,1.18592,1.01412,0.842333,1.197,1.064,0.931,0.798,0.842333,0.886667,0.953167,0.96425,1.03629,1.07231,0.97949,0.886667,1.01967,1.04183,0.96425,0.886667,1.08617,1.23025,1.08062,0.983646,0.886667,1.08617,1.45192,1.32446,1.7484,1.38403,1.42352,1.15509,0.886667,0.886667,0.8645,0.842333,1.17483,1.31892,1.50179,1.43806,1.49486,1.14643,0.798,0.886667,0.886667,0.886667,1.44083,1.27458,1.43529,1.47131,1.40066,1.09933,0.798,0.9975,0.89775,0.798,1.01967,0.975333,0.886667,0.798,1.1305,1.36325,1.23579,1.46023,1.26211,1.45122,1.30195,1.16081,0.979403,0.798,1.28567,1.24133,1.01967,0.798,1.04183,1.16375,1.31337,1.41035,1.34801,1.49417,1.43425,1.27129,1.12331,1.00499,0.886667,0.886667,0.886667,0.842333,0.798,0.842333,1.21917,1.23025,1.19146,1.46023,1.729,1.10266,1.10266,1.10266,1.10266,1.10266,1.10266,1.10266,1.10266,1.10266,1.10266,1.10266,1.10266,1.10266,1.10266,1.10266,1.10266,1.10266,1.10266,1.10266,1.10266,1.10266,1.10266,1.10266,14,6,4
1.064,1.21917,1.00858,0.798,0.842333,1.08617,1.18592,1.28012,1.30506,1.45053,1.32377,1.08305,0.842333,0.798,1.064,1.28567,1.28567,1.37433,1.44083,1.38542,1.60154,1.3771,1.44222,1.40828,1.36914,1.3939,1.40628,1.39031,1.11632,0.842333,0.798,1.1305,1.20808,1.26904,1.18869,1.23718,1.17276,1.22921,1.19094,1.2383,1.35065,1.47333,1.35733,1.5875,1.34792,1.40546,1.43423,1.40428,1.47797,1.47049,1.40024,1.36512,1.30323,1.36095,1.30114,1.33774,1.3117,1.40952,1.30326,1.3388,1.22356,1.23245,1.17039,1.2502,1.13493,1.18813,1.14823,1.17262,1.14047,1.21307,1.13854,1.25643,1.22672,1.25619,1.27093,1.36696,1.32632,1.37249,1.21825,1.36279,1.30206,1.4047,1.32302,1.52601,1.31717,1.34575,1.22704,1.30069,1.22668,1.34484,1.27092,1.41129,1.30415,1.51657,1.35679,1.07739,0.798,0.842333,1.15267,1.15267,1.28567,1.15267,1.01967,1.25439,1.25439,1.25439,1.25439,1.25439,1.25439,1.25439,1.25439,1.25439,1.25439,1.25439,1.25439,1.25439,1.25439,1.25439,1.25439,1.25439,1.25439,1.25439,1.25439,1.25439,1.25439,1.25439,1.25439,1.25439,1.25439,1.25439,1.25439,1.25439,1.25439,20,5,2
1.15267,1.24133,1.35217,1.34108,1.37987,1.4436,1.5198,1.4914,1.4772,1.51443,1.48872,1.43153,1.40293,1.52163,1.49232,1.54416,1.45925,1.50546,1.48423,1.51795,1.53481,1.54324,1.45879,1.12839,0.798,1.1305,1.34108,1.33554,1.3106,1.3868,1.4249,1.11145,0.798,0.842333,1.064,0.931,0.798,1.1305,0.96425,0.798,1.04183,1.25242,1.29121,1.06677,0.842333,1.1305,1.03075,1.06954,1.15544,0.998885,0.842333,1.15267,1.35217,1.38542,1.37987,1.1111,0.842333,0.798,1.17483,1.36325,1.08062,0.798,0.842333,1.10833,1.2635,1.36325,1.41312,1.43806,1.4062,1.5676,1.5153,1.48915,1.14357,0.798,0.842333,1.1305,1.29675,1.42421,1.39927,1.1208,0.842333,0.886667,1.21917,1.29675,1.29121,1.3771,1.46439,1.44153,1.51876,1.46871,1.55452,1.46443,1.41938,1.44119,1.1196,0.798,1.197,1.33,1.33,1.33,1.24105,1.24105,1.24105,1.24105,1.24105,1.24105,1.24105,1.24105,1.24105,1.24105,1.24105,1.24105,1.24105,1.24105,1.24105,1.24105,1.24105,1.24105,1.24105,1.24105,1.24105,1.24105,1.24105,1.24105,1.24105,1.24105,1.24105,1.24105,1.24105,1.24105,1.24105,1.24105,1.24105,12,5,7
1.15267,1.30783,1.38542,1.37987,1.42144,1.33139,1.21986,1.20843,1.15838,1.19986,1.06543,1.13121,1.25277,1.06972,0.886667,1.04183,0.919917,0.798,0.931,0.886667,0.842333,0.798,1.04183,1.20808,1.04737,0.886667,1.04183,1.07508,0.936542,0.798,0.842333,0.798,0.931,1.24133,1.3965,1.49625,1.34662,1.49348,1.47824,1.29329,1.42248,1.15457,0.886667,1.04183,1.09725,1.01412,1.19423,1.32861,1.44014,1.1634,0.886667,0.9975,1.07508,0.958708,0.842333,0.953167,1.07508,1.00304,0.900521,0.798,1.17483,1.05292,1.01412,0.928229,0.842333,0.9975,0.919917,0.842333,0.798,0.953167,0.986417,0.892208,0.798,0.886667,0.842333,1.01967,0.908833,0.798,0.886667,0.8645,0.842333,1.17483,1.36325,1.30229,1.09448,0.886667,0.886667,0.798,0.9975,1.18592,1.03629,0.886667,1.1305,1.34108,1.09171,0.842333,1.064,1.30783,1.11942,0.958708,0.798,0.842333,0.886667,1.08617,1.18592,1.32446,1.06123,0.798,0.953167,0.875583,0.798,0.842333,0.886667,1.08617,1.14158,1.197,1.04703,1.04703,1.04703,1.04703,1.04703,1.04703,1.04703,1.04703,1.04703,1.04703,1.04703,1.04703,1.04703,1.04703,1.04703,1.04703,1.04703,4,1,3
1.50733,1.30783,1.38542,1.24687,1.2441,1.26489,1.05361,0.842333,1.064,1.10833,1.15267,1.30783,1.25242,1.18037,1.29952,1.29259,1.1118,1.59773,1.61903,1.54102,1.50201,1.17217,0.842333,0.842333,0.842333,1.197,1.24133,1.15267,1.33,1.08617,0.842333,1.10833,1.10833,1.10833,1.28567,1.35217,1.27458,1.32446,1.2164,1.2732,1.3681,1.50422,1.35061,1.09647,0.842333,1.1305,1.34108,1.18037,1.27735,1.14851,1.06192,0.929961,0.798,0.820167,0.842333,0.842333,0.842333,0.842333,1.15267,1.15267,1.17483,1.27458,1.36879,1.32723,1.32861,1.15197,1.15232,1.21899,1.208,1.18033,1.25517,1.15958,1.31129,1.36498,1.10366,0.842333,1.04183,1.07508,1.13604,1.25519,1.22609,1.18938,1.28186,1.0621,0.842333,1.10833,1.1305,1.09725,1.28012,1.19423,1.19561,1.61747,1.45157,1.39079,1.22739,1.1457,1.21568,1.09551,1.12409,1.62604,1.38936,1.38184,1.44459,1.52029,1.596,1.19782,1.19782,1.19782,1.19782,1.19782,1.19782,1.19782,1.19782,1.19782,1.19782,1.19782,1.19782,1.19782,1.19782,1.19782,1.19782,1.19782,1.19782,1.19782,1.19782,1.19782,1.19782,1.19782,1.19782,1.19782,1.19782,1.19782,1.19782,2,0,0
1.15267,1.33,1.41867,1.50733,1.596,1.5295,1.54058,1.59046,1.5489,1.55028,1.50664,1.57349,1.56258,1.62362,1.56548,1.62507,1.5662,1.73627,1.64397,1.66432,1.49716,1.72391,1.61562,1.58364,1.54549,1.61508,1.64987,1.5786,1.4543,1.14832,0.842333,1.17483,1.47408,1.44637,1.69852,1.60293,1.59946,1.5534,1.5747,1.58535,1.50201,1.77067,1.506,1.57317,1.58458,1.50163,1.26065,1.20666,1.71166,1.45433,1.4365,1.13942,0.842333,1.2635,1.34108,1.42421,1.5101,1.53089,1.54128,1.4578,1.15007,0.842333,1.17483,1.29675,1.31337,1.07785,0.842333,1.10833,1.28567,1.197,1.21917,1.16375,1.22471,1.23302,1.12634,1.13951,1.21259,1.27129,1.25631,1.04932,0.842333,1.01967,1.1305,1.11942,1.11387,1.22194,1.23164,1.21432,1.24999,1.4895,1.38758,1.29229,1.197,1.37687,1.37687,1.37687,1.37687,1.37687,1.37687,1.37687,1.37687,1.37687,1.37687,1.37687,1.37687,1.37687,1.37687,1.37687,1.37687,1.37687,1.37687,1.37687,1.37687,1.37687,1.37687,1.37687,1.37687,1.37687,1.37687,1.37687,1.37687,1.37687,1.37687,1.37687,1.37687,1.37687,1.37687,1.37687,1.37687,1.37687,1.37687,1.37687,1.37687,8,3,2
0.975333,1.04183,1.29675,1.29121,1.33277,1.35355,1.29744,1.38022,1.37728,1.33147,1.13124,1.29712,1.18056,1.18878,1.28156,1.28361,1.41764,1.37382,1.35191,1.34095,1.40198,1.29949,1.07091,0.842333,0.798,1.04183,1.25242,1.26904,1.25519,1.13743,0.967714,0.798,0.9975,0.96425,0.881125,0.798,0.9975,0.89775,0.798,0.842333,1.064,1.17483,1.14158,1.16929,1.16098,1.17899,1.23233,1.392,1.27233,1.36767,1.39317,1.33942,1.29037,1.53185,1.34226,1.26963,1.47715,1.35924,1.34462,1.53681,1.38907,1.33737,1.17852,0.988259,0.798,0.9975,1.31892,1.25796,1.27181,1.41174,1.2822,1.2396,1.04097,0.842333,0.798,1.04183,1.29675,1.29121,1.28844,1.04322,0.798,0.798,0.953167,1.29675,1.29121,1.2441,1.33139,1.26419,1.2306,1.3468,1.31623,1.38962,1.38197,1.42249,1.19891,1.02062,0.842333,0.975333,1.10833,1.197,1.21917,1.23025,1.05846,0.886667,0.842333,1.01967,1.064,1.10833,1.1743,1.1743,1.1743,1.1743,1.1743,1.1743,1.1743,1.1743,1.1743,1.1743,1.1743,1.1743,1.1743,1.1743,1.1743,1.1743,1.1743,1.1743,1.1743,1.1743,1.1743,1.1743,1.1743,1.1743,1.1743,2,0,0
0.931,1.17483,1.38542,1.31337,1.41035,1.54751,1.41659,1.43979,1.49573,1.36853,1.43793,1.11797,0.798,1.01967,1.15267,1.08617,1.16375,1.40204,1.41035,1.30368,1.29467,1.31234,1.14383,1.30342,1.18371,1.27902,1.37101,1.35051,1.27375,1.03588,0.798,0.953167,0.919917,0.886667,1.21917,1.00858,0.798,1.01967,0.931,0.842333,0.9975,0.89775,0.798,1.04183,0.942083,0.842333,0.842333,1.21917,1.31892,1.34662,1.36048,1.32307,1.2822,1.28393,1.37347,1.35173,1.36303,1.10268,0.842333,0.842333,1.10833,1.15267,1.17483,1.25242,1.26904,1.23302,1.32584,1.39442,1.34004,1.37936,1.48768,1.40884,1.41375,1.19454,0.996272,0.798,1.1305,1.60708,1.40204,1.38819,1.44776,1.36671,1.37052,1.17293,1.18496,1.27965,1.19399,1.1955,1.30708,1.07471,0.842333,1.04183,1.29675,1.15821,1.00027,0.842333,1.15267,0.9975,0.842333,0.798,1.08617,0.96425,0.842333,0.842333,1.17483,1.14158,1.10833,1.16687,1.16687,1.16687,1.16687,1.16687,1.16687,1.16687,1.16687,1.16687,1.16687,1.16687,1.16687,1.16687,1.16687,1.16687,1.16687,1.16687,1.16687,1.16687,1.16687,1.16687,1.16687,1.16687,1.16687,1.16687,1.16687,8,2,3
1.33,0.842333,1.197,1.1305,1.09725,1.19146,1.26073,1.22886,1.25727,1.27147,1.16773,1.1602,1.28943,1.17672,1.29769,1.04785,0.798,1.04183,0.919917,0.798,1.17483,1.34108,1.53504,1.32169,1.12634,0.984339,0.842333,1.01967,1.35217,1.31892,1.47962,1.18315,0.886667,1.064,1.197,1.24133,1.24133,1.28567,1.3965,1.29675,1.37987,1.42144,1.30922,1.36394,1.3248,1.23874,1.30653,1.31827,1.25763,1.33815,1.35624,1.27662,1.39198,1.20582,1.17924,0.988622,0.798,1.197,1.33,1.1305,1.14158,1.28012,1.1499,1.28428,1.41797,1.26315,1.27441,1.36871,1.17202,1.16234,1.64517,1.44325,1.49746,1.7019,1.56028,1.33431,1.24349,1.35324,1.25296,1.26931,1.34399,1.31483,1.25591,1.33729,1.44448,1.34291,1.35862,1.38864,1.29282,1.37791,1.17662,1.20898,1.33599,1.06699,0.798,1.1305,1.09725,1.12496,1.24965,1.28982,1.24341,1.35321,1.463,1.23997,1.23997,1.23997,1.23997,1.23997,1.23997,1.23997,1.23997,1.23997,1.23997,1.23997,1.23997,1.23997,1.23997,1.23997,1.23997,1.23997,1.23997,1.23997,1.23997,1.23997,1.23997,1.23997,1.23997,1.23997,1.23997,1.23997,1.23997,1.23997,1.23997,0,0,0
1.197,1.2635,1.07508,0.886667,1.15267,0.9975,0.842333,1.10833,0.975333,0.842333,1.064,1.17483,1.27458,1.14712,1.1499,1.17345,1.18522,1.19111,1.28272,1.26203,1.22951,1.16892,1.2273,1.34515,1.20457,1.15645,1.30973,1.1647,1.11435,1.20001,1.15417,1.17559,1.23063,1.10298,1.10566,1.23999,1.10766,1.1745,1.20792,1.20246,1.1554,1.1762,1.27527,1.1918,1.23873,1.24003,1.21852,1.25209,1.22455,1.23294,1.30364,1.33898,1.26799,1.3655,1.30341,1.33887,1.24577,1.19922,1.28678,1.19755,1.17511,1.23039,1.25803,1.31618,1.30092,1.20463,1.22298,1.12132,1.11483,1.17808,1.18754,1.19227,0.995135,0.798,1.04183,1.03075,1.11387,1.19977,1.22055,1.20878,1.29155,1.55461,1.46447,1.1534,0.842333,1.04183,1.14158,1.16929,1.22748,1.27874,1.23787,1.3061,1.07422,0.842333,1.064,1.08617,1.11942,1.20254,1.28844,1.19839,1.21986,1.18626,1.2138,1.3384,1.2677,1.32102,1.39201,1.463,1.18721,1.18721,1.18721,1.18721,1.18721,1.18721,1.18721,1.18721,1.18721,1.18721,1.18721,1.18721,1.18721,1.18721,1.18721,1.18721,1.18721,1.18721,1.18721,1.18721,1.18721,1.18721,1.18721,1.18721,1.18721,0,2,0
1.37433,1.33,1.28567,1.30783,1.20808,1.22471,1.21085,1.27043,1.21155,1.27077,1.21172,1.27086,1.23393,1.34847,1.20623,1.29028,1.24364,1.33115,1.26408,1.36354,1.1916,1.23863,1.23998,1.26283,1.22991,1.30212,1.24956,1.26761,1.18797,1.21465,1.11716,1.22358,1.16596,1.20365,1.17816,1.23191,1.17012,1.22789,1.14595,1.19364,1.17315,1.27374,1.19104,1.23835,1.17334,1.25167,1.18,1.27717,1.14842,1.23921,1.17377,1.27405,1.21336,1.27168,1.23434,1.3265,1.28392,1.43996,1.29631,1.40182,1.36591,1.14846,0.973228,0.798,1.1305,1.20808,1.33554,1.2441,1.28705,1.21986,1.25276,1.13621,1.21094,1.1153,1.17832,1.12116,1.18125,1.12262,1.20414,1.13407,1.2542,1.1591,1.22238,1.18753,1.3031,1.22788,1.30111,1.27122,1.34494,1.33747,1.3559,1.36512,1.36973,1.28336,1.37318,1.28509,1.32971,1.28552,1.37426,1.28563,1.37432,1.26349,1.27458,1.23579,1.21639,1.197,1.24159,1.24159,1.24159,1.24159,1.24159,1.24159,1.24159,1.24159,1.24159,1.24159,1.24159,1.24159,1.24159,1.24159,1.24159,1.24159,1.24159,1.24159,1.24159,1.24159,1.24159,1.24159,1.24159,1.24159,1.24159,1.24159,1.24159,20,6,8
1.28567,1.24133,1.2635,1.27458,1.28012,1.2829,1.23995,1.19631,1.32965,1.26333,1.4075,1.28008,1.14987,1.21777,1.25172,1.15786,1.24393,1.3313,1.17548,1.36357,1.36895,1.28298,1.30649,1.07441,0.842333,0.886667,1.197,1.33,1.17483,1.29675,1.40204,1.29952,1.40343,1.43321,1.27077,1.27822,1.41494,1.28381,1.2404,1.17437,1.18568,1.30218,1.31609,1.14571,1.21569,1.29501,1.22384,1.32125,1.36996,1.21698,1.22916,1.36824,1.21612,1.20656,1.29045,1.28806,1.30903,1.45251,1.28042,1.34955,1.42844,1.22405,1.41003,1.10401,0.798,1.08617,1.00858,1.08062,1.33831,1.06816,0.798,0.9975,1.11942,1.15821,1.3106,1.16514,1.0924,1.2112,1.02677,0.842333,1.08617,1.23025,1.16929,1.31615,1.43391,1.18245,1.32273,1.2377,1.19518,1.30692,1.27413,1.12473,1.42687,1.11243,0.798,1.08617,1.07508,1.13604,1.29952,1.11526,1.1118,1.64207,1.46387,1.46343,1.19722,0.931,1.2244,1.2244,1.2244,1.2244,1.2244,1.2244,1.2244,1.2244,1.2244,1.2244,1.2244,1.2244,1.2244,1.2244,1.2244,1.2244,1.2244,1.2244,1.2244,1.2244,1.2244,1.2244,1.2244,1.2244,1.2244,1.2244,1.2244,4,5,1
1.64033,1.35217,1.09725,0.842333,1.15267,0.975333,0.798,0.953167,0.96425,1.10279,1.17206,1.1402,1.05777,1.43772,1.38386,1.26826,1.09963,1.08182,1.49407,1.4342,1.33777,1.11222,0.886667,1.17483,0.986417,0.798,0.9975,0.942083,0.886667,1.04183,0.942083,0.842333,1.33,1.35217,1.27458,1.12496,1.16098,1.26766,1.07716,0.886667,1.21917,1.07508,0.936542,0.798,1.30783,1.20808,1.11387,1.0446,1.1208,1.0259,1.08928,1.23181,1.0814,1.0727,1.22352,1.03293,0.842333,1.15267,0.975333,0.798,1.04183,0.919917,0.798,0.9975,0.986417,0.958708,1.21085,1.04876,0.886667,1.01967,1.01967,1.10833,1.33,1.08617,0.842333,0.931,0.886667,0.842333,1.197,1.01967,0.842333,1.01967,0.931,0.842333,1.1305,1.00858,0.886667,1.1305,1.00858,0.886667,1.17483,1.40758,1.43529,1.62648,1.45607,1.12704,0.798,1.08617,0.96425,0.842333,0.9975,0.96425,0.969792,1.12773,1.4062,1.27943,1.06088,0.842333,0.975333,0.908833,0.842333,1.01967,0.975333,0.931,1.07243,1.07243,1.07243,1.07243,1.07243,1.07243,1.07243,1.07243,1.07243,1.07243,1.07243,1.07243,1.07243,1.07243,1.07243,1.07243,1.07243,1.07243,1.07243,18,7,6
1.463,1.41867,1.44083,1.27458,1.21362,1.20531,1.33416,1.17691,1.27562,1.28064,1.26099,1.31766,1.25733,1.2715,1.23425,1.28212,1.2839,1.37345,1.41822,1.39628,1.47397,1.33549,1.11108,0.886667,0.842333,0.820167,0.798,0.842333,0.908833,0.919917,1.03629,1.16098,1.04599,0.966328,0.886667,0.842333,0.842333,0.842333,0.842333,0.798,0.8645,0.83125,0.798,1.30783,1.20808,1.37987,1.28844,1.30922,1.34178,1.35805,1.36619,1.37026,1.3723,1.37332,1.28516,1.35191,1.27446,1.32439,1.30503,1.33968,1.35701,1.41,1.3035,1.38325,1.31229,1.36548,1.34774,1.42754,1.4231,1.37655,1.44194,1.4303,1.31365,1.34399,1.29266,1.42216,1.26525,1.36412,1.28056,1.34961,1.36197,1.27949,1.28258,1.41712,1.19623,1.24095,1.26331,1.05282,0.842333,0.798,1.21917,1.20808,1.37987,1.28844,1.37572,1.26419,1.05326,0.842333,0.886667,0.953167,0.875583,0.798,1.08617,1.31892,1.30229,1.29398,1.04599,0.798,1.19784,1.19784,1.19784,1.19784,1.19784,1.19784,1.19784,1.19784,1.19784,1.19784,1.19784,1.19784,1.19784,1.19784,1.19784,1.19784,1.19784,1.19784,1.19784,1.19784,1.19784,1.19784,1.19784,1.19784,1.19784,8,3,4
0.975333,0.908833,0.842333,1.197,1.35217,1.09725,0.842333,0.842333,0.931,0.975333,1.10833,1.064,1.30783,1.25242,1.02521,0.798,0.842333,0.798,0.8645,1.20808,1.04737,0.886667,0.842333,0.953167,1.20808,1.06954,1.1776,0.987802,0.798,0.842333,1.064,1.30783,1.42975,1.20254,1.35494,1.07647,0.798,0.953167,0.875583,0.798,0.798,0.8645,0.875583,0.886667,0.842333,1.04183,0.986417,1.00304,0.944854,0.886667,1.21917,1.23025,1.08062,0.961479,0.842333,0.886667,0.931,0.931,0.931,1.04183,0.986417,0.936542,0.886667,1.04183,1.20808,1.26904,1.18869,1.14851,0.973255,0.798,0.8645,1.09725,1.19146,1.37156,1.15128,1.10764,1.10799,1.01949,0.95308,0.886667,0.842333,0.8645,0.886667,0.842333,0.798,0.842333,1.10833,0.9975,0.886667,0.842333,0.798,0.842333,0.886667,0.842333,0.798,0.886667,1.21917,1.40758,1.34662,1.36048,1.25657,1.35979,1.27839,1.3042,1.22843,1.32355,1.21594,1.29514,1.04657,0.798,0.953167,1.00858,0.925458,0.842333,0.9975,1.14158,1.01412,0.886667,1.1305,1.03075,0.931,1.02104,1.02104,1.02104,1.02104,1.02104,1.02104,1.02104,1.02104,1.02104,1.02104,1.02104,1.02104,6,2,5
1.463,1.30783,1.49625,1.41312,1.46023,1.21778,1.07439,1.0027,1.21068,1.00434,0.798,0.798,0.886667,0.886667,0.886667,1.1305,1.20808,1.37987,1.3771,1.46439,1.37503,1.08651,0.798,0.886667,0.8645,0.842333,0.842333,0.842333,0.886667,0.8645,0.842333,0.798,0.953167,0.875583,0.798,0.842333,1.08617,1.09725,1.01412,0.994729,1.05153,0.946932,0.842333,1.01967,0.908833,0.798,1.17483,1.00858,0.842333,0.798,0.908833,0.942083,1.24687,1.39927,1.47547,1.53573,1.49937,1.56985,1.60509,1.51188,1.26577,1.09839,1.10336,1.37185,1.39526,1.27396,1.03598,0.798,1.04183,1.23025,1.32446,1.30506,1.38403,1.09102,0.798,0.842333,0.886667,1.08617,1.27458,1.03629,0.798,0.908833,0.89775,0.886667,1.08617,0.986417,0.886667,1.04183,1.00858,0.925458,0.842333,0.8645,0.886667,1.08617,0.942083,0.798,0.842333,0.820167,0.798,0.9975,0.89775,0.798,0.886667,0.908833,1.09725,1.19146,1.37156,1.26211,1.09656,1.01378,1.14972,0.973861,0.798,1.01967,0.975333,1.04183,1.10833,1.0571,1.0571,1.0571,1.0571,1.0571,1.0571,1.0571,1.0571,1.0571,1.0571,1.0571,1.0571,1.0571,1.0571,1.0571,1.0571,14,7,5
1.01967,1.28567,1.08617,0.886667,0.908833,0.89775,0.886667,0.842333,0.886667,1.08617,1.11942,1.20254,1.2441,1.22055,1.38611,1.18072,1.23319,1.39243,1.16172,1.22369,1.23251,1.12609,0.984211,0.842333,0.798,0.820167,0.842333,1.04183,0.986417,1.18037,1.36602,1.17068,1.20601,1.135,1.12167,1.29233,1.3555,1.14325,1.19229,1.43848,1.22907,1.05787,0.886667,0.953167,1.11942,1.13604,1.16652,1.27043,1.23371,1.10452,0.973428,0.842333,0.798,0.8645,0.83125,0.798,0.842333,0.931,0.975333,0.975333,1.1305,1.25242,1.18037,1.16652,1.18176,1.27805,1.32619,1.0621,0.798,0.8645,1.05292,1.08062,1.09448,1.14574,1.06054,1.21743,1.47322,1.20211,1.24389,1.15394,1.17547,0.986736,0.798,0.842333,1.064,1.10833,1.15267,0.9975,0.842333,0.798,1.1305,1.29675,1.09171,0.886667,0.9975,1.00858,0.991958,1.07231,1.33416,1.28774,1.04287,0.798,0.931,1.10833,1.10833,1.37433,1.10833,0.842333,0.798,0.931,1.15267,1.17483,1.27458,1.32446,1.37433,1.08337,1.08337,1.08337,1.08337,1.08337,1.08337,1.08337,1.08337,1.08337,1.08337,1.08337,1.08337,1.08337,1.08337,1.08337,1.08337,1.08337,1.08337,28,7,9
1.463,1.50733,1.61817,1.58492,1.23579,0.886667,1.197,1.064,1.2635,1.23025,1.30229,1.05015,0.798,0.953167,1.25242,1.11387,1.19977,1.10972,1.02036,0.90918,0.798,0.908833,0.89775,0.886667,1.17483,1.03075,0.886667,0.8645,0.842333,0.886667,0.842333,0.886667,0.931,0.931,1.24133,1.30783,1.34108,1.22471,1.18869,1.10418,0.951089,0.798,0.908833,0.853417,0.798,0.842333,0.886667,0.953167,0.986417,1.15821,1.13327,1.16514,1.0924,1.0782,1.09327,1.1008,1.0824,1.0067,0.946683,0.886667,1.21917,1.49625,1.14712,0.798,0.9975,1.09725,1.08062,1.02798,1.11249,1.11041,1.08721,1.03127,1.1363,1.03365,1.04883,0.989913,1.04912,0.967895,0.886667,0.908833,1.03075,1.02521,0.978104,0.976719,0.998193,1.05326,1.1473,1.12782,1.16241,1.3127,1.05535,0.798,1.04183,1.11942,1.13604,1.29952,1.15959,1.1783,1.03248,0.886667,0.931,1.064,1.08617,1.27458,1.50179,1.17206,0.842333,0.886667,1.17483,1.16375,1.33554,1.2441,1.13189,1.23094,1.10314,1.08357,1.02945,0.975333,1.07317,1.07317,1.07317,1.07317,1.07317,1.07317,1.07317,1.07317,1.07317,1.07317,1.07317,1.07317,1.07317,1.07317,1.07317,20,11,6
1.463,1.41867,1.35217,1.45192,1.45746,1.2829,1.08478,0.886667,1.30783,1.38542,1.20254,1.22194,1.07647,1.00373,0.989534,1.04893,1.1673,0.98265,0.798,0.842333,0.820167,0.798,0.798,0.798,0.908833,1.07508,1.04737,0.922687,0.798,0.842333,1.21917,1.16375,1.15821,1.1776,1.3203,1.12565,1.11699,1.0905,0.966415,0.842333,0.798,0.9975,0.89775,0.798,1.17483,1.18592,1.36879,1.32723,1.06261,0.798,0.9975,1.14158,1.14712,1.2164,1.2067,1.33485,1.35459,1.32013,1.39156,1.33862,1.37864,1.11049,0.842333,1.01967,1.10833,1.17483,1.27458,1.28012,1.46023,1.46161,1.32931,1.06365,0.798,0.842333,0.820167,0.798,0.975333,1.1305,1.20808,1.13604,1.03352,1.04876,1.07855,1.04911,1.03439,1.09353,1.27826,1.28197,1.06215,0.842333,0.798,0.886667,0.908833,0.875583,0.842333,0.798,1.1305,1.29675,1.42421,1.3106,1.2538,1.2919,1.06712,0.842333,1.04183,1.20808,1.02521,0.842333,0.798,0.842333,0.842333,1.04183,0.942083,0.842333,1.0828,1.0828,1.0828,1.0828,1.0828,1.0828,1.0828,1.0828,1.0828,1.0828,1.0828,1.0828,1.0828,1.0828,1.0828,1.0828,1.0828,1.0828,1.0828,16,5,5
1.33,1.41867,1.3965,1.11942,0.842333,1.37433,1.28567,1.04183,0.798,1.04183,1.14158,1.03629,1.02798,0.91299,0.798,1.04183,1.20808,1.46854,1.28844,1.04322,0.798,1.35217,1.27458,1.32446,1.4824,1.65003,1.42352,1.62059,1.45313,1.32506,1.06153,0.798,0.9975,1.36325,1.25796,1.05015,0.842333,1.17483,1.42975,1.26904,1.16652,1.11526,1.2448,1.04357,0.842333,0.886667,1.2635,1.25242,1.04737,0.842333,1.44083,1.31892,1.30229,1.55998,1.42282,1.57591,1.38646,1.09223,0.798,1.01967,0.931,0.842333,1.064,0.931,0.798,1.04183,0.919917,0.798,1.04183,0.919917,0.798,1.04183,0.919917,0.798,1.04183,1.38542,1.51287,1.35494,1.63064,1.39165,1.11699,0.842333,1.064,1.35217,1.40758,1.34662,1.53781,1.41174,1.10487,0.798,1.01967,0.931,0.842333,1.064,1.41867,1.33,1.5295,1.67358,1.43529,1.58215,1.45607,1.43737,1.40585,1.37433,1.18106,1.18106,1.18106,1.18106,1.18106,1.18106,1.18106,1.18106,1.18106,1.18106,1.18106,1.18106,1.18106,1.18106,1.18106,1.18106,1.18106,1.18106,1.18106,1.18106,1.18106,1.18106,1.18106,1.18106,1.18106,1.18106,1.18106,1.18106,1.18106,14,7,8
1.463,1.50733,1.5295,1.54058,1.54612,1.46023,1.15128,0.842333,0.798,1.1305,1.34108,1.40204,1.10002,0.798,0.798,0.798,0.908833,0.853417,0.798,0.9975,1.18592,0.991958,0.798,1.04183,1.16375,0.980875,0.798,0.798,0.798,1.1305,1.25242,1.02521,0.798,0.9975,1.05292,1.21362,1.18315,1.10141,1.32654,1.08443,0.842333,0.886667,0.953167,1.05292,1.16929,1.00581,0.842333,0.886667,1.2635,1.14158,1.16929,1.24965,1.17899,1.16583,1.24791,1.17812,1.34273,1.2477,1.04502,0.842333,0.908833,1.07508,1.20254,1.06677,1.19839,1.06469,1.30818,1.27476,1.19154,1.37161,1.32864,1.30715,1.09691,0.886667,0.908833,0.96425,1.19146,1.0169,0.842333,0.820167,0.798,0.931,0.931,1.15267,0.975333,0.798,1.04183,0.986417,0.936542,0.886667,1.04183,0.96425,0.886667,1.1305,1.16375,0.980875,0.798,0.9975,1.18592,1.19146,1.12773,1.25103,1.31268,1.25484,1.40325,1.30013,1.27073,1.1452,1.12677,1.20622,1.00211,0.798,0.953167,1.10833,1.08124,1.08124,1.08124,1.08124,1.08124,1.08124,1.08124,1.08124,1.08124,1.08124,1.08124,1.08124,1.08124,1.08124,1.08124,1.08124,1.08124,1.08124,1.08124,12,9,9
1.10833,1.15267,1.21917,1.16375,0.980875,0.798,0.8645,0.89775,1.06954,1.00027,1.00997,0.948318,0.886667,0.842333,0.798,1.17483,1.18592,1.01412,0.842333,0.798,1.08617,1.14158,1.01412,0.886667,1.1305,1.38542,1.37987,1.39927,1.23164,1.12565,0.961826,0.798,1.1305,1.11942,0.958708,0.798,1.08617,1.25242,1.40204,1.34385,1.22609,1.43321,1.35944,1.36689,1.12678,0.886667,1.21917,1.16375,1.35771,1.23302,1.01551,0.798,0.931,1.064,0.953167,0.842333,0.886667,0.842333,0.798,0.953167,0.986417,1.20254,1.1111,1.24272,1.26419,1.0311,0.798,0.953167,0.875583,0.798,0.9975,1.23025,1.10279,0.972562,0.842333,0.8645,0.886667,0.842333,0.8645,0.886667,0.842333,1.17483,1.27458,1.28012,1.10556,0.996115,0.886667,1.04183,1.18592,1.30229,1.29398,1.26766,1.05499,0.842333,0.798,0.8645,0.89775,0.936542,0.911604,0.886667,1.08617,0.986417,0.886667,0.9975,0.986417,1.00304,0.967021,1.08201,1.27251,1.36775,1.48188,1.33944,1.24605,1.08853,0.943263,0.798,1.01967,1.05123,1.05123,1.05123,1.05123,1.05123,1.05123,1.05123,1.05123,1.05123,1.05123,1.05123,1.05123,1.05123,1.05123,1.05123,1.05123,8,2,2
1.10833,1.04183,1.16375,1.06954,1.13327,1.23164,1.23648,1.10591,1.28445,1.19639,1.15236,0.975182,0.798,0.842333,0.886667,1.04183,1.00858,1.10279,1.23856,1.08478,1.11872,1.0692,0.977931,0.886667,0.842333,0.842333,0.931,1.01967,0.908833,0.798,0.798,0.798,1.04183,0.96425,0.886667,1.21917,1.38542,1.20254,1.00027,0.798,0.908833,0.853417,0.798,1.08617,0.96425,0.842333,1.064,0.953167,0.842333,0.975333,0.953167,1.00858,1.14712,1.0169,0.886667,1.08617,1.05292,1.10279,1.23856,1.10695,1.06331,1.15232,1.01949,0.886667,1.08617,1.03075,1.02521,1.15544,1.10972,1.06469,1.35251,1.09742,0.842333,1.33,1.35217,1.27458,1.03629,0.798,0.9975,0.89775,0.798,1.04183,0.986417,1.02521,1.06677,0.976719,0.886667,0.9975,1.05292,1.05846,1.03906,0.962865,0.886667,0.9975,0.89775,0.798,1.08617,0.942083,0.798,0.9975,0.986417,1.13604,1.21085,1.15959,1.15613,1.17657,1.09812,1.08106,1.13903,1.01285,0.886667,1.08617,0.986417,0.886667,1.10833,1.01967,1.064,1.197,1.064,1.064,1.064,1.02918,1.02918,1.02918,1.02918,1.02918,1.02918,1.02918,1.02918,1.02918,1.02918,1.02918,1.02918,18,5,5
1.197,0.9975,0.798,1.04183,1.05292,1.03629,1.02798,0.91299,0.798,0.842333,0.931,0.886667,0.842333,0.886667,0.842333,0.975333,1.17483,1.18592,1.08062,1.18315,1.19007,0.994036,0.798,0.8645,0.875583,0.886667,1.17483,0.986417,0.798,1.08617,1.05292,1.05846,1.12773,1.0737,1.15752,1.13292,1.03196,1.24748,1.24441,1.13204,1.05369,1.12534,1.0725,1.06825,0.955293,0.842333,1.197,0.9975,0.798,0.842333,0.975333,1.08617,1.23025,1.12496,1.13881,1.21224,1.13812,1.14539,1.08253,1.13976,1.21272,1.09402,1.10118,0.993923,0.886667,1.17483,1.36325,1.10279,0.842333,0.975333,0.975333,1.17483,1.14158,1.03629,1.13881,0.990573,0.842333,0.798,0.842333,0.886667,0.9975,1.03075,1.11387,1.1111,1.15405,1.19769,1.19735,1.15284,1.10842,1.01971,1.28569,1.19701,1.08617,1.14159,1.30229,1.11665,1.04599,1.12149,1.00408,0.886667,1.08617,1.05292,1.10279,1.10556,1.01828,1.24064,1.28532,1.10816,1.01958,0.953123,0.886667,0.842333,1.10833,1.01967,0.931,0.842333,0.931,0.975333,0.886667,0.798,0.842333,1.03896,1.03896,1.03896,1.03896,1.03896,1.03896,1.03896,1.03896,1.03896,1.03896,1.03896,1.03896,10,5,7
1.197,1.21917,1.16375,1.18037,1.14435,1.19284,1.15059,1.17379,1.22973,1.1912,1.3271,1.30638,1.34036,1.31301,1.34367,1.31467,1.23367,1.25967,1.184,1.1905,1.17158,1.22863,1.21281,1.16057,1.28962,1.37631,1.24232,1.26399,1.18616,1.21375,1.16104,1.22335,1.16584,1.18142,1.12271,1.20419,1.06759,1.15446,1.08707,1.11987,1.1141,1.19988,1.08761,1.1423,1.08099,1.11683,1.15691,1.19912,1.10939,1.10886,1.13077,1.18605,1.12502,1.16101,1.17901,1.188,1.17033,1.18367,1.19033,1.19367,1.23967,1.2405,1.26308,1.23004,1.25785,1.24959,1.2233,1.16582,1.18141,1.1892,1.1266,1.1618,1.13507,1.1882,1.10393,1.15047,1.17373,1.20753,1.2466,1.2218,1.29807,1.29187,1.31093,1.2983,1.24765,1.24449,1.28725,1.26429,1.23064,1.21382,1.24974,1.24554,1.24344,1.26455,1.23078,1.30255,1.18328,1.19014,1.19357,1.28395,1.24048,1.19657,1.19679,1.24123,1.17478,1.18589,1.08061,1.13881,1.12357,1.10833,1.2021,1.2021,1.2021,1.2021,1.2021,1.2021,1.2021,1.2021,1.2021,1.2021,1.2021,1.2021,1.2021,1.2021,1.2021,1.2021,1.2021,1.2021,1.2021,1.2021,1.2021,1.2021,1.2021,12,7,6
1.37433,0.842333,0.886667,1.17483,1.09725,1.23579,1.2829,1.41728,1.12981,0.842333,1.04183,1.16375,1.09171,0.944854,0.798,0.842333,0.9975,1.14158,1.25796,1.13881,1.30091,1.13812,1.30056,1.16011,1.13422,1.25428,1.33647,1.2224,1.25403,1.24768,1.24451,1.10992,1.15346,1.17523,1.36345,1.08072,0.798,0.886667,1.064,1.064,1.08617,1.23025,1.30229,1.18315,1.19007,1.32654,1.35043,1.22938,1.10236,0.972346,0.842333,1.01967,1.24133,1.17483,1.27458,1.28012,1.30506,1.0737,0.842333,0.798,0.9975,1.23025,1.21362,1.31615,1.21224,1.29329,1.42248,1.22107,1.18687,1.36927,1.32747,1.0849,0.842333,0.798,0.8645,0.83125,0.798,1.04183,1.34108,1.22471,1.27735,1.28151,1.43876,1.31788,1.45694,1.21614,1.1179,0.957951,0.798,0.798,1.08617,1.23025,1.21362,1.20531,1.35632,1.40966,1.30333,1.33883,1.26792,1.21029,1.29231,1.15599,1.02133,0.886667,1.08617,1.14158,1.01412,0.886667,0.842333,0.886667,0.8645,0.842333,1.13067,1.13067,1.13067,1.13067,1.13067,1.13067,1.13067,1.13067,1.13067,1.13067,1.13067,1.13067,1.13067,1.13067,1.13067,1.13067,1.13067,1.13067,1.13067,1.13067,1.13067,18,6,5
0.842333,1.197,1.35217,1.25242,1.02521,0.798,0.9975,0.89775,0.798,0.798,0.798,0.798,0.798,1.21917,1.05292,0.886667,0.953167,0.875583,0.798,1.30783,1.29675,1.33554,1.06677,0.798,1.17483,1.00858,0.842333,1.17483,0.986417,0.798,0.798,0.798,0.931,1.15267,1.04183,1.07508,1.26904,1.12219,1.20393,1.20046,1.04357,0.886667,1.08617,0.96425,0.842333,1.10833,1.01967,1.10833,1.21917,1.07508,1.13604,1.25519,1.07093,0.886667,1.08617,0.96425,0.842333,1.15267,0.9975,0.842333,1.064,1.17483,1.20808,1.26904,1.32169,1.23718,1.30576,1.11838,1.06902,1.26601,1.03201,0.798,1.064,1.15267,1.197,1.28567,1.35217,1.23025,1.34662,1.20531,1.15682,1.22124,1.00962,0.798,0.9975,1.27458,1.21362,1.33831,1.13466,0.966328,0.798,1.1305,1.25242,1.24687,1.26627,1.0543,0.842333,1.41867,1.2635,1.05292,0.842333,1.04183,1.11942,1.20254,1.19977,1.22055,1.03144,0.842333,0.842333,0.842333,1.01967,1.33,1.64033,1.07448,1.07448,1.07448,1.07448,1.07448,1.07448,1.07448,1.07448,1.07448,1.07448,1.07448,1.07448,1.07448,1.07448,1.07448,1.07448,1.07448,1.07448,1.07448,1.07448,6,0,1
0.931,0.842333,0.886667,1.1305,1.11942,1.22471,1.07785,1.22609,1.01205,0.798,1.04183,0.986417,1.02521,1.02244,0.954552,0.886667,0.908833,0.986417,1.04737,1.03352,1.04876,0.98988,1.04911,0.923553,0.798,0.842333,0.798,0.842333,0.886667,0.953167,0.96425,1.16929,1.05015,0.968406,0.886667,1.04183,0.96425,0.886667,0.9975,0.89775,0.798,0.953167,1.05292,1.25796,1.36048,1.19007,1.19354,0.995768,0.798,0.886667,1.064,0.975333,0.886667,0.953167,0.89775,0.842333,0.842333,1.01967,0.9975,0.942083,0.886667,0.975333,1.2635,1.05292,0.842333,0.886667,0.908833,0.853417,0.798,0.820167,0.842333,0.886667,0.908833,0.875583,0.842333,0.886667,0.886667,0.886667,0.8645,0.842333,0.953167,1.20808,1.37987,1.42144,1.10972,0.798,0.842333,0.908833,0.919917,1.14712,0.972562,0.798,0.820167,0.842333,0.842333,0.842333,0.886667,0.886667,0.886667,0.842333,0.842333,0.975333,1.08617,1.11942,1.33554,1.1776,1.27597,1.23648,1.01724,0.798,0.798,0.798,0.820167,0.842333,0.820167,0.798,0.842333,0.798,0.798,0.798,0.8645,0.919917,0.925458,0.861729,0.798,1.04183,1.28567,0.960638,0.960638,0.960638,0.960638,0.960638,0.960638,12,3,4
0.931,0.798,0.820167,0.842333,0.886667,0.8645,0.842333,0.931,0.8645,0.798,0.953167,0.875583,0.798,1.1305,1.00858,0.886667,1.08617,0.942083,0.798,1.17483,1.27458,1.45746,1.4159,1.48378,1.51772,1.29086,1.11093,1.24263,1.17548,0.986741,0.798,1.064,0.9975,1.00858,1.03629,0.983646,1.02382,1.06608,0.932039,0.798,0.842333,0.886667,1.1305,0.96425,0.798,1.197,0.9975,0.798,0.798,0.820167,0.842333,0.798,0.886667,0.953167,0.89775,0.842333,0.798,0.953167,1.25242,1.26904,1.12219,0.98226,0.842333,0.8645,0.886667,0.842333,1.10833,1.24133,1.3965,1.38542,1.09171,0.798,0.953167,0.875583,0.798,1.04183,1.20808,1.35771,1.14435,1.34801,1.13951,0.968753,0.798,0.798,0.798,0.842333,1.197,1.28567,1.37433,1.35217,1.54058,1.32446,1.2164,1.0072,0.798,1.064,1.197,1.01967,0.842333,0.886667,1.24133,1.15267,1.24133,1.197,1.15267,1.37433,1.08617,0.798,0.798,1.2635,1.40758,1.43529,1.31615,1.05707,0.798,0.9975,1.197,1.04165,1.04165,1.04165,1.04165,1.04165,1.04165,1.04165,1.04165,1.04165,1.04165,1.04165,1.04165,1.04165,1.04165,1.04165,1.04165,18,7,12
1.28567,1.33,1.30783,1.38542,1.46854,1.3106,1.29814,1.33623,1.44395,1.36481,1.4139,1.43845,1.40639,1.39036,1.40451,1.38942,1.38188,1.46677,1.37622,1.41961,1.4413,1.45215,1.45758,1.59329,1.48381,1.14091,0.798,0.842333,1.10833,1.24133,1.30783,1.47408,1.40204,1.49902,1.43668,1.40551,1.54509,1.59271,1.37269,1.46218,1.41826,1.44063,1.49615,1.52391,1.53779,1.41173,1.52603,1.36152,1.07976,0.798,1.04183,1.03075,1.04737,1.16652,1.00443,0.842333,1.15267,1.04183,0.919917,0.798,0.8645,0.942083,1.18037,1.01135,0.842333,0.886667,0.842333,0.842333,1.10833,1.33,1.463,1.35217,1.40758,1.32446,1.32723,1.35078,1.34039,1.4017,1.34368,1.22601,1.0785,1.22642,1.05654,0.886667,1.24133,1.44083,1.36325,1.16929,1.18315,1.27874,1.23787,1.1731,1.20722,1.20211,1.19955,1.24261,1.10897,1.10865,1.19716,1.10841,1.08621,1.05294,1.01967,1.24827,1.24827,1.24827,1.24827,1.24827,1.24827,1.24827,1.24827,1.24827,1.24827,1.24827,1.24827,1.24827,1.24827,1.24827,1.24827,1.24827,1.24827,1.24827,1.24827,1.24827,1.24827,1.24827,1.24827,1.24827,1.24827,1.24827,1.24827,1.24827,1.24827,10,3,6
1.10833,1.24133,1.197,1.28567,1.1305,1.20808,1.40204,1.10002,0.798,0.975333,0.931,0.886667,1.064,1.197,1.28567,1.33,1.17483,1.23025,1.16929,1.18315,1.12357,1.27112,1.03456,0.798,0.908833,1.11942,1.24687,1.3106,1.40897,1.41382,1.46058,1.43962,1.14098,0.842333,1.064,1.17483,1.25242,1.40204,1.43252,1.22609,1.30021,1.33727,1.4888,1.3429,1.40295,1.38864,1.24849,1.06758,0.886667,0.886667,1.21917,1.00858,0.798,0.842333,1.1305,1.14158,0.969792,0.798,0.842333,0.886667,1.15267,1.2635,1.23025,1.23579,1.2164,1.36186,1.14643,0.994383,0.842333,0.842333,1.1305,1.18592,1.34662,1.27181,1.34524,1.29329,1.37814,1.17674,1.25337,1.18085,0.989426,0.798,0.953167,1.25242,1.18037,1.23302,1.32584,1.30576,1.27354,1.34611,1.31589,1.38944,1.31539,1.43353,1.24876,1.28938,1.24319,1.24226,1.2418,1.26373,1.2747,1.34668,1.29401,1.2455,1.33209,1.26454,1.11994,0.975333,1.17869,1.17869,1.17869,1.17869,1.17869,1.17869,1.17869,1.17869,1.17869,1.17869,1.17869,1.17869,1.17869,1.17869,1.17869,1.17869,1.17869,1.17869,1.17869,1.17869,1.17869,1.17869,1.17869,1.17869,1.17869,8,7,5
1.01967,1.197,1.2635,1.36325,1.08062,0.798,0.842333,1.08617,1.14158,1.25796,1.31615,1.19007,1.30437,1.20635,1.33468,1.288,1.2425,1.13108,1.00888,0.886667,0.842333,1.10833,1.10833,1.37433,1.50733,1.21917,1.11942,1.29121,1.28844,1.08755,0.886667,0.842333,1.01967,1.2635,1.16375,1.33554,1.22194,1.29814,1.24757,1.28878,1.30939,1.27536,1.23618,1.41609,1.28438,1.41802,1.30751,1.27442,1.21354,1.31611,1.25655,1.33761,1.22297,1.03265,0.842333,0.842333,0.886667,1.10833,1.064,1.1305,1.23025,1.21362,1.29398,1.20116,1.35424,1.31996,1.34714,1.11691,0.886667,0.842333,1.064,1.21917,1.23025,1.28012,1.2164,1.31753,1.25727,1.3158,1.36723,1.32645,1.26172,1.02986,0.798,0.798,1.197,1.24133,1.28567,1.35217,1.27458,1.21362,1.27181,1.07924,0.886667,0.931,1.15267,1.28567,1.24133,1.01967,0.798,1.17483,1.27458,1.19146,1.0169,0.842333,0.842333,0.953167,1.07508,1.29121,1.50733,1.16455,1.16455,1.16455,1.16455,1.16455,1.16455,1.16455,1.16455,1.16455,1.16455,1.16455,1.16455,1.16455,1.16455,1.16455,1.16455,1.16455,1.16455,1.16455,1.16455,1.16455,1.16455,1.16455,1.16455,8,4,2
1.50733,1.64033,1.28567,1.55167,1.30783,1.16375,1.06954,1.06677,1.24272,1.04253,0.842333,0.886667,0.953167,1.03075,1.29121,1.19977,1.33139,1.21986,1.40793,1.2138,1.09457,0.96845,0.842333,1.04183,1.09725,1.47962,1.31615,1.25657,1.47062,1.46681,1.57574,1.60804,1.73502,1.35518,1.56425,1.33629,1.20015,1.04341,0.886667,0.798,0.842333,0.886667,0.931,0.931,1.30783,1.56275,1.29121,1.15544,1.46439,1.26419,1.18626,1.32463,1.61548,1.33974,1.40137,1.16619,1.18159,1.21146,1.0934,1.0787,0.960516,0.842333,0.842333,0.842333,1.197,1.37433,1.24133,1.21917,1.09725,1.10279,1.2164,1.1402,1.12427,1.0498,0.9904,0.8942,0.798,1.01967,1.24133,1.04183,0.842333,1.10833,0.975333,0.842333,1.01967,0.908833,0.798,0.953167,1.07508,1.04737,1.29952,1.24826,1.53296,1.25415,1.29207,1.04504,0.798,0.842333,0.886667,0.842333,1.1305,1.25242,1.46854,1.28844,1.10972,1.04253,1.07543,1.60171,2.128,1.17039,1.17039,1.17039,1.17039,1.17039,1.17039,1.17039,1.17039,1.17039,1.17039,1.17039,1.17039,1.17039,1.17039,1.17039,1.17039,1.17039,1.17039,1.17039,1.17039,1.17039,1.17039,1.17039,1.17039,0,1,2
0.886667,1.17483,1.23025,1.21362,1.00581,0.798,1.08617,1.29675,1.13604,1.01135,0.886667,1.10833,0.953167,0.798,1.17483,1.23025,1.32446,1.32723,1.32861,1.08547,0.842333,1.064,1.01967,1.197,1.30783,1.09725,0.886667,0.842333,0.798,0.886667,1.21917,1.25242,1.31337,1.41035,1.30368,1.09517,0.886667,0.908833,1.09725,1.10279,1.2829,1.06261,0.842333,0.975333,0.908833,0.842333,0.842333,0.842333,1.01967,1.21917,1.03075,0.842333,1.15267,1.33,1.15267,0.975333,0.798,1.15267,1.30783,1.05292,0.798,0.9975,0.89775,0.798,1.01967,1.1305,0.96425,0.798,1.17483,1.38542,1.42421,1.3771,1.44222,1.47478,1.15855,0.842333,0.931,1.10833,0.9975,0.886667,1.10833,1.01967,1.01967,1.21917,1.34108,1.33554,1.5101,1.50872,1.57453,1.3636,1.1473,1.17215,1.29541,1.0467,0.798,0.798,0.798,1.01967,1.28567,1.463,1.37433,1.08617,0.798,0.820167,0.842333,1.04183,0.919917,0.798,0.9975,1.20808,1.35771,1.50733,1.09289,1.09289,1.09289,1.09289,1.09289,1.09289,1.09289,1.09289,1.09289,1.09289,1.09289,1.09289,1.09289,1.09289,1.09289,1.09289,1.09289,1.09289,1.09289,1.09289,1.09289,2,1,4
0.975333,0.975333,1.08617,0.96425,0.842333,0.8645,0.886667,0.908833,1.25242,1.13604,1.36602,1.14851,1.41659,1.15163,0.886667,0.931,1.28567,1.1305,1.34108,1.13604,1.43252,1.20393,1.39996,1.16548,1.40291,1.16695,1.44798,1.21166,1.44816,1.18958,1.34846,1.13973,1.39003,1.16052,1.42259,1.2433,1.33098,1.15316,1.33025,1.26362,1.11948,0.980906,0.842333,0.931,1.21917,1.05292,0.886667,0.908833,1.27458,1.10279,1.32723,1.19561,1.37364,1.17449,1.40741,1.19137,1.46019,1.21776,1.45121,1.23544,1.21622,1.09578,1.36805,1.17169,1.49468,1.25717,1.49309,1.27854,1.32644,1.23955,1.26261,1.20764,1.40182,1.25508,1.3812,1.24477,1.37605,1.17569,1.20851,1.15842,1.28854,1.13194,1.29747,1.18073,1.2997,1.51435,1.40001,1.34284,1.20342,1.28888,1.1986,1.3308,1.24173,1.3302,1.1971,1.30788,1.09728,0.886667,0.975333,1.28567,1.10833,1.33,1.197,1.064,1.21156,1.21156,1.21156,1.21156,1.21156,1.21156,1.21156,1.21156,1.21156,1.21156,1.21156,1.21156,1.21156,1.21156,1.21156,1.21156,1.21156,1.21156,1.21156,1.21156,1.21156,1.21156,1.21156,1.21156,1.21156,1.21156,1.21156,1.21156,1.21156,4,0,1
0.798,1.41867,1.33,1.463,1.35217,1.36325,1.32446,1.3494,1.22886,1.19077,1.03872,0.886667,1.48517,1.25242,1.42421,1.28844,1.30922,1.25311,1.38022,1.28861,1.39797,1.09799,0.798,1.5295,1.27458,1.65696,1.40481,1.50041,1.3487,1.36152,1.27926,1.41546,1.3284,1.70603,1.31852,1.47942,1.42688,1.44494,1.32097,1.36982,1.32774,1.52837,1.38485,1.80076,1.41021,1.45877,1.35005,1.36219,1.25743,1.40455,1.32294,1.39297,1.25065,1.40116,1.32125,1.34779,1.29456,1.57828,1.32114,1.7024,1.3832,1.7556,1.4098,1.54723,1.34995,1.31781,1.34607,1.53754,1.3451,1.64788,1.40028,1.56464,1.40299,1.43299,1.315,1.36683,1.32625,1.54979,1.3734,1.77286,1.39627,1.47397,1.33548,1.39924,1.34245,1.73523,1.37745,1.73056,1.46378,1.55206,1.35236,1.20818,1.13609,1.064,1.38102,1.38102,1.38102,1.38102,1.38102,1.38102,1.38102,1.38102,1.38102,1.38102,1.38102,1.38102,1.38102,1.38102,1.38102,1.38102,1.38102,1.38102,1.38102,1.38102,1.38102,1.38102,1.38102,1.38102,1.38102,1.38102,1.38102,1.38102,1.38102,1.38102,1.38102,1.38102,1.38102,1.38102,1.38102,1.38102,1.38102,1.38102,1.38102,0,0,0
1.24133,1.30783,1.38542,1.24687,1.46577,1.42005,1.39719,1.38576,1.51305,1.42152,1.44226,1.4748,1.38023,1.51028,1.55314,1.39724,1.40795,1.34681,1.31624,1.45612,1.41523,1.48345,1.34022,1.46811,1.37689,1.53078,1.49689,1.54644,1.46039,1.55036,1.44018,1.34076,1.33538,1.24402,1.28701,1.28634,1.33034,1.28583,1.28575,1.41871,1.39652,1.38543,1.40205,1.27736,1.23718,1.12842,1.29571,1.31286,1.36576,1.28138,1.32786,1.2846,1.35163,1.34082,1.31324,1.38812,1.35906,1.32236,1.32618,1.23942,1.24038,1.24086,1.30759,1.27446,1.3244,1.3272,1.37293,1.3293,1.30748,1.23007,1.2357,1.17202,1.22884,1.23509,1.28254,1.23977,1.28489,1.28528,1.28547,1.28557,1.30778,1.38539,1.33553,1.26626,1.2538,1.18107,1.2112,1.15977,1.24488,1.22094,1.2533,1.31382,1.29974,1.2927,1.26702,1.20984,1.18125,1.25563,1.33,1.3312,1.3312,1.3312,1.3312,1.3312,1.3312,1.3312,1.3312,1.3312,1.3312,1.3312,1.3312,1.3312,1.3312,1.3312,1.3312,1.3312,1.3312,1.3312,1.3312,1.3312,1.3312,1.3312,1.3312,1.3312,1.3312,1.3312,1.3312,1.3312,1.3312,1.3312,1.3312,1.3312,1.3312,10,4,4
1.197,1.01967,0.842333,0.886667,1.15267,1.197,1.41867,1.197,1.37433,1.28567,1.50733,1.2635,1.45192,1.23579,1.37156,1.32861,1.28497,1.41832,1.10816,0.798,0.820167,0.842333,1.17483,1.47408,1.24687,1.33277,1.35355,1.54128,1.2583,1.53799,1.30099,1.1825,1.03458,0.886667,1.35217,1.16375,1.42421,1.22194,1.3203,1.34732,1.53816,1.27891,1.45962,1.21748,1.34024,1.26862,1.45448,1.23707,1.19487,0.996435,0.798,1.21917,1.14158,1.36879,1.2829,1.17345,1.05222,1.03595,1.38247,1.20107,1.4872,1.2091,1.46905,1.26653,1.2761,1.30305,1.22786,1.34543,1.33771,1.35602,1.58685,1.25892,1.49396,1.25681,1.55941,1.22304,0.886667,0.908833,0.875583,0.842333,0.886667,1.35217,1.16375,1.42421,1.19977,1.35355,1.29744,1.35805,1.36619,1.4811,1.27255,1.21261,1.11614,1.24524,1.28762,1.55264,1.26399,1.45216,1.25808,1.40487,1.27877,1.28222,1.28567,1.25013,1.25013,1.25013,1.25013,1.25013,1.25013,1.25013,1.25013,1.25013,1.25013,1.25013,1.25013,1.25013,1.25013,1.25013,1.25013,1.25013,1.25013,1.25013,1.25013,1.25013,1.25013,1.25013,1.25013,1.25013,1.25013,1.25013,1.25013,1.25013,1.25013,8,4,0
0.798,0.8645,0.919917,0.991958,1.27181,1.43391,1.27112,1.52223,1.33745,1.53322,1.29861,1.46947,1.24457,1.48678,1.18673,0.886667,0.908833,1.23025,1.23579,1.4824,1.22886,1.1021,0.994383,0.886667,1.24133,1.01967,0.798,0.798,0.931,0.975333,1.04183,1.25242,1.26904,1.21085,1.33693,1.28913,1.39823,1.18678,1.14756,1.01711,0.886667,0.975333,0.931,0.886667,0.886667,0.886667,0.953167,0.942083,0.936542,1.00027,0.965635,1.30298,1.20566,1.29,1.22133,1.3865,1.18092,1.47712,1.5144,1.46653,1.4426,1.5858,1.2584,1.33853,1.06827,0.798,0.9975,1.27458,1.16929,1.44915,1.34524,1.07162,0.798,0.820167,0.842333,0.975333,1.21917,1.07508,1.15821,1.08894,1.20947,1.2254,1.4772,1.24843,1.40005,1.32069,1.48051,1.27226,1.34546,1.20473,1.3117,1.18785,1.39192,1.2723,1.03515,0.798,0.842333,0.9975,0.919917,0.842333,0.9975,0.942083,0.886667,1.2635,1.20808,1.24687,1.3106,1.37433,1.15356,1.15356,1.15356,1.15356,1.15356,1.15356,1.15356,1.15356,1.15356,1.15356,1.15356,1.15356,1.15356,1.15356,1.15356,1.15356,1.15356,1.15356,1.15356,1.15356,1.15356,1.15356,1.15356,1.15356,1.15356,0,0,0
0.975333,0.9975,1.49625,1.19146,0.886667,0.975333,1.1305,1.25242,1.46854,1.22194,1.20947,1.2919,1.53262,1.25398,1.60232,1.33316,1.66408,1.38621,1.31377,1.10022,0.886667,0.908833,1.51842,1.26904,1.60985,1.31476,1.27805,1.37052,1.61626,1.2958,1.3129,1.05545,0.798,0.975333,0.908833,0.842333,1.30783,1.16375,1.22471,1.27735,1.43668,1.16167,0.886667,0.908833,1.45192,1.30229,1.53781,1.32307,1.5482,1.28393,1.59513,1.3074,1.29653,1.06943,0.842333,1.04183,0.96425,0.886667,1.35217,1.20808,1.46854,1.22194,1.27597,1.16998,1.56033,1.29,1.53166,1.2535,1.55775,1.31087,1.29827,1.04814,0.798,1.3965,1.25242,1.22471,1.01135,0.798,1.064,0.9975,1.09725,1.23579,1.26073,1.2732,1.52327,1.2493,1.48915,1.25441,1.4252,1.2446,1.24297,1.24215,1.48558,1.25262,1.49081,1.72074,1.25937,0.798,0.975333,1.15267,1.23826,1.23826,1.23826,1.23826,1.23826,1.23826,1.23826,1.23826,1.23826,1.23826,1.23826,1.23826,1.23826,1.23826,1.23826,1.23826,1.23826,1.23826,1.23826,1.23826,1.23826,1.23826,1.23826,1.23826,1.23826,1.23826,1.23826,1.23826,1.23826,1.23826,1.23826,1.23826,1.23826,0,0,1
1.15267,1.15267,1.15267,1.17483,1.16375,1.22471,1.18869,1.25934,1.20601,1.2015,1.15492,1.19813,1.06456,1.06428,1.08631,1.16382,1.13608,1.21087,1.13744,1.16722,1.11561,1.13414,1.09907,1.12587,1.13927,1.1903,1.12715,1.16208,1.1352,1.18827,1.10397,1.08398,1.05183,1.10225,0.994456,0.886667,0.908833,1.00858,1.01412,1.12773,1.02936,1.02452,0.955591,0.886667,0.931,0.9975,0.942083,0.886667,0.953167,1.00858,0.947625,0.886667,0.886667,0.886667,0.931,1.04183,1.00858,1.05846,1.03906,1.05153,0.991266,1.07197,1.00148,1.05491,1.03729,1.09498,1.07949,1.13824,1.16762,1.16014,1.08991,1.09912,1.05939,1.15036,1.06285,1.15209,1.13021,1.14144,1.14705,1.17203,1.11801,1.15751,1.04425,1.07629,1.04798,1.10032,1.05999,1.1285,1.11842,1.17987,1.16627,1.18164,1.14498,1.12666,1.07316,1.09075,1.01087,1.08177,1.05072,1.07953,1.0496,1.10113,1.14907,1.15087,1.15177,1.15222,1.10811,1.15255,1.13044,1.18589,1.14711,1.17206,1.20669,1.17968,1.16617,1.15942,1.13388,1.20977,1.04822,0.886667,1.09161,1.09161,1.09161,1.09161,1.09161,1.09161,1.09161,1.09161,1.09161,1.09161,1.09161,1.09161,1.09161,4,2,0
0.842333,1.1305,1.05292,1.10279,1.23856,1.23995,1.19631,1.30749,1.18574,1.16921,1.2496,1.0238,0.798,1.08617,1.07508,1.09171,1.23302,1.23718,1.19492,1.28463,1.15215,1.15241,1.2412,1.52944,1.27455,1.14711,1.14989,1.26211,1.27389,1.23544,1.28272,1.15119,1.15193,1.26313,1.49607,1.41303,1.12768,0.842333,1.08617,1.14158,1.14712,1.23856,1.26211,1.22956,1.30195,1.07214,0.842333,1.10833,1.35217,1.23025,1.08062,1.13881,1.25657,1.31545,1.25623,1.31528,1.16747,1.1379,1.25612,1.49256,1.41128,1.12681,0.842333,1.10833,1.08617,1.14158,1.25796,1.27181,1.23441,1.2822,1.21743,1.20722,1.29078,1.50989,1.44211,1.58556,1.47994,1.24981,1.2234,1.29887,1.31443,1.25572,1.31503,1.36685,1.25976,1.33921,1.55627,1.4653,1.55282,1.46358,1.19729,1.19714,1.28574,1.17487,1.0751,1.22472,1.25519,1.24826,1.28913,1.0879,0.886667,1.10833,1.463,1.41867,1.37433,1.22627,1.22627,1.22627,1.22627,1.22627,1.22627,1.22627,1.22627,1.22627,1.22627,1.22627,1.22627,1.22627,1.22627,1.22627,1.22627,1.22627,1.22627,1.22627,1.22627,1.22627,1.22627,1.22627,1.22627,1.22627,1.22627,1.22627,1.22627,6,5,2
1.24133,1.3965,1.51842,1.49071,1.49902,1.41451,1.41659,1.30679,1.34056,1.26878,1.32156,1.23711,1.30572,1.22919,1.30176,1.22722,1.25644,1.24889,1.31161,1.52031,1.35865,1.36649,1.32608,1.21721,1.31794,1.3683,1.21615,1.29524,1.31262,1.18831,0.993155,0.798,1.04183,1.23025,1.41312,1.39373,1.38403,1.42352,1.35459,1.7413,1.44698,1.83182,1.47008,1.42221,1.3096,1.1868,1.36923,1.48262,1.49498,1.47899,1.47099,1.5335,1.47608,1.60254,1.39977,1.43139,1.38069,1.26668,1.27617,1.52475,1.51604,1.51169,1.44301,1.54167,1.325,1.37183,1.39525,1.27396,1.36848,1.59307,1.5502,1.52877,1.47372,1.40186,1.4546,1.37013,1.43873,1.6282,1.50127,1.39347,1.2509,1.33478,1.39889,1.27578,1.32506,1.37186,1.26226,1.3848,1.4904,1.4102,1.25927,1.1838,1.30123,1.27128,1.24133,1.3715,1.3715,1.3715,1.3715,1.3715,1.3715,1.3715,1.3715,1.3715,1.3715,1.3715,1.3715,1.3715,1.3715,1.3715,1.3715,1.3715,1.3715,1.3715,1.3715,1.3715,1.3715,1.3715,1.3715,1.3715,1.3715,1.3715,1.3715,1.3715,1.3715,1.3715,1.3715,1.3715,1.3715,1.3715,1.3715,1.3715,1.3715,0,0,0
0.975333,0.931,0.886667,1.17483,1.27458,1.19146,1.32723,1.08478,0.842333,0.9975,1.25242,1.46854,1.33277,1.39789,1.56344,1.38022,1.39944,1.34256,1.20328,1.33314,1.1099,0.886667,1.17483,1.07508,1.06954,1.2441,1.28705,1.21986,1.34143,1.24705,1.19986,1.2871,1.04255,0.798,1.1305,0.986417,0.842333,1.10833,1.10833,1.1305,1.23025,1.01412,0.798,1.08617,1.20808,1.18037,1.34385,1.11526,0.886667,1.17483,1.05292,1.05846,1.26073,1.2067,1.17968,1.29917,1.33675,1.26688,1.34277,1.18122,1.10044,1.23739,1.10636,1.10735,1.21867,1.14134,1.147,1.26067,1.16233,1.1575,1.62058,1.36446,1.3694,1.10586,0.842333,1.08617,1.09725,1.12496,1.27181,1.30091,1.24895,1.71064,1.45382,1.85741,1.57154,1.51727,1.29063,1.22165,1.20933,1.181,1.10033,1.14867,1.01767,0.886667,1.15267,1.15267,1.10833,1.2635,1.34108,1.22471,1.29952,1.15959,1.1783,1.25415,1.09257,1.05612,1.01967,1.19078,1.19078,1.19078,1.19078,1.19078,1.19078,1.19078,1.19078,1.19078,1.19078,1.19078,1.19078,1.19078,1.19078,1.19078,1.19078,1.19078,1.19078,1.19078,1.19078,1.19078,1.19078,1.19078,1.19078,1.19078,1.19078,16,6,4
1.197,1.33,1.35217,1.42975,1.46854,1.4436,1.49764,1.28082,1.28324,1.43962,1.36264,1.50149,1.43791,1.58346,1.43456,1.20495,1.13447,1.16574,1.46954,1.42193,1.50897,1.59682,1.48558,1.38562,1.55731,1.44366,1.47549,1.46925,1.35529,1.34265,1.49149,1.67674,1.41471,1.43885,1.51743,1.49021,1.47661,1.4698,1.44423,1.23195,1.30314,1.38307,1.35654,1.3876,1.2923,1.24465,1.24299,1.24216,1.28608,1.30804,1.23035,1.36884,1.32726,1.28429,1.08548,0.886667,1.08617,0.96425,0.842333,1.08617,1.27458,1.32446,1.37156,1.61678,1.45122,1.43495,1.47114,1.42274,1.50937,1.53052,1.47459,1.42446,1.4659,1.42012,1.39722,1.36361,1.39114,1.29407,1.31203,1.36535,1.36984,1.34992,1.38429,1.22415,1.23274,1.34787,1.4276,1.35663,1.45415,1.39208,1.3167,1.30119,1.35993,1.5223,1.29315,1.064,1.36075,1.36075,1.36075,1.36075,1.36075,1.36075,1.36075,1.36075,1.36075,1.36075,1.36075,1.36075,1.36075,1.36075,1.36075,1.36075,1.36075,1.36075,1.36075,1.36075,1.36075,1.36075,1.36075,1.36075,1.36075,1.36075,1.36075,1.36075,1.36075,1.36075,1.36075,1.36075,1.36075,1.36075,1.36075,1.36075,1.36075,6,3,3
1.64033,1.5295,1.31892,1.50179,1.32723,1.32861,1.35147,1.5624,1.3797,1.08885,0.798,0.798,0.975333,1.2635,1.47408,1.35771,1.49902,1.30368,1.29467,1.11284,1.11058,1.44196,1.29731,1.64616,1.37724,1.75262,1.49698,1.43566,1.27199,1.168,1.22683,1.18975,1.19337,1.52769,1.36234,1.30184,1.09425,0.886667,1.21917,1.29675,1.31337,1.18869,1.14851,1.52742,1.31788,1.67861,1.4378,1.40607,1.14637,0.886667,1.08617,1.09725,1.14712,1.23856,1.12911,1.14089,1.45711,1.30489,1.64994,1.35697,1.67599,1.41433,1.50516,1.30675,1.60654,1.40177,1.56539,1.33686,1.71026,1.43146,1.75757,1.47728,1.60314,1.42224,1.53129,1.38631,1.64632,1.35516,1.63075,1.39171,1.69335,1.46734,1.68684,1.53059,1.56329,1.42448,1.57674,1.38687,1.69093,1.44397,1.74165,1.44716,1.80975,1.50337,1.197,1.38086,1.38086,1.38086,1.38086,1.38086,1.38086,1.38086,1.38086,1.38086,1.38086,1.38086,1.38086,1.38086,1.38086,1.38086,1.38086,1.38086,1.38086,1.38086,1.38086,1.38086,1.38086,1.38086,1.38086,1.38086,1.38086,1.38086,1.38086,1.38086,1.38086,1.38086,1.38086,1.38086,1.38086,1.38086,1.38086,1.38086,1.38086,0,0,0
1.37433,1.41867,1.37433,1.5295,1.40758,1.36879,1.10556,0.842333,0.886667,0.908833,0.919917,1.16929,1.22748,1.27874,1.06054,0.842333,0.886667,0.842333,0.798,0.798,1.24133,1.35217,1.31892,1.36879,1.46023,1.35078,1.07439,0.798,1.08617,0.942083,0.798,1.064,1.24133,1.5295,1.38542,1.24687,1.06677,0.886667,0.9975,0.89775,0.798,0.886667,1.064,1.15267,1.24133,1.01967,0.798,0.798,1.01967,1.28567,1.2635,1.03075,0.798,1.1305,1.31892,1.36879,1.46023,1.43945,1.45122,1.36845,1.10539,0.842333,1.10833,1.3965,1.38542,1.35771,1.38819,1.35909,1.43321,1.22644,1.34472,1.29303,1.75485,1.67542,1.28105,0.886667,1.1305,1.27458,1.34662,1.33831,1.35632,1.29883,1.33658,1.37762,1.35381,1.36407,1.25837,1.27202,1.34534,1.22684,1.34492,1.31529,1.36698,1.30416,1.40574,1.30137,1.36002,1.27851,1.30425,1.29496,1.31248,1.32124,1.30345,1.28567,1.20632,1.20632,1.20632,1.20632,1.20632,1.20632,1.20632,1.20632,1.20632,1.20632,1.20632,1.20632,1.20632,1.20632,1.20632,1.20632,1.20632,1.20632,1.20632,1.20632,1.20632,1.20632,1.20632,1.20632,1.20632,1.20632,1.20632,1.20632,1.20632,0,0,0
1.24133,1.30783,1.07508,0.842333,1.01967,0.931,0.842333,1.064,0.931,0.798,1.1305,1.27458,1.39096,1.53781,1.74424,1.44845,1.41139,1.2377,1.19518,1.52859,1.4293,1.42398,1.11099,0.798,1.04183,1.14158,1.03629,1.18315,1.12357,1.11595,1.02348,0.910738,0.798,1.01967,1.01967,0.975333,1.08617,1.14158,1.12496,1.16098,1.09032,1.07716,1.18141,1.16704,1.09335,1.16734,1.24867,1.1785,1.23208,1.03721,0.842333,1.08617,0.986417,0.886667,1.08617,1.05292,1.14712,1.23856,1.12911,1.09656,1.19111,1.06106,1.06253,1.21843,1.18555,1.16911,1.20522,1.22328,1.14364,1.30332,1.05066,0.798,1.01967,1.064,1.04183,1.16375,1.18037,1.14435,1.19284,1.12842,1.14054,1.16877,0.983386,0.798,1.064,1.04183,1.09725,1.41312,1.30506,1.4062,1.58977,1.39338,1.14002,0.886667,1.04183,0.96425,0.886667,1.064,0.931,0.798,1.01967,0.9975,1.11942,1.15821,1.15544,1.17622,1.16444,1.18072,1.10019,1.19293,1.06197,1.04082,1.01967,1.12115,1.12115,1.12115,1.12115,1.12115,1.12115,1.12115,1.12115,1.12115,1.12115,1.12115,1.12115,1.12115,1.12115,1.12115,1.12115,1.12115,1.12115,1.12115,1.12115,4,0,0
0.798,1.064,1.064,1.10833,1.1305,0.96425,0.798,1.04183,0.919917,0.798,1.064,1.01967,1.01967,1.197,1.21917,1.18592,1.65696,1.40481,1.41174,1.17137,1.13985,1.21276,1.04971,0.886667,1.10833,1.197,1.17483,1.25242,1.29121,1.22194,1.29814,1.18107,1.16687,1.22627,1.2338,1.19323,1.28378,1.30689,1.27411,1.30206,1.38253,1.2676,1.2988,1.15923,1.11162,1.22081,1.23107,1.19187,1.23877,1.26222,1.22961,1.6788,1.39357,1.76078,1.39023,1.36011,1.36722,1.21561,1.71614,1.41224,1.34895,1.27298,1.14632,1.61499,1.406,1.58967,1.30467,1.2065,1.37908,1.13287,0.886667,1.10833,0.953167,0.798,1.1305,1.31892,1.16929,1.29398,1.44499,1.23233,1.23683,1.48292,1.40646,1.34606,1.24936,1.33402,1.39851,1.20909,1.31388,1.18894,1.19297,1.23932,1.08516,1.14108,1.27987,1.34927,1.20663,1.26832,1.21049,1.22591,1.63262,1.39264,1.36132,1.07966,0.798,1.23138,1.23138,1.23138,1.23138,1.23138,1.23138,1.23138,1.23138,1.23138,1.23138,1.23138,1.23138,1.23138,1.23138,1.23138,1.23138,1.23138,1.23138,1.23138,1.23138,1.23138,1.23138,1.23138,1.23138,1.23138,1.23138,1.23138,1.23138,6,1,4
1.28567,1.2635,1.34108,1.35771,1.38819,1.29259,1.3113,1.20982,1.31424,1.21129,1.33714,1.20057,1.28745,1.26439,1.31936,1.23601,1.28301,1.1735,1.20742,1.11354,1.17744,1.14289,1.25861,1.1613,1.20132,1.02183,0.842333,1.01967,1.197,1.28567,1.30783,1.31892,1.30229,1.29398,1.33416,1.24341,1.33104,1.26402,1.31918,1.28025,1.32729,1.26215,1.25174,1.2687,1.27719,1.25926,1.29463,1.24581,1.11057,1.08729,1.16431,1.15849,1.22208,1.20954,1.22544,1.23338,1.25953,1.25043,1.29021,1.28794,1.2203,1.09782,1.19174,1.2387,1.28435,1.21851,1.31859,1.23563,1.28281,1.32857,1.39579,1.29639,1.35753,1.27727,1.2593,1.22815,1.30124,1.20479,1.31173,1.12136,1.27002,1.10051,1.14875,1.15071,1.19602,1.19651,1.30759,1.18579,1.21356,1.16095,1.20114,1.15474,1.19804,1.17535,1.20834,1.1805,1.12225,1.02663,1.22265,1.16549,1.02608,0.886667,1.1305,1.18592,1.34662,1.50733,1.22855,1.22855,1.22855,1.22855,1.22855,1.22855,1.22855,1.22855,1.22855,1.22855,1.22855,1.22855,1.22855,1.22855,1.22855,1.22855,1.22855,1.22855,1.22855,1.22855,1.22855,1.22855,1.22855,1.22855,1.22855,1.22855,1.22855,10,1,7
1.28567,1.28567,1.2635,1.36325,1.39096,1.33831,1.37849,1.37641,1.41971,1.41919,1.33026,1.2193,1.34115,1.26907,1.3882,1.33694,1.42213,1.4204,1.7077,1.29718,0.886667,1.08617,1.36325,1.21362,1.24965,1.33416,1.39858,1.38646,1.24739,1.17786,1.2761,1.28088,1.37194,1.3288,1.41807,1.37403,1.44068,1.31884,1.36875,1.32721,1.37294,1.35147,1.47373,1.3132,1.36593,1.37013,1.37223,1.21812,1.29623,1.29095,1.33264,1.33132,1.37499,1.3525,1.42991,1.33562,1.46581,1.33141,1.3972,1.27493,1.36897,1.30515,1.45058,1.36812,1.39339,1.38386,1.3791,1.35455,1.36444,1.32505,1.32753,1.2401,1.35155,1.36294,1.3908,1.3604,1.36737,1.30435,1.38368,1.26817,1.34342,1.29238,1.33335,1.28734,1.35301,1.23067,1.3025,1.29408,1.35638,1.25452,1.29226,1.2668,1.32057,1.28095,1.39414,1.2734,1.34604,1.41867,1.33515,1.33515,1.33515,1.33515,1.33515,1.33515,1.33515,1.33515,1.33515,1.33515,1.33515,1.33515,1.33515,1.33515,1.33515,1.33515,1.33515,1.33515,1.33515,1.33515,1.33515,1.33515,1.33515,1.33515,1.33515,1.33515,1.33515,1.33515,1.33515,1.33515,1.33515,1.33515,1.33515,1.33515,1.33515,0,0,0
1.28567,1.1305,1.18592,1.12496,1.18315,1.12357,1.16029,1.15648,1.17674,1.1647,1.22518,1.18893,1.14863,1.15065,1.15166,1.1965,1.21891,1.18579,1.23573,1.23853,1.30643,1.27388,1.27977,1.26055,1.25094,1.29047,1.2659,1.29795,1.31398,1.29982,1.29274,1.22271,1.23202,1.28101,1.28334,1.26234,1.31833,1.27983,1.23842,1.26204,1.20735,1.24651,1.24392,1.26479,1.31956,1.32478,1.34956,1.31761,1.25731,1.09415,1.16774,1.27104,1.25619,1.33743,1.35588,1.34294,1.3143,1.29998,1.29283,1.26708,1.25421,1.24777,1.26672,1.27619,1.3031,1.33871,1.31219,1.3211,1.28121,1.23911,1.26239,1.22969,1.25768,1.24951,1.28975,1.33204,1.08719,0.842333,1.064,1.1305,1.18592,1.23579,1.26073,1.2732,1.27943,1.26038,1.25086,1.20176,1.17721,1.18711,1.16989,1.18344,1.21239,1.20469,1.24518,1.22109,1.25338,1.20302,1.20001,1.19851,1.21992,1.23063,1.25815,1.27191,1.25662,1.24133,1.23721,1.23721,1.23721,1.23721,1.23721,1.23721,1.23721,1.23721,1.23721,1.23721,1.23721,1.23721,1.23721,1.23721,1.23721,1.23721,1.23721,1.23721,1.23721,1.23721,1.23721,1.23721,1.23721,1.23721,1.23721,1.23721,1.23721,10,4,4
1.28567,1.30783,1.38542,1.37987,1.4436,1.1873,0.992651,0.798,0.975333,1.17483,1.27458,1.28012,1.2164,1.25103,1.31268,1.41001,1.3035,1.31675,1.30121,1.29344,1.31172,1.34303,1.38085,1.39976,1.40921,1.48044,1.42739,1.46736,1.46518,1.41976,1.10888,0.798,0.842333,1.10833,1.197,1.24133,1.33,1.28567,1.37433,1.41867,1.44083,1.42975,1.33554,1.08894,0.842333,1.10833,1.30783,1.36325,1.32446,1.3494,1.29536,1.46785,1.31026,1.38663,1.29181,1.22224,1.07662,1.07031,1.26666,1.29833,1.3585,1.29992,1.31496,1.34465,1.44816,1.36691,1.32629,1.37248,1.37341,1.26304,1.31868,1.16918,1.24959,1.22329,1.34315,1.24791,1.44412,1.27623,1.36961,1.39414,1.38424,1.31279,1.14406,1.03753,1.00643,1.07955,1.13827,1.2563,1.16015,1.28941,1.19887,1.17577,1.07555,1.20278,1.26639,1.32036,1.28085,1.06159,0.842333,0.798,0.975333,1.15267,1.33,1.25213,1.25213,1.25213,1.25213,1.25213,1.25213,1.25213,1.25213,1.25213,1.25213,1.25213,1.25213,1.25213,1.25213,1.25213,1.25213,1.25213,1.25213,1.25213,1.25213,1.25213,1.25213,1.25213,1.25213,1.25213,1.25213,1.25213,1.25213,1.25213,1.25213,14,7,9
0.842333,0.842333,0.842333,0.931,1.21917,1.34108,1.77887,1.46577,1.79689,1.43044,1.51322,1.53244,1.49772,1.21436,1.16135,1.24567,1.22134,1.1205,1.38042,1.39954,1.71944,1.50255,1.43844,1.16255,0.886667,1.08617,0.942083,0.798,1.17483,1.34108,1.37987,1.1776,1.14297,1.30298,1.20566,1.157,1.35433,1.07617,0.798,1.08617,0.986417,0.886667,1.1305,1.03075,1.13604,1.27735,1.08201,0.886667,0.8645,0.842333,0.842333,1.064,0.953167,0.842333,1.10833,1.24133,1.21917,1.25242,1.11387,1.19977,1.24272,1.08686,1.18626,1.30246,1.11673,1.22337,1.27668,1.28117,1.26125,1.65029,1.44581,1.38791,1.38112,1.17823,1.32061,1.23664,1.19465,1.30666,1.49566,1.52367,1.183,0.842333,0.842333,0.842333,0.886667,0.842333,0.842333,0.842333,0.9975,1.25242,1.02521,0.798,1.1305,1.07508,1.18037,1.38819,1.11526,0.842333,0.842333,0.842333,0.842333,0.842333,0.842333,0.798,0.975333,1.197,1.197,1.197,1.14882,1.14882,1.14882,1.14882,1.14882,1.14882,1.14882,1.14882,1.14882,1.14882,1.14882,1.14882,1.14882,1.14882,1.14882,1.14882,1.14882,1.14882,1.14882,1.14882,1.14882,1.14882,1.14882,1.14882,1.14882,6,1,0
1.10833,1.01967,0.9975,1.00858,0.969792,1.1499,1.26211,1.11872,1.11353,1.2661,1.12072,1.11452,1.28876,1.10988,1.15344,1.28605,1.19719,1.17493,1.38547,1.1139,0.842333,1.17483,1.05292,1.12496,1.24965,1.15682,1.13258,1.29779,1.09223,0.886667,1.2635,1.05292,0.842333,1.197,1.197,1.08617,1.25242,1.02521,0.798,1.1305,1.18592,1.14712,1.3494,1.36186,1.21293,1.3158,1.47807,1.27103,1.52218,1.31526,1.18963,1.37065,1.32816,1.24041,1.41821,1.2411,1.08605,1.23019,1.30226,1.16096,1.37848,1.44291,1.27562,1.36931,1.08366,0.798,0.798,1.1305,1.34108,1.26904,1.36602,1.12634,0.886667,0.886667,1.28567,1.2635,1.18592,1.36879,1.3494,1.31753,1.47893,1.47097,1.24532,1.44282,1.23125,1.12546,0.961728,0.798,0.798,0.953167,1.25242,1.02521,0.798,1.08617,1.23025,1.25796,1.31615,1.05707,0.798,0.842333,1.21917,1.31892,1.16929,1.36048,1.41174,1.26004,1.36152,1.463,1.17776,1.17776,1.17776,1.17776,1.17776,1.17776,1.17776,1.17776,1.17776,1.17776,1.17776,1.17776,1.17776,1.17776,1.17776,1.17776,1.17776,1.17776,1.17776,1.17776,1.17776,1.17776,1.17776,1.17776,1.17776,12,5,4
1.33,0.842333,1.01967,0.953167,0.886667,1.1305,1.16375,1.18037,1.36602,1.14851,1.30576,1.11838,0.980355,0.842333,0.820167,0.798,0.886667,0.931,0.9975,1.00858,1.01412,1.30506,1.0737,0.842333,1.17483,1.38542,1.31337,1.38819,1.22609,1.10071,0.949357,0.798,1.01967,1.2635,1.34108,1.22471,1.05569,0.886667,1.1305,1.29675,1.46854,1.19977,1.06539,1.10903,1.17518,1.00876,0.842333,1.04183,1.11942,1.02521,1.15544,1.06539,1.04253,1.2306,1.1473,0.972649,0.798,0.842333,0.886667,0.842333,0.798,0.886667,0.842333,1.1305,1.42975,1.29121,1.08894,0.886667,0.798,1.1305,0.96425,0.798,0.931,1.01967,1.197,1.37433,1.08617,0.798,1.17483,1.03075,0.886667,0.886667,0.886667,0.886667,1.33,1.10833,0.886667,1.41867,1.24133,1.33,1.21917,1.03075,0.842333,1.15267,1.04183,1.14158,1.01412,0.886667,0.886667,0.886667,0.886667,0.842333,0.798,0.842333,0.9975,1.00858,1.10279,1.0834,1.11803,1.31268,1.27701,1.34784,1.33892,1.22363,1.29898,1.37433,1.06907,1.06907,1.06907,1.06907,1.06907,1.06907,1.06907,1.06907,1.06907,1.06907,1.06907,1.06907,1.06907,1.06907,1.06907,1.06907,1.06907,4,1,4
1.10833,0.798,1.1305,0.96425,0.798,1.1305,1.00858,0.886667,1.10833,1.10833,1.01967,1.17483,1.20808,1.09171,1.21085,1.27043,1.14505,1.37052,1.08426,0.798,0.9975,1.07508,1.13604,1.23302,1.21501,1.27251,1.34559,1.22696,1.16765,1.29316,1.22291,1.20996,1.46948,1.35541,1.23187,1.5691,1.27222,1.12378,1.40422,1.32278,1.37072,1.19519,1.17393,1.00813,0.842333,0.842333,1.1305,1.40758,1.45746,1.50456,1.48378,1.51772,1.49036,1.52101,1.42551,1.26692,1.32063,1.39181,1.33874,1.46737,1.42085,1.53059,1.40813,1.1474,0.886667,1.15267,0.975333,0.798,1.1305,1.00858,0.886667,1.10833,1.10833,1.17483,1.25242,1.09171,1.12219,1.20393,1.1783,1.14332,1.21449,1.29441,1.20137,1.33219,1.17593,1.0978,1.2804,1.1722,1.1181,1.26838,1.21052,1.22593,1.36663,1.45915,1.37241,1.4842,1.2741,1.32422,1.10544,0.886667,0.953167,1.18592,1.10279,1.17206,1.25103,1.13535,1.01967,1.19747,1.19747,1.19747,1.19747,1.19747,1.19747,1.19747,1.19747,1.19747,1.19747,1.19747,1.19747,1.19747,1.19747,1.19747,1.19747,1.19747,1.19747,1.19747,1.19747,1.19747,1.19747,1.19747,1.19747,1.19747,1.19747,6,2,2
0.842333,0.8645,0.886667,1.064,0.9975,1.00858,1.10279,1.0169,0.973948,1.15197,1.44049,1.36308,1.43521,1.36044,1.45605,1.32653,1.06226,0.798,1.04183,1.38542,1.31337,1.52119,1.35909,1.49971,1.34836,1.07318,0.798,1.04183,0.919917,0.798,0.931,0.908833,0.886667,1.08617,0.942083,0.798,1.01967,0.9975,1.05292,1.14712,1.0834,1.02936,1.13535,1.47651,1.35892,1.49963,1.37048,1.52757,1.40662,1.58998,1.39349,1.11791,0.842333,1.064,1.37433,1.2635,1.47408,1.31337,1.60985,1.44776,1.21155,1.15994,1.2228,1.09907,1.1037,1.17252,1.49509,1.41255,1.52644,1.38389,1.15744,1.08855,1.14278,1.01472,0.886667,1.04183,1.07508,1.02521,1.02244,0.976719,0.976026,1.08651,1.40776,1.32454,1.10561,0.886667,1.064,1.064,0.9975,1.16375,1.00304,0.842333,1.04183,1.40758,1.32446,1.12773,1.11803,1.17968,1.09967,1.104,1.19484,1.08508,1.07454,1.1801,1.01122,0.842333,1.04183,1.03075,1.04737,1.16652,1.28567,1.15228,1.15228,1.15228,1.15228,1.15228,1.15228,1.15228,1.15228,1.15228,1.15228,1.15228,1.15228,1.15228,1.15228,1.15228,1.15228,1.15228,1.15228,1.15228,1.15228,1.15228,1.15228,8,6,3
1.24133,1.28567,1.1305,1.16375,1.20254,1.53227,1.40897,1.59115,1.77091,1.48395,1.38481,1.22441,1.2107,1.27035,1.34451,1.20425,1.31146,1.29856,1.18128,1.12264,1.11549,1.15624,1.22096,1.16464,1.18082,1.23324,1.43679,1.25039,1.3567,1.52068,1.29234,1.3555,1.45359,1.28096,1.37198,1.59482,1.41808,1.21887,1.20794,1.2468,1.2219,1.16512,1.24756,1.35528,1.23181,1.30307,1.44953,1.27893,1.32663,1.32832,1.19616,1.21875,1.00837,0.798,1.064,0.931,0.798,1.37433,1.28567,1.596,1.37433,1.35217,1.51842,1.44637,1.56552,1.84676,1.47755,1.38161,1.20064,1.17665,1.23116,1.25841,1.20554,1.2456,1.30997,1.18698,1.28066,1.08366,0.886667,1.04183,1.40758,1.36879,1.23856,1.46161,1.30714,1.54024,1.36862,1.72614,1.46157,1.37362,1.13014,0.886667,1.064,1.48517,1.36325,1.16929,1.16098,1.22332,1.25449,1.20358,1.15267,1.2875,1.2875,1.2875,1.2875,1.2875,1.2875,1.2875,1.2875,1.2875,1.2875,1.2875,1.2875,1.2875,1.2875,1.2875,1.2875,1.2875,1.2875,1.2875,1.2875,1.2875,1.2875,1.2875,1.2875,1.2875,1.2875,1.2875,1.2875,1.2875,1.2875,1.2875,1.2875,4,1,1
0.798,0.798,0.798,1.10833,1.35217,1.40758,1.10279,0.798,1.1305,1.05292,1.01412,1.03906,1.4062,1.3681,1.14955,1.15111,1.24055,1.13011,1.07489,1.20244,1.17756,1.07644,1.24756,1.22228,1.14314,1.25874,1.18353,1.07943,1.22688,1.14544,1.10472,1.26169,1.20718,1.17992,1.27713,1.30356,1.18378,1.50072,1.30453,1.33943,1.17955,1.12177,1.24805,1.20036,1.15435,1.26434,1.23067,1.14734,1.30517,1.18458,1.10213,1.0609,0.995948,1.05214,1.21324,1.22729,1.14564,1.32649,1.28391,1.19612,1.32956,1.19678,1.17472,1.25236,1.24685,1.19976,1.33138,1.26419,1.16409,1.22488,1.16661,1.1153,1.31132,1.16549,1.09258,1.27779,1.08223,0.886667,1.15267,1.01967,0.886667,1.10833,1.10833,1.01967,1.24133,1.08617,1.07508,1.04737,0.989187,1.04876,1.23371,1.14886,1.17293,1.27363,1.23532,1.21616,1.31741,1.30154,1.2271,1.27855,1.21561,1.11764,1.24599,1.19933,1.176,1.34166,1.225,1.1445,1.25942,1.11737,0.975333,1.17004,1.17004,1.17004,1.17004,1.17004,1.17004,1.17004,1.17004,1.17004,1.17004,1.17004,1.17004,1.17004,1.17004,1.17004,1.17004,1.17004,1.17004,1.17004,1.17004,1.17004,1.17004,6,1,0
1.463,1.463,1.57383,1.82875,1.53504,1.47685,1.49209,1.30021,1.38161,1.5553,1.33182,1.35308,1.4967,1.32469,1.21651,1.27325,1.21296,1.33798,1.55566,1.30983,1.38641,1.42471,1.37735,1.37584,1.33076,1.21954,1.36344,1.08072,0.798,0.886667,0.842333,0.798,0.798,0.953167,1.31892,1.32446,1.2164,1.36186,1.21293,1.0498,0.886667,1.15267,1.2635,1.20808,1.24687,1.3106,1.2538,1.33623,1.33312,1.06556,0.798,1.15267,1.2635,1.27458,1.32446,1.06123,0.798,0.798,1.17483,1.38542,1.29121,1.42144,1.37572,1.21986,1.45226,1.4133,1.19432,1.37299,1.39583,1.40725,1.43512,1.1609,0.886667,1.197,1.064,0.931,0.798,1.50733,1.197,0.886667,0.842333,1.01967,1.04183,1.29675,1.31337,1.21085,1.38126,1.3778,1.11007,0.842333,1.064,1.3965,1.42975,1.26904,1.41035,1.37018,1.35009,1.40654,1.43477,1.24939,1.35619,1.463,1.24444,1.24444,1.24444,1.24444,1.24444,1.24444,1.24444,1.24444,1.24444,1.24444,1.24444,1.24444,1.24444,1.24444,1.24444,1.24444,1.24444,1.24444,1.24444,1.24444,1.24444,1.24444,1.24444,1.24444,1.24444,1.24444,1.24444,1.24444,1.24444,1.24444,1.24444,6,3,3
0.842333,1.10833,1.1305,1.16375,1.13604,1.21085,1.18176,1.23371,1.23752,1.2616,1.1628,1.22423,1.16628,1.20381,1.2004,1.28737,1.17568,1.31934,1.19167,1.32734,1.26217,1.31825,1.32413,1.34923,1.33961,1.35697,1.32132,1.32566,1.30566,1.38433,1.31283,1.29925,1.27029,1.36665,1.23749,1.35024,1.20712,1.26856,1.32145,1.34789,1.33895,1.31231,1.18815,1.30341,1.33887,1.2901,1.37655,1.33111,1.37489,1.37461,1.33014,1.33007,1.30787,1.3411,1.33555,1.35494,1.36464,1.32515,1.34974,1.29554,1.2906,1.35463,1.29798,1.31399,1.322,1.34816,1.36125,1.41212,1.32673,1.3062,1.27377,1.32405,1.30486,1.31743,1.25721,1.29361,1.28964,1.30982,1.18691,1.32495,1.30531,1.31766,1.30166,1.31583,1.30075,1.31537,1.25619,1.31526,1.2783,1.41498,1.26166,1.29583,1.29075,1.26604,1.27585,1.30293,1.24996,1.26782,1.25457,1.31445,1.25573,1.197,1.28596,1.28596,1.28596,1.28596,1.28596,1.28596,1.28596,1.28596,1.28596,1.28596,1.28596,1.28596,1.28596,1.28596,1.28596,1.28596,1.28596,1.28596,1.28596,1.28596,1.28596,1.28596,1.28596,1.28596,1.28596,1.28596,1.28596,1.28596,1.28596,1.28596,1.28596,12,5,9
1.68467,1.77333,1.463,1.15267,0.842333,0.953167,1.20808,1.24687,1.22194,1.3203,1.23648,1.21674,1.53937,1.43469,1.49318,1.21209,1.16021,1.26727,1.20997,1.20348,1.33324,1.08779,0.842333,1.1305,1.45192,1.41312,1.19423,1.15128,1.28497,1.28532,1.21899,1.341,1.402,1.2995,1.33692,1.22262,1.16548,1.26991,1.10045,1.08223,1.16178,1.48972,1.47636,1.29235,1.22251,1.34275,1.58021,1.49944,1.17089,0.842333,1.1305,1.25242,1.22471,1.34385,1.44776,1.32238,1.39269,1.62735,1.50084,1.50409,1.32838,1.35135,1.40718,1.30209,1.36038,1.23436,1.17134,1.29501,1.15734,1.155,1.28683,1.28625,1.21946,1.31906,1.32453,1.2386,1.0848,1.0079,1.08028,1.22731,1.03482,0.842333,1.1305,1.11942,1.15821,1.28844,1.15405,1.15336,1.28601,1.24151,1.19709,1.33004,1.10835,0.886667,1.17483,0.986417,0.798,1.1305,1.00858,0.886667,1.15267,1.1305,1.14158,1.15267,1.23663,1.23663,1.23663,1.23663,1.23663,1.23663,1.23663,1.23663,1.23663,1.23663,1.23663,1.23663,1.23663,1.23663,1.23663,1.23663,1.23663,1.23663,1.23663,1.23663,1.23663,1.23663,1.23663,1.23663,1.23663,1.23663,1.23663,1.23663,1.23663,14,5,4
0.842333,1.064,1.41867,1.33,1.55167,1.3965,1.51842,1.37987,1.53227,1.40897,1.54682,1.39408,1.20687,1.17977,1.21055,1.38111,1.26689,1.27628,1.39181,1.31657,1.10162,0.886667,1.064,1.15267,1.30783,1.25242,1.24687,1.3106,1.27597,1.25865,1.24999,1.24566,1.2435,1.19808,1.17537,1.23052,1.05859,0.886667,1.08617,1.34108,1.29121,1.39927,1.3203,1.39165,1.58249,1.36758,1.30446,1.36156,1.27928,1.28247,1.43924,1.29595,1.29081,1.42124,1.28695,1.26414,1.43007,1.31354,1.27743,1.37022,1.28361,1.28464,1.12999,1.14133,1.19133,1.32716,1.26208,1.56204,1.42385,1.13309,0.842333,1.04183,0.96425,0.886667,1.04183,1.03075,1.13604,1.18869,0.993344,0.798,1.01967,1.35217,1.27458,1.50179,1.37156,1.59461,1.44014,1.14124,0.842333,1.04183,1.05292,1.12496,1.18315,0.990573,0.798,0.9975,1.31892,1.25796,1.42698,1.33416,1.57591,1.40862,1.24133,1.24379,1.24379,1.24379,1.24379,1.24379,1.24379,1.24379,1.24379,1.24379,1.24379,1.24379,1.24379,1.24379,1.24379,1.24379,1.24379,1.24379,1.24379,1.24379,1.24379,1.24379,1.24379,1.24379,1.24379,1.24379,1.24379,1.24379,1.24379,1.24379,1.24379,18,8,12
1.28567,0.798,1.064,0.931,0.798,1.064,0.975333,0.886667,1.08617,0.96425,0.842333,1.064,1.3965,1.34108,1.44637,1.36602,1.54751,1.46092,1.61713,1.47356,1.66778,1.49889,1.48095,1.40547,1.63374,1.48187,1.58327,1.45663,1.54848,1.46141,1.6617,1.56235,1.35751,1.34375,1.62504,1.45536,1.65868,1.49434,1.50084,1.41542,1.55004,1.44002,1.60668,1.46834,1.62084,1.47542,1.60221,1.4661,1.50889,1.39728,1.5853,1.45765,1.59333,1.46166,1.418,1.374,1.485,1.38533,1.55717,1.42142,1.61954,1.47477,1.62405,1.47703,1.55868,1.44434,1.498,1.39183,1.58258,1.45629,1.37098,1.32832,1.63949,1.46258,1.64012,1.4629,1.55161,1.44081,1.56274,1.46854,1.62093,1.47547,1.66873,1.4772,1.6031,1.44438,1.32069,1.28101,1.41634,1.30667,1.197,1.42246,1.42246,1.42246,1.42246,1.42246,1.42246,1.42246,1.42246,1.42246,1.42246,1.42246,1.42246,1.42246,1.42246,1.42246,1.42246,1.42246,1.42246,1.42246,1.42246,1.42246,1.42246,1.42246,1.42246,1.42246,1.42246,1.42246,1.42246,1.42246,1.42246,1.42246,1.42246,1.42246,1.42246,1.42246,1.42246,1.42246,1.42246,1.42246,1.42246,1.42246,1.42246,8,5,1
1.995,1.55167,1.21917,0.886667,1.35217,1.34108,1.22471,1.10002,1.08201,0.940005,0.798,1.01967,1.01967,0.975333,1.21917,1.23025,1.01412,0.798,0.953167,1.25242,1.29121,1.73177,1.28705,0.842333,1.28567,1.15267,1.21917,1.11942,0.958708,0.798,0.908833,1.03075,1.09171,1.12219,1.18176,1.07855,1.02694,1.1563,1.04365,1.07599,1.44683,1.63225,1.37029,1.26148,1.25141,1.2242,1.5431,1.32572,1.19486,1.24026,1.1743,1.03048,0.886667,1.01967,1.30783,1.05292,0.798,0.842333,0.886667,0.9975,1.16375,1.02521,0.886667,1.15267,1.10833,1.01967,1.2635,1.07508,0.886667,0.886667,0.886667,1.01967,1.1305,1.09725,1.16929,1.00581,0.842333,1.01967,1.04183,1.07508,1.06954,1.00027,1.16514,1.46923,1.20012,1.02123,0.842333,0.908833,1.07508,1.13604,1.18869,1.08201,1.13951,1.05742,1.10504,1.17319,0.985594,0.798,1.10833,1.08617,1.09725,1.08062,1.02798,1.15682,1.04391,1.05396,1.10331,1.10582,1.06274,1.08554,1.00827,1.01397,1.01967,1.10699,1.10699,1.10699,1.10699,1.10699,1.10699,1.10699,1.10699,1.10699,1.10699,1.10699,1.10699,1.10699,1.10699,1.10699,1.10699,1.10699,1.10699,1.10699,1.10699,0,0,0
1.37433,1.35217,1.56275,1.46854,1.22194,1.20947,1.31407,1.1447,1.12652,1.25043,1.57838,1.47636,1.20368,1.17817,1.29842,1.60238,1.57702,1.52001,1.49151,1.41075,1.39254,1.38344,1.44539,1.52069,1.44751,1.14492,0.842333,1.15267,1.3965,1.42975,1.33554,1.3771,1.17622,1.12011,1.26939,1.18886,1.19293,1.3058,1.29573,1.37937,1.17735,1.16501,1.2475,1.20009,1.17638,1.27535,1.19184,1.15009,1.43954,1.36261,1.3463,1.16082,1.17891,1.25445,1.18139,1.16703,1.22635,1.18951,1.14892,1.23946,1.52856,1.47362,1.60131,1.50999,1.70816,1.51908,1.31371,1.21102,1.31484,1.14509,1.17104,1.27269,1.12401,1.13834,1.23417,1.12692,1.16196,1.24598,1.15499,1.15383,1.24191,1.13079,1.14173,1.25803,1.11668,1.09034,1.09934,1.03734,1.07283,1.22358,1.14379,1.14823,1.23911,1.61706,1.4957,1.72318,1.54876,1.74971,1.53986,1.33,1.29695,1.29695,1.29695,1.29695,1.29695,1.29695,1.29695,1.29695,1.29695,1.29695,1.29695,1.29695,1.29695,1.29695,1.29695,1.29695,1.29695,1.29695,1.29695,1.29695,1.29695,1.29695,1.29695,1.29695,1.29695,1.29695,1.29695,1.29695,1.29695,1.29695,1.29695,1.29695,1.29695,0,0,1
1.01967,1.04183,1.07508,1.26904,1.10002,1.10418,1.21709,1.18488,1.12444,1.22722,1.23428,1.19347,1.2839,1.28478,1.24089,1.30761,1.23014,1.2579,1.33828,1.11248,0.886667,1.197,1.35217,1.36325,1.61262,1.71515,1.43391,1.49279,1.56656,1.49261,1.14531,0.798,1.08617,1.05292,1.08062,1.22748,1.23441,1.19354,1.28393,1.2848,1.21873,1.3187,1.16918,1.16093,1.26763,1.54265,1.45849,1.46075,1.28454,1.32944,1.41838,1.28553,1.3521,1.42971,1.31336,1.32168,1.43667,1.31684,1.27908,1.41538,1.35052,1.38459,1.2908,1.22173,1.27587,1.2586,1.1613,1.26782,1.32107,1.1482,1.19477,1.17372,1.14103,1.25768,1.20517,1.13459,1.25446,1.27006,1.21136,1.31502,1.30034,1.20434,1.3115,1.32075,1.23671,1.32769,1.10718,0.886667,1.197,1.3965,1.40758,1.14712,0.886667,1.1305,1.16375,1.15821,1.3106,1.34247,1.2254,1.2777,1.14868,1.15068,1.2625,1.37433,1.25231,1.25231,1.25231,1.25231,1.25231,1.25231,1.25231,1.25231,1.25231,1.25231,1.25231,1.25231,1.25231,1.25231,1.25231,1.25231,1.25231,1.25231,1.25231,1.25231,1.25231,1.25231,1.25231,1.25231,1.25231,1.25231,1.25231,1.25231,1.25231,6,2,3
