1,2,3,4,5,6,7,8,9,10,11,12,13,14,15,16,17,18,19,20,21,22,23,24,25,26,27,28,29,30,31,32,33,34,35,36,37,38,39,40,41,42,43,44,45,46,47,48,49,50,51,52,53,54,55,56,57,58,59,60,61,62,63,64,65,66,67,68,69,70,71,72,73,74,75,76,77,78,79,80,81,82,83,84,85,86,87,88,89,90,91,92,93,94,95,96,97,98,99,100,101,102,103,104,105,106,107,108,109,110,111,112,113,114,115,116,117,118,119,120,121,122,123,124,125,126,127,128,129,130,131,132,133,stress_score,anxiety_score,depression_score
1.37433,1.197,1.41867,1.35217,1.56275,1.35771,1.72069,1.43668,1.16167,0.886667,1.08617,0.96425,0.842333,0.975333,1.5295,1.40758,1.19146,1.0834,1.11803,0.980182,0.842333,0.842333,1.1305,0.96425,0.798,0.908833,0.89775,0.886667,0.8645,0.842333,0.953167,1.09725,0.947625,0.798,1.463,1.28567,1.08617,0.886667,0.798,0.886667,0.886667,0.886667,1.48517,1.31892,1.19146,0.994729,0.798,1.10833,0.975333,0.842333,0.842333,0.842333,0.9975,1.20808,1.00304,0.798,1.3965,1.31892,1.63479,1.37156,1.37295,1.15197,1.13015,1.47391,1.33546,1.68739,1.4422,1.7186,1.41347,1.57123,1.36195,1.81147,1.48207,1.7607,1.45668,1.63718,1.41709,1.48438,1.14119,0.798,1.41867,1.28567,1.596,1.41867,1.463,1.1305,0.798,1.3965,1.27458,1.05846,0.842333,0.9975,1.20808,1.00304,0.798,1.2635,1.25242,1.15821,1.06677,1.17622,1.65211,1.35805,1.38836,1.41867,1.19037,1.19037,1.19037,1.19037,1.19037,1.19037,1.19037,1.19037,1.19037,1.19037,1.19037,1.19037,1.19037,1.19037,1.19037,1.19037,1.19037,1.19037,1.19037,1.19037,1.19037,1.19037,1.19037,1.19037,1.19037,1.19037,1.19037,1.19037,1.19037,6,2,0
1.24133,1.30783,1.56275,1.51287,1.2441,1.19839,1.33069,1.19735,1.17501,1.20817,1.04742,0.886667,1.21917,1.36325,1.12496,0.886667,1.064,1.30783,1.05292,0.798,1.064,1.01967,1.064,1.33,1.41867,1.41867,1.10833,0.798,1.08617,0.96425,0.842333,0.820167,0.798,1.01967,1.55167,1.35217,1.38542,1.13604,0.886667,1.1305,1.09725,1.12496,1.55998,1.40066,1.18799,1.23683,1.15042,1.32887,1.10777,0.886667,1.10833,1.08617,1.11942,1.62371,1.36602,1.48101,1.49417,1.14609,0.798,1.10833,1.24133,1.01967,0.798,0.842333,0.886667,0.886667,1.3965,1.31892,1.32446,1.46023,1.57245,1.56206,1.5347,1.16635,0.798,0.953167,1.09725,1.16929,0.983646,0.798,0.798,1.064,1.35217,1.07508,0.798,1.01967,1.50733,1.37433,1.3965,1.09725,0.798,1.01967,0.931,0.842333,0.842333,0.842333,1.01967,1.17483,1.36325,1.52396,1.40481,1.16791,1.16029,1.11214,1.28757,1.04279,0.798,1.14915,1.14915,1.14915,1.14915,1.14915,1.14915,1.14915,1.14915,1.14915,1.14915,1.14915,1.14915,1.14915,1.14915,1.14915,1.14915,1.14915,1.14915,1.14915,1.14915,1.14915,1.14915,1.14915,1.14915,1.14915,1.14915,0,0,1
1.55167,1.596,1.197,0.798,0.975333,1.24133,1.1305,1.16375,1.24687,1.2441,1.22055,1.38611,1.13639,0.886667,1.17483,0.986417,0.798,1.08617,1.07508,1.11387,1.13327,1.20947,1.20323,1.33312,1.10989,0.886667,0.886667,0.886667,1.01967,1.596,1.35217,1.23025,1.12496,1.16098,1.17899,1.14366,1.126,1.51617,1.31225,1.45412,1.39206,1.53836,1.32335,1.19367,1.2175,1.07425,1.17996,1.12198,1.18166,1.18933,1.21533,1.2505,1.13508,1.29904,1.20369,1.39984,1.23192,1.14796,1.26115,1.05174,0.842333,1.28567,1.197,1.463,1.2635,1.47408,1.29121,1.22194,1.3203,1.45815,1.32758,1.55045,1.35156,1.14128,1.08047,1.11657,1.02379,1.04389,1.16478,1.04789,0.967278,0.886667,1.24133,1.463,1.44083,1.16375,0.886667,1.15267,1.1305,1.16375,1.31337,1.21085,1.20393,1.33346,1.2209,1.20895,1.33597,1.11132,0.886667,1.10833,1.10833,1.17483,1.29675,1.15821,1.19977,1.04322,0.886667,1.19107,1.19107,1.19107,1.19107,1.19107,1.19107,1.19107,1.19107,1.19107,1.19107,1.19107,1.19107,1.19107,1.19107,1.19107,1.19107,1.19107,1.19107,1.19107,1.19107,1.19107,1.19107,1.19107,1.19107,1.19107,1.19107,4,4,0
1.37433,1.35217,1.29675,1.37987,1.35494,1.56414,1.4249,1.70995,1.43131,1.46932,1.46616,1.46458,1.44162,1.51881,1.44657,1.49912,1.45889,1.46095,1.43981,1.4514,1.43503,1.67068,1.45601,1.659,1.428,1.68933,1.44317,1.47525,1.44696,1.43281,1.40357,1.45545,1.43706,1.58303,1.47868,1.69251,1.46692,1.57579,1.43073,1.46903,1.46602,1.59751,1.44159,1.69613,1.44656,1.45478,1.52539,1.4942,1.43426,1.4708,1.44473,1.52037,1.46952,1.51059,1.46463,1.48598,1.51882,1.46875,1.46587,1.37577,1.39722,1.36361,1.3468,1.4049,1.36745,1.39306,1.36153,1.34576,1.31572,1.32286,1.30426,1.38363,1.40115,1.47641,1.42537,1.42202,1.37601,1.39734,1.3415,1.40225,1.36613,1.50323,1.41661,1.61714,1.47357,1.46829,1.50998,1.53082,1.47474,1.41867,1.45794,1.45794,1.45794,1.45794,1.45794,1.45794,1.45794,1.45794,1.45794,1.45794,1.45794,1.45794,1.45794,1.45794,1.45794,1.45794,1.45794,1.45794,1.45794,1.45794,1.45794,1.45794,1.45794,1.45794,1.45794,1.45794,1.45794,1.45794,1.45794,1.45794,1.45794,1.45794,1.45794,1.45794,1.45794,1.45794,1.45794,1.45794,1.45794,1.45794,1.45794,1.45794,1.45794,4,2,5
1.50733,1.48517,1.45192,1.45746,1.30506,1.2732,1.39027,1.6483,1.28965,1.15466,1.57483,1.29725,1.60179,1.5989,1.48661,1.45264,1.52432,1.67099,1.434,1.67017,1.38925,1.31529,1.38915,1.33741,1.37804,1.35402,1.34201,1.11434,0.886667,0.798,1.17483,1.16375,1.22471,1.25519,1.31476,1.32238,1.10452,0.886667,0.798,1.197,1.2635,1.42975,1.29121,1.3771,1.35355,1.43044,1.38022,1.53244,1.34256,1.46928,1.33314,1.39807,1.29753,1.26943,1.34405,1.38136,1.31135,1.05467,0.798,0.886667,1.28567,1.2635,1.29675,1.33554,1.28844,1.33139,1.33069,1.30818,1.40776,1.30238,1.05019,0.798,0.798,1.10833,1.21917,1.27458,1.25796,1.22748,1.27874,1.26004,1.31718,1.32359,1.28246,1.41706,1.3292,1.30743,1.27438,1.25786,1.27176,1.38955,1.27111,1.36705,1.21553,1.3171,1.23488,1.19377,1.21755,1.16294,1.15781,1.13307,1.10833,1.28651,1.28651,1.28651,1.28651,1.28651,1.28651,1.28651,1.28651,1.28651,1.28651,1.28651,1.28651,1.28651,1.28651,1.28651,1.28651,1.28651,1.28651,1.28651,1.28651,1.28651,1.28651,1.28651,1.28651,1.28651,1.28651,1.28651,1.28651,1.28651,1.28651,1.28651,1.28651,10,11,8
1.15267,0.798,0.975333,1.2635,1.25242,1.33554,1.28844,1.68605,1.46369,1.17518,0.886667,1.04183,1.58492,1.41312,1.6819,1.43945,1.56206,1.42386,1.57643,1.40888,1.61327,1.4273,1.73332,1.48733,1.60816,1.42475,1.55471,1.39802,1.58568,1.39134,1.671,1.434,1.7145,1.45575,1.65888,1.4501,1.12405,0.798,0.975333,1.21917,1.14158,1.19146,1.3494,1.11803,0.886667,1.10833,0.953167,0.798,1.24133,1.2635,1.56275,1.35771,1.12219,0.886667,1.064,1.463,1.35217,1.09725,0.842333,1.04183,1.36325,1.28012,1.4159,1.32861,1.70614,1.47374,1.4462,1.16643,0.886667,1.55167,1.41867,1.6625,1.40758,1.70129,1.47131,1.44499,1.16583,0.886667,1.15267,1.04183,1.16375,1.29121,1.13327,1.16514,1.6909,1.42178,1.77489,1.48595,1.45231,1.16949,0.886667,1.197,0.9975,0.798,1.17483,1.55167,1.30523,1.30523,1.30523,1.30523,1.30523,1.30523,1.30523,1.30523,1.30523,1.30523,1.30523,1.30523,1.30523,1.30523,1.30523,1.30523,1.30523,1.30523,1.30523,1.30523,1.30523,1.30523,1.30523,1.30523,1.30523,1.30523,1.30523,1.30523,1.30523,1.30523,1.30523,1.30523,1.30523,1.30523,1.30523,1.30523,1.30523,10,4,3
0.975333,0.931,0.886667,0.9975,1.03075,1.04737,1.05569,0.993344,1.07301,1.17934,1.14383,1.19258,1.17263,1.09615,1.19091,1.12745,1.18439,1.07986,1.0941,1.12338,1.11586,1.13426,1.16563,1.20348,1.11157,1.17645,1.16456,1.15861,1.13347,1.14307,1.14787,1.1281,1.14038,1.16869,1.13851,1.14559,1.12696,1.16198,1.15732,1.2215,1.20925,1.15879,1.1779,1.16528,1.18114,1.18907,1.19304,1.23935,1.19601,1.28517,1.21892,1.20796,1.24681,1.24407,1.22054,1.1866,1.1918,1.21657,1.14028,1.16864,1.16065,1.22316,1.16575,1.20354,1.22244,1.20972,1.22553,1.21126,1.20413,1.1784,1.16553,1.13693,1.1448,1.1709,1.13962,1.19047,1.12724,1.16212,1.15739,1.19936,1.15385,1.17542,1.16405,1.18052,1.12226,1.1153,1.13398,1.16549,1.15908,1.17804,1.14319,1.19226,1.19463,1.26231,1.20749,1.24658,1.22179,1.23156,1.16995,1.20564,1.15699,1.15483,1.15375,1.17537,1.14185,1.16943,1.18321,1.21227,1.20464,1.22299,1.20999,1.2035,1.197,1.16163,1.16163,1.16163,1.16163,1.16163,1.16163,1.16163,1.16163,1.16163,1.16163,1.16163,1.16163,1.16163,1.16163,1.16163,1.16163,1.16163,1.16163,1.16163,1.16163,0,2,0
1.596,1.55167,1.3965,1.71792,1.47962,1.51565,1.20116,0.886667,1.1305,1.14158,1.14712,1.6154,1.3397,1.46785,1.35459,1.36446,1.3029,1.05045,0.798,0.798,1.01967,1.08617,1.14158,1.28012,1.17206,1.18453,1.27943,1.21605,1.18436,1.30151,1.47092,1.48913,1.36523,1.43628,1.33881,1.64474,1.42087,1.41977,1.33055,1.26378,1.36339,1.14719,1.19426,1.2178,1.05223,0.886667,1.33,1.28567,1.35217,1.07508,0.798,1.1305,1.25242,1.22471,1.27735,1.30368,1.25034,1.02417,0.798,0.886667,0.798,0.798,0.798,1.04183,1.27458,1.28012,1.59323,1.39511,1.87239,1.51253,1.48776,1.23155,1.23644,1.54922,1.39528,1.45131,1.34632,1.62633,1.3895,1.40408,1.10104,0.798,1.50733,1.35217,1.56275,1.42421,1.75394,1.47547,1.4914,1.1447,0.798,1.44083,1.34108,1.42421,1.42144,1.44222,1.31961,1.3913,1.463,1.28168,1.28168,1.28168,1.28168,1.28168,1.28168,1.28168,1.28168,1.28168,1.28168,1.28168,1.28168,1.28168,1.28168,1.28168,1.28168,1.28168,1.28168,1.28168,1.28168,1.28168,1.28168,1.28168,1.28168,1.28168,1.28168,1.28168,1.28168,1.28168,1.28168,1.28168,1.28168,1.28168,1.28168,4,1,3
0.798,0.908833,0.853417,0.798,0.798,0.931,1.24133,1.197,1.10833,0.9975,0.886667,0.975333,1.28567,1.197,1.21917,1.09725,1.03629,1.09448,1.36741,1.2822,1.15093,1.0188,0.886667,0.953167,1.20808,1.22471,1.27735,1.39234,1.42767,1.4675,1.44308,1.43088,1.38044,1.20005,1.06553,1.1756,1.16413,1.06973,1.15553,1.13193,1.05363,1.14748,1.41607,1.3287,1.06335,0.798,1.01967,0.931,0.842333,0.886667,1.08617,0.986417,0.886667,1.15267,1.35217,1.38542,1.09171,0.798,0.931,0.953167,1.03075,1.00304,1.03352,1.04876,1.18938,1.45919,1.30593,1.2293,1.19098,1.21616,1.00708,0.798,0.9975,1.11942,1.00304,0.886667,1.064,1.2635,1.38542,1.35771,1.07785,0.798,1.01967,1.10833,1.1305,1.42975,1.31337,1.14435,1.12634,1.18384,1.34559,1.33779,1.5334,1.38736,1.09268,0.798,0.798,1.01967,1.064,1.10833,1.30783,1.42975,1.26904,1.03352,0.798,1.10833,1.24133,1.197,1.55167,1.33,1.064,0.798,1.12448,1.12448,1.12448,1.12448,1.12448,1.12448,1.12448,1.12448,1.12448,1.12448,1.12448,1.12448,1.12448,1.12448,1.12448,1.12448,1.12448,1.12448,1.12448,1.12448,1.12448,4,3,1
1.33,1.33,1.33,1.3965,1.40758,1.43529,1.47131,1.44499,1.47616,1.42525,1.46629,1.39815,1.40841,1.3692,1.32743,1.30655,1.25178,1.26872,1.29936,1.38118,1.35559,1.4093,1.52481,1.51607,1.48954,1.4541,1.45855,1.39428,1.40647,1.3904,1.44887,1.45593,1.41513,1.4169,1.48428,1.42931,1.42399,1.37699,1.3535,1.38608,1.40237,1.45485,1.45893,1.46096,1.52848,1.47357,1.55695,1.48781,1.60841,1.49137,1.67668,1.54768,1.63834,1.50634,1.662,1.51817,1.51275,1.42138,1.39785,1.34176,1.38021,1.42161,1.4423,1.47482,1.49108,1.4992,1.52544,1.62722,1.52294,1.7368,1.48907,1.47603,1.51385,1.44409,1.58655,1.48044,1.56039,1.48953,1.49843,1.45855,1.46077,1.39539,1.38486,1.33526,1.31047,1.2759,1.25862,1.22781,1.16807,1.22687,1.1011,0.975333,1.42935,1.42935,1.42935,1.42935,1.42935,1.42935,1.42935,1.42935,1.42935,1.42935,1.42935,1.42935,1.42935,1.42935,1.42935,1.42935,1.42935,1.42935,1.42935,1.42935,1.42935,1.42935,1.42935,1.42935,1.42935,1.42935,1.42935,1.42935,1.42935,1.42935,1.42935,1.42935,1.42935,1.42935,1.42935,1.42935,1.42935,1.42935,1.42935,1.42935,1.42935,2,3,0
1.596,1.57383,1.42975,1.51287,1.4436,1.5198,1.44707,1.7432,1.42577,1.42222,1.24311,1.22005,1.43019,1.15843,0.886667,1.17483,1.45192,1.50179,1.52673,1.6057,1.60085,1.84226,1.49746,1.48023,1.47162,1.53381,1.45407,1.4807,1.62702,1.58934,1.21584,0.842333,1.15267,1.37433,1.61817,1.54058,1.47962,1.18315,0.886667,1.17483,1.34108,1.44637,1.47685,1.66943,1.52188,1.86927,1.46664,1.66432,1.49716,1.16975,0.842333,1.04183,1.16375,1.02521,0.886667,1.17483,1.36325,1.78996,1.42698,1.42282,1.11041,0.798,1.1305,1.38542,1.31337,1.12219,1.13743,1.47755,1.51461,1.53314,1.6754,1.8352,1.5161,1.82205,1.50953,1.7966,1.4968,1.7459,1.44928,1.50047,1.6369,1.52779,1.69489,1.60111,1.53206,1.47536,1.62435,1.67667,1.56984,1.463,1.42546,1.42546,1.42546,1.42546,1.42546,1.42546,1.42546,1.42546,1.42546,1.42546,1.42546,1.42546,1.42546,1.42546,1.42546,1.42546,1.42546,1.42546,1.42546,1.42546,1.42546,1.42546,1.42546,1.42546,1.42546,1.42546,1.42546,1.42546,1.42546,1.42546,1.42546,1.42546,1.42546,1.42546,1.42546,1.42546,1.42546,1.42546,1.42546,1.42546,1.42546,1.42546,1.42546,2,2,1
1.37433,1.463,1.37433,1.08617,0.798,1.1305,0.96425,0.798,1.08617,0.986417,0.886667,1.15267,0.9975,0.842333,1.08617,1.36325,1.39096,1.38265,1.35632,1.52049,1.42525,1.15596,0.886667,1.15267,0.975333,0.798,1.15267,1.28567,1.50733,1.37433,1.37433,1.57383,1.56275,1.42421,1.4436,1.34247,1.38057,1.35528,1.51998,1.49149,1.43291,1.42579,1.35573,1.40936,1.41402,1.37201,1.351,1.49567,1.41283,1.12758,0.842333,1.04183,0.942083,0.842333,1.04183,1.34108,1.29121,1.35494,1.3868,1.44707,1.6102,1.4701,1.37788,1.19878,1.19789,1.26394,1.09747,1.12507,1.20537,1.04602,0.886667,0.842333,1.064,1.24133,1.01967,0.798,1.10833,1.08617,1.09725,1.28012,1.0834,0.886667,1.15267,1.41867,1.37433,1.3965,1.36325,1.43529,1.42698,1.44499,1.49833,1.61366,1.47183,1.22358,1.18812,1.25906,1.02853,0.798,1.15267,1.33,1.197,1.064,1.22917,1.22917,1.22917,1.22917,1.22917,1.22917,1.22917,1.22917,1.22917,1.22917,1.22917,1.22917,1.22917,1.22917,1.22917,1.22917,1.22917,1.22917,1.22917,1.22917,1.22917,1.22917,1.22917,1.22917,1.22917,1.22917,1.22917,1.22917,1.22917,1.22917,1.22917,0,1,0
1.01967,1.197,1.08617,1.07508,1.20254,1.1111,1.04322,0.920609,0.798,0.886667,0.842333,1.17483,1.11942,1.18037,1.34385,1.20393,1.13396,1.05465,0.948491,0.842333,1.2635,1.09725,1.08062,0.939312,0.798,0.798,0.886667,1.17483,1.11942,1.29121,1.33277,1.17622,1.14228,0.992305,0.842333,0.886667,0.842333,1.01967,1.064,1.17483,1.29675,1.26904,1.21085,1.27043,1.12288,1.22644,1.27822,1.10461,1.19514,1.39557,1.09678,0.798,0.842333,0.886667,0.798,0.908833,1.09725,1.12496,1.16098,1.26766,1.05499,0.842333,1.04183,1.03075,1.09171,0.944854,0.798,1.04183,1.07508,1.00304,1.21085,1.07093,1.02313,1.13223,0.987283,0.842333,0.886667,1.28567,1.10833,1.30783,1.29675,1.35771,1.25519,1.38126,1.26696,1.40932,1.32532,1.1725,1.05175,1.01354,1.17177,0.984885,0.798,0.953167,0.919917,0.886667,0.9975,0.919917,0.842333,1.28567,1.2635,1.49625,1.39096,1.33831,1.06816,0.798,0.886667,1.08617,1.11942,0.958708,0.798,1.04183,1.36325,1.21362,1.064,1.08187,1.08187,1.08187,1.08187,1.08187,1.08187,1.08187,1.08187,1.08187,1.08187,1.08187,1.08187,1.08187,1.08187,1.08187,1.08187,1.08187,1.08187,10,7,9
1.197,0.9975,0.798,0.886667,1.1305,1.27458,1.30229,1.40481,1.38957,1.40412,1.30056,1.47045,1.48889,1.47594,1.64681,1.33324,1.24295,1.37514,1.3969,1.40779,1.52406,1.33836,1.33418,1.26559,1.18696,1.30281,1.33857,1.28995,1.26564,1.20916,1.20308,1.31087,1.3426,1.42497,1.48832,1.36483,1.34741,1.36087,1.3011,1.22688,1.21194,1.27097,1.52215,1.18224,0.842333,1.08617,1.18592,1.21362,1.20531,1.22332,1.23233,1.259,1.25017,1.24575,1.06621,0.886667,1.064,1.24133,1.24133,1.30783,1.31892,1.32446,1.3494,1.2732,1.3681,1.26038,1.40602,1.32368,1.43767,1.29517,1.29042,1.33238,1.30902,1.29734,1.40234,1.56567,1.4035,1.21158,1.13779,1.25606,1.20436,1.17852,1.34292,1.22563,1.18915,1.17091,1.18395,1.19048,1.06074,1.2397,1.28485,1.21876,1.09705,1.28002,1.41584,1.19559,1.19629,1.21881,1.20791,1.04729,0.886667,1.41867,1.26574,1.26574,1.26574,1.26574,1.26574,1.26574,1.26574,1.26574,1.26574,1.26574,1.26574,1.26574,1.26574,1.26574,1.26574,1.26574,1.26574,1.26574,1.26574,1.26574,1.26574,1.26574,1.26574,1.26574,1.26574,1.26574,1.26574,1.26574,1.26574,1.26574,1.26574,24,17,25
1.01967,1.197,1.2635,1.23025,1.30229,1.36048,1.30091,1.35979,1.25623,1.22661,1.32264,1.28199,1.23949,1.32908,1.35171,1.27435,1.34651,1.29392,1.24546,1.33206,1.30887,1.2751,1.34688,1.33844,1.26772,1.36536,1.21468,1.18367,1.30117,1.24909,1.24521,1.30977,1.29772,1.26953,1.3441,1.27055,1.21161,1.31514,1.32257,1.28195,1.37248,1.35124,1.29629,1.35748,1.2329,1.19279,1.30573,1.27353,1.23526,1.34913,1.27307,1.23503,1.30468,1.16217,1.17959,1.29913,1.2259,1.21145,1.31506,1.3447,1.29301,1.35584,1.29859,1.26996,1.32215,1.32607,1.2837,1.35119,1.36276,1.30205,1.36036,1.30084,1.24892,1.33379,1.24323,1.24228,1.33047,1.2859,1.26362,1.34114,1.29124,1.26629,1.32031,1.19215,1.21674,1.31771,1.25735,1.24934,1.334,1.30984,1.27558,1.36929,1.26098,1.20682,1.31274,1.25487,1.22594,1.3223,1.34832,1.29483,1.40108,1.32121,1.24133,1.28618,1.28618,1.28618,1.28618,1.28618,1.28618,1.28618,1.28618,1.28618,1.28618,1.28618,1.28618,1.28618,1.28618,1.28618,1.28618,1.28618,1.28618,1.28618,1.28618,1.28618,1.28618,1.28618,1.28618,1.28618,1.28618,1.28618,1.28618,1.28618,1.28618,6,0,0
1.55167,1.48517,1.51842,1.46854,1.4436,1.40897,1.36948,1.43841,1.40637,1.47902,1.53751,1.36725,1.43729,1.33931,1.33466,1.3545,1.47525,1.29179,1.35523,1.25395,1.24764,1.22232,1.25399,1.20333,1.22233,1.20967,1.292,1.178,1.20967,1.2255,1.34425,1.27062,1.30031,1.29299,1.31149,1.29858,1.29212,1.3554,1.3427,1.33635,1.46617,1.37592,1.44163,1.34148,1.31357,1.32179,1.32589,1.30578,1.31789,1.27961,1.32697,1.28415,1.41791,1.41829,1.17464,1.11932,1.00299,0.886667,0.842333,1.17483,1.34108,1.22471,1.21085,1.44776,1.25588,1.31511,1.27822,1.23761,1.39464,1.34015,1.42374,1.44337,1.36452,1.36943,1.37188,1.35094,1.42914,1.3574,1.45453,1.45877,1.43872,1.40653,1.4791,1.38238,1.40052,1.4096,1.34763,1.38315,1.33441,1.37654,1.3311,1.46355,1.30811,1.31905,1.34669,1.29401,1.37851,1.35425,1.33,1.33351,1.33351,1.33351,1.33351,1.33351,1.33351,1.33351,1.33351,1.33351,1.33351,1.33351,1.33351,1.33351,1.33351,1.33351,1.33351,1.33351,1.33351,1.33351,1.33351,1.33351,1.33351,1.33351,1.33351,1.33351,1.33351,1.33351,1.33351,1.33351,1.33351,1.33351,1.33351,1.33351,1.33351,2,4,0
0.798,0.842333,0.886667,1.01967,1.28567,1.2635,1.14158,1.30229,1.51565,1.31199,1.05499,0.798,1.01967,1.1305,1.16375,1.31337,1.10002,0.886667,0.886667,0.886667,0.798,1.04183,1.14158,1.03629,1.09448,0.968406,0.842333,0.798,0.798,0.798,0.842333,1.10833,1.35217,1.36325,1.54612,1.46023,1.26211,1.09656,1.30195,1.07214,0.842333,1.21917,1.03075,0.842333,1.08617,0.986417,0.886667,1.10833,1.2635,1.29675,1.26904,1.29952,1.29259,1.15613,0.977065,0.798,1.197,1.04183,0.886667,0.9975,0.96425,1.16929,1.27181,1.16791,1.16029,1.17864,1.38732,1.33649,1.06725,0.798,0.886667,0.842333,0.798,1.08617,1.03075,1.04737,0.967021,0.886667,0.975333,1.2635,1.34108,1.22471,1.01135,0.798,1.01967,1.2635,1.31892,1.34662,1.27181,1.32307,1.32654,1.06227,0.798,1.04183,0.96425,0.886667,1.197,1.01967,0.842333,1.08617,1.16375,1.09171,1.25519,1.02659,0.798,1.01967,0.975333,1.10833,1.1305,1.31892,1.21362,1.16098,1.10833,1.08502,1.08502,1.08502,1.08502,1.08502,1.08502,1.08502,1.08502,1.08502,1.08502,1.08502,1.08502,1.08502,1.08502,1.08502,1.08502,1.08502,1.08502,1.08502,1.08502,0,0,1
1.15267,1.17483,1.16375,1.20254,1.26627,1.27597,1.25865,1.27216,1.30108,1.27121,1.32277,1.30422,1.29494,1.3568,1.32124,1.36995,1.39431,1.33999,1.31283,1.29925,1.29246,1.31123,1.25411,1.29206,1.28886,1.28726,1.28647,1.30823,1.29695,1.29131,1.42149,1.33141,1.33071,1.41902,1.39668,1.452,1.43534,1.4935,1.47825,1.49279,1.45573,1.54803,1.46118,1.52859,1.47363,1.53481,1.47674,1.5142,1.39994,1.49797,1.41398,1.43849,1.36208,1.32387,1.2826,1.28413,1.26273,1.22987,1.25777,1.22738,1.25653,1.29326,1.4003,1.34298,1.38082,1.53275,1.38704,1.09252,0.798,0.842333,1.17483,1.34108,1.51287,1.39927,1.60847,1.5579,1.55478,1.39806,1.56353,1.4246,1.4438,1.3869,1.40278,1.36639,1.4147,1.35018,1.40659,1.3683,1.41565,1.32849,1.35141,1.31854,1.34644,1.33822,1.35628,1.32097,1.28567,1.34899,1.34899,1.34899,1.34899,1.34899,1.34899,1.34899,1.34899,1.34899,1.34899,1.34899,1.34899,1.34899,1.34899,1.34899,1.34899,1.34899,1.34899,1.34899,1.34899,1.34899,1.34899,1.34899,1.34899,1.34899,1.34899,1.34899,1.34899,1.34899,1.34899,1.34899,1.34899,1.34899,1.34899,1.34899,1.34899,2,3,1
1.01967,1.197,1.24133,1.24133,1.197,1.2635,1.18592,1.23579,1.19423,1.28428,1.21847,1.3629,1.30212,1.33823,1.28978,1.28772,1.26453,1.31943,1.28038,1.37169,1.35085,1.47342,1.49038,1.45452,1.63609,1.54955,1.48411,1.40705,1.32419,1.30493,1.20663,1.20182,1.15507,1.1982,1.17544,1.25272,1.22486,1.27743,1.28155,1.32794,1.32897,1.30732,1.27433,1.3465,1.31608,1.43387,1.44844,1.47789,1.13794,0.798,1.08617,1.49625,1.50179,1.46023,1.48378,1.45122,1.50145,1.41572,1.43936,1.38468,1.40167,1.34367,1.33684,1.26692,1.25413,1.18123,1.23345,1.19306,1.2837,1.24035,1.30734,1.20784,1.20242,1.31054,1.18727,1.16997,1.29432,1.57816,1.45408,1.12604,0.798,1.1305,1.51842,1.49071,1.67635,1.54751,1.68259,1.61713,1.5844,1.50153,1.50443,1.43938,1.34036,1.35735,1.32151,1.32575,1.37221,1.41867,1.32818,1.32818,1.32818,1.32818,1.32818,1.32818,1.32818,1.32818,1.32818,1.32818,1.32818,1.32818,1.32818,1.32818,1.32818,1.32818,1.32818,1.32818,1.32818,1.32818,1.32818,1.32818,1.32818,1.32818,1.32818,1.32818,1.32818,1.32818,1.32818,1.32818,1.32818,1.32818,1.32818,1.32818,1.32818,4,3,1
1.15267,1.463,1.41867,1.41867,1.24133,1.2635,1.40758,1.23579,1.2164,1.62786,1.5011,1.77022,1.52794,1.49547,1.1689,0.842333,1.50733,1.41867,1.64033,1.48517,1.71792,1.50179,1.4824,1.1402,0.798,1.10833,1.10833,1.15267,1.55167,1.463,1.463,1.197,1.21917,1.36325,1.19146,1.26073,1.69436,1.49002,1.74251,1.53625,1.47746,1.1599,0.842333,1.1305,1.03075,1.13604,1.47685,1.42559,1.55513,1.50907,1.79637,1.56318,1.51309,1.15555,0.798,1.33,1.35217,1.76225,1.52396,1.49348,1.23441,1.19354,1.68293,1.46213,1.46257,1.13028,0.798,1.1305,1.11942,1.18037,1.34385,1.07093,0.798,1.2635,1.36325,1.76779,1.52673,1.5392,1.1686,0.798,1.10833,1.01967,1.15267,1.5295,1.42975,1.80104,1.49902,1.48101,1.18384,0.886667,1.197,1.01967,0.842333,1.15267,1.463,1.32439,1.32439,1.32439,1.32439,1.32439,1.32439,1.32439,1.32439,1.32439,1.32439,1.32439,1.32439,1.32439,1.32439,1.32439,1.32439,1.32439,1.32439,1.32439,1.32439,1.32439,1.32439,1.32439,1.32439,1.32439,1.32439,1.32439,1.32439,1.32439,1.32439,1.32439,1.32439,1.32439,1.32439,1.32439,1.32439,1.32439,1.32439,0,0,0
1.24133,1.15267,1.28567,1.28567,1.1305,1.27458,1.03629,0.798,1.10833,1.37433,1.33,1.15267,1.197,1.30783,1.27458,1.14712,1.30506,1.11803,1.09102,1.25484,1.04859,0.842333,1.08617,1.09725,1.08062,1.24965,1.15682,1.15474,1.28671,1.13102,1.07534,0.936672,0.798,0.798,1.08617,1.00858,1.03629,1.18315,1.01274,0.842333,1.48517,1.38542,1.35771,1.10002,0.842333,0.842333,0.820167,0.798,1.10833,1.08617,1.09725,1.25796,1.11665,1.09032,1.25449,1.07058,0.886667,0.798,0.798,1.01967,0.953167,0.886667,0.798,1.01967,0.908833,0.798,1.10833,1.15267,1.10833,1.30783,1.05292,0.798,0.798,0.798,0.798,1.15267,1.064,1.064,1.28567,1.08617,0.886667,1.17483,1.40758,1.36879,1.0834,0.798,1.10833,1.04183,0.942083,0.842333,0.798,1.08617,1.40758,1.32446,1.39373,1.42836,1.40135,1.18834,1.14834,1.35,1.18483,1.14658,1.34913,1.1179,0.886667,1.37433,1.30783,1.42975,1.49071,1.41035,1.21501,1.01967,1.10753,1.10753,1.10753,1.10753,1.10753,1.10753,1.10753,1.10753,1.10753,1.10753,1.10753,1.10753,1.10753,1.10753,1.10753,1.10753,1.10753,1.10753,1.10753,1.10753,1.10753,2,1,0
1.50733,1.57383,1.56275,1.42421,1.5101,1.42005,1.46369,1.64068,1.57401,1.60717,1.53508,1.47688,1.4256,1.5108,1.46473,1.2422,1.19743,1.26372,1.23036,1.14718,1.23859,1.06263,0.886667,1.197,1.30783,1.05292,0.798,0.798,1.1305,0.96425,0.798,1.10833,0.975333,0.842333,0.886667,1.15267,1.28567,1.15267,0.975333,0.798,0.842333,0.886667,1.15267,1.01967,0.886667,1.15267,1.064,0.975333,0.886667,0.842333,0.798,0.886667,0.8645,0.842333,1.1305,1.00858,0.886667,1.10833,0.9975,0.886667,0.886667,1.1305,1.36325,1.52396,1.49348,1.14574,0.798,1.15267,1.44083,1.38542,1.53504,1.49902,1.17068,0.842333,1.17483,0.986417,0.798,1.08617,0.96425,0.842333,1.15267,1.44083,1.38542,1.13604,0.886667,1.15267,1.04183,0.919917,0.798,1.21917,1.31892,1.36879,1.39373,1.45053,1.45677,1.12738,0.798,1.15267,1.35217,1.38542,1.49071,1.47685,1.13743,0.798,0.886667,0.798,1.15144,1.15144,1.15144,1.15144,1.15144,1.15144,1.15144,1.15144,1.15144,1.15144,1.15144,1.15144,1.15144,1.15144,1.15144,1.15144,1.15144,1.15144,1.15144,1.15144,1.15144,1.15144,1.15144,1.15144,1.15144,1.15144,1.15144,8,1,4
0.798,0.798,1.064,1.10833,1.01967,0.9975,0.919917,0.842333,1.04183,1.23025,1.36879,1.46023,1.37295,1.50664,1.41832,1.39633,1.474,1.402,1.1,0.798,0.798,1.1305,1.23025,1.41312,1.4159,1.46161,1.55097,1.46265,1.28549,1.08608,0.886667,0.842333,0.798,0.886667,0.931,0.886667,0.842333,0.953167,0.96425,1.01412,1.12773,1.05153,0.969099,0.886667,0.842333,0.953167,1.27458,1.25796,1.11665,1.00166,0.886667,1.1305,1.31892,1.28012,1.03906,0.798,0.798,1.15267,1.2635,1.29675,1.26904,1.38819,1.53643,1.27805,1.03802,0.798,0.842333,1.10833,1.21917,1.31892,1.39096,1.27181,1.07924,0.886667,0.886667,0.886667,0.886667,0.975333,0.931,0.886667,0.908833,0.942083,0.958708,0.878354,0.798,1.064,1.10833,0.953167,0.798,0.842333,0.886667,0.886667,0.975333,0.886667,0.798,1.064,0.953167,0.842333,0.798,0.798,0.798,1.064,1.24133,1.57383,1.27458,1.03629,0.798,0.931,1.1305,1.29675,1.09171,0.886667,0.908833,0.942083,0.870042,0.798,1.06089,1.06089,1.06089,1.06089,1.06089,1.06089,1.06089,1.06089,1.06089,1.06089,1.06089,1.06089,1.06089,1.06089,1.06089,1.06089,1.06089,10,7,9
1.596,0.886667,0.975333,1.197,0.9975,0.798,0.886667,0.798,1.15267,1.064,0.975333,0.886667,1.10833,1.3965,1.36325,1.10279,0.842333,0.842333,0.820167,0.798,0.886667,0.886667,0.886667,1.15267,0.975333,0.798,1.10833,1.33,1.24133,1.01967,0.798,1.10833,1.30783,1.18592,1.03629,0.886667,0.842333,0.798,0.886667,0.975333,0.886667,0.798,0.798,0.798,1.01967,1.33,1.50733,1.24133,1.10833,1.21917,1.00858,0.798,0.798,1.10833,0.975333,0.842333,0.953167,0.919917,0.886667,0.842333,0.798,0.886667,0.908833,0.89775,0.886667,1.197,1.35217,1.40758,1.50179,1.52673,1.16236,0.798,1.10833,1.35217,1.42975,1.44637,1.16652,0.886667,1.064,1.01967,0.908833,0.798,0.798,0.798,0.842333,0.886667,1.24133,1.35217,1.42975,1.51287,1.42144,1.15405,0.886667,1.15267,1.01967,0.886667,1.064,0.975333,0.886667,0.886667,0.886667,0.886667,1.1305,1.00858,0.886667,1.197,0.9975,0.798,1.10833,1.01967,0.975333,1.17483,1.11942,1.13604,1.10002,1.064,1.03987,1.03987,1.03987,1.03987,1.03987,1.03987,1.03987,1.03987,1.03987,1.03987,1.03987,1.03987,1.03987,1.03987,1.03987,1.03987,1.03987,2,1,1
0.975333,0.842333,1.04183,1.11942,1.09171,0.944854,0.798,1.10833,1.15267,1.33,1.33,1.10833,0.886667,0.798,1.28567,1.2635,1.45192,1.28012,1.32723,1.32861,1.32931,1.68432,1.64016,1.28558,1.41862,1.39648,1.58491,1.36879,1.59323,1.26211,1.49556,1.23544,1.46006,1.35069,1.45118,1.43492,1.51546,1.4449,1.60912,1.29222,1.57711,1.32056,1.50261,1.30547,1.6724,1.3682,1.6151,1.38388,1.20178,1.04422,0.886667,0.798,0.798,0.798,0.798,0.931,1.064,1.28567,1.21917,1.00858,0.798,0.886667,0.975333,0.931,0.886667,1.064,1.30783,1.16375,1.11387,1.1776,1.3203,1.16998,1.38299,1.46733,1.73116,1.35325,1.18646,1.0144,0.842333,0.8645,0.886667,0.908833,1.31892,1.41312,1.26073,1.0737,0.886667,1.35217,1.23025,1.14712,0.972562,0.798,1.15267,0.975333,0.798,1.064,0.931,0.798,1.28567,1.17483,1.54058,1.30229,1.09448,0.886667,0.798,1.41867,1.1887,1.1887,1.1887,1.1887,1.1887,1.1887,1.1887,1.1887,1.1887,1.1887,1.1887,1.1887,1.1887,1.1887,1.1887,1.1887,1.1887,1.1887,1.1887,1.1887,1.1887,1.1887,1.1887,1.1887,1.1887,1.1887,1.1887,14,5,2
1.01967,1.1305,0.96425,0.798,1.064,0.953167,0.842333,0.886667,0.842333,0.798,0.886667,0.798,1.197,1.41867,1.17483,1.09725,1.30229,1.05015,0.798,0.886667,0.798,1.01967,1.1305,1.14158,1.08062,1.33831,1.11249,0.886667,1.01967,0.908833,0.798,1.15267,1.37433,1.596,1.463,1.3965,1.09725,0.798,1.01967,0.908833,0.798,0.842333,0.886667,0.975333,0.886667,0.798,0.798,0.975333,1.01967,0.908833,0.798,0.886667,0.842333,0.798,0.9975,0.96425,1.14712,1.10556,0.996115,0.886667,1.04183,0.986417,1.09171,1.18869,0.993344,0.798,0.798,0.798,1.064,0.931,0.798,1.064,1.30783,1.05292,0.798,0.798,0.798,0.798,0.886667,0.886667,0.886667,1.10833,0.953167,0.798,0.820167,0.842333,0.820167,0.798,1.01967,1.2635,1.25242,1.06954,0.886667,0.975333,0.953167,1.20808,1.00304,0.798,0.975333,1.01967,1.04183,0.919917,0.798,0.798,0.886667,0.931,0.953167,0.875583,0.798,0.820167,0.842333,1.04183,0.986417,0.958708,1.18869,1.32584,1.26142,1.11838,1.00252,0.886667,0.798,0.982013,0.982013,0.982013,0.982013,0.982013,0.982013,0.982013,0.982013,0.982013,0.982013,0.982013,0.982013,8,5,2
1.50733,0.886667,1.01967,1.33,1.064,0.798,0.886667,0.842333,0.798,0.886667,0.931,1.04183,1.00858,1.34662,1.09448,0.842333,0.908833,0.942083,0.914375,0.886667,0.886667,0.931,0.8645,0.798,0.842333,0.886667,0.842333,0.842333,0.842333,0.9975,1.20808,1.13604,1.01135,0.886667,1.01967,1.04183,1.31892,1.23579,1.1499,1.10695,0.996807,0.886667,1.24133,1.08617,0.986417,0.886667,0.886667,0.798,0.886667,0.8645,0.842333,0.798,0.886667,0.886667,0.931,1.2635,1.42975,1.13604,0.842333,1.04183,0.96425,0.886667,0.886667,0.886667,0.886667,0.798,1.01967,0.975333,0.931,0.886667,1.197,1.33,1.48517,1.51842,1.31337,1.05569,0.798,0.842333,0.886667,0.842333,0.798,1.10833,0.953167,0.798,0.886667,0.931,1.197,1.1305,1.00858,0.886667,0.798,0.975333,1.15267,1.28567,1.3965,1.49625,1.52396,1.16098,0.798,0.842333,0.886667,0.842333,0.975333,1.17483,1.07508,1.31337,1.38819,1.18176,1.12288,1.27077,1.14522,1.25978,1.38356,1.20161,1.33231,1.30899,1.14216,1.14741,1.15267,1.03518,1.03518,1.03518,1.03518,1.03518,1.03518,1.03518,1.03518,1.03518,1.03518,1.03518,1.03518,1.03518,1.03518,12,6,3
1.24133,1.30783,1.31892,1.21362,1.29398,1.26766,1.18799,1.259,1.1615,1.11275,1.17704,1.18702,1.12551,1.22776,1.36754,1.21577,1.27289,1.36794,1.2603,1.29515,1.17958,1.07745,1.18156,1.21145,1.09339,1.16736,1.29301,1.24501,1.2875,1.30875,1.27504,1.30252,1.29409,1.09038,0.886667,1.01967,1.08617,1.18592,1.25796,1.16098,1.31199,1.21016,1.15925,1.24462,1.10998,1.04266,1.18633,1.21383,1.09458,1.19012,1.21573,1.09553,1.1906,1.23813,1.15107,1.28487,1.17443,1.11922,1.20244,1.17755,1.07644,1.15889,1.28878,1.19856,1.28644,1.24172,1.24153,1.28576,1.17488,1.09727,1.21364,1.22749,1.14574,1.23787,1.32827,1.26263,1.29632,1.35749,1.23291,1.28146,1.17273,1.11836,1.17985,1.21059,1.09296,1.27798,1.25966,1.20616,1.31241,1.25471,1.20369,1.22251,1.14326,1.08146,1.1614,1.13487,1.0551,1.21472,1.22802,1.10168,1.21584,1.27292,1.14629,1.28248,1.10674,1.04104,1.16335,1.06934,1.08884,1.10833,1.19855,1.19855,1.19855,1.19855,1.19855,1.19855,1.19855,1.19855,1.19855,1.19855,1.19855,1.19855,1.19855,1.19855,1.19855,1.19855,1.19855,1.19855,1.19855,1.19855,1.19855,1.19855,1.19855,8,3,1
0.798,0.798,0.975333,0.975333,0.931,0.886667,0.886667,0.886667,0.931,1.3965,1.18592,1.01412,0.842333,0.908833,1.36325,1.30229,1.62648,1.36741,1.12704,0.886667,0.953167,0.919917,0.886667,0.975333,1.5295,1.29675,1.62371,1.41035,1.12634,0.842333,0.953167,1.42975,1.29121,1.22194,1.00997,0.798,1.44083,1.29675,1.53504,1.29952,1.22609,1.03421,0.842333,0.975333,0.886667,0.798,1.01967,0.908833,0.798,1.3965,1.18592,0.991958,0.798,0.975333,1.463,1.28567,1.2635,1.03075,0.798,0.975333,0.908833,0.842333,1.33,1.24133,1.24133,1.01967,0.798,1.04183,0.919917,0.798,1.01967,0.953167,0.886667,1.41867,1.21917,1.00858,0.798,0.975333,1.15267,0.9975,0.842333,1.04183,0.919917,0.798,0.886667,0.975333,1.01967,1.10833,0.953167,0.798,1.064,0.931,0.798,1.08617,0.986417,0.886667,1.41867,1.2635,1.56275,1.35771,1.29952,1.04876,0.798,1.064,0.975333,0.886667,0.886667,0.886667,1.01967,1.44083,1.23025,1.59046,1.23856,0.886667,1.07109,1.07109,1.07109,1.07109,1.07109,1.07109,1.07109,1.07109,1.07109,1.07109,1.07109,1.07109,1.07109,1.07109,1.07109,1.07109,1.07109,1.07109,1.07109,8,3,1
0.975333,1.1305,1.05292,1.12496,1.20531,1.09032,1.12149,1.18141,1.30004,1.27069,1.25601,1.33734,1.245,1.2875,1.30875,1.27504,1.30252,1.07243,0.842333,1.10833,1.463,1.44083,1.65142,1.51287,1.15544,0.798,1.064,1.44083,1.38542,1.24687,1.1776,1.27597,1.21432,1.16133,1.31216,1.23241,1.14821,1.21694,1.07397,1.02465,1.26599,1.45316,1.41375,1.52704,1.56152,1.55659,1.5098,1.1539,0.798,1.08617,1.11942,1.13604,1.23302,1.28151,1.21709,1.29571,1.13552,1.07759,1.2038,1.11173,1.0657,1.19785,1.26392,1.18613,1.25806,1.3162,1.23443,1.28222,1.30611,1.18505,1.32403,1.59301,1.52801,1.65067,1.5125,1.75375,1.54188,1.23644,1.19455,1.26228,1.5843,1.50149,1.63741,1.46154,1.75044,1.54022,1.21344,0.886667,1.15267,1.55167,1.44083,1.60708,1.55721,1.53227,1.5863,1.48032,1.47166,1.6225,1.45408,1.28567,1.29832,1.29832,1.29832,1.29832,1.29832,1.29832,1.29832,1.29832,1.29832,1.29832,1.29832,1.29832,1.29832,1.29832,1.29832,1.29832,1.29832,1.29832,1.29832,1.29832,1.29832,1.29832,1.29832,1.29832,1.29832,1.29832,1.29832,1.29832,1.29832,1.29832,1.29832,1.29832,1.29832,12,8,7
1.28567,1.41867,1.30783,1.05292,0.798,0.820167,0.842333,1.04183,0.919917,0.798,0.798,0.798,0.842333,0.820167,0.798,1.17483,1.25242,1.06954,0.886667,1.17483,1.09725,0.969792,0.842333,1.1305,1.49625,1.39096,1.44915,1.16791,0.886667,1.064,1.28567,1.1305,0.96425,0.798,1.197,1.04183,0.886667,0.975333,1.28567,1.463,1.35217,1.45192,1.47962,1.33831,1.44499,1.54266,1.36983,1.41642,1.48404,1.40702,1.45718,1.54876,1.32854,1.37361,1.46264,1.32982,1.44074,1.1637,0.886667,0.842333,1.197,1.04183,0.886667,1.01967,1.21917,1.40758,1.36879,1.3494,1.49486,1.34593,1.47097,1.15665,0.842333,0.842333,1.1305,0.986417,0.842333,0.798,1.1305,0.96425,0.798,0.975333,1.28567,1.61817,1.38542,1.49071,1.14435,0.798,0.9975,1.27458,1.50179,1.32723,1.35078,1.45122,1.34628,1.47114,1.22324,1.01062,0.798,1.1305,1.27458,1.08062,0.886667,1.197,1.48517,1.34108,1.197,1.1671,1.1671,1.1671,1.1671,1.1671,1.1671,1.1671,1.1671,1.1671,1.1671,1.1671,1.1671,1.1671,1.1671,1.1671,1.1671,1.1671,1.1671,1.1671,1.1671,1.1671,1.1671,1.1671,1.1671,1.1671,1.1671,16,6,11
1.28567,1.30783,1.27458,1.25796,1.29398,1.22332,1.21016,1.24791,1.24462,1.22081,1.27541,1.28054,1.30527,1.38413,1.3349,1.48762,1.36448,1.54674,1.4162,1.4396,1.36263,1.41282,1.34924,1.45045,1.34589,1.47095,1.40047,1.47607,1.3587,1.45518,1.37043,1.41671,1.41769,1.37384,1.32976,1.46288,1.46294,1.48514,1.29673,1.5572,1.39927,1.43113,1.33623,1.33312,1.28723,1.28645,1.26389,1.25261,1.26914,1.18874,1.2372,1.2171,1.29572,1.31286,1.36576,1.45871,1.37219,1.50626,1.39596,1.45165,1.39082,1.49341,1.58904,1.45952,1.43909,1.16288,0.886667,0.842333,0.842333,0.842333,1.04183,0.942083,0.842333,1.08617,0.986417,0.886667,1.17483,1.34108,1.24687,1.5101,1.39789,1.51911,1.40239,1.58786,1.4146,1.1728,1.0519,1.12445,1.40456,1.30078,1.44839,1.34486,1.5591,1.51105,1.15452,0.798,1.01967,0.931,0.842333,0.9975,1.15267,1.29169,1.29169,1.29169,1.29169,1.29169,1.29169,1.29169,1.29169,1.29169,1.29169,1.29169,1.29169,1.29169,1.29169,1.29169,1.29169,1.29169,1.29169,1.29169,1.29169,1.29169,1.29169,1.29169,1.29169,1.29169,1.29169,1.29169,1.29169,1.29169,1.29169,1.29169,1.29169,0,0,0
1.33,1.30783,1.27458,1.12496,1.22748,1.30091,1.11595,1.24514,1.24324,1.13145,1.16423,1.11411,1.08906,1.16519,1.20326,1.11147,1.19857,1.26428,1.16414,1.24707,1.39937,1.25385,1.26976,1.18905,1.14869,1.21718,1.29576,1.13554,1.18844,1.19272,1.17269,1.20701,1.31284,1.16625,1.20379,1.17823,1.07678,1.18122,1.23345,1.12656,1.20611,1.24589,1.13278,1.20922,1.31394,1.21114,1.27057,1.23378,1.12673,1.18403,1.21268,1.11617,1.22309,1.23221,1.14811,1.23905,1.28453,1.17426,1.22996,1.32432,1.14982,1.21775,1.14087,1.0581,1.17188,1.22878,1.10205,1.21603,1.29518,1.20176,1.28805,1.37552,1.28626,1.30813,1.31907,1.2137,1.24968,1.31201,1.16584,1.22575,1.32221,1.21527,1.27264,1.34565,1.18266,1.25633,1.2045,1.06775,1.17671,1.05385,1.05893,1.1723,1.14032,1.07999,1.205,1.04583,0.886667,1.10833,1.41867,1.37433,1.50733,1.41867,1.48517,1.45192,1.43529,1.36048,1.34524,1.33,1.22166,1.22166,1.22166,1.22166,1.22166,1.22166,1.22166,1.22166,1.22166,1.22166,1.22166,1.22166,1.22166,1.22166,1.22166,1.22166,1.22166,1.22166,1.22166,1.22166,1.22166,1.22166,1.22166,1.22166,1.22166,20,5,9
1.33,1.35217,1.09725,0.842333,0.886667,1.17483,1.07508,0.958708,0.842333,1.1305,1.31892,1.19146,1.2829,1.06261,0.842333,0.798,1.1305,1.31892,1.30229,1.31615,1.07924,0.842333,0.842333,1.1305,1.16375,1.15821,1.28844,1.33139,1.17553,1.27493,1.2803,1.21648,1.33974,1.46787,1.3546,1.38663,1.11448,0.842333,0.798,1.15267,1.33,1.21917,1.34108,1.06954,0.798,0.798,1.1305,1.38542,1.29121,1.39927,1.34247,1.20323,1.28878,1.35373,1.2532,1.38026,1.3773,1.33148,1.35291,1.40795,1.30248,1.33841,1.35637,1.16585,1.24793,1.42196,1.26515,1.38624,1.49112,1.32189,1.39245,1.44989,1.23478,1.30456,1.27294,1.19064,1.32682,1.35058,1.18512,1.30189,1.42678,1.17889,1.27661,1.19247,1.1504,1.26237,1.29618,1.20226,1.2883,1.22048,1.20874,1.3137,1.36619,1.28159,1.39446,1.4509,1.30178,1.36022,1.38945,1.27106,1.30053,1.33743,1.15638,1.30969,1.463,1.23099,1.23099,1.23099,1.23099,1.23099,1.23099,1.23099,1.23099,1.23099,1.23099,1.23099,1.23099,1.23099,1.23099,1.23099,1.23099,1.23099,1.23099,1.23099,1.23099,1.23099,1.23099,1.23099,1.23099,1.23099,1.23099,1.23099,1.23099,4,0,0
1.15267,1.21917,1.05292,0.886667,0.798,1.15267,1.35217,1.51842,1.53504,1.54335,1.43668,1.62717,1.45642,1.81438,1.46135,1.39568,1.47367,1.60134,1.46567,1.66383,1.45258,1.39129,1.11681,0.842333,0.842333,0.842333,0.842333,1.1305,1.11942,1.31337,1.34385,1.31476,1.38888,1.51461,1.26714,1.12124,1.42512,1.73223,1.42028,1.44164,1.36365,1.41333,1.50466,1.74983,1.40692,1.47929,1.33815,1.62224,1.36529,1.28114,1.46074,1.46187,1.39593,1.38513,1.49057,1.69845,1.44773,1.34453,1.4481,1.43338,1.31519,1.43343,1.38171,1.44452,1.38726,1.49163,1.36648,1.41474,1.4832,1.45094,1.54563,1.70382,1.42824,1.51212,1.44323,1.71911,1.34722,1.53811,1.45622,1.50394,1.39481,1.4289,1.33512,1.48773,1.34236,1.44701,1.41067,1.43684,1.36125,1.43429,1.24915,1.42257,1.22112,1.01967,1.38212,1.38212,1.38212,1.38212,1.38212,1.38212,1.38212,1.38212,1.38212,1.38212,1.38212,1.38212,1.38212,1.38212,1.38212,1.38212,1.38212,1.38212,1.38212,1.38212,1.38212,1.38212,1.38212,1.38212,1.38212,1.38212,1.38212,1.38212,1.38212,1.38212,1.38212,1.38212,1.38212,1.38212,1.38212,1.38212,1.38212,1.38212,1.38212,4,0,2
1.064,0.9975,1.00858,1.12496,1.31615,1.10141,0.886667,0.9975,1.16375,0.980875,0.798,0.798,1.01967,1.01967,1.064,1.064,1.28567,1.064,0.842333,1.04183,1.18592,1.10279,1.0834,1.16236,1.24618,1.48759,1.3423,1.33615,1.64341,1.4202,1.39727,1.62963,1.45765,1.41599,1.19566,0.996831,0.798,1.064,1.30783,1.27458,1.34662,1.11665,0.886667,0.886667,1.1305,1.45192,1.36879,1.3494,1.1402,0.969099,0.798,1.064,1.3965,1.23025,1.28012,1.06123,0.842333,1.064,1.21917,1.07508,0.980875,0.886667,1.10833,1.01967,0.9975,1.09725,1.25796,1.02798,0.798,0.9975,1.20808,1.31337,1.25519,1.31476,1.49971,1.34836,1.36135,1.50084,1.37109,1.37271,1.57302,1.40718,1.39076,1.20521,1.00161,0.798,1.08617,1.34108,1.24687,1.3106,1.3203,1.21432,1.33866,1.31216,1.29891,1.35879,1.5439,1.39261,1.36131,1.10182,0.842333,1.08617,1.23025,1.36879,1.4159,1.463,1.18482,1.18482,1.18482,1.18482,1.18482,1.18482,1.18482,1.18482,1.18482,1.18482,1.18482,1.18482,1.18482,1.18482,1.18482,1.18482,1.18482,1.18482,1.18482,1.18482,1.18482,1.18482,1.18482,1.18482,1.18482,1.18482,1.18482,8,0,1
1.41867,1.41867,1.10833,0.798,1.1305,1.47408,1.44637,1.14435,0.842333,1.10833,0.953167,0.798,1.1305,1.38542,1.37987,1.53227,1.5198,1.5579,1.53262,1.18748,0.842333,1.1305,1.38542,1.44637,1.54335,1.74701,1.49417,1.45642,1.48188,1.47244,1.40122,1.43211,1.33672,1.35553,1.29843,1.31422,1.27777,1.32605,1.26153,1.3401,1.33505,1.59852,1.35343,1.69638,1.40236,1.76518,1.41459,1.77129,1.43981,1.38491,1.13579,0.886667,1.10833,1.04183,1.09725,1.23579,1.12773,1.1402,1.25727,1.13847,1.14557,1.23778,1.06222,0.886667,1.17483,1.49625,1.45746,1.17206,0.886667,1.15267,0.9975,0.842333,1.1305,1.45192,1.43529,1.55998,1.48932,1.63133,1.50283,1.15042,0.798,1.08617,0.96425,0.842333,1.1305,1.45192,1.39096,1.09448,0.798,1.10833,0.953167,0.798,1.10833,1.01967,1.08617,1.23025,1.01412,0.798,1.08617,1.37433,1.24538,1.24538,1.24538,1.24538,1.24538,1.24538,1.24538,1.24538,1.24538,1.24538,1.24538,1.24538,1.24538,1.24538,1.24538,1.24538,1.24538,1.24538,1.24538,1.24538,1.24538,1.24538,1.24538,1.24538,1.24538,1.24538,1.24538,1.24538,1.24538,1.24538,1.24538,1.24538,1.24538,8,4,8
1.37433,0.798,1.3965,1.29675,1.35771,1.07785,0.798,1.1305,1.03075,1.11387,1.19977,1.13189,1.20878,1.31372,1.07803,0.842333,1.41867,1.35217,1.36325,1.19146,1.12773,1.22886,1.2351,1.12738,1.27302,1.10201,1.19384,1.28409,1.08538,0.886667,1.064,1.08617,1.03075,0.914375,0.798,1.064,1.197,1.1305,1.14158,1.28012,1.10556,1.08478,1.22956,1.01378,0.798,1.04183,0.96425,0.886667,1.197,1.01967,0.842333,1.04183,1.03075,1.18037,1.34385,1.18176,1.14505,1.19319,1.08426,1.14063,1.14665,1.03882,1.09575,1.56754,1.40444,1.63322,1.57028,1.7383,1.55632,1.44316,1.67475,1.54671,1.17235,0.798,1.01967,0.931,0.842333,1.10833,0.975333,0.842333,1.1305,1.45192,1.50179,1.1499,0.798,1.04183,0.942083,0.842333,1.197,1.01967,0.842333,1.1305,1.40758,1.63479,1.46023,1.41728,1.19631,1.10799,0.952993,0.798,1.08617,1.34108,1.09171,0.842333,0.886667,0.886667,0.886667,1.10833,1.14359,1.14359,1.14359,1.14359,1.14359,1.14359,1.14359,1.14359,1.14359,1.14359,1.14359,1.14359,1.14359,1.14359,1.14359,1.14359,1.14359,1.14359,1.14359,1.14359,1.14359,1.14359,1.14359,1.14359,1.14359,4,1,1
0.931,1.28567,1.197,1.24133,1.3965,1.40758,1.45746,1.3494,1.11803,0.886667,1.064,1.064,1.1305,1.25242,1.04737,0.842333,1.08617,1.27458,1.34662,1.38265,1.66666,1.32099,1.34766,1.494,1.36767,1.26017,1.22858,1.34579,1.11623,0.886667,1.10833,1.01967,1.197,1.37433,1.44083,1.45192,1.45746,1.43806,1.36186,1.5011,1.30472,1.25086,1.02443,0.798,0.798,0.798,0.798,0.886667,1.01967,1.15267,1.21917,1.09725,1.10279,1.2829,1.41728,1.50664,1.30749,1.05274,0.798,0.975333,1.1305,1.38542,1.55721,1.39927,1.3203,1.05915,0.798,0.842333,1.064,1.15267,1.33,1.28567,1.3965,1.65142,1.40204,1.32169,1.08201,0.842333,1.064,1.064,1.1305,1.16375,1.04737,1.05569,1.19284,1.30576,1.34004,1.46802,1.39901,1.49751,1.39159,1.13913,0.886667,1.17483,1.38542,1.31337,1.12219,1.20393,1.3113,1.18765,1.08149,1.18358,1.16812,1.07173,0.957031,0.842333,1.19723,1.19723,1.19723,1.19723,1.19723,1.19723,1.19723,1.19723,1.19723,1.19723,1.19723,1.19723,1.19723,1.19723,1.19723,1.19723,1.19723,1.19723,1.19723,1.19723,1.19723,1.19723,1.19723,1.19723,1.19723,1.19723,1.19723,0,0,2
1.729,1.729,1.57383,1.65142,1.55721,1.2441,1.17622,1.27528,1.2583,1.18332,1.27883,1.30441,1.20637,1.31252,1.07743,0.842333,1.1305,1.58492,1.50179,1.72623,1.57245,1.71722,1.54578,1.77039,1.59453,1.28493,1.2188,1.29657,1.20245,1.17756,1.27595,1.08131,0.886667,1.1305,1.00858,0.886667,1.17483,1.54058,1.47962,1.64865,1.55582,1.57591,1.47512,1.53556,1.47711,1.55872,1.4887,1.67535,1.52484,1.18359,0.842333,1.10833,1.01967,1.064,1.21917,1.09725,1.08062,1.24965,1.11249,1.08824,1.25346,1.53556,1.47711,1.55872,1.4887,1.54235,1.48051,1.53825,1.47846,1.58156,1.43362,1.58131,1.47782,1.55908,1.46671,1.13235,0.798,1.08617,1.07508,1.09171,1.21085,1.18176,1.12288,1.24861,1.04547,0.842333,1.1305,1.54058,1.47962,1.73731,1.57799,1.25449,1.18141,1.30004,1.55885,1.40009,1.24133,1.33464,1.33464,1.33464,1.33464,1.33464,1.33464,1.33464,1.33464,1.33464,1.33464,1.33464,1.33464,1.33464,1.33464,1.33464,1.33464,1.33464,1.33464,1.33464,1.33464,1.33464,1.33464,1.33464,1.33464,1.33464,1.33464,1.33464,1.33464,1.33464,1.33464,1.33464,1.33464,1.33464,1.33464,1.33464,1.33464,2,1,3
1.28567,1.17483,1.25242,1.51287,1.42144,1.64172,1.46369,1.28601,1.19717,1.26359,1.09729,1.14715,1.23857,1.12912,1.16306,1.22436,1.12201,1.09301,1.18934,1.304,1.20617,1.24592,1.26579,1.18706,1.30286,1.6046,1.44513,1.60923,1.51395,1.59931,1.48682,1.20891,1.11429,1.24431,1.08766,1.07583,1.18075,1.54354,1.4146,1.3058,1.22923,1.27962,1.19398,1.17332,1.29599,1.047,0.798,1.064,0.953167,0.842333,1.1305,1.47408,1.40204,1.54335,1.45884,1.52742,1.42871,1.57886,1.45443,1.61388,1.49411,1.21255,1.13828,1.18981,1.1269,1.11762,1.20164,1.50965,1.41983,1.26408,1.18621,1.23594,1.08347,1.11807,1.22403,1.47652,1.40326,1.56613,1.4924,1.58853,1.48143,1.56088,1.48977,1.54289,1.45861,1.52731,1.45082,1.54558,1.41562,1.52798,1.42899,1.49033,1.43233,1.492,1.43317,1.44808,1.41121,1.37433,1.3255,1.3255,1.3255,1.3255,1.3255,1.3255,1.3255,1.3255,1.3255,1.3255,1.3255,1.3255,1.3255,1.3255,1.3255,1.3255,1.3255,1.3255,1.3255,1.3255,1.3255,1.3255,1.3255,1.3255,1.3255,1.3255,1.3255,1.3255,1.3255,1.3255,1.3255,1.3255,1.3255,1.3255,1.3255,4,1,2
1.37433,1.15267,1.15267,1.24133,1.21917,1.00858,0.798,1.08617,0.986417,0.886667,1.01967,1.21917,1.11942,1.02521,1.08894,1.2538,1.0259,0.798,0.953167,1.20808,1.22471,1.05569,0.886667,1.1305,1.34108,1.26904,1.29952,1.11526,0.95663,0.798,1.08617,0.96425,0.842333,0.798,1.064,1.17483,1.11942,1.20254,1.48794,1.36464,1.39165,1.22783,1.23458,1.17146,1.27289,1.32361,1.26031,1.29515,1.04658,0.798,0.908833,1.16375,1.13604,1.32169,1.14851,1.26142,1.20704,1.04686,0.886667,1.1305,1.09725,1.19146,1.0834,1.2732,1.2351,1.21605,1.09569,1.07985,1.49309,1.30071,1.33752,1.37809,1.33188,1.28661,1.15314,1.2194,1.23037,1.21368,1.11668,1.28984,1.37642,1.22021,1.2751,1.61289,1.40494,1.4783,1.40415,1.10108,0.798,1.064,1.3965,1.23025,1.34662,1.40481,1.50041,1.4152,1.1066,0.798,0.975333,1.15267,1.41867,1.2635,1.31892,1.19146,0.994729,0.798,1.10833,1.064,1.01967,1.16416,1.16416,1.16416,1.16416,1.16416,1.16416,1.16416,1.16416,1.16416,1.16416,1.16416,1.16416,1.16416,1.16416,1.16416,1.16416,1.16416,1.16416,1.16416,1.16416,1.16416,1.16416,1.16416,1.16416,2,4,2
1.33,1.10833,0.886667,1.064,1.70683,1.49625,1.19146,0.886667,1.064,1.197,1.08617,1.03075,1.55721,1.39927,1.1208,0.842333,1.064,1.17483,1.00858,0.842333,1.21917,1.00858,0.798,1.08617,1.05292,1.01412,0.928229,0.842333,0.9975,0.96425,1.12496,1.09448,1.56691,1.42629,1.31164,1.09915,0.886667,1.197,1.44083,1.23025,1.21362,1.16098,1.35632,1.07716,0.798,1.24133,1.04183,0.842333,1.197,0.9975,0.798,1.41867,1.35217,1.42975,1.13604,0.842333,1.01967,0.908833,0.798,0.9975,1.03075,1.20254,1.33277,1.26489,1.14228,1.36914,1.57124,1.18462,0.798,1.064,1.15267,0.975333,0.798,0.798,0.798,0.908833,0.853417,0.798,0.820167,0.842333,1.17483,0.986417,0.798,1.17483,1.03075,0.886667,1.21917,1.14158,1.03629,1.11665,0.97949,0.842333,1.15267,0.975333,0.798,0.908833,1.00858,1.14712,1.37156,1.23995,1.15197,1.13015,1.07491,1.26896,1.05564,0.842333,1.04183,1.56275,1.42421,1.28567,1.09551,1.09551,1.09551,1.09551,1.09551,1.09551,1.09551,1.09551,1.09551,1.09551,1.09551,1.09551,1.09551,1.09551,1.09551,1.09551,1.09551,1.09551,1.09551,1.09551,1.09551,1.09551,1.09551,6,3,3
1.28567,0.798,1.41867,1.35217,1.31892,1.14712,1.1499,1.19561,1.08547,1.0969,1.19129,1.21631,1.16232,1.22399,1.2105,1.22592,1.21146,1.27073,1.23386,1.25977,1.22838,1.16836,1.24918,1.24526,1.11029,1.19798,1.19749,1.17508,1.18604,1.21369,1.11668,1.2455,1.19909,1.08721,1.1421,1.12522,1.16111,1.22339,1.16586,1.15926,1.2003,1.30948,1.14241,1.21404,1.18335,1.03501,0.886667,1.064,1.064,1.2635,1.16375,1.13604,1.18869,1.23718,1.15059,1.24029,1.15215,1.15241,1.19687,1.24127,1.13047,1.23023,1.14712,1.12773,1.18453,1.1686,1.09413,1.16773,1.00503,0.842333,1.10833,0.953167,0.798,1.064,0.9975,0.986417,1.13604,1.45469,1.39234,1.18384,1.05742,1.21588,1.1621,1.04655,1.12178,1.20372,1.15603,1.22085,1.09809,1.10321,1.21661,1.18464,1.12432,1.18283,1.25641,1.16021,1.26727,1.1878,1.1924,1.23903,1.15152,1.10776,1.17455,1.03061,0.886667,1.1305,1.14158,1.05846,1.23856,1.21778,1.09656,0.975333,1.15762,1.15762,1.15762,1.15762,1.15762,1.15762,1.15762,1.15762,1.15762,1.15762,1.15762,1.15762,1.15762,1.15762,1.15762,1.15762,1.15762,1.15762,1.15762,1.15762,1.15762,4,3,1
1.37433,1.3965,1.34108,1.06954,0.798,0.886667,1.35217,1.20808,1.26904,1.34385,1.33693,1.42213,1.4869,1.36412,1.36922,1.34961,1.38414,1.31274,1.32137,1.30352,1.40543,1.30121,1.44861,1.34497,1.35965,1.41133,1.4815,1.36141,1.34571,1.40435,1.34501,1.38184,1.37809,1.42054,1.4861,1.45239,1.43553,1.47143,1.57805,1.36536,1.34768,1.38317,1.33442,1.37654,1.35327,1.3638,1.4134,1.34953,1.49493,1.2573,1.31582,1.27858,1.30429,1.29498,1.31249,1.29908,1.40321,1.32227,1.3483,1.36132,1.30133,1.36,1.2785,1.41508,1.37254,1.3956,1.45147,1.39073,1.3382,1.37843,1.28772,1.35319,1.38593,1.35796,1.45482,1.37024,1.37229,1.39548,1.31841,1.36854,1.3271,1.30638,1.27386,1.2576,1.3603,1.21215,1.29324,1.28945,1.13239,1.0317,1.11435,1.51034,1.3315,1.37509,1.44121,1.69594,1.33564,0.975333,1.34074,1.34074,1.34074,1.34074,1.34074,1.34074,1.34074,1.34074,1.34074,1.34074,1.34074,1.34074,1.34074,1.34074,1.34074,1.34074,1.34074,1.34074,1.34074,1.34074,1.34074,1.34074,1.34074,1.34074,1.34074,1.34074,1.34074,1.34074,1.34074,1.34074,1.34074,1.34074,1.34074,1.34074,1.34074,6,1,5
1.33,1.3965,1.45192,1.41312,1.4159,1.39511,1.45122,1.45711,1.50439,1.46153,1.52876,1.45155,1.50161,1.43797,1.40615,1.36808,1.4377,1.49469,1.47884,1.49309,1.58888,1.48161,1.18414,0.886667,1.1305,0.96425,0.798,1.08617,1.45192,1.41312,1.50456,1.46161,1.46231,1.44049,1.54041,1.47954,1.5821,1.52255,1.58144,1.50005,1.43719,1.40576,1.43438,1.42652,1.5556,1.5093,1.64132,1.52999,1.20833,0.886667,1.15267,0.975333,0.798,1.064,1.28567,1.35217,1.31892,1.43529,1.38265,1.40066,1.54266,1.525,1.58267,1.4785,1.13825,0.798,1.064,1.2635,1.29675,1.33554,1.35494,1.36464,1.45815,1.46058,1.48395,1.56214,1.57907,1.58754,1.5031,1.61605,1.51736,1.64535,1.50984,1.44209,1.43038,1.35802,1.36618,1.39242,1.44988,1.43427,1.42647,1.4669,1.50733,1.38793,1.38793,1.38793,1.38793,1.38793,1.38793,1.38793,1.38793,1.38793,1.38793,1.38793,1.38793,1.38793,1.38793,1.38793,1.38793,1.38793,1.38793,1.38793,1.38793,1.38793,1.38793,1.38793,1.38793,1.38793,1.38793,1.38793,1.38793,1.38793,1.38793,1.38793,1.38793,1.38793,1.38793,1.38793,1.38793,1.38793,1.38793,1.38793,1.38793,14,6,3
1.37433,1.37433,1.1305,0.886667,0.798,1.17483,1.25242,1.29121,1.42144,1.33139,1.39719,1.14193,0.886667,0.798,1.10833,1.10833,0.953167,0.798,1.08617,1.31892,1.34662,1.38265,1.26766,1.34316,1.09275,0.842333,0.886667,1.08617,1.29675,1.29121,1.33277,1.37572,1.15336,1.35251,1.34126,1.26913,1.23306,1.3037,1.29468,1.26801,1.3655,1.43642,1.33888,1.4231,1.39872,1.32003,1.08118,0.842333,0.9975,1.27458,1.41312,1.46023,1.28428,1.52881,1.25207,1.1802,1.34377,1.51422,1.17828,0.842333,1.2635,1.11942,1.22471,1.29952,1.35909,1.45538,1.34836,1.36135,1.30134,1.13834,0.968168,0.798,1.064,1.08617,0.986417,0.886667,1.17483,1.00858,0.842333,0.798,1.01967,0.931,0.842333,1.064,1.24133,1.2635,1.34108,1.29121,1.5101,1.37572,1.37503,1.44118,1.38559,1.35779,1.10006,0.842333,0.9975,1.11942,1.31337,1.14435,1.39234,1.31684,1.32342,1.21588,1.2951,1.37433,1.20025,1.20025,1.20025,1.20025,1.20025,1.20025,1.20025,1.20025,1.20025,1.20025,1.20025,1.20025,1.20025,1.20025,1.20025,1.20025,1.20025,1.20025,1.20025,1.20025,1.20025,1.20025,1.20025,1.20025,1.20025,1.20025,1.20025,0,0,0
0.798,0.798,0.798,0.931,0.9975,1.20808,1.29121,1.35494,1.5198,1.33623,1.15578,1.28723,1.37511,1.08656,0.798,0.798,0.798,0.886667,0.975333,1.064,1.37433,1.3965,1.23025,1.12496,1.27181,1.45607,1.43737,1.42802,1.37901,1.19934,1.442,1.20867,1.38017,1.22208,1.29821,1.1811,1.43289,1.24844,1.37789,1.57561,1.25331,1.02565,0.798,0.886667,0.975333,0.953167,0.986417,1.18037,1.12219,1.09309,1.21155,1.09344,1.05655,1.23761,1.15081,1.06307,1.24087,1.26327,1.07497,0.886667,0.798,0.798,0.798,0.975333,0.886667,0.798,0.886667,0.953167,1.18592,1.21362,1.13881,1.38957,1.20462,1.06781,1.02157,1.26445,1.47456,1.22495,1.10014,1.10424,1.32795,1.08514,0.842333,0.798,0.953167,1.18592,1.45746,1.6154,1.38403,1.57868,1.32134,1.48084,1.27242,1.16821,0.983105,0.798,0.886667,0.886667,0.886667,1.15267,1.01967,0.886667,0.9975,1.34108,1.15821,0.978104,0.798,1.10833,1.08617,1.14158,1.14712,1.15267,1.13071,1.13071,1.13071,1.13071,1.13071,1.13071,1.13071,1.13071,1.13071,1.13071,1.13071,1.13071,1.13071,1.13071,1.13071,1.13071,1.13071,1.13071,1.13071,1.13071,1.13071,16,7,7
1.33,1.35217,1.20808,1.11387,1.15544,1.22055,1.23094,1.10314,1.15007,1.08487,1.20743,1.31305,1.16636,1.11518,1.26692,1.20979,1.1369,1.23345,1.17089,1.11745,1.00206,0.886667,0.798,1.064,1.197,1.24133,1.10833,1.08617,1.07508,1.02521,0.911604,0.798,0.798,0.798,0.975333,1.10833,0.953167,0.798,0.931,0.8645,0.798,0.842333,0.886667,0.798,0.931,1.01967,1.08617,1.07508,1.24687,1.15544,1.13189,1.27528,1.30264,1.13899,1.14583,1.08275,1.07337,1.17952,1.12176,1.13721,1.25577,1.31505,1.30036,1.18218,1.12309,1.22654,1.23394,1.28197,1.15082,1.10741,1.2187,1.23002,1.10268,1.21634,1.16234,1.1575,1.24375,1.33121,1.10894,0.886667,1.10833,1.04183,1.00858,0.991958,0.939312,0.886667,0.798,1.15267,1.15267,1.10833,1.17483,1.20808,1.20254,1.08894,1.20947,1.2254,1.10037,1.10435,1.26151,1.11842,1.11338,1.06652,1.06526,1.24196,1.24165,1.26366,1.2525,1.15825,1.37712,1.17623,1.23095,1.14747,1.30524,1.463,1.11891,1.11891,1.11891,1.11891,1.11891,1.11891,1.11891,1.11891,1.11891,1.11891,1.11891,1.11891,1.11891,1.11891,1.11891,1.11891,1.11891,1.11891,1.11891,8,5,2
0.798,0.953167,1.23025,1.28012,1.30506,1.36186,1.2351,1.28255,1.35061,1.4068,1.25757,1.24945,1.28973,1.3542,1.36426,1.3693,1.41615,1.39524,1.40695,1.47931,1.27166,1.34516,1.35975,1.34487,1.33744,1.42239,1.35403,1.38635,1.35817,1.38842,1.33704,1.37785,1.35393,1.2533,1.20298,1.26649,1.20958,1.46929,1.26664,1.29832,1.26983,1.34425,1.22629,1.27815,1.30407,1.4057,1.27918,1.32676,1.06238,0.798,0.975333,1.33,1.21917,1.00858,0.798,0.798,1.10833,1.30783,1.29675,1.35771,1.29952,1.31476,1.30021,1.31511,1.27822,1.21544,1.22839,1.23486,1.1716,1.20647,1.13523,1.18828,0.993141,0.798,0.9975,0.986417,0.980875,1.02244,1.04322,0.920609,0.798,1.01967,0.9975,0.986417,1.15821,1.08894,1.00997,1.10348,0.950742,0.798,1.064,0.931,0.798,1.08617,1.25242,1.29121,1.26627,1.23164,1.32515,1.28324,1.26229,1.29614,1.31307,1.2107,1.27035,1.21151,1.15267,1.20253,1.20253,1.20253,1.20253,1.20253,1.20253,1.20253,1.20253,1.20253,1.20253,1.20253,1.20253,1.20253,1.20253,1.20253,1.20253,1.20253,1.20253,1.20253,1.20253,1.20253,1.20253,1.20253,1.20253,1.20253,1.20253,10,5,4
1.064,1.04183,1.27458,1.08062,0.886667,0.9975,1.03075,1.00304,1.05569,0.993344,1.05084,1.19042,1.08288,1.13994,1.19064,1.12732,1.09566,1.1685,1.00541,0.842333,1.01967,1.04183,1.05292,1.16929,1.13881,1.12357,1.27112,1.10106,1.12686,1.13976,1.10188,0.994275,0.886667,0.9975,1.07508,1.29121,1.1776,1.1208,1.2254,1.12253,1.11543,0.978883,0.842333,1.064,1.1305,1.09725,1.08062,1.13881,1.07924,1.09379,1.43356,1.47045,1.33372,1.15453,1.1536,1.19747,1.19723,1.08628,1.20814,1.13607,1.16654,1.24827,1.02313,0.798,0.9975,0.986417,1.15821,1.2441,1.17622,1.16444,1.29155,1.17778,1.03222,0.886667,0.975333,1.10833,1.1305,1.11942,1.13604,1.23302,1.14851,1.15059,1.30679,1.0524,0.798,0.975333,0.953167,1.05292,1.28012,1.03906,0.798,1.064,1.1305,1.14158,1.23579,1.03906,0.842333,1.04183,1.09725,0.969792,0.842333,0.820167,0.798,1.08617,0.942083,0.798,1.21917,1.00858,0.798,1.064,1.01967,0.953167,0.886667,0.8645,0.842333,0.886667,1.07321,1.07321,1.07321,1.07321,1.07321,1.07321,1.07321,1.07321,1.07321,1.07321,1.07321,1.07321,1.07321,1.07321,1.07321,1.07321,1.07321,14,3,1
0.798,0.820167,0.842333,1.1305,1.29675,1.20254,1.00027,0.798,0.931,0.8645,0.798,0.798,0.798,1.064,0.931,0.798,1.15267,1.463,1.64033,1.3965,1.27458,1.03629,0.798,1.35217,1.29675,1.37987,1.08894,0.798,0.953167,1.03075,0.980875,1.28844,1.04322,0.798,1.1305,1.34108,1.06954,0.798,0.798,1.15267,1.35217,1.25242,1.15821,1.15544,1.28705,1.04253,0.798,0.798,0.798,0.798,0.798,1.10833,1.33,1.41867,1.15267,0.886667,0.798,0.886667,1.01967,1.24133,1.01967,0.798,0.798,0.798,0.798,0.975333,0.886667,0.798,1.1305,1.36325,1.45746,1.30506,1.4062,1.32377,1.08305,0.842333,1.10833,1.04183,0.942083,0.842333,1.1305,0.96425,0.798,1.064,0.953167,0.842333,0.8645,0.886667,0.842333,1.10833,1.30783,1.31892,1.05846,0.798,0.886667,0.886667,1.04183,1.27458,1.03629,0.798,0.798,1.1305,1.23025,1.41312,1.46023,1.12911,0.798,1.01967,0.931,0.842333,0.820167,0.798,1.1305,1.18592,1.24133,1.0393,1.0393,1.0393,1.0393,1.0393,1.0393,1.0393,1.0393,1.0393,1.0393,1.0393,1.0393,1.0393,1.0393,1.0393,1.0393,1.0393,1.0393,18,4,5
1.15267,0.798,0.886667,1.21917,1.05292,0.886667,0.886667,0.886667,0.886667,1.2635,1.03075,0.798,0.886667,0.931,0.931,1.10833,0.953167,0.798,0.798,0.798,0.886667,0.842333,1.17483,1.05292,0.925458,0.798,1.01967,0.908833,0.798,0.931,1.04183,0.919917,0.798,0.798,0.798,0.798,0.842333,0.886667,1.15267,0.975333,0.798,1.10833,0.953167,0.798,0.798,0.798,0.798,0.798,0.798,0.931,0.9975,1.20808,1.13604,1.10002,1.45884,1.48309,1.36221,1.21311,1.09422,1.27861,1.21564,1.05115,0.886667,0.798,0.798,0.798,0.798,0.953167,1.00858,0.903292,0.798,1.08617,1.29675,1.55721,1.3771,1.19839,1.15336,1.30818,1.23042,1.14721,1.28294,1.04047,0.798,1.15267,1.35217,1.38542,1.09171,0.798,1.15267,1.1305,1.09725,1.08062,0.939312,0.798,0.798,0.975333,1.24133,1.17483,1.25242,1.20254,1.3106,1.40897,1.25865,1.20566,1.31216,1.05508,0.798,1.1305,1.14158,1.01412,0.886667,0.975333,1.064,0.975333,0.886667,1.01967,1.21917,1.41867,1.02881,1.02881,1.02881,1.02881,1.02881,1.02881,1.02881,1.02881,1.02881,1.02881,1.02881,1.02881,1.02881,1.02881,1.02881,6,2,0
1.24133,1.463,1.24133,1.24133,1.01967,0.798,0.886667,0.9975,1.34108,1.11387,0.886667,0.9975,0.986417,1.02521,1.28844,1.17622,1.09794,1.2583,1.29415,1.17908,1.43187,1.2036,1.04513,0.886667,0.842333,0.798,1.10833,1.08617,1.11942,1.26904,1.36602,1.25934,1.33901,1.0685,0.798,0.798,0.798,1.30783,1.40758,1.28012,1.17206,1.11803,0.958016,0.798,0.798,0.798,0.975333,1.064,1.15267,1.10833,1.1305,1.47408,1.46854,1.2441,1.02105,0.798,0.886667,0.842333,0.798,0.842333,0.953167,1.16375,1.02521,0.886667,1.1305,1.42975,1.53504,1.29952,1.13743,1.27805,1.12669,1.18401,1.30134,1.33784,1.15658,1.11029,1.04281,1.14207,1.28037,1.12785,1.09593,1.41246,1.1939,1.17328,1.02997,0.886667,0.798,0.908833,1.18592,1.05846,1.06123,0.929615,0.798,0.886667,1.10833,1.064,1.197,0.9975,0.798,0.798,1.064,1.197,1.08617,0.986417,0.886667,0.842333,0.798,1.10833,1.08617,1.23025,1.39096,1.22748,1.16791,1.22679,1.28567,1.094,1.094,1.094,1.094,1.094,1.094,1.094,1.094,1.094,1.094,1.094,1.094,1.094,1.094,1.094,1.094,1.094,1.094,12,5,3
1.64033,1.37433,1.10833,0.842333,1.064,1.064,1.01967,1.197,0.9975,0.798,0.9975,0.89775,0.798,0.931,0.975333,1.064,1.24133,1.15267,1.1305,1.29675,1.20254,1.13327,1.34247,1.07023,0.798,1.10833,0.953167,0.798,1.04183,0.919917,0.798,0.9975,0.986417,1.06954,1.19977,0.998885,0.798,0.9975,0.942083,0.886667,1.01967,1.064,1.064,1.28567,1.1305,1.11942,1.13604,1.10002,1.21501,1.18384,1.12392,1.09396,1.50015,1.39291,1.29495,1.17948,1.09957,1.14829,1.06181,1.0629,1.06345,1.06373,1.08603,1.09718,0.947591,0.798,1.08617,0.942083,0.798,1.01967,0.953167,0.886667,1.04183,1.07508,1.06954,0.978104,0.886667,0.886667,1.10833,0.953167,0.798,0.9975,1.00858,1.05846,1.23856,1.10695,1.12981,1.20774,1.0472,0.886667,0.931,0.975333,1.01967,1.17483,1.03075,0.886667,1.10833,1.064,1.064,1.17483,1.16375,1.09171,1.27735,1.41451,1.28359,1.15163,1.06348,1.19674,1.0417,0.886667,0.9975,1.00858,1.08062,1.33831,1.40066,1.09933,0.798,1.06712,1.06712,1.06712,1.06712,1.06712,1.06712,1.06712,1.06712,1.06712,1.06712,1.06712,1.06712,1.06712,1.06712,1.06712,1.06712,24,11,16
1.197,1.197,1.2635,1.25242,1.20254,1.22194,1.27597,1.25865,1.33866,1.29,1.3765,1.28675,1.28621,1.26377,1.34122,1.33561,1.42147,1.42007,1.4637,1.35252,1.40776,1.36888,1.39377,1.40622,1.41244,1.37122,1.43928,1.40681,1.27974,1.30487,1.36177,1.34588,1.33794,1.42264,1.37632,1.35316,1.31941,1.36904,1.34952,1.33976,1.37921,1.59844,1.39772,1.29736,1.40235,1.32184,1.41459,1.48313,1.42873,1.33503,1.06652,0.798,0.798,1.08617,1.14158,1.23579,1.2829,1.28428,1.26281,1.34074,1.3797,1.31052,1.25376,1.29188,1.26661,1.2983,1.35848,1.38858,1.40362,1.38898,1.31516,1.32258,1.41496,1.37248,1.43991,1.34062,1.31314,1.38807,1.29254,1.31127,1.2763,1.30315,1.36091,1.34545,1.24906,1.33386,1.30977,1.36422,1.39144,1.36072,1.43403,1.42635,1.33384,1.30975,1.27554,1.34711,1.29422,1.04611,0.798,0.798,1.30976,1.30976,1.30976,1.30976,1.30976,1.30976,1.30976,1.30976,1.30976,1.30976,1.30976,1.30976,1.30976,1.30976,1.30976,1.30976,1.30976,1.30976,1.30976,1.30976,1.30976,1.30976,1.30976,1.30976,1.30976,1.30976,1.30976,1.30976,1.30976,1.30976,1.30976,1.30976,1.30976,0,0,0
0.842333,1.197,1.2635,1.38542,1.31337,1.41035,1.34801,1.51634,1.37884,1.31008,1.05404,0.798,1.064,0.975333,0.886667,0.842333,0.798,0.798,1.10833,1.1305,1.27458,1.28012,1.0834,0.886667,0.798,0.975333,0.886667,0.798,1.17483,1.25242,1.15821,1.33277,1.06539,0.798,0.886667,1.064,0.931,0.798,0.975333,0.975333,0.975333,1.24133,1.35217,1.42975,1.42421,1.33277,1.15405,1.26419,1.31926,1.10296,0.886667,1.064,0.975333,0.886667,1.15267,0.975333,0.798,1.064,0.953167,0.842333,1.04183,0.919917,0.798,0.908833,0.89775,0.886667,1.10833,0.953167,0.798,1.04183,0.96425,0.886667,0.886667,0.886667,0.798,0.931,0.8645,0.798,0.975333,0.886667,0.798,1.01967,0.953167,0.886667,1.1305,1.27458,1.39096,1.27181,1.21224,1.00512,0.798,0.9975,1.03075,1.13604,1.18869,0.993344,0.798,1.08617,1.31892,1.10279,0.886667,0.798,0.931,0.8645,0.798,0.953167,0.875583,0.798,0.798,0.798,0.798,1.24133,1.28567,1.37433,1.21917,1.064,1.0355,1.0355,1.0355,1.0355,1.0355,1.0355,1.0355,1.0355,1.0355,1.0355,1.0355,1.0355,1.0355,1.0355,1.0355,1.0355,1.0355,0,0,0
1.68467,1.463,1.37433,1.30783,1.36325,1.34662,1.24965,1.02382,0.798,0.886667,1.15267,1.197,1.28567,1.2635,1.34108,1.33554,1.3771,1.35355,1.31961,1.30264,1.29415,1.35641,1.29887,1.35877,1.38872,1.35936,1.38901,1.35951,1.27825,1.25979,1.33923,1.37895,1.35447,1.38657,1.40262,1.41064,1.39249,1.31691,1.36779,1.30456,1.40595,1.19064,1.08299,1.02916,1.17958,1.27696,1.30348,1.27241,1.25687,1.29343,1.31172,1.34303,1.58035,1.27784,1.25959,1.31696,1.32348,1.37107,1.61654,1.27377,1.30188,1.38244,1.35622,1.32094,1.32547,1.3499,1.62812,1.32389,1.65945,1.33956,1.31261,1.40997,1.32565,1.41649,1.37325,1.44029,1.62898,1.30216,1.36041,1.34521,1.29327,1.31163,1.34298,1.33649,1.62141,1.32054,1.61344,1.31655,1.30111,1.31555,1.32278,1.32639,1.32819,1.37343,1.63988,1.30761,1.29664,1.28567,1.33618,1.33618,1.33618,1.33618,1.33618,1.33618,1.33618,1.33618,1.33618,1.33618,1.33618,1.33618,1.33618,1.33618,1.33618,1.33618,1.33618,1.33618,1.33618,1.33618,1.33618,1.33618,1.33618,1.33618,1.33618,1.33618,1.33618,1.33618,1.33618,1.33618,1.33618,1.33618,1.33618,1.33618,1.33618,4,0,0
0.886667,0.798,1.21917,1.16375,1.29121,1.22194,1.36464,1.16998,1.20566,1.04616,0.886667,0.886667,1.04183,1.36325,1.16929,1.33831,1.20116,1.30991,1.14262,1.23631,1.15016,1.26224,1.20746,1.00273,0.798,0.798,0.842333,0.886667,0.798,1.15267,1.197,1.30783,1.25242,1.37987,1.13327,0.886667,1.01967,1.30783,1.18592,1.34662,1.29398,1.46716,1.30991,1.40862,1.34714,1.40507,1.27887,1.28227,1.17313,1.20723,1.15778,1.26606,1.1872,1.3251,1.19455,1.26227,1.14097,1.21332,1.16083,1.24541,1.17687,1.2091,1.07005,1.15569,1.19851,1.28642,1.17521,1.27477,1.14722,1.28294,1.19564,1.32932,1.24099,1.37416,1.28558,1.35212,1.3189,1.39095,1.29397,1.31199,1.25449,1.29225,1.22246,1.2984,1.2477,1.35535,1.27617,1.36959,1.37196,1.41748,1.30724,1.38512,1.24673,1.2662,1.1651,1.22538,1.18902,1.32601,1.19501,1.329,1.1965,1.35192,1.20796,1.29115,1.17757,1.20945,1.24133,1.21189,1.21189,1.21189,1.21189,1.21189,1.21189,1.21189,1.21189,1.21189,1.21189,1.21189,1.21189,1.21189,1.21189,1.21189,1.21189,1.21189,1.21189,1.21189,1.21189,1.21189,1.21189,1.21189,1.21189,1.21189,1.21189,0,0,0
1.463,0.886667,1.28567,1.30783,1.34108,1.46854,1.4436,1.16514,0.886667,0.886667,0.886667,0.886667,1.21917,1.31892,1.41312,1.52673,1.51703,1.20185,0.886667,1.197,1.04183,0.886667,1.15267,1.01967,0.886667,1.15267,1.33,1.33,1.064,0.798,0.886667,0.886667,0.798,1.08617,0.942083,0.798,0.798,0.798,0.798,0.798,0.798,0.798,1.064,0.953167,0.842333,0.820167,0.798,0.798,1.15267,1.35217,1.34108,1.06954,0.798,1.08617,1.00858,1.03629,1.27181,1.34524,1.40412,1.52223,1.49261,1.56647,1.49257,1.18962,0.886667,1.17483,1.31892,1.39096,1.53781,1.47824,1.13812,0.798,0.798,0.798,0.886667,0.842333,0.798,0.886667,1.15267,1.064,1.064,1.15267,1.17483,1.11942,0.958708,0.798,0.798,1.10833,0.953167,0.798,1.08617,1.00858,1.03629,1.18315,1.12357,1.09379,1.25623,1.02711,0.798,1.15267,1.28567,1.37433,1.5295,1.56275,1.55721,1.53227,1.49764,1.45815,1.41867,1.11283,1.11283,1.11283,1.11283,1.11283,1.11283,1.11283,1.11283,1.11283,1.11283,1.11283,1.11283,1.11283,1.11283,1.11283,1.11283,1.11283,1.11283,1.11283,1.11283,1.11283,1.11283,1.11283,1.11283,0,0,0
0.798,0.886667,1.28567,1.24133,1.41867,1.33,1.15267,0.975333,0.798,1.33,1.24133,1.41867,1.2635,1.38542,1.26904,1.43252,1.24826,1.02313,0.798,0.798,1.1305,1.11942,1.26904,1.25519,1.55859,1.3113,1.23198,1.03716,0.842333,0.908833,0.853417,0.798,0.886667,0.842333,0.798,0.798,0.798,0.886667,0.842333,0.798,0.975333,0.931,0.886667,0.798,0.886667,0.842333,0.798,0.886667,0.8645,0.842333,0.8645,0.886667,0.798,0.798,0.798,0.798,0.842333,0.886667,0.798,0.798,0.798,0.842333,1.17483,1.16375,1.33554,1.2441,1.06539,0.886667,0.886667,0.975333,0.886667,0.798,1.1305,1.16375,1.44637,1.25519,1.51426,1.35563,1.25415,1.04824,0.842333,1.2635,1.25242,1.53504,1.29952,1.55859,1.35563,1.69748,1.38074,1.08937,0.798,0.886667,1.30783,1.23025,1.01412,0.798,0.798,0.798,0.798,0.798,1.15267,1.1305,1.27458,1.21362,1.09448,0.94624,0.798,0.975333,0.886667,0.798,0.798,0.798,1.064,1.24133,1.24133,1.064,0.886667,0.798,1.04176,1.04176,1.04176,1.04176,1.04176,1.04176,1.04176,1.04176,1.04176,1.04176,1.04176,1.04176,1.04176,1.04176,1.04176,0,0,0
1.197,0.886667,1.08617,1.00858,1.05846,1.0169,0.951781,0.886667,1.197,0.9975,0.798,0.798,0.798,0.798,0.798,1.04183,1.05292,1.10279,1.0834,0.940698,0.798,0.798,0.798,0.798,0.886667,0.842333,0.798,1.064,0.975333,0.886667,1.17483,1.07508,1.06954,1.28844,1.13189,1.12011,1.22505,1.05586,0.886667,1.064,1.01967,1.064,0.931,0.798,0.798,0.798,1.15267,0.975333,0.798,1.44083,1.25242,1.33554,1.06677,0.798,1.10833,0.9975,0.886667,0.931,0.8645,0.798,0.798,0.798,1.04183,1.16375,1.02521,0.886667,1.04183,0.942083,0.842333,0.820167,0.798,0.9975,0.89775,0.798,0.798,1.064,1.1305,1.07508,1.20254,1.00027,0.798,1.10833,0.9975,0.886667,1.08617,1.20808,1.18037,1.25519,1.20393,1.13396,1.25415,1.20341,1.1337,1.23185,1.05926,0.886667,1.21917,1.00858,0.798,0.886667,0.842333,0.798,0.798,0.798,0.931,0.8645,0.798,0.798,1.15267,1.28567,1.28567,1.04183,0.798,1.15267,0.975333,0.798,0.8645,0.83125,0.798,0.798,0.798,0.798,0.981276,0.981276,0.981276,0.981276,0.981276,0.981276,0.981276,0.981276,0.981276,0.981276,0.981276,0,0,0
1.463,1.48517,1.38542,1.40204,1.34385,1.33693,1.35563,1.34282,1.38074,1.5327,1.45352,1.56909,1.44955,1.52277,1.40422,1.41144,1.37072,1.35036,1.34018,1.35726,1.34363,1.42548,1.37774,1.44254,1.38627,1.40247,1.3219,1.39245,1.31689,1.45645,1.34889,1.07344,0.798,1.064,1.3965,1.36325,1.52396,1.42698,1.46716,1.39858,1.43079,1.38039,1.44386,1.38693,1.44713,1.3664,1.39253,1.36127,1.32347,1.3489,1.25078,1.26822,1.29911,1.31456,1.34444,1.33722,1.31144,1.29856,1.31428,1.32214,1.3039,1.31695,1.36781,1.39324,1.36162,1.39014,1.4709,1.40045,1.09923,0.798,0.886667,0.842333,0.798,0.886667,1.197,1.197,1.30783,1.27458,1.34662,1.33831,1.37849,1.37641,1.39754,1.4081,1.45772,1.34953,1.4506,1.36813,1.41557,1.32845,1.44006,1.4072,1.54593,1.39363,1.16232,1.11316,1.17725,1.24133,1.32975,1.32975,1.32975,1.32975,1.32975,1.32975,1.32975,1.32975,1.32975,1.32975,1.32975,1.32975,1.32975,1.32975,1.32975,1.32975,1.32975,1.32975,1.32975,1.32975,1.32975,1.32975,1.32975,1.32975,1.32975,1.32975,1.32975,1.32975,1.32975,1.32975,1.32975,1.32975,1.32975,1.32975,1.32975,0,0,1
0.886667,1.17483,0.986417,0.798,1.1305,1.00858,0.886667,0.8645,0.842333,0.798,0.931,0.8645,0.798,0.953167,0.875583,0.798,0.886667,0.842333,0.798,0.886667,1.197,0.9975,0.798,0.798,0.798,1.04183,1.05292,0.925458,0.798,1.15267,1.01967,0.886667,0.798,0.798,0.9975,1.16375,1.02521,0.886667,0.886667,1.10833,1.21917,1.18592,1.12496,1.09448,1.23441,1.06054,0.886667,0.798,0.798,0.886667,1.2635,1.11942,1.09171,1.52119,1.24826,1.3113,1.05465,0.798,0.886667,0.931,1.21917,1.09725,1.03629,1.07231,1.42282,1.19908,1.19804,1.41919,1.59626,1.46313,1.35223,1.11945,0.886667,0.908833,0.875583,0.842333,0.820167,0.798,0.798,0.886667,0.842333,0.798,0.798,0.798,1.01967,1.21917,1.05292,0.886667,1.15267,0.975333,0.798,0.842333,0.886667,0.886667,0.886667,0.886667,0.798,0.798,0.798,0.886667,0.842333,0.798,0.798,0.798,0.798,0.886667,1.24133,1.24133,1.33,1.28567,1.35217,1.34108,1.44637,1.34385,1.42559,1.33346,1.06573,0.798,0.798,1.00504,1.00504,1.00504,1.00504,1.00504,1.00504,1.00504,1.00504,1.00504,1.00504,1.00504,1.00504,1.00504,1.00504,0,0,2
1.33,0.798,0.798,1.10833,0.953167,0.798,0.798,0.886667,0.842333,0.798,0.798,0.798,0.798,0.975333,0.886667,0.798,1.064,1.24133,1.197,1.21917,1.25242,1.20254,1.26627,1.2538,1.20323,1.22228,1.18748,0.992738,0.798,0.842333,0.886667,1.01967,0.953167,0.886667,0.886667,0.975333,0.931,0.886667,1.08617,0.942083,0.798,0.798,0.798,0.798,0.842333,0.886667,1.01967,1.064,0.975333,0.886667,0.931,0.8645,0.798,0.886667,1.1305,1.00858,0.886667,0.931,1.01967,0.975333,0.931,0.886667,0.886667,1.064,0.953167,0.842333,0.842333,1.064,1.24133,1.15267,0.975333,0.798,0.842333,0.886667,0.798,0.9975,0.89775,0.798,0.886667,1.197,0.9975,0.798,0.798,0.975333,0.931,0.886667,0.842333,0.820167,0.798,0.931,0.908833,0.886667,1.10833,1.24133,1.15267,1.24133,1.24133,1.28567,1.1305,0.96425,0.798,0.798,0.975333,1.24133,1.15267,0.975333,0.798,0.886667,1.01967,1.2635,1.36325,1.25796,1.16098,0.97949,0.798,0.842333,0.886667,0.886667,0.975333,1.01967,1.01967,1.2635,1.25242,1.24133,0.980612,0.980612,0.980612,0.980612,0.980612,0.980612,0.980612,0.980612,0.980612,10,3,6
1.064,1.463,1.197,1.17483,0.986417,0.798,1.01967,0.953167,0.886667,0.9975,1.00858,1.08062,1.42698,1.22332,1.54266,1.392,1.67133,1.43417,1.31558,1.38929,1.27098,1.32266,1.52583,1.31708,1.25704,1.02752,0.798,0.9975,0.919917,0.842333,1.37433,1.197,1.50733,1.33,1.24133,1.064,0.886667,1.064,0.953167,0.842333,1.35217,1.20808,1.49071,1.27735,1.21501,1.05084,0.886667,1.04183,0.942083,0.842333,1.35217,1.20808,1.04737,0.886667,0.798,0.798,0.798,0.886667,1.28567,1.17483,1.20808,1.22471,1.01135,0.798,0.886667,0.975333,0.886667,0.798,1.2635,1.16375,1.20254,1.1776,1.07647,0.937234,0.798,1.01967,0.953167,0.886667,0.953167,0.919917,0.886667,0.842333,0.798,0.975333,1.064,0.931,0.798,0.975333,0.975333,1.1305,1.14158,1.01412,0.886667,1.28567,1.17483,1.07508,1.00304,1.10002,1.03768,1.00651,1.10175,1.45971,1.23969,1.19618,1.01926,0.842333,1.28567,1.15267,1.17483,1.25242,1.49071,1.27735,1.064,1.09828,1.09828,1.09828,1.09828,1.09828,1.09828,1.09828,1.09828,1.09828,1.09828,1.09828,1.09828,1.09828,1.09828,1.09828,1.09828,1.09828,1.09828,1.09828,1.09828,0,0,2
0.798,0.798,0.931,0.953167,0.89775,0.842333,0.953167,1.07508,0.958708,0.842333,1.064,1.197,1.21917,1.29675,1.09171,0.886667,0.8645,0.842333,0.798,0.886667,1.08617,1.14158,1.16929,1.24965,1.06816,0.886667,1.064,1.064,1.10833,1.2635,1.11942,1.15821,1.2441,1.02105,0.798,1.01967,0.953167,0.886667,1.064,1.10833,1.15267,1.197,0.9975,0.798,0.975333,1.10833,1.08617,0.942083,0.798,0.798,0.886667,1.24133,1.33,1.37433,1.08617,0.798,1.10833,1.08617,1.14158,1.19146,0.994729,0.798,0.975333,1.064,1.10833,1.1305,1.23025,1.21362,1.27181,1.03491,0.798,1.01967,1.08617,1.11942,1.13604,1.12219,1.15959,1.26696,1.03248,0.798,0.975333,1.10833,1.10833,1.15267,1.1305,1.18592,1.47962,1.40481,1.32307,1.23787,1.15093,1.32913,1.19657,1.04162,0.886667,0.886667,0.886667,1.064,1.15267,1.10833,1.21917,1.09725,1.12496,1.11665,1.00166,0.886667,1.10833,1.04183,1.09725,1.16929,1.24965,1.20116,1.24341,1.10937,1.08669,1.20834,1.33,1.07033,1.07033,1.07033,1.07033,1.07033,1.07033,1.07033,1.07033,1.07033,1.07033,1.07033,1.07033,1.07033,1.07033,1.07033,1.07033,0,0,0
0.975333,0.886667,0.953167,1.07508,1.15821,1.15544,1.19839,1.33069,1.17518,1.03092,0.886667,0.798,0.798,0.9975,0.89775,0.798,0.953167,0.875583,0.798,1.01967,1.08617,1.16375,1.46854,1.1776,0.886667,0.886667,1.064,1.10833,1.21917,1.05292,0.886667,1.10833,0.9975,0.886667,0.975333,0.886667,0.798,1.01967,0.908833,0.798,0.975333,0.975333,1.064,1.197,1.04183,0.886667,1.15267,0.9975,0.842333,1.04183,0.919917,0.798,0.886667,0.842333,0.798,0.975333,0.886667,0.798,0.953167,0.919917,0.886667,1.10833,0.9975,0.886667,1.064,0.931,0.798,0.931,0.908833,0.886667,1.08617,0.942083,0.798,0.975333,0.886667,0.798,0.798,0.931,1.2635,1.05292,0.842333,0.953167,1.00858,1.10279,1.03906,0.985031,1.17968,1.07751,1.07075,1.28904,1.04352,0.798,1.04183,1.18592,1.14712,1.26073,1.18453,1.14643,1.19388,0.995941,0.798,1.064,0.931,0.798,1.15267,0.975333,0.798,1.01967,1.08617,1.03075,1.13604,1.01135,0.886667,1.01967,1.04183,1.00858,1.25796,1.07231,0.886667,0.886667,0.995258,0.995258,0.995258,0.995258,0.995258,0.995258,0.995258,0.995258,0.995258,0.995258,0.995258,0.995258,0.995258,4,0,0
1.064,0.931,0.798,0.798,0.886667,0.842333,1.08617,0.942083,0.798,0.886667,0.842333,0.798,0.886667,1.064,1.30783,1.31892,1.05846,0.798,1.064,1.28567,1.3965,1.36325,1.36879,1.39373,1.4062,1.1021,0.798,0.886667,1.197,1.33,1.41867,1.463,1.1305,0.798,0.798,1.10833,1.21917,1.38542,1.26904,1.38819,1.40343,1.10071,0.798,0.798,1.01967,0.953167,0.886667,1.064,1.30783,1.05292,0.798,0.798,1.197,1.21917,1.27458,1.45746,1.39373,1.09586,0.798,1.01967,0.931,0.842333,1.1305,1.27458,1.25796,1.42698,1.53366,1.45399,1.392,1.095,0.798,0.886667,1.10833,1.04183,1.05292,0.969792,0.886667,1.197,1.2635,1.29675,1.31337,1.34385,1.38126,1.08963,0.798,0.931,1.1305,1.36325,1.34662,1.36048,1.07924,0.798,0.931,1.17483,1.29675,1.42421,1.48794,1.5863,1.48032,1.47166,1.24566,1.28783,1.26458,1.29729,1.31365,1.52132,1.29266,1.35566,1.41867,1.14439,1.14439,1.14439,1.14439,1.14439,1.14439,1.14439,1.14439,1.14439,1.14439,1.14439,1.14439,1.14439,1.14439,1.14439,1.14439,1.14439,1.14439,1.14439,1.14439,1.14439,1.14439,1.14439,1.14439,12,0,4
1.064,0.953167,0.842333,1.17483,1.18592,1.30229,1.24965,1.20116,1.35424,1.09829,0.842333,1.2635,1.42975,1.51287,1.46577,1.37572,1.13119,0.886667,1.17483,0.986417,0.798,1.15267,1.064,1.064,1.064,0.931,0.798,1.01967,0.908833,0.798,0.798,0.798,0.953167,1.09725,0.947625,0.798,0.798,0.798,0.886667,1.064,1.064,1.1305,1.27458,1.16929,1.16098,1.33416,1.19908,1.13154,1.31944,1.05872,0.798,0.842333,0.953167,0.96425,0.881125,0.798,0.798,0.798,0.798,0.798,0.798,0.798,1.10833,0.953167,0.798,0.798,0.798,0.798,0.798,0.798,0.798,1.01967,0.953167,0.886667,0.842333,1.04183,0.942083,0.842333,1.10833,0.975333,0.842333,1.24133,1.04183,0.842333,0.886667,0.975333,1.064,0.975333,0.886667,0.798,0.886667,1.15267,1.01967,0.886667,1.17483,1.25242,1.02521,0.798,0.886667,1.064,0.931,0.798,0.798,0.886667,1.21917,1.23025,1.23579,1.23856,1.19561,0.996807,0.798,1.10833,1.30783,1.36325,1.14712,1.10556,1.17345,0.985724,0.798,0.975333,1.00959,1.00959,1.00959,1.00959,1.00959,1.00959,1.00959,1.00959,1.00959,1.00959,1.00959,1.00959,1.00959,4,0,0
1.50733,1.41867,1.21917,1.05292,0.886667,0.886667,1.01967,0.953167,0.886667,0.886667,0.931,1.17483,1.00858,0.842333,0.798,0.886667,0.798,0.798,0.886667,1.01967,1.17483,1.20808,1.15821,1.06677,1.10972,1.26419,1.1641,1.24705,1.28852,1.13193,1.0093,0.886667,0.953167,1.00858,1.25796,1.33831,1.24549,1.19908,1.26454,1.2751,1.08088,0.886667,0.886667,0.886667,1.1305,1.29675,1.18037,1.41035,1.21501,1.18384,0.990919,0.798,0.975333,1.01967,0.953167,0.886667,0.798,0.8645,1.27458,1.08062,0.886667,0.798,1.01967,1.17483,1.11942,1.31337,1.16652,1.24826,1.02313,0.798,0.798,0.842333,0.886667,0.798,1.064,1.10833,0.953167,0.798,1.01967,1.1305,1.09725,1.12496,0.961479,0.798,0.886667,0.842333,0.798,0.798,0.975333,1.064,1.064,1.24133,1.197,0.9975,0.798,0.798,0.908833,0.853417,0.798,1.08617,1.07508,1.02521,0.911604,0.798,1.04183,1.14158,1.01412,0.886667,0.798,1.15267,1.15267,1.28567,1.35217,1.40758,1.10279,0.798,0.798,0.798,0.798,0.886667,1.02643,1.02643,1.02643,1.02643,1.02643,1.02643,1.02643,1.02643,1.02643,1.02643,1.02643,1.02643,1.02643,4,0,0
0.798,0.798,0.842333,0.820167,0.798,0.798,0.798,0.842333,0.886667,0.798,0.798,1.01967,0.953167,0.886667,0.931,1.17483,1.03075,0.886667,0.886667,0.842333,0.798,0.886667,0.798,0.798,0.798,0.798,0.886667,0.886667,0.886667,0.798,0.798,1.04183,0.96425,0.886667,0.798,0.975333,0.886667,0.798,1.10833,1.04183,0.919917,0.798,0.886667,0.842333,0.886667,0.886667,0.886667,0.886667,0.798,1.15267,1.064,1.064,0.931,0.798,0.798,0.820167,0.842333,0.798,0.842333,0.886667,0.886667,0.886667,0.842333,0.798,0.842333,0.886667,0.798,0.886667,0.886667,0.886667,0.9975,1.05292,0.947625,0.842333,1.04183,1.09725,1.01412,1.06123,1.17345,1.27389,1.14678,1.03889,0.918445,0.798,1.08617,0.942083,0.798,0.798,0.886667,0.886667,0.842333,0.820167,0.798,0.842333,0.8645,0.886667,1.15267,1.064,0.975333,0.886667,0.886667,0.886667,0.886667,1.21917,1.25242,1.15821,0.978104,0.798,0.975333,1.01967,1.04183,1.09725,1.21362,1.09448,1.23441,1.0162,0.798,0.798,0.798,0.798,1.064,0.975333,0.886667,1.197,1.064,0.931,0.798,0.975333,0.931,0.886667,1.50733,0.929113,0.929113,0,0,0
0.975333,0.886667,0.931,1.04183,1.20808,1.57937,1.41035,1.10418,0.798,0.931,0.908833,0.886667,1.15267,1.15267,1.01967,0.886667,0.842333,1.17483,1.29675,1.18037,0.989187,0.798,0.886667,1.197,1.1305,1.31892,1.12496,0.961479,0.798,0.886667,0.886667,1.064,1.3965,1.23025,1.10279,1.06123,1.04045,1.00789,1.21328,1.13864,0.990486,0.842333,1.37433,1.463,1.28567,1.33,1.10833,0.886667,1.24133,1.21917,1.11942,1.26904,1.23302,1.12634,1.33901,1.4675,1.37658,1.17596,1.07565,1.11416,1.04474,1.29821,1.0481,0.798,1.15267,1.1305,1.60708,1.37987,1.3106,1.14297,1.14782,1.30541,1.27337,1.21302,1.31584,1.23425,1.17129,1.31715,1.36791,1.48195,1.27298,1.30149,1.13841,1.03471,0.938519,0.842333,0.931,0.9975,1.05292,0.925458,0.798,0.886667,0.842333,0.798,1.10833,1.08617,0.986417,0.886667,1.24133,1.064,0.886667,1.57383,1.40758,1.25796,1.47131,1.17899,0.886667,0.908833,1.36325,1.81767,1.12968,1.12968,1.12968,1.12968,1.12968,1.12968,1.12968,1.12968,1.12968,1.12968,1.12968,1.12968,1.12968,1.12968,1.12968,1.12968,1.12968,1.12968,1.12968,1.12968,1.12968,1.12968,1.12968,12,1,0
1.15267,1.24133,1.28567,1.37433,1.30783,1.05292,0.798,0.886667,1.15267,1.28567,1.3965,1.27458,1.30229,1.38265,1.35632,1.29883,1.31441,1.32221,1.3261,1.41672,1.10736,0.798,0.798,1.08617,1.16375,1.33554,1.2441,1.02105,0.798,0.798,1.10833,1.17483,1.29675,1.24687,1.1111,0.954552,0.798,1.15267,1.15267,1.24133,1.37433,1.35217,1.42975,1.22471,1.01135,0.798,1.15267,1.24133,1.37433,1.2635,1.25242,1.29121,1.3771,1.30922,1.36394,1.3913,1.36065,1.38966,1.3155,1.41141,1.48154,1.3171,1.34572,1.36003,1.30068,1.27101,1.38917,1.18225,1.34479,1.24873,1.35586,1.25427,1.20347,1.2224,1.32053,1.19227,1.2168,1.18473,1.21303,1.22718,1.27859,1.2378,1.2839,1.17395,1.20764,1.26882,1.34374,1.20387,1.31127,1.32063,1.30315,1.22791,1.32329,1.19364,1.35049,1.16291,1.15779,1.24389,1.28695,1.28631,1.39682,1.36341,1.34671,1.42702,1.50733,1.23657,1.23657,1.23657,1.23657,1.23657,1.23657,1.23657,1.23657,1.23657,1.23657,1.23657,1.23657,1.23657,1.23657,1.23657,1.23657,1.23657,1.23657,1.23657,1.23657,1.23657,1.23657,1.23657,1.23657,1.23657,1.23657,1.23657,1.23657,0,0,0
1.24133,1.463,1.24133,1.10833,1.24133,1.04183,0.842333,0.975333,1.1305,0.986417,0.842333,1.17483,0.986417,0.798,0.908833,0.942083,1.00304,0.900521,0.798,0.798,1.15267,0.975333,0.798,0.975333,0.953167,1.00858,0.947625,0.886667,1.064,0.931,0.798,0.931,1.1305,1.00858,0.886667,0.975333,0.931,0.886667,1.15267,0.975333,0.798,0.886667,0.842333,0.798,1.17483,1.27458,1.19146,0.994729,0.798,0.842333,0.886667,0.798,0.798,0.798,1.10833,1.33,1.41867,1.28567,1.04183,0.798,0.798,0.798,1.01967,1.33,1.41867,1.2635,1.11942,0.958708,0.798,1.1305,1.29675,1.26904,1.36602,1.30368,1.05084,0.798,0.975333,1.15267,0.975333,0.798,1.15267,1.24133,1.21917,1.36325,1.12496,0.886667,0.931,0.8645,0.798,0.886667,0.798,0.798,0.842333,0.886667,0.886667,0.886667,0.886667,1.064,0.931,0.798,1.10833,0.953167,0.798,0.886667,0.8645,0.842333,0.953167,0.875583,0.798,0.886667,1.10833,1.21917,1.00858,0.798,0.9975,0.89775,0.798,1.10833,0.9975,0.886667,0.994238,0.994238,0.994238,0.994238,0.994238,0.994238,0.994238,0.994238,0.994238,0.994238,0.994238,0.994238,0.994238,0,0,0
0.798,0.798,0.798,0.798,0.975333,1.1305,1.00858,0.886667,1.10833,1.1305,1.14158,1.32446,1.1499,1.19561,1.28497,1.21882,1.14141,1.23571,1.01685,0.798,1.10833,1.08617,1.11942,1.26904,1.23302,1.25934,1.36117,1.23475,1.17154,1.2951,1.06872,0.842333,1.1305,1.16375,1.11387,1.26627,1.29814,1.18107,1.29987,1.1376,1.14513,1.19323,1.08428,1.11848,1.3129,1.16629,1.18164,1.27799,1.34833,1.20616,1.35675,1.12171,0.886667,1.10833,1.17483,1.09725,1.25796,1.24965,1.20116,1.30991,1.31996,1.14764,1.28316,1.04058,0.798,1.08617,1.11942,1.09171,1.25519,1.29259,1.1783,1.34282,1.20341,1.22237,1.34269,1.29201,1.13367,1.29834,1.2255,1.18908,1.37038,1.37235,1.21818,1.29626,1.18013,1.12206,1.22603,1.18935,1.12667,1.27267,1.30134,1.18267,1.30067,1.29317,1.22292,1.36513,1.21456,1.05061,0.886667,0.931,0.9975,1.25242,1.24687,1.1776,1.29814,1.31407,1.18903,1.30385,1.05093,0.798,1.16356,1.16356,1.16356,1.16356,1.16356,1.16356,1.16356,1.16356,1.16356,1.16356,1.16356,1.16356,1.16356,1.16356,1.16356,1.16356,1.16356,1.16356,1.16356,1.16356,1.16356,1.16356,1.16356,2,0,3
1.10833,1.01967,1.064,1.15267,0.9975,0.842333,1.04183,1.03075,1.09171,1.16652,1.11526,1.1783,1.20982,1.13691,1.16695,1.18198,1.12299,1.15999,1.20066,1.11017,1.13142,1.18637,1.12519,1.18326,1.2123,1.13815,1.14541,1.19337,1.12869,1.16284,1.20209,1.08871,1.12069,1.18101,1.03384,0.886667,1.01967,1.01967,1.10833,1.17483,1.03075,0.886667,1.10833,1.41867,1.33,1.064,0.798,1.01967,0.931,0.842333,1.064,0.931,0.798,0.9975,0.986417,1.09171,1.14435,0.971177,0.798,0.975333,0.931,0.886667,1.08617,0.96425,0.842333,1.01967,0.975333,1.064,1.17483,1.05292,1.08062,1.53781,1.32307,1.6147,1.36152,1.30143,1.11621,1.11227,1.13247,1.03173,1.07003,1.20002,1.06551,1.10909,1.57421,1.34127,1.2913,1.06682,0.842333,1.04183,0.942083,0.842333,1.01967,1.01967,1.10833,1.17483,1.09725,1.16929,1.24965,1.06816,0.886667,1.064,1.01967,1.08617,1.16375,1.13604,1.16652,1.20393,1.15613,1.1544,1.22003,1.07552,1.15842,1.17771,1.197,1.09997,1.09997,1.09997,1.09997,1.09997,1.09997,1.09997,1.09997,1.09997,1.09997,1.09997,1.09997,1.09997,1.09997,1.09997,1.09997,1.09997,1.09997,4,0,1
1.24133,1.15267,1.33,1.064,0.798,0.798,1.15267,0.975333,0.798,0.798,0.842333,0.886667,0.798,0.798,0.886667,1.1305,1.49625,1.23579,1.32723,1.15128,1.10764,0.95282,0.798,1.064,0.975333,0.886667,0.931,1.04183,1.07508,1.11387,1.0446,1.00997,1.08132,0.983992,0.886667,1.04183,1.07508,1.00304,1.12219,1.02659,1.0453,1.05465,1.03716,1.07275,1.17921,1.01077,0.842333,1.1305,0.96425,0.798,0.842333,0.886667,1.04183,1.16375,1.02521,0.886667,0.931,0.8645,0.798,0.975333,1.064,1.01967,1.17483,0.986417,0.798,0.908833,1.03075,1.04737,1.27735,1.08201,0.886667,1.15267,1.10833,1.04183,1.14158,1.01412,0.886667,1.064,1.04183,1.00858,1.08062,0.983646,0.886667,1.15267,0.975333,0.798,0.798,0.886667,0.798,0.886667,1.2635,1.03075,0.798,0.798,0.798,0.798,0.908833,0.919917,1.08062,1.02798,0.91299,0.798,1.08617,0.986417,0.886667,0.886667,0.842333,0.798,0.931,1.04183,1.09725,0.947625,0.798,0.9975,1.18592,1.05846,0.972562,0.886667,0.842333,0.798,0.8645,0.83125,0.798,0.984439,0.984439,0.984439,0.984439,0.984439,0.984439,0.984439,0.984439,0.984439,0.984439,4,1,3
0.886667,0.842333,0.798,1.10833,0.9975,0.886667,1.10833,1.17483,1.16375,1.24687,1.06677,0.886667,1.064,1.08617,1.11942,1.22471,1.32169,1.14851,1.28359,1.30679,1.22973,1.3242,1.08327,0.842333,1.08617,1.03075,1.09171,1.25519,1.11526,1.13396,1.23198,1.23666,1.1725,1.25125,1.11329,1.04431,1.23149,1.12558,1.11696,1.22348,1.25457,1.18145,1.25573,1.38153,1.2006,1.2653,1.05382,0.842333,1.04183,1.18592,1.12496,1.24965,1.24549,1.19908,1.22021,1.18644,1.21388,1.31628,1.23447,1.12707,1.22853,1.0576,0.886667,0.886667,0.931,0.9975,1.25242,1.06954,0.886667,1.17483,1.07508,1.06954,1.19977,0.998885,0.798,1.064,1.064,1.10833,1.2635,1.14158,1.10279,1.2164,1.1402,1.14643,1.23822,1.01811,0.798,0.886667,0.931,1.04183,1.16375,1.15821,1.1111,1.19839,1.10903,1.13085,1.25259,1.11396,1.08898,1.25382,1.44708,1.36637,1.19302,1.12851,1.27359,1.08013,0.886667,1.17483,1.07508,1.06954,1.19977,0.998885,0.798,0.975333,1.11722,1.11722,1.11722,1.11722,1.11722,1.11722,1.11722,1.11722,1.11722,1.11722,1.11722,1.11722,1.11722,1.11722,1.11722,1.11722,1.11722,1.11722,1.11722,0,0,0
0.798,0.798,0.798,0.798,0.886667,1.37433,1.2635,1.20808,1.04737,0.886667,1.064,0.975333,0.886667,1.08617,1.42975,1.33554,1.46577,1.35355,1.43044,1.31372,1.45486,1.6141,1.36122,1.23477,1.01639,0.798,1.064,1.35217,1.60708,1.31337,1.60985,1.38126,1.66596,1.38715,1.31424,1.10045,0.886667,1.41867,1.28567,1.2635,1.47408,1.69021,1.39927,1.34247,1.13673,1.12253,1.22627,1.05647,0.886667,1.064,0.931,0.798,1.33,1.24133,1.197,0.9975,0.798,0.975333,0.886667,0.798,1.30783,1.23025,1.19146,1.39373,1.09586,0.798,0.975333,1.41867,1.28567,1.24133,1.01967,0.798,1.064,1.37433,1.5295,1.31892,1.59046,1.32723,1.06261,0.798,0.975333,1.10833,1.33,1.2635,1.40758,1.54612,1.30506,1.2732,1.4346,1.55963,1.33398,1.26549,1.38641,1.09221,0.798,0.908833,1.29675,1.26904,1.56552,1.35909,1.65488,1.38161,1.26714,1.03257,0.798,1.20109,1.20109,1.20109,1.20109,1.20109,1.20109,1.20109,1.20109,1.20109,1.20109,1.20109,1.20109,1.20109,1.20109,1.20109,1.20109,1.20109,1.20109,1.20109,1.20109,1.20109,1.20109,1.20109,1.20109,1.20109,1.20109,1.20109,1.20109,0,0,0
1.41867,1.41867,1.2635,1.03075,0.798,0.798,1.01967,1.1305,1.25242,1.20254,1.22194,1.14297,1.23648,1.10591,1.28445,1.10773,1.24103,1.10818,1.30776,1.14155,1.30227,1.18314,1.25657,1.20462,1.22298,1.18782,1.21458,1.18362,1.27898,1.21582,1.27291,1.30146,1.42656,1.24528,1.28764,1.19799,1.28616,1.30808,1.34121,1.29127,1.2663,1.38682,1.46924,1.31095,1.40914,1.34741,1.44954,1.32327,1.37097,1.43915,1.29591,1.42379,1.37689,1.35345,1.34172,1.33586,1.06693,0.798,0.798,1.01967,1.08617,1.20808,1.22471,1.27735,1.23718,1.01759,0.798,0.798,1.064,1.15267,1.24133,1.197,1.28567,1.21917,1.31892,1.23579,1.32723,1.28428,1.15197,0.974987,0.798,0.886667,1.064,1.24133,1.28567,1.37433,1.3965,1.40758,1.39096,1.42698,1.31199,1.40966,1.23683,1.32775,1.17371,1.31835,1.16901,1.27167,1.16784,1.27108,1.16754,1.24877,1.20072,1.30969,1.18685,1.16976,1.15267,1.21952,1.21952,1.21952,1.21952,1.21952,1.21952,1.21952,1.21952,1.21952,1.21952,1.21952,1.21952,1.21952,1.21952,1.21952,1.21952,1.21952,1.21952,1.21952,1.21952,1.21952,1.21952,1.21952,1.21952,1.21952,1.21952,8,5,1
1.15267,1.064,1.17483,1.25242,1.42421,1.26627,1.2538,1.24757,1.28878,1.30939,1.27536,1.30268,1.38284,1.44509,1.34321,1.07061,0.798,0.886667,0.886667,0.886667,0.798,0.842333,0.886667,0.798,0.8645,1.18592,1.16929,1.24965,1.24549,1.33208,1.33104,1.37485,1.37459,1.3523,1.38548,1.09174,0.798,0.798,0.798,0.798,0.798,1.10833,1.21917,1.00858,0.798,0.798,1.24133,1.197,1.04183,0.886667,0.798,1.10833,1.28567,1.33,1.41867,1.463,1.3965,1.47408,1.33554,1.06677,0.798,0.886667,1.15267,1.2635,1.36325,1.32446,1.32723,1.32861,1.06331,0.798,0.798,1.10833,1.17483,1.25242,1.31337,1.32169,1.37018,1.12842,0.886667,0.798,1.10833,1.2635,1.03075,0.798,0.798,1.197,1.21917,1.00858,0.798,0.798,1.10833,1.21917,1.23025,1.32446,1.32723,1.35078,1.38472,1.31303,1.32151,1.37009,1.08405,0.798,0.9975,1.03075,0.958708,0.886667,1.15267,1.30783,1.34108,1.37433,1.13016,1.13016,1.13016,1.13016,1.13016,1.13016,1.13016,1.13016,1.13016,1.13016,1.13016,1.13016,1.13016,1.13016,1.13016,1.13016,1.13016,1.13016,1.13016,1.13016,1.13016,1.13016,1.13016,6,0,1
0.798,0.798,0.798,0.798,0.820167,0.842333,0.886667,0.798,0.886667,0.798,0.798,0.798,0.798,0.798,1.10833,0.953167,0.798,1.17483,0.986417,0.798,0.798,0.798,0.798,0.798,0.886667,0.886667,0.798,0.798,1.10833,0.953167,0.798,0.798,0.798,0.798,0.798,0.886667,0.798,0.798,0.886667,1.197,1.04183,0.886667,1.21917,1.05292,0.886667,1.197,0.9975,0.798,0.798,0.798,0.798,0.798,0.798,0.798,0.798,0.842333,0.798,0.798,0.798,1.15267,0.975333,0.798,1.15267,0.975333,0.798,0.798,0.798,0.798,0.842333,0.798,0.798,0.886667,0.798,0.798,0.798,0.798,0.886667,1.197,0.9975,0.798,1.1305,1.31892,1.14712,0.972562,0.798,1.10833,1.30783,1.40758,1.10279,0.798,0.798,0.798,0.798,0.798,0.798,0.798,0.798,0.798,0.798,0.798,1.15267,1.35217,1.07508,0.798,0.886667,0.842333,0.798,1.10833,0.953167,0.798,1.10833,0.953167,0.798,0.798,1.15267,1.33,1.064,0.798,0.886667,0.842333,0.798,0.798,0.798,0.798,0.798,0.798,0.798,0.842333,0.886667,0.798,0.897217,0.897217,0.897217,12,8,6
1.50733,1.57383,1.40758,1.12496,0.842333,1.08617,1.11942,0.958708,0.798,1.21917,1.38542,1.31337,1.10002,0.886667,1.10833,0.953167,0.798,1.10833,0.9975,0.886667,0.886667,0.842333,0.798,1.10833,1.30783,1.05292,0.798,0.798,0.798,0.798,0.798,0.798,0.975333,1.04183,1.05292,1.10279,1.17206,1.25103,1.31268,1.32134,1.41434,1.43867,1.31783,1.45692,1.34913,1.16223,1.26828,1.03314,0.798,0.886667,1.064,1.15267,1.15267,0.975333,0.798,1.08617,1.11942,1.00304,0.886667,0.931,0.908833,0.886667,1.24133,1.33,1.10833,0.886667,0.798,0.798,0.798,1.064,1.10833,0.953167,0.798,1.21917,1.36325,1.43529,1.11665,0.798,1.064,0.931,0.798,0.886667,0.8645,0.842333,0.798,0.798,0.798,0.842333,0.886667,0.798,1.15267,1.35217,1.16375,0.980875,0.798,1.064,0.931,0.798,0.798,0.798,0.798,0.908833,0.853417,0.798,0.886667,0.842333,0.798,1.064,1.28567,1.33,1.064,0.798,0.886667,0.842333,0.798,1.24133,1.02098,1.02098,1.02098,1.02098,1.02098,1.02098,1.02098,1.02098,1.02098,1.02098,1.02098,1.02098,1.02098,1.02098,1.02098,1.02098,1.02098,8,1,1
0.886667,1.10833,1.10833,0.953167,0.798,1.24133,1.33,1.463,1.44083,1.25242,1.33554,1.13327,0.965635,0.798,1.15267,1.33,1.064,0.798,0.886667,0.975333,0.9975,1.07508,0.980875,0.886667,1.15267,1.33,1.15267,0.975333,0.798,0.8645,0.83125,0.798,1.064,1.28567,1.1305,0.96425,0.798,0.798,0.798,1.10833,0.9975,0.886667,0.886667,0.886667,1.15267,0.975333,0.798,0.798,0.931,0.953167,0.875583,0.798,1.064,1.197,1.04183,0.886667,1.04183,0.96425,0.886667,1.197,0.9975,0.798,0.798,0.798,0.798,1.01967,1.197,1.30783,1.27458,1.21362,1.31615,1.36741,1.2157,1.00685,0.798,0.842333,1.064,0.975333,0.886667,0.798,0.798,0.798,0.798,0.842333,0.886667,0.886667,1.10833,1.04183,1.23025,1.23579,1.0169,0.798,1.01967,1.064,1.01967,1.04183,1.14158,0.969792,0.798,0.842333,0.886667,1.15267,0.975333,0.798,0.798,0.842333,0.886667,0.886667,1.15267,1.197,1.21917,1.05292,0.886667,0.842333,0.798,0.798,0.798,0.798,0.798,0.995011,0.995011,0.995011,0.995011,0.995011,0.995011,0.995011,0.995011,0.995011,0.995011,0.995011,0.995011,0.995011,0.995011,10,5,5
1.33,1.33,1.28567,1.33,1.28567,1.35217,1.38542,1.40204,1.32169,1.37018,1.35009,1.38438,1.42369,1.33251,1.15392,1.33063,1.15298,1.10849,1.13058,0.964289,0.798,0.798,1.064,1.197,1.28567,1.3965,1.14158,0.886667,0.798,0.798,1.064,1.01967,0.953167,0.886667,0.798,1.064,1.15267,1.1305,0.96425,0.798,1.01967,0.908833,0.798,1.064,1.197,1.08617,1.29675,1.26904,1.10002,1.03768,1.00651,0.968753,1.01638,1.12885,1.05209,1.05805,1.23836,1.10685,0.952423,0.798,0.842333,0.886667,0.842333,0.798,0.798,0.798,0.798,0.798,0.798,0.975333,0.886667,0.798,1.01967,0.9975,1.27458,1.30229,1.18315,1.16791,1.29329,1.31164,1.18782,1.34758,1.29446,1.13489,1.27678,1.05956,0.842333,1.04183,1.00858,1.16929,1.29398,1.04599,0.798,0.798,0.798,0.798,1.1305,1.27458,1.21362,1.18315,1.25657,1.38195,1.13431,0.886667,1.01967,1.30783,1.40758,1.14712,0.886667,0.908833,1.11942,1.13604,0.967021,0.798,1.08286,1.08286,1.08286,1.08286,1.08286,1.08286,1.08286,1.08286,1.08286,1.08286,1.08286,1.08286,1.08286,1.08286,1.08286,1.08286,1.08286,1.08286,1.08286,18,4,1
0.975333,1.064,1.10833,1.01967,1.17483,1.07508,1.33554,1.39927,1.09864,0.798,0.931,0.8645,0.798,0.798,0.798,1.1305,1.05292,1.28012,1.1499,0.973948,0.798,1.08617,1.07508,1.06954,1.1111,1.10972,1.06469,1.33035,1.68484,1.44092,1.51846,1.33556,1.28845,1.37572,1.37503,1.13085,0.886667,0.798,1.04183,1.00858,1.03629,1.40481,1.32307,1.26004,1.11768,1.33468,1.53184,1.34225,1.75729,1.47715,1.40357,1.23379,1.01589,0.798,0.886667,1.01967,1.197,1.17483,1.07508,0.980875,0.886667,1.1305,1.14158,1.01412,0.886667,0.908833,0.853417,0.798,0.798,0.798,0.842333,0.820167,0.798,0.842333,0.886667,1.04183,0.986417,1.09171,1.27735,1.56968,1.38334,1.15717,1.06625,1.13163,1.11998,1.09199,1.47699,1.15966,0.842333,1.064,1.197,1.197,1.197,1.17483,1.16375,1.00304,0.842333,1.064,1.37433,1.28567,1.28567,1.064,0.842333,1.10833,1.1305,1.03075,1.31337,1.12219,1.04876,1.32238,1.596,1.11671,1.11671,1.11671,1.11671,1.11671,1.11671,1.11671,1.11671,1.11671,1.11671,1.11671,1.11671,1.11671,1.11671,1.11671,1.11671,1.11671,1.11671,1.11671,1.11671,1.11671,1.11671,16,9,4
0.886667,0.842333,0.798,0.886667,0.908833,1.07508,1.15821,0.978104,0.798,0.975333,1.10833,1.21917,1.18592,1.14712,1.2829,1.35078,1.09656,0.842333,0.9975,0.942083,0.886667,0.886667,0.842333,0.798,0.798,0.975333,0.931,0.886667,0.798,0.798,0.798,0.886667,1.21917,1.09725,0.991958,0.886667,1.01967,1.21917,1.36325,1.25796,1.31615,1.19007,1.17137,1.25068,1.11301,1.13284,1.18709,1.21421,1.2721,1.32322,1.37094,1.2618,1.0299,0.798,0.798,0.798,0.931,1.08617,1.20808,1.06954,0.933771,0.798,0.975333,1.24133,1.24133,1.33,1.37433,1.08617,0.798,1.04183,1.18592,1.16929,1.11665,0.957323,0.798,0.798,0.798,0.798,0.842333,0.908833,0.853417,0.798,0.798,0.798,0.798,1.01967,1.064,1.15267,0.975333,0.798,0.798,1.15267,1.064,1.197,1.21917,1.16375,1.15821,1.28844,1.17622,1.25311,1.24722,1.28861,1.39797,1.29749,1.22508,1.2332,1.2816,1.0398,0.798,0.842333,0.886667,1.21917,1.23025,1.01412,0.798,0.798,1.01967,1.24133,1.04169,1.04169,1.04169,1.04169,1.04169,1.04169,1.04169,1.04169,1.04169,1.04169,1.04169,1.04169,1.04169,1.04169,1.04169,26,12,13
0.798,0.798,1.064,1.15267,1.3965,1.27458,1.03629,0.798,0.798,1.10833,1.2635,1.25242,1.24687,1.3106,1.40897,1.28082,1.37191,1.32879,1.06339,0.798,0.886667,0.842333,0.798,0.886667,1.08617,0.96425,0.842333,0.798,1.10833,1.17483,0.986417,0.798,0.798,1.01967,1.24133,1.28567,1.3965,1.40758,1.41312,1.10556,0.798,0.798,1.15267,0.975333,0.798,0.975333,1.10833,0.953167,0.798,0.886667,0.842333,0.798,1.01967,0.908833,0.798,1.04183,1.34108,1.06954,0.798,0.798,1.10833,1.21917,1.00858,0.798,0.798,0.798,0.798,0.798,1.10833,1.2635,1.03075,0.798,0.886667,1.15267,1.197,0.9975,0.798,0.886667,0.8645,0.842333,0.9975,1.07508,0.980875,0.886667,1.01967,0.908833,0.798,0.931,0.8645,0.798,1.1305,0.96425,0.798,0.798,0.798,0.798,0.798,0.798,0.798,1.17483,1.25242,1.29121,1.35494,1.36464,1.30298,1.36083,1.25675,1.20471,1.31169,1.32084,1.39192,1.40529,1.45631,1.34882,1.07341,0.798,1.03285,1.03285,1.03285,1.03285,1.03285,1.03285,1.03285,1.03285,1.03285,1.03285,1.03285,1.03285,1.03285,1.03285,1.03285,1.03285,1.03285,12,4,1
0.798,1.01967,0.908833,0.798,0.798,0.931,0.9975,0.89775,0.798,0.798,0.8645,0.986417,1.22471,1.01135,0.798,0.953167,1.20808,1.06954,0.978104,0.886667,0.886667,0.886667,0.798,0.820167,0.842333,1.17483,1.16375,1.06954,1.06677,1.24272,1.10903,1.04218,1.07526,1.24696,1.37715,1.39791,1.40829,1.41348,1.41607,1.43954,1.51777,1.42388,1.46561,1.44214,1.34174,1.3802,1.31077,1.29822,1.40278,1.10039,0.798,0.798,0.798,0.798,0.886667,1.064,1.28567,1.37433,1.30783,1.45192,1.19146,0.994729,0.798,0.820167,0.842333,0.798,0.931,1.21917,1.36325,1.30229,1.36048,1.07924,0.798,0.798,1.10833,1.21917,1.00858,0.798,0.886667,0.842333,0.798,0.931,1.10833,1.21917,1.27458,1.39096,1.31615,1.05707,0.798,0.798,0.798,0.886667,1.08617,1.25242,1.15821,1.19977,0.998885,0.798,0.886667,1.064,1.197,1.064,0.931,0.798,1.08617,1.16375,1.18037,1.32169,1.12634,1.05084,1.03525,1.29346,1.17873,0.988365,0.798,1.06992,1.06992,1.06992,1.06992,1.06992,1.06992,1.06992,1.06992,1.06992,1.06992,1.06992,1.06992,1.06992,1.06992,1.06992,1.06992,1.06992,1.06992,6,2,5
1.15267,0.798,0.798,0.798,1.1305,0.96425,0.798,0.798,0.798,0.798,1.064,1.064,1.064,1.28567,1.08617,0.886667,1.04183,1.05292,1.05846,0.928229,0.798,0.798,1.064,1.17483,1.07508,1.24687,1.15544,1.15405,1.35286,1.11976,0.886667,0.842333,0.798,0.798,1.01967,1.17483,0.986417,0.798,1.064,1.064,1.10833,1.30783,1.23025,1.19146,1.26073,1.16236,1.31268,1.49867,1.14834,0.798,0.798,0.798,0.798,0.798,0.798,0.798,0.886667,1.30783,1.14158,1.14712,1.2829,1.04045,0.798,1.064,0.975333,0.886667,1.064,1.197,1.21917,1.20808,1.35771,1.29952,1.31476,1.36671,1.17102,1.25051,1.09076,1.01088,1.19261,1.2613,1.09615,1.25741,1.33804,1.20102,1.19901,1.17584,1.09775,1.14738,1.10569,1.17351,1.29609,1.31304,1.23286,1.32576,1.32788,1.28461,1.26297,1.11915,1.11374,1.22187,1.32027,1.23647,1.32757,1.41745,1.28506,1.30753,1.27443,1.14705,1.19419,1.21776,1.09655,1.30194,1.50733,1.1062,1.1062,1.1062,1.1062,1.1062,1.1062,1.1062,1.1062,1.1062,1.1062,1.1062,1.1062,1.1062,1.1062,1.1062,1.1062,1.1062,1.1062,1.1062,1.1062,8,4,4
0.798,0.798,1.064,1.08617,1.03075,1.22471,1.14435,1.05984,1.19492,1.08513,1.09673,1.23553,1.03893,0.842333,1.1305,1.27458,1.03629,0.798,0.886667,1.15267,1.08617,1.07508,0.936542,0.798,0.798,0.798,1.197,1.01967,0.842333,1.08617,0.986417,0.886667,0.842333,0.798,1.197,1.35217,1.07508,0.798,1.1305,1.31892,1.36879,1.30506,1.4062,1.32377,1.34905,1.20652,1.13526,1.23263,1.28132,1.08399,0.886667,0.842333,0.798,1.064,1.15267,1.01967,0.886667,1.01967,1.08617,1.25242,1.18037,1.07785,1.24826,1.15613,1.06573,1.28653,1.0866,0.886667,1.1305,1.18592,1.08062,1.11665,1.17899,1.12149,1.27008,1.07837,0.886667,1.08617,1.11942,1.11387,1.1111,0.998885,0.886667,1.10833,0.975333,0.842333,1.10833,0.9975,0.886667,1.064,0.975333,0.886667,1.10833,1.01967,1.08617,0.942083,0.798,0.886667,0.798,0.886667,0.842333,0.798,1.01967,1.064,1.064,1.197,0.9975,0.798,1.064,1.01967,1.08617,1.18592,1.21362,1.09448,1.16791,1.24133,1.05412,1.05412,1.05412,1.05412,1.05412,1.05412,1.05412,1.05412,1.05412,1.05412,1.05412,1.05412,1.05412,1.05412,1.05412,1.05412,1.05412,8,2,1
1.33,0.798,1.2635,1.03075,0.798,0.798,0.842333,0.886667,1.08617,0.986417,0.886667,1.10833,0.953167,0.798,1.064,1.01967,1.10833,1.2635,1.03075,0.798,1.064,1.10833,1.17483,1.27458,1.12496,1.13881,1.32307,1.06054,0.798,1.08617,0.96425,0.842333,1.15267,1.064,1.10833,1.2635,1.07508,0.886667,1.197,1.08617,1.07508,1.33554,1.5101,1.48655,1.67428,1.50214,1.15007,0.798,0.798,0.798,0.886667,1.17483,1.42975,1.42421,1.5101,1.73039,1.50803,1.72935,1.44101,1.1195,0.798,1.01967,1.24133,1.01967,0.798,0.886667,1.10833,1.21917,1.14158,1.05846,1.2164,1.1402,1.14643,1.28255,1.21761,1.2073,1.26865,1.16633,1.24816,1.37775,1.08787,0.798,1.064,1.01967,1.08617,1.20808,1.13604,1.14435,1.28151,1.08409,0.886667,1.1305,1.09725,1.12496,1.22748,1.05707,0.886667,1.17483,0.986417,0.798,0.798,0.798,0.798,0.798,1.064,1.04183,1.05292,1.14712,1.06123,0.975333,1.10092,1.10092,1.10092,1.10092,1.10092,1.10092,1.10092,1.10092,1.10092,1.10092,1.10092,1.10092,1.10092,1.10092,1.10092,1.10092,1.10092,1.10092,1.10092,1.10092,1.10092,1.10092,1.10092,14,4,5
1.197,1.24133,1.197,1.24133,1.21917,1.20808,1.22471,1.27735,1.25934,1.33901,1.3345,1.24358,1.24246,1.19756,1.19728,1.21931,1.27465,1.21366,1.27183,1.25658,1.24896,1.35598,1.16566,1.11483,1.22241,1.09887,1.0371,1.18355,1.12378,1.11605,1.17869,1.25435,1.15917,1.20025,1.26513,1.12023,1.20295,1.13347,1.0544,1.28087,1.17243,1.11822,1.20194,1.1773,1.25365,1.29183,1.17791,1.12096,1.18114,1.16691,1.13762,1.25598,1.29299,1.17849,1.27641,1.28104,1.17252,1.27343,1.08005,0.886667,1.08617,1.16375,1.06954,1.19977,1.19839,1.17553,1.2971,1.26921,1.18877,1.28155,1.19494,1.17381,1.20757,1.04712,0.886667,1.10833,1.04183,1.00858,1.14712,1.1499,1.15128,1.24064,1.19665,1.21899,1.25233,1.2025,1.22192,1.23162,1.23648,1.19457,1.30662,1.27398,1.23549,1.28274,1.26204,1.20735,1.22434,1.21067,1.226,1.278,1.2375,1.21725,1.27363,1.23531,1.17182,1.22874,1.19071,1.17169,1.15267,1.19724,1.19724,1.19724,1.19724,1.19724,1.19724,1.19724,1.19724,1.19724,1.19724,1.19724,1.19724,1.19724,1.19724,1.19724,1.19724,1.19724,1.19724,1.19724,1.19724,1.19724,1.19724,1.19724,1.19724,6,3,3
1.41867,0.798,1.01967,0.975333,1.15267,1.24133,1.15267,1.01967,0.886667,0.931,0.953167,1.18592,1.54612,1.4824,1.18453,0.886667,1.064,1.10833,1.1305,1.23025,1.32446,1.26073,1.6057,1.20185,0.798,1.10833,1.24133,1.17483,1.29675,1.22471,1.18869,1.30368,1.09517,0.886667,1.1305,0.96425,0.798,1.04183,1.05292,1.10279,1.26073,1.36186,1.27943,1.26038,1.02919,0.798,0.886667,1.197,1.33,1.2635,1.27458,1.03629,0.798,0.886667,1.10833,1.17483,1.11942,1.22471,1.27735,1.23718,1.28359,1.30679,1.3184,1.3242,1.37143,1.30638,1.36252,1.4571,1.34921,1.33961,1.11314,0.886667,0.798,1.01967,1.30783,1.38542,1.40204,1.10002,0.798,0.798,1.064,0.975333,0.886667,0.886667,1.10833,1.1305,1.11942,1.13604,1.27735,1.17068,1.25034,1.3345,1.24358,1.33113,1.26406,1.3192,1.30243,1.42705,1.24552,1.2656,1.2978,1.26957,1.32195,1.12647,1.00657,0.886667,1.17483,1.42975,1.68467,1.16456,1.16456,1.16456,1.16456,1.16456,1.16456,1.16456,1.16456,1.16456,1.16456,1.16456,1.16456,1.16456,1.16456,1.16456,1.16456,1.16456,1.16456,1.16456,1.16456,1.16456,1.16456,1.16456,1.16456,6,1,0
1.15267,1.01967,0.886667,1.15267,1.064,1.1305,1.25242,1.15821,1.15544,1.24272,1.06469,0.886667,1.1305,1.05292,1.10279,1.23856,1.15128,1.15197,1.28532,1.26333,1.208,1.269,1.12217,1.13742,1.23371,1.10452,1.15076,1.24038,1.15219,1.1746,1.27446,1.21357,1.18312,1.25656,1.07161,0.886667,1.10833,0.953167,0.798,1.10833,0.9975,0.886667,1.15267,1.064,1.10833,1.21917,1.05292,0.886667,1.10833,1.04183,1.09725,1.25796,1.16098,1.15682,1.24341,1.24237,1.24185,1.28593,1.13063,1.18598,1.28016,1.03908,0.798,1.10833,1.04183,1.09725,1.25796,1.11665,1.17899,1.25449,1.22575,1.18921,1.2596,1.11747,1.13507,1.23253,1.08177,1.13938,1.27903,1.06068,0.842333,1.1305,1.07508,1.11387,1.2441,1.17622,1.20878,1.24722,1.13344,1.14306,1.23653,1.10593,1.15147,1.2629,1.18562,1.16914,1.2939,1.22329,1.18798,1.30332,1.09499,0.886667,1.10833,0.953167,0.798,1.08617,0.986417,0.886667,1.15267,1.01967,0.886667,1.24133,1.12625,1.12625,1.12625,1.12625,1.12625,1.12625,1.12625,1.12625,1.12625,1.12625,1.12625,1.12625,1.12625,1.12625,1.12625,1.12625,1.12625,1.12625,1.12625,1.12625,1.12625,4,5,2
1.41867,1.28567,1.30783,1.23025,1.23579,1.3494,1.31753,1.14643,1.26038,1.27302,1.12418,1.24926,1.37829,1.28765,1.30882,1.31941,1.25821,1.33844,1.26772,1.16586,1.31443,1.38871,1.20419,1.28926,1.3318,1.1979,1.30828,1.23047,1.14724,1.28295,1.26214,1.16307,1.31304,1.23285,1.10409,0.951046,0.798,0.886667,0.798,0.798,0.798,0.798,0.820167,0.842333,0.8645,0.886667,1.15267,0.975333,0.798,1.197,1.04183,0.886667,0.842333,0.798,0.798,0.798,1.15267,1.01967,0.886667,0.886667,0.908833,0.986417,1.20254,1.00027,0.798,1.10833,0.9975,0.886667,1.1305,1.00858,0.886667,1.10833,1.21917,1.05292,0.886667,0.886667,0.886667,1.1305,1.11942,1.18037,1.18869,1.23718,1.23926,1.32896,1.10781,0.886667,1.197,1.17483,1.07508,1.31337,1.21085,1.07093,1.26696,1.05465,0.842333,1.15267,1.10833,1.08617,0.942083,0.798,0.798,0.9975,0.89775,0.798,0.798,0.886667,1.197,1.1305,1.18592,1.32446,1.4159,1.19561,1.30714,1.41867,1.09461,1.09461,1.09461,1.09461,1.09461,1.09461,1.09461,1.09461,1.09461,1.09461,1.09461,1.09461,1.09461,1.09461,1.09461,1.09461,1.09461,1.09461,1.09461,10,4,3
0.886667,0.798,1.10833,0.975333,0.842333,0.886667,0.842333,0.798,0.798,0.975333,1.04183,1.27458,1.12496,0.961479,0.798,0.798,0.798,0.886667,1.08617,1.31892,1.23579,1.1499,1.15128,1.32931,1.19665,1.19683,1.10825,1.28562,1.41865,1.44082,1.42974,1.37987,1.08894,0.798,0.842333,0.886667,0.798,0.842333,0.886667,1.21917,1.25242,1.33554,1.42144,1.10972,0.798,0.931,0.886667,0.842333,0.798,0.798,0.798,1.064,1.24133,1.2635,1.29675,1.26904,1.03352,0.798,0.886667,0.842333,0.798,0.820167,0.842333,0.820167,0.798,0.798,0.931,1.17483,1.29675,1.20254,1.35494,1.16514,1.1589,1.11145,1.30939,1.23103,1.34701,1.42717,1.24559,1.28779,1.35323,1.16428,1.35797,1.21099,1.04883,0.886667,0.798,0.798,0.886667,1.197,1.33,1.24133,1.33,1.15267,1.10833,1.04183,0.96425,0.886667,0.798,1.01967,1.17483,0.986417,0.798,0.798,1.10833,1.197,0.9975,0.798,1.15267,1.33,1.3965,1.36325,1.30229,1.31615,1.10141,0.886667,1.06683,1.06683,1.06683,1.06683,1.06683,1.06683,1.06683,1.06683,1.06683,1.06683,1.06683,1.06683,1.06683,1.06683,1.06683,1.06683,1.06683,4,3,2
1.41867,0.798,0.798,0.798,1.10833,1.17483,1.07508,1.06954,0.978104,0.886667,0.798,1.1305,0.96425,0.798,0.798,0.886667,0.931,1.04183,0.919917,0.798,1.08617,0.942083,0.798,0.842333,0.886667,0.975333,1.15267,1.33,1.10833,0.886667,1.10833,1.08617,0.942083,0.798,1.064,0.931,0.798,1.08617,0.942083,0.798,0.798,0.798,0.798,0.798,0.798,0.798,0.886667,0.931,0.908833,0.886667,0.886667,0.886667,0.886667,0.886667,0.886667,1.15267,1.08617,1.03075,1.18037,0.989187,0.798,0.931,1.1305,1.14158,1.30229,1.09448,0.886667,0.886667,0.886667,0.886667,0.886667,0.886667,1.064,1.2635,1.03075,0.798,1.01967,0.9975,1.03075,0.958708,0.886667,0.886667,1.08617,0.942083,0.798,1.10833,0.953167,0.798,1.064,0.975333,0.886667,1.21917,1.00858,0.798,0.798,0.886667,0.798,1.1305,1.07508,0.936542,0.798,0.842333,0.886667,0.886667,0.842333,0.798,0.820167,0.842333,0.798,1.08617,0.986417,0.886667,0.842333,0.798,0.798,0.798,0.798,0.908833,1.07508,0.980875,0.886667,0.975333,0.975333,0.975333,0.945234,0.945234,0.945234,0.945234,0.945234,0.945234,0.945234,0.945234,0.945234,6,1,0
0.798,0.798,0.798,0.886667,0.798,1.1305,1.31892,1.05846,0.798,0.798,0.798,0.798,0.798,0.798,0.798,1.197,1.28567,1.5295,1.56275,1.57937,1.18869,0.798,0.798,0.798,0.886667,0.798,1.197,1.37433,1.50733,1.17483,0.842333,0.798,0.798,0.798,0.886667,1.17483,0.986417,0.798,1.10833,1.41867,1.3965,1.14158,0.886667,0.842333,0.798,0.798,1.1305,1.05292,1.01412,1.30506,1.5392,1.52327,1.16063,0.798,0.798,0.798,0.798,1.197,1.3965,1.45192,1.12496,0.798,0.886667,0.798,0.798,1.15267,1.41867,1.48517,1.54058,1.47962,1.13881,0.798,1.10833,0.953167,0.798,1.15267,1.35217,1.38542,1.13604,0.886667,0.886667,0.842333,0.798,0.886667,0.798,0.798,0.798,0.798,0.798,1.197,1.35217,1.34108,1.11387,0.886667,0.886667,1.30783,1.38542,1.11387,0.842333,0.886667,0.798,0.842333,1.30783,1.34108,1.37987,1.53227,1.16514,0.798,0.886667,1.17483,1.38542,1.596,1.05714,1.05714,1.05714,1.05714,1.05714,1.05714,1.05714,1.05714,1.05714,1.05714,1.05714,1.05714,1.05714,1.05714,1.05714,1.05714,1.05714,1.05714,1.05714,1.05714,1.05714,0,0,0
1.33,1.15267,1.15267,1.10833,1.15267,1.15267,1.15267,1.15267,1.197,1.24133,1.28567,1.15267,1.24133,1.064,0.886667,0.953167,1.18592,1.12496,1.13881,1.16791,1.18245,1.18973,1.08253,1.07326,1.11297,1.02198,0.909991,0.798,1.04183,1.05292,1.12496,1.16098,1.20116,1.11041,1.15371,1.06452,1.17509,1.14171,1.28019,1.12776,1.18455,1.23511,1.23822,1.17328,1.18514,1.14674,1.2162,1.18443,1.30155,1.18278,1.12339,1.24886,1.26726,1.20997,1.09265,1.21132,1.182,1.10083,1.17108,1.11754,1.24594,1.17714,1.18707,1.19203,1.03935,0.886667,0.886667,0.886667,0.9975,1.11942,1.04737,1.05569,1.05984,1.26142,1.16271,1.20202,1.22168,1.32017,1.10342,0.886667,0.975333,1.1305,1.14158,1.16929,1.24965,1.28982,1.28774,1.48621,1.1421,0.798,0.931,1.064,1.064,1.15267,1.21917,1.29675,1.22471,1.27735,1.23718,1.26142,1.11838,1.17986,1.12193,1.18163,1.16715,1.40374,1.10087,0.798,0.9975,1.11942,1.09171,1.16652,1.24133,1.13981,1.13981,1.13981,1.13981,1.13981,1.13981,1.13981,1.13981,1.13981,1.13981,1.13981,1.13981,1.13981,1.13981,1.13981,1.13981,1.13981,1.13981,1.13981,1.13981,0,2,0
1.28567,1.30783,1.31892,1.36879,1.3494,1.0737,0.798,1.01967,0.975333,0.975333,1.10833,1.33,1.3965,1.40758,1.36879,1.0834,0.798,1.10833,1.35217,1.42975,1.42421,1.33277,1.42005,1.35286,1.45226,1.4133,1.50465,1.32866,1.12983,1.11908,1.35754,1.49894,1.43664,1.51632,1.35666,1.2325,1.34775,1.33887,1.24577,1.13272,1.07619,1.24743,1.44388,1.58644,1.34739,1.36086,1.3676,1.32663,1.32832,1.46216,1.39608,1.54037,1.34652,1.33826,1.4228,1.33206,1.39753,1.3416,1.4023,1.32182,1.08207,0.842333,1.08617,0.986417,0.886667,1.10833,1.35217,1.29675,1.35771,1.34385,1.33693,1.33346,1.39823,1.34195,1.49114,1.3219,1.45895,1.35014,1.29574,1.26854,1.25493,1.1373,1.07848,1.22641,1.3447,1.33735,1.33368,1.2875,1.33092,1.28613,1.4189,1.61828,1.42981,1.35774,1.10004,0.842333,1.04183,1.31892,1.32446,1.32723,1.33,1.28564,1.28564,1.28564,1.28564,1.28564,1.28564,1.28564,1.28564,1.28564,1.28564,1.28564,1.28564,1.28564,1.28564,1.28564,1.28564,1.28564,1.28564,1.28564,1.28564,1.28564,1.28564,1.28564,1.28564,1.28564,1.28564,1.28564,1.28564,1.28564,1.28564,1.28564,1.28564,6,2,0
1.15267,1.15267,1.37433,1.17483,1.29675,1.15821,1.28844,1.19839,1.10903,1.06435,1.21934,1.1195,1.35775,1.18871,1.28152,1.21709,1.31788,1.21311,1.24939,1.20103,1.30985,1.16476,1.15871,1.11136,1.10984,1.06476,1.10871,1.06419,1.08626,1.0308,1.09173,1.07787,1.18177,1.12288,1.20427,1.1563,1.11015,1.19791,1.30829,1.16398,1.20266,1.17766,1.29816,1.20325,1.22229,1.18748,1.23657,1.17245,1.20689,1.13545,1.14406,1.12619,1.13943,1.14605,1.17152,1.1621,1.42338,1.24369,1.44201,1.23084,1.34692,1.27196,1.47831,1.24899,1.51116,1.28758,1.50829,1.30831,1.49649,1.28024,1.52679,1.22889,1.39028,1.18281,1.47807,1.2267,1.36702,1.23768,1.439,1.185,1.36833,1.17183,1.25092,1.17963,1.34348,1.15941,1.33337,1.19868,1.41951,1.21959,1.40779,1.2359,1.43812,1.22889,1.39028,1.22714,1.10124,1.12695,1.20631,1.15732,1.11066,1.1095,1.08675,1.07537,1.09185,1.07793,1.064,1.22629,1.22629,1.22629,1.22629,1.22629,1.22629,1.22629,1.22629,1.22629,1.22629,1.22629,1.22629,1.22629,1.22629,1.22629,1.22629,1.22629,1.22629,1.22629,1.22629,1.22629,1.22629,1.22629,1.22629,1.22629,1.22629,2,2,0
1.596,1.50733,1.28567,1.3965,1.20808,1.44637,1.23302,1.41451,1.23926,1.43979,1.20756,1.46828,1.26614,1.56407,1.35837,1.56585,1.29276,1.33355,1.30961,1.40847,1.5244,1.2942,1.4451,1.29888,1.35878,1.21139,1.35936,1.21168,1.35951,1.25609,1.40388,1.21177,1.35955,1.18961,1.3928,1.2284,1.3457,1.22702,1.34501,1.2045,1.28942,1.22104,1.36419,1.21409,1.44938,1.21236,1.33768,1.22301,1.32084,1.23675,1.46071,1.21802,1.40701,1.23551,1.34925,1.22879,1.4124,1.2382,1.39493,1.18513,1.21323,1.09428,1.16781,1.1824,1.27837,1.19335,1.37251,1.24042,1.48471,1.29652,1.46843,1.24405,1.42002,1.24201,1.46334,1.26367,1.27467,1.258,1.31617,1.19008,1.21571,1.16202,1.17951,1.12176,1.13721,1.10061,1.0823,1.07315,1.09074,1.07737,1.07069,1.06734,1.08784,1.05375,1.08104,1.16119,1.11259,1.04396,1.07615,1.04791,1.10029,1.05998,1.15066,1.24133,1.26949,1.26949,1.26949,1.26949,1.26949,1.26949,1.26949,1.26949,1.26949,1.26949,1.26949,1.26949,1.26949,1.26949,1.26949,1.26949,1.26949,1.26949,1.26949,1.26949,1.26949,1.26949,1.26949,1.26949,1.26949,1.26949,1.26949,1.26949,1.26949,6,3,1
1.01967,1.21917,1.38542,1.40204,1.47685,1.38126,1.08963,0.798,1.10833,0.953167,0.798,1.08617,1.38542,1.66804,1.41035,1.74701,1.42767,1.35667,1.07733,0.798,1.197,1.10833,1.21917,1.03075,0.842333,1.197,1.30783,1.34108,1.35771,1.34385,1.38126,1.33346,1.3539,1.34195,1.46897,1.35515,1.12091,0.886667,1.10833,0.9975,0.886667,1.15267,1.37433,1.24133,1.08617,1.09725,1.19146,1.12773,1.11803,1.20185,1.04426,0.886667,1.064,0.9975,1.05292,1.14712,1.1499,1.12911,1.20739,1.15786,1.1331,1.23155,1.01477,0.798,1.08617,1.20808,1.26904,1.07785,0.886667,1.1305,1.40758,1.72346,1.39373,1.31753,1.19077,1.14955,1.26194,1.0743,0.886667,1.17483,1.36325,1.32446,1.1499,1.12911,1.22956,1.03595,0.842333,1.08617,1.38542,1.31337,1.43252,1.35909,1.07855,0.798,1.1305,1.29675,1.31337,1.41035,1.37018,1.46092,1.37329,1.48465,1.42949,1.49058,1.55167,1.2043,1.2043,1.2043,1.2043,1.2043,1.2043,1.2043,1.2043,1.2043,1.2043,1.2043,1.2043,1.2043,1.2043,1.2043,1.2043,1.2043,1.2043,1.2043,1.2043,1.2043,1.2043,1.2043,1.2043,1.2043,1.2043,1.2043,1.2043,2,4,0
1.01967,1.15267,1.24133,1.01967,0.798,1.48517,1.27458,1.72346,1.39373,1.71653,1.3681,1.34905,1.09569,0.842333,1.01967,0.953167,0.886667,1.21917,1.40758,1.34662,1.07231,0.798,1.08617,0.942083,0.798,1.48517,1.27458,1.63479,1.37156,1.72761,1.37364,1.48482,1.45174,1.70121,1.40477,1.76638,1.39303,1.80485,1.43442,1.71471,1.38936,1.35968,1.10101,0.842333,1.15267,0.9975,0.842333,1.463,1.2635,1.27458,1.10279,1.12773,1.25103,1.06885,0.886667,1.1305,1.27458,1.28012,1.06123,0.842333,1.15267,0.975333,0.798,1.48517,1.27458,1.61262,1.33831,1.71099,1.40966,1.14816,0.886667,0.975333,0.908833,0.842333,0.953167,1.47408,1.31337,1.32169,1.05984,0.798,1.064,0.975333,0.886667,1.15267,1.3965,1.69575,1.40204,1.76502,1.43668,1.78234,1.44534,1.698,1.35883,1.69908,1.38154,1.44444,1.38722,1.33,1.26005,1.26005,1.26005,1.26005,1.26005,1.26005,1.26005,1.26005,1.26005,1.26005,1.26005,1.26005,1.26005,1.26005,1.26005,1.26005,1.26005,1.26005,1.26005,1.26005,1.26005,1.26005,1.26005,1.26005,1.26005,1.26005,1.26005,1.26005,1.26005,1.26005,1.26005,1.26005,1.26005,1.26005,1.26005,20,2,1
1.24133,1.21917,1.00858,0.798,1.33,1.15267,1.15267,1.064,1.04183,1.09725,1.08062,1.05015,1.34524,1.22679,1.21189,1.09361,1.10097,1.12682,1.07324,1.09079,1.54289,1.21478,0.886667,0.931,0.9975,1.07508,1.06954,1.08894,1.27597,1.03698,0.798,1.28567,1.2635,1.60708,1.33554,1.22194,1.0543,0.886667,1.04183,0.96425,0.886667,1.10833,0.9975,0.886667,1.04183,0.919917,0.798,1.01967,0.908833,0.798,1.064,1.24133,1.2635,1.31892,1.36879,1.3494,1.3397,1.31268,1.34351,1.24809,1.22254,1.27627,1.30314,1.2279,1.25678,1.31556,1.21195,1.13797,1.01232,0.886667,0.798,1.10833,1.1305,1.20808,1.22471,1.27735,1.37018,1.32792,1.43979,1.34056,1.53478,1.41022,1.56961,1.42764,1.42315,1.35441,1.32004,1.30285,1.31643,1.25671,1.29336,1.26734,1.21001,1.2035,1.20025,1.24296,1.17565,1.23066,1.21383,1.33841,1.15687,1.17694,1.20914,1.29173,1.2222,1.2761,1.23655,1.19461,1.15267,1.17967,1.17967,1.17967,1.17967,1.17967,1.17967,1.17967,1.17967,1.17967,1.17967,1.17967,1.17967,1.17967,1.17967,1.17967,1.17967,1.17967,1.17967,1.17967,1.17967,1.17967,1.17967,1.17967,1.17967,6,2,2
1.01967,0.931,0.842333,0.908833,0.853417,0.798,1.50733,1.30783,1.45192,1.41312,1.7484,1.36186,1.74493,1.40447,1.76623,1.41512,1.74939,1.38453,1.44593,1.4323,1.73582,1.39991,1.49795,1.41398,1.48282,1.40641,1.72287,1.39344,1.71638,1.41236,1.50418,1.43926,1.53979,1.39056,1.75928,1.43381,1.80307,1.43354,1.66993,1.4113,1.54798,1.28383,1.68375,1.35171,1.80635,1.41301,1.46017,1.43942,1.45121,1.4571,1.79255,1.42828,1.8668,1.42107,1.15387,0.886667,0.975333,1.24133,1.37433,1.08617,0.798,0.931,1.463,1.30783,1.74008,1.37987,1.4436,1.43114,1.53573,1.4107,1.72502,1.37234,1.1295,0.886667,0.9975,1.51842,1.26904,1.32169,1.21501,1.60501,1.29017,1.33225,1.13163,1.03131,1.40232,1.34399,1.4035,1.34458,1.71412,1.38906,1.42603,1.463,1.39051,1.39051,1.39051,1.39051,1.39051,1.39051,1.39051,1.39051,1.39051,1.39051,1.39051,1.39051,1.39051,1.39051,1.39051,1.39051,1.39051,1.39051,1.39051,1.39051,1.39051,1.39051,1.39051,1.39051,1.39051,1.39051,1.39051,1.39051,1.39051,1.39051,1.39051,1.39051,1.39051,1.39051,1.39051,1.39051,1.39051,1.39051,1.39051,1.39051,1.39051,6,3,2
1.37433,1.33,1.21917,1.18592,1.25796,1.20531,1.20116,1.30991,1.25346,1.20306,1.26653,1.2761,1.21438,1.22786,1.14593,1.17146,1.22857,1.21278,1.18272,1.3007,1.20451,1.17859,1.23213,1.1924,1.17253,1.25127,1.0468,0.842333,1.064,0.9975,1.07508,1.18037,1.16652,1.18176,1.16721,1.09344,1.14522,1.57011,1.29489,1.55628,1.35447,1.60824,1.35828,1.47714,1.2484,1.2892,1.06577,0.842333,1.10833,0.975333,0.842333,1.08617,0.942083,0.798,1.04183,1.00858,1.10279,1.19423,1.21778,1.18522,1.23545,1.23839,1.19553,1.26276,1.11905,1.13586,1.1886,1.0598,1.1284,1.20703,1.17985,1.16626,1.24813,1.2669,1.20978,1.24772,1.17803,1.18751,1.21442,1.25005,1.20136,1.28784,1.24242,1.21971,1.25269,1.20268,1.19984,1.24275,1.17554,1.1641,1.22489,1.23311,1.19289,1.66044,1.42872,1.37936,1.26601,1.18717,1.28075,1.06154,0.842333,1.064,1.01967,1.10833,1.197,1.15267,1.17483,1.25242,1.33,1.19533,1.19533,1.19533,1.19533,1.19533,1.19533,1.19533,1.19533,1.19533,1.19533,1.19533,1.19533,1.19533,1.19533,1.19533,1.19533,1.19533,1.19533,1.19533,1.19533,1.19533,1.19533,1.19533,1.19533,2,0,0
1.64033,1.463,1.3965,1.42975,1.66804,1.41035,1.68051,1.43876,1.38438,1.42369,1.64284,1.39776,1.71854,1.43561,1.3828,1.0904,0.798,1.08617,1.25242,1.31337,1.36602,1.34801,1.47201,1.71134,1.40983,1.36992,1.43863,1.36215,1.39041,1.3602,1.38943,1.60355,1.35594,1.36514,1.36974,1.34987,1.33993,1.35713,1.43223,1.71362,1.43314,1.38157,1.42229,1.35398,1.38632,1.38033,1.44383,1.69725,1.40279,1.3664,1.37036,1.32802,1.32901,1.30734,1.31867,1.32433,1.34933,1.33967,1.33483,1.31025,1.32013,1.54673,1.32753,1.61693,1.3848,1.33523,1.42128,1.37564,1.44149,1.40791,1.23596,1.61548,1.36191,1.34595,1.40448,1.3894,1.4262,1.40027,1.4538,1.43623,1.47178,1.40089,1.36545,1.34772,1.38319,1.3566,1.4098,1.34773,1.4497,1.38985,1.33776,1.28955,1.26544,1.24133,1.39832,1.39832,1.39832,1.39832,1.39832,1.39832,1.39832,1.39832,1.39832,1.39832,1.39832,1.39832,1.39832,1.39832,1.39832,1.39832,1.39832,1.39832,1.39832,1.39832,1.39832,1.39832,1.39832,1.39832,1.39832,1.39832,1.39832,1.39832,1.39832,1.39832,1.39832,1.39832,1.39832,1.39832,1.39832,1.39832,1.39832,1.39832,1.39832,0,0,0
1.15267,1.1305,1.11942,1.15821,1.1776,1.16514,1.24757,1.31095,1.23181,1.30307,1.18354,1.1681,1.29338,1.28953,1.24326,1.02063,0.798,1.064,1.3965,1.25242,1.33554,1.33277,1.26489,1.71861,1.36914,1.30524,1.25112,1.22406,1.25486,1.33676,1.24472,1.37602,1.59685,1.37476,1.35238,1.36336,1.25801,1.33834,1.55584,1.37642,1.22021,1.18644,1.23605,1.21653,1.16243,1.29055,1.33244,1.24255,1.30844,1.07539,0.842333,1.064,1.1305,1.14158,1.21362,1.33831,1.24549,1.30991,1.23129,1.21414,1.31641,1.47837,1.35985,1.10109,0.842333,1.08617,1.00858,1.08062,1.20531,1.22332,1.18799,1.392,1.494,1.38983,1.24908,1.20087,1.24327,1.28664,1.21965,1.31916,1.41325,1.32729,1.37298,1.52882,1.42941,1.13587,0.842333,1.08617,0.986417,0.886667,1.08617,1.09725,1.14712,1.30506,1.49486,1.81143,1.45988,1.41711,1.66172,1.38503,1.40185,1.41867,1.25802,1.25802,1.25802,1.25802,1.25802,1.25802,1.25802,1.25802,1.25802,1.25802,1.25802,1.25802,1.25802,1.25802,1.25802,1.25802,1.25802,1.25802,1.25802,1.25802,1.25802,1.25802,1.25802,1.25802,1.25802,1.25802,1.25802,1.25802,1.25802,1.25802,1.25802,0,1,0
0.975333,1.37433,1.30783,1.65142,1.40204,1.36602,1.12634,0.886667,1.1305,1.47408,1.40204,1.18869,1.14851,1.17276,1.00754,0.842333,0.886667,1.21917,1.05292,0.886667,0.842333,0.820167,0.798,0.798,1.10833,1.21917,1.18592,1.30229,1.33831,1.15682,0.999578,0.842333,0.820167,0.798,1.10833,1.197,1.5295,1.34108,1.37987,1.1776,0.987802,0.798,1.15267,1.17483,1.23025,1.30229,1.11665,1.11249,1.39858,1.16479,1.20306,1.31086,1.0766,0.842333,0.908833,0.96425,1.01412,1.17206,0.985031,0.798,1.04183,1.03075,1.04737,1.21085,1.29259,1.5108,1.4204,1.33087,1.0866,0.842333,1.44083,1.20808,1.13604,1.23302,1.03768,0.842333,1.1305,1.54058,1.34662,1.31615,1.05707,0.798,1.35217,1.18592,1.25796,1.02798,0.798,1.28567,1.35217,1.60708,1.42421,1.7096,1.36464,1.19215,1.23891,1.06279,0.886667,1.064,0.975333,0.886667,1.17483,1.49625,1.39096,1.31615,1.07924,0.842333,1.14954,1.14954,1.14954,1.14954,1.14954,1.14954,1.14954,1.14954,1.14954,1.14954,1.14954,1.14954,1.14954,1.14954,1.14954,1.14954,1.14954,1.14954,1.14954,1.14954,1.14954,1.14954,1.14954,1.14954,1.14954,1.14954,1.14954,2,2,0
0.886667,1.064,0.931,0.798,0.798,0.798,0.798,0.9975,1.49625,1.32446,1.50456,1.43945,1.60639,1.37953,1.77593,1.3978,1.47473,1.1807,0.886667,1.57383,1.31892,1.45746,1.26073,1.29536,1.04668,0.798,1.33,1.17483,1.38542,1.09171,0.798,0.798,0.798,0.953167,1.29675,1.33554,1.4436,1.36464,1.56898,1.36083,1.78875,1.47071,1.44469,1.40951,1.23675,1.30554,1.36211,1.19089,1.61511,1.40605,1.65619,1.44876,1.83272,1.49269,1.43351,1.16009,0.886667,0.842333,0.798,1.01967,1.41867,1.35217,1.36325,1.08062,0.798,0.842333,0.886667,0.798,0.798,1.17483,1.11942,0.958708,0.798,1.01967,1.596,1.37433,1.08617,0.798,0.798,0.886667,1.41867,1.41867,1.57383,1.42975,1.57937,1.41035,1.68051,1.43876,1.47304,1.15769,0.842333,1.61817,1.31892,1.45746,1.39373,1.51703,1.42352,1.55409,1.48638,1.14219,0.798,0.842333,1.23246,1.23246,1.23246,1.23246,1.23246,1.23246,1.23246,1.23246,1.23246,1.23246,1.23246,1.23246,1.23246,1.23246,1.23246,1.23246,1.23246,1.23246,1.23246,1.23246,1.23246,1.23246,1.23246,1.23246,1.23246,1.23246,1.23246,1.23246,1.23246,1.23246,1.23246,2,0,0
1.28567,0.798,0.886667,1.21917,1.31892,1.52396,1.53781,1.36741,1.37087,1.5056,1.43997,1.54015,1.72324,1.50445,1.41723,1.19628,1.04147,0.886667,1.30783,1.34108,1.44637,1.43252,1.53643,1.43321,1.15994,0.886667,1.10833,0.953167,0.798,1.10833,1.30783,1.36325,1.54612,1.39373,1.18453,1.12427,1.22713,1.0569,0.886667,1.08617,0.942083,0.798,1.08617,1.38542,1.46854,1.53227,1.47547,1.13673,0.798,0.9975,1.16375,1.40204,1.38819,1.51426,1.48863,1.63098,1.48049,1.47175,1.53387,1.60927,1.40313,1.3444,1.09337,0.842333,1.10833,0.9975,0.886667,1.10833,0.9975,0.886667,1.10833,1.3965,1.36325,1.08062,0.798,0.886667,0.8645,0.842333,1.197,1.3965,1.54058,1.43529,1.38265,1.53366,1.58699,1.54716,1.43858,1.11829,0.798,1.08617,1.09725,1.32446,1.32723,1.57245,1.45122,1.41278,1.59306,1.50586,1.55093,1.596,1.26056,1.26056,1.26056,1.26056,1.26056,1.26056,1.26056,1.26056,1.26056,1.26056,1.26056,1.26056,1.26056,1.26056,1.26056,1.26056,1.26056,1.26056,1.26056,1.26056,1.26056,1.26056,1.26056,1.26056,1.26056,1.26056,1.26056,1.26056,1.26056,1.26056,1.26056,1.26056,1.26056,4,4,1
1.064,0.975333,0.886667,1.10833,0.9975,0.886667,1.15267,1.10833,1.064,1.24133,1.21917,1.14158,1.30229,1.09448,0.886667,1.17483,1.00858,0.842333,1.17483,1.38542,1.40204,1.21085,1.13743,1.25588,1.15994,1.13414,1.29857,1.51378,1.42189,1.26511,1.14239,1.28053,1.19443,1.12922,1.27394,1.16897,1.13865,1.25649,1.16025,1.13429,1.25431,1.51382,1.42191,1.17646,1.12023,1.31378,1.10022,0.886667,1.1305,1.11942,1.09171,1.27735,1.17068,1.11734,1.24584,1.04408,0.842333,1.10833,1.08617,1.07508,1.22471,1.16652,1.13743,0.967714,0.798,0.9975,1.20808,1.02521,0.842333,1.08617,1.09725,1.08062,1.22748,1.21224,1.16029,1.26731,1.23215,1.17024,1.29446,1.11273,1.08836,1.20918,1.11442,1.04488,1.20961,1.15897,1.13365,1.25399,1.18116,1.16691,1.29279,1.15623,1.11011,1.26439,1.11986,1.09193,1.2553,1.15965,1.11182,1.26525,1.23112,1.19189,1.30528,1.25114,1.17974,1.2992,1.1151,1.06738,1.22086,1.27543,1.33,1.15905,1.15905,1.15905,1.15905,1.15905,1.15905,1.15905,1.15905,1.15905,1.15905,1.15905,1.15905,1.15905,1.15905,1.15905,1.15905,1.15905,1.15905,1.15905,1.15905,1.15905,1.15905,4,4,3
1.197,0.798,1.04183,1.25242,1.11387,1.02244,1.33139,1.06469,0.798,0.798,1.2635,1.31892,1.52396,1.44915,1.34524,1.07162,0.798,0.798,0.798,0.842333,0.886667,0.8645,0.842333,0.798,1.08617,1.25242,1.15821,1.02244,0.886667,1.24133,1.37433,1.08617,0.798,1.04183,1.07508,1.06954,0.933771,0.798,0.842333,0.798,0.9975,1.14158,1.43529,1.75948,1.41174,1.37087,1.19527,1.2183,1.16332,1.33533,1.26616,1.29808,1.35837,1.36635,1.10434,0.842333,0.842333,0.842333,0.842333,0.820167,0.798,1.21917,1.20808,1.15821,1.35494,1.36464,1.12565,0.886667,1.44083,1.27458,1.36879,1.30506,1.49486,1.32377,1.37122,1.10677,0.842333,1.30783,1.27458,1.32446,1.1499,1.23995,1.48447,1.4959,1.36862,1.39364,1.33965,1.44566,1.32133,1.39217,1.33892,1.35662,1.40981,1.30341,1.33887,1.2236,1.2103,1.27015,1.16708,1.35937,1.32252,1.06026,0.798,0.798,1.17483,1.23025,1.28567,1.15816,1.15816,1.15816,1.15816,1.15816,1.15816,1.15816,1.15816,1.15816,1.15816,1.15816,1.15816,1.15816,1.15816,1.15816,1.15816,1.15816,1.15816,1.15816,1.15816,1.15816,1.15816,1.15816,1.15816,1.15816,1.15816,2,1,0
1.24133,1.3965,1.31892,1.10279,0.886667,0.886667,1.24133,1.30783,1.34108,1.35771,1.43252,1.60293,1.39996,1.74182,1.35857,1.38862,1.29281,1.24491,1.37612,1.46389,1.24178,1.30806,1.23036,1.23585,1.23859,1.46163,1.28498,1.26316,1.31875,1.32437,1.34935,1.33968,1.46784,1.42109,1.19821,0.998105,0.798,1.21917,1.23025,1.39096,1.36048,1.45607,1.19354,1.08443,1.07422,1.15778,1.31039,1.34236,1.33618,1.35526,1.27613,1.2809,1.34978,1.42856,1.37928,1.57631,1.27582,1.45808,1.1502,0.842333,1.1305,1.18592,1.39096,1.36048,1.19007,1.19354,1.28393,1.43997,1.36282,1.43508,1.38254,1.42277,1.19905,1.04286,0.886667,0.886667,1.21917,1.23025,1.05846,0.886667,0.798,1.197,1.2635,1.29675,1.33554,1.33277,1.37572,1.35286,1.5631,1.35788,1.29961,1.4478,1.49974,1.3262,1.3281,1.48422,1.36278,1.54589,1.39361,1.11797,0.842333,1.27823,1.27823,1.27823,1.27823,1.27823,1.27823,1.27823,1.27823,1.27823,1.27823,1.27823,1.27823,1.27823,1.27823,1.27823,1.27823,1.27823,1.27823,1.27823,1.27823,1.27823,1.27823,1.27823,1.27823,1.27823,1.27823,1.27823,1.27823,1.27823,1.27823,1.27823,1.27823,0,1,0
1.37433,1.44083,1.34108,1.33554,1.28844,1.33139,1.28636,1.39685,1.56292,1.53513,1.29956,1.20395,1.17831,1.27632,1.25883,1.31658,1.30112,1.20473,1.22303,1.32085,1.28109,1.32771,1.50619,1.24076,1.26321,1.36311,1.43522,1.24961,1.24547,1.28774,1.24237,1.21968,1.23051,1.25809,1.38271,1.17902,1.29884,1.15926,1.35546,1.12106,0.886667,1.064,1.15267,1.33,1.30783,1.40758,1.25796,1.11665,0.97949,0.842333,1.08617,1.16375,1.22471,1.23302,1.30368,1.27251,1.32342,1.39321,1.3616,1.25714,1.0719,0.886667,1.01967,1.1305,1.16375,1.18037,1.23302,1.21501,1.22817,1.32342,1.26021,1.25077,1.33472,1.26586,1.29793,1.26963,1.27765,1.23732,1.328,1.48416,1.27408,1.23554,1.28277,1.23989,1.30711,1.27422,1.36861,1.28281,1.39507,1.22953,1.34627,1.2938,1.26757,1.25445,1.24789,1.26678,1.25406,1.24769,1.24451,1.26509,1.27538,1.25836,1.24133,1.26116,1.26116,1.26116,1.26116,1.26116,1.26116,1.26116,1.26116,1.26116,1.26116,1.26116,1.26116,1.26116,1.26116,1.26116,1.26116,1.26116,1.26116,1.26116,1.26116,1.26116,1.26116,1.26116,1.26116,1.26116,1.26116,1.26116,1.26116,1.26116,1.26116,10,4,7
1.33,1.41867,1.33,1.41867,1.33,1.6625,1.34108,1.64587,1.3771,1.24272,1.06469,0.886667,1.1305,1.38542,1.29121,1.33277,1.42005,1.39719,1.38576,1.40221,1.38827,1.2483,1.59949,1.30958,1.45279,1.23623,1.52695,1.38414,1.35707,1.4322,1.6471,1.37772,1.66419,1.38626,1.46896,1.31082,1.16524,1.29195,1.22231,1.14316,1.45824,1.28329,1.35098,1.29616,1.57908,1.34371,1.60285,1.31126,1.2763,1.03715,0.798,1.30783,1.18592,1.25796,1.33831,1.55582,1.28774,1.50837,1.21969,1.07534,1.00317,1.10009,1.54754,1.32794,1.61714,1.3184,1.5237,1.29385,1.51143,1.28771,1.59702,1.39701,1.67384,1.39109,1.58221,1.3231,1.30439,1.36153,1.54526,1.28246,1.4614,1.24053,1.48477,1.27438,1.50169,1.30501,1.53917,1.36809,1.52638,1.27302,1.45668,1.26034,1.45034,1.25717,1.53742,1.81767,1.3669,1.3669,1.3669,1.3669,1.3669,1.3669,1.3669,1.3669,1.3669,1.3669,1.3669,1.3669,1.3669,1.3669,1.3669,1.3669,1.3669,1.3669,1.3669,1.3669,1.3669,1.3669,1.3669,1.3669,1.3669,1.3669,1.3669,1.3669,1.3669,1.3669,1.3669,1.3669,1.3669,1.3669,1.3669,1.3669,1.3669,0,0,0
1.064,1.01967,1.08617,1.20808,1.00304,0.798,0.886667,1.15267,0.975333,0.798,0.975333,1.17483,1.29675,1.18037,1.27735,1.19284,1.17276,1.27354,1.52344,1.38239,1.22319,1.2101,1.15921,1.26677,1.36489,1.25878,1.33872,1.13486,0.96643,0.798,1.064,1.21917,1.16375,1.24687,1.33277,1.28705,1.59669,1.37468,1.21934,1.27467,1.14717,1.10558,1.28429,1.32931,1.24099,1.26333,1.05283,0.842333,0.886667,1.10833,1.08617,1.14158,1.25796,1.05015,0.842333,0.975333,1.197,0.9975,0.798,0.798,1.08617,1.20808,1.18037,1.25519,1.24826,1.20046,1.2874,1.3752,1.2196,1.2748,1.0364,0.798,1.04183,1.23025,1.16929,1.24965,1.13466,1.12149,1.09275,1.18921,1.21527,1.1618,1.22373,1.36553,1.34777,1.33888,1.09061,0.842333,0.798,1.064,0.9975,1.03075,1.18037,1.14435,1.12634,1.22817,1.34559,1.09396,0.842333,1.10833,1.04183,0.919917,0.798,1.08617,1.29675,1.22471,1.29952,1.27043,1.05638,0.842333,1.10833,1.13725,1.13725,1.13725,1.13725,1.13725,1.13725,1.13725,1.13725,1.13725,1.13725,1.13725,1.13725,1.13725,1.13725,1.13725,1.13725,1.13725,1.13725,1.13725,1.13725,1.13725,1.13725,0,0,0
1.729,1.48517,1.14158,0.798,0.9975,1.03075,1.04737,1.16652,1.04876,1.10071,1.21536,1.00668,0.798,1.33,1.24133,1.30783,1.16375,1.09171,1.47685,1.20393,1.20046,1.11007,1.06487,1.19743,1.10855,1.10844,1.19705,1.19703,1.19701,1.21917,1.14159,1.10279,1.1499,1.08478,1.16306,1.22436,1.18851,1.21492,1.22813,1.14606,1.14937,1.19535,1.08534,1.0525,1.19125,1.06113,1.08473,1.16303,1.33518,1.13309,1.18721,1.21427,1.13914,1.23457,1.03845,0.842333,1.04183,1.00858,1.01412,1.12773,1.11803,1.40135,1.60951,1.27025,1.23363,1.30398,1.42782,1.40108,1.32121,1.14827,0.995301,0.842333,0.9975,0.986417,1.15821,1.0446,1.09864,1.16998,1.07266,1.06833,1.1105,1.04292,1.05346,1.12523,1.11678,1.11256,1.17695,1.18697,1.23632,1.23883,1.30658,1.25179,1.22439,1.2107,1.13735,1.18934,1.19317,1.17292,1.25146,1.2464,1.19953,1.22043,1.16438,1.18069,1.14451,1.17076,1.16171,1.22369,1.21034,1.22584,1.23359,1.03796,0.842333,1.16101,1.16101,1.16101,1.16101,1.16101,1.16101,1.16101,1.16101,1.16101,1.16101,1.16101,1.16101,1.16101,1.16101,1.16101,1.16101,1.16101,1.16101,1.16101,1.16101,2,0,0
1.064,1.41867,1.30783,1.07508,0.842333,0.9975,1.18592,1.14712,1.19423,1.19561,1.17414,1.18557,1.25779,1.18306,1.25653,1.18243,1.01238,0.842333,0.975333,1.1305,1.14158,1.21362,1.18315,1.19007,1.2822,1.21743,1.22938,1.10236,1.08318,1.11792,1.13529,1.23265,1.14832,1.06183,1.26241,1.27404,1.12469,1.13868,1.14567,1.34867,1.25067,1.40117,1.23258,1.14829,1.17265,1.29566,1.33499,1.24383,1.06525,0.886667,0.931,0.975333,1.10833,1.30783,1.20808,1.18037,1.29952,1.22609,1.16721,1.29294,1.1563,1.22099,1.07599,1.11433,1.15566,1.17633,1.1645,1.24725,1.08912,1.2539,1.26978,1.03389,0.798,1.197,1.064,1.064,1.08617,1.07508,1.29121,1.19977,1.17622,1.16444,1.51322,1.35511,1.32039,1.25869,1.27218,1.16809,1.27121,1.23411,1.41505,1.10653,0.798,1.15267,1.1305,1.07508,1.11387,1.15544,1.22055,1.20878,1.26939,1.27753,1.05993,0.842333,0.953167,1.16375,1.22471,1.16652,1.29259,1.41867,1.1682,1.1682,1.1682,1.1682,1.1682,1.1682,1.1682,1.1682,1.1682,1.1682,1.1682,1.1682,1.1682,1.1682,1.1682,1.1682,1.1682,1.1682,1.1682,1.1682,1.1682,1.1682,1.1682,8,2,3
1.463,1.30783,1.58492,1.28012,1.10556,1.10695,1.32931,1.26315,1.11924,1.44629,1.16648,0.886667,1.21917,1.47408,1.40204,1.34385,1.18176,1.52188,1.27077,1.16739,1.29303,1.28935,1.33184,1.13142,1.05338,1.30252,1.11676,1.04605,1.36536,1.43635,1.44967,1.65584,1.62592,1.38929,1.11581,0.842333,0.8645,0.886667,0.798,1.064,0.9975,0.89775,0.798,0.820167,0.842333,1.33,1.48517,1.49625,1.36879,1.19423,1.28428,1.10764,1.04149,1.16358,0.980788,0.798,1.3965,1.29675,1.04737,0.798,1.21917,1.47408,1.35771,1.21085,1.04876,0.886667,0.842333,0.798,0.8645,0.875583,0.886667,0.798,1.08617,1.29675,1.20254,1.06677,1.26489,1.34178,1.18072,1.45486,1.56976,1.47205,1.40102,1.21035,1.40317,1.34442,1.18204,1.49985,1.50359,1.46113,1.46207,1.17437,0.886667,1.15267,1.10833,1.50733,1.44083,1.58492,1.23579,0.886667,0.886667,1.04183,1.09725,1.28012,1.463,1.20244,1.20244,1.20244,1.20244,1.20244,1.20244,1.20244,1.20244,1.20244,1.20244,1.20244,1.20244,1.20244,1.20244,1.20244,1.20244,1.20244,1.20244,1.20244,1.20244,1.20244,1.20244,1.20244,1.20244,1.20244,1.20244,1.20244,1.20244,10,2,0
0.931,1.08617,1.00858,1.08062,1.16098,1.15682,1.15474,1.22021,1.2086,1.2028,1.22207,1.18737,1.19218,1.23893,1.0628,0.886667,1.10833,1.08617,1.09725,1.21362,1.22748,1.19007,1.26004,1.25068,1.22384,1.25475,1.24804,1.17819,1.23193,1.0593,0.886667,1.10833,1.44083,1.36325,1.21362,1.18315,1.25657,1.16029,1.17864,1.23215,1.08158,1.11712,1.17923,1.01078,0.842333,1.064,1.08617,1.14158,1.23579,1.23856,1.21778,1.14089,1.01378,0.886667,1.10833,1.01967,1.04183,1.18592,1.14712,1.1499,1.30645,1.22956,1.16895,1.24947,1.3119,1.21012,1.29223,1.15595,1.10997,1.21999,1.11983,1.13625,1.23312,1.19289,1.17278,1.22922,1.19095,1.19397,1.26199,1.14083,1.14675,1.19404,1.04035,0.886667,0.931,0.9975,1.09725,1.19146,1.23856,1.17345,1.27389,1.16895,1.13864,1.21215,1.16024,1.13429,1.25431,1.24782,1.17808,1.27621,1.28094,1.2168,1.2734,1.21303,1.18285,1.25643,1.04938,0.842333,1.064,1.01967,1.064,1.10833,1.15359,1.15359,1.15359,1.15359,1.15359,1.15359,1.15359,1.15359,1.15359,1.15359,1.15359,1.15359,1.15359,1.15359,1.15359,1.15359,1.15359,1.15359,1.15359,1.15359,1.15359,8,2,0
1.01967,1.064,1.28567,1.08617,0.886667,0.975333,1.33,1.197,1.2635,1.23025,1.30229,1.13881,1.23441,1.17137,1.27285,1.19059,1.28246,1.21756,1.36245,1.21322,1.31595,1.30081,1.1824,1.07887,1.13793,1.12313,1.2709,1.14528,1.23764,1.21732,1.18499,1.324,1.43783,1.20658,1.31262,1.16615,1.29241,1.15604,1.28735,1.13134,1.29717,1.15842,1.26638,1.07652,0.886667,1.04183,1.29675,1.04737,0.798,1.01967,1.2635,1.18592,1.30229,1.13881,1.27874,1.12704,1.31718,1.14626,1.2603,1.25081,1.02441,0.798,0.798,0.9975,1.14158,1.10279,1.17206,1.0072,0.842333,1.10833,1.064,1.2635,1.11942,1.22471,1.12219,1.31476,1.12288,1.18211,1.23389,1.39278,1.13972,0.886667,0.9975,1.09725,1.19146,1.43806,1.11803,0.798,0.9975,1.14158,1.19146,1.23856,1.15128,1.26281,1.0969,1.21345,1.05006,0.886667,0.8645,0.842333,0.931,1.1305,1.09725,1.16929,1.24965,1.31199,1.21016,1.29225,1.37433,1.15409,1.15409,1.15409,1.15409,1.15409,1.15409,1.15409,1.15409,1.15409,1.15409,1.15409,1.15409,1.15409,1.15409,1.15409,1.15409,1.15409,1.15409,1.15409,1.15409,1.15409,1.15409,1.15409,1.15409,10,5,4
1.10833,0.953167,0.798,1.10833,1.064,1.064,1.64033,1.3965,1.45192,1.59046,1.92573,1.49486,1.5011,1.14955,0.798,1.28567,1.33,1.37433,1.5295,1.85092,1.47962,1.42698,1.15682,0.886667,1.24133,1.41867,1.37433,1.24133,1.15267,1.2635,1.14158,1.10279,1.39373,1.31753,1.54543,1.45988,1.43927,1.11864,0.798,1.15267,0.975333,0.798,1.1305,1.45192,1.56829,1.51565,1.48932,1.14366,0.798,1.5295,1.31892,1.39096,1.49348,1.67774,1.52604,1.80485,1.52309,1.18271,0.842333,0.798,1.28567,1.30783,1.45192,1.32446,1.39373,1.16236,1.09102,1.29917,1.53625,1.45529,1.14881,0.842333,1.15267,0.9975,0.842333,1.21917,1.40758,1.34662,1.31615,1.47824,1.42629,1.62198,1.45382,1.81308,1.46071,1.46185,1.52893,1.6733,1.50165,1.43799,1.118,0.798,1.01967,0.975333,1.04183,1.14158,1.24133,1.29133,1.29133,1.29133,1.29133,1.29133,1.29133,1.29133,1.29133,1.29133,1.29133,1.29133,1.29133,1.29133,1.29133,1.29133,1.29133,1.29133,1.29133,1.29133,1.29133,1.29133,1.29133,1.29133,1.29133,1.29133,1.29133,1.29133,1.29133,1.29133,1.29133,1.29133,1.29133,1.29133,1.29133,1.29133,1.29133,4,2,0
0.886667,0.842333,0.798,0.8645,1.05292,0.991958,1.16098,1.15682,1.13258,1.31996,1.50231,1.28316,1.52824,1.29612,1.42389,1.37695,1.44214,1.34174,1.2472,1.3551,1.29822,1.35844,1.43289,1.29278,1.31139,1.32069,1.23668,1.30551,1.36209,1.27954,1.45994,1.26197,1.27382,1.41274,1.5487,1.35069,1.42901,1.3795,1.33259,1.41996,1.26415,1.03107,0.798,1.064,1.08617,1.20808,1.37987,1.08894,0.798,0.931,1.197,1.21917,1.18592,1.36879,1.4824,1.3397,1.55652,1.37676,1.30905,1.56336,1.49101,1.41051,1.32592,1.39446,1.14056,0.886667,0.842333,1.17483,1.29675,1.40204,1.41035,1.34801,1.38334,1.44534,1.40983,1.30342,1.51621,1.44527,1.45414,1.45857,1.37212,1.48406,1.34053,1.3796,1.24397,1.33132,1.35282,1.45225,1.32462,1.50464,1.19566,0.886667,1.01967,1.24133,1.33,1.37433,1.48517,1.58492,1.41312,1.12773,0.842333,1.27866,1.27866,1.27866,1.27866,1.27866,1.27866,1.27866,1.27866,1.27866,1.27866,1.27866,1.27866,1.27866,1.27866,1.27866,1.27866,1.27866,1.27866,1.27866,1.27866,1.27866,1.27866,1.27866,1.27866,1.27866,1.27866,1.27866,1.27866,1.27866,1.27866,1.27866,1.27866,8,1,0
1.41867,1.28567,1.1305,1.23025,1.14712,0.994729,0.842333,0.9975,1.36325,1.10279,0.842333,0.842333,0.842333,1.01967,1.57383,1.31892,1.78996,1.40481,1.43391,1.27112,1.18973,1.3707,1.26168,1.18501,1.457,1.5265,1.62775,1.30154,1.5596,1.40047,1.49823,1.14812,0.798,1.197,0.9975,0.798,1.1305,1.31892,1.39096,1.13881,0.886667,1.197,1.35217,1.27458,1.39096,1.44915,1.27874,1.39304,1.25068,1.13518,1.29909,1.18154,1.18927,1.39264,1.38348,1.22374,1.4542,1.3921,1.20588,1.33444,1.13272,1.05403,1.30285,1.09476,0.886667,1.197,1.2635,1.16375,1.69021,1.3106,1.43114,1.18107,1.1447,1.32602,1.35018,1.22925,1.01363,0.798,0.798,0.798,0.798,1.197,1.197,1.197,1.30783,1.23025,1.14712,1.32723,1.30645,1.20739,1.35736,1.32151,1.25926,1.40546,1.50073,1.94737,1.41702,0.886667,0.842333,0.798,1.17483,1.16375,0.980875,0.798,1.21872,1.21872,1.21872,1.21872,1.21872,1.21872,1.21872,1.21872,1.21872,1.21872,1.21872,1.21872,1.21872,1.21872,1.21872,1.21872,1.21872,1.21872,1.21872,1.21872,1.21872,1.21872,1.21872,1.21872,1.21872,1.21872,1.21872,1.21872,1.21872,0,0,0
1.15267,1.15267,1.17483,1.29675,1.20254,1.02244,0.842333,0.798,0.842333,0.842333,0.842333,1.08617,1.00858,1.28012,1.19423,1.06261,1.21847,1.0969,1.19129,1.28281,1.12907,1.1852,1.43493,1.4933,1.45598,1.57033,1.47233,1.40116,1.47642,1.13721,0.798,1.10833,1.10833,1.01967,1.197,1.04183,0.886667,0.798,0.8645,0.89775,1.20254,1.02244,0.842333,0.842333,1.28567,1.55167,1.3965,1.47408,1.60154,1.53227,1.76364,1.54682,1.21674,0.886667,0.842333,0.798,0.886667,1.21917,1.09725,0.991958,0.886667,0.9975,0.919917,0.842333,0.842333,0.798,0.798,0.798,0.886667,0.8645,0.842333,1.17483,1.11942,1.51287,1.53227,1.20947,0.886667,1.15267,1.01967,0.886667,0.842333,0.798,0.886667,1.35217,1.45192,1.41312,1.1499,0.886667,1.10833,0.9975,0.886667,1.24133,1.3965,1.36325,1.21362,1.02798,0.842333,0.798,1.197,1.28567,1.17483,1.00858,0.842333,0.842333,0.842333,0.842333,1.01967,1.17483,0.986417,0.798,1.09735,1.09735,1.09735,1.09735,1.09735,1.09735,1.09735,1.09735,1.09735,1.09735,1.09735,1.09735,1.09735,1.09735,1.09735,1.09735,1.09735,1.09735,1.09735,1.09735,1.09735,1.09735,1.09735,4,2,3
1.10833,1.17483,1.31892,1.28012,1.39373,1.31753,1.3681,1.28255,1.35061,1.29597,1.42382,1.31041,1.6527,1.53569,1.52151,1.15975,0.798,1.17483,1.49625,1.52396,1.67081,1.61124,1.73662,1.73281,1.57574,1.60804,1.49118,1.54359,1.5698,1.56073,1.4897,1.58718,1.52509,1.58271,1.65586,1.53726,1.3893,1.22665,1.27832,1.25983,1.20625,1.33462,1.64265,1.59716,1.21974,0.842333,1.01967,1.44083,1.51842,1.71237,1.58769,1.68051,1.63826,1.75013,1.6509,1.24662,0.842333,1.197,1.55167,1.5295,1.74008,1.62371,1.27735,1.14851,1.32792,1.10729,0.886667,1.197,1.08617,1.05292,1.25796,1.13881,1.07924,1.29329,1.13431,1.07699,1.31433,1.58816,1.61425,1.58296,1.56731,1.67032,1.69966,1.58133,1.38917,1.49258,1.54429,1.59231,1.54982,1.66158,1.56229,1.463,1.40903,1.40903,1.40903,1.40903,1.40903,1.40903,1.40903,1.40903,1.40903,1.40903,1.40903,1.40903,1.40903,1.40903,1.40903,1.40903,1.40903,1.40903,1.40903,1.40903,1.40903,1.40903,1.40903,1.40903,1.40903,1.40903,1.40903,1.40903,1.40903,1.40903,1.40903,1.40903,1.40903,1.40903,1.40903,1.40903,1.40903,1.40903,1.40903,1.40903,1.40903,4,1,1
1.41867,1.463,1.37433,1.41867,1.33,1.064,0.798,0.798,0.820167,0.842333,1.33,1.24133,1.28567,1.48517,1.36325,1.52396,1.36048,1.50041,1.3487,1.09552,0.842333,1.064,1.01967,0.931,0.842333,0.842333,0.842333,1.01967,1.37433,1.30783,1.47408,1.49071,1.25519,1.20393,1.1118,1.06573,1.15353,1.10877,1.08638,1.09736,1.01418,0.950423,0.886667,0.931,0.975333,1.15267,1.10833,1.064,1.15267,1.01967,0.886667,1.04183,1.34108,1.29121,1.48794,1.36464,1.10348,0.842333,1.064,1.44083,1.34108,1.11387,0.886667,1.064,0.975333,0.886667,1.01967,1.35217,1.29675,1.49071,1.36602,1.14851,1.03976,1.18488,1.12444,1.02772,1.35619,1.29876,1.29221,1.17811,1.07672,1.11469,1.08935,1.01017,1.12575,1.40521,1.32327,1.45964,1.35048,1.07424,0.798,1.01967,0.908833,0.798,1.04183,0.942083,0.842333,1.01967,1.35217,1.27458,1.45746,1.32723,1.08478,0.842333,1.41867,1.30783,1.25242,1.13604,1.05569,1.08201,1.10833,1.15006,1.15006,1.15006,1.15006,1.15006,1.15006,1.15006,1.15006,1.15006,1.15006,1.15006,1.15006,1.15006,1.15006,1.15006,1.15006,1.15006,1.15006,1.15006,1.15006,1.15006,1.15006,2,1,0
1.28567,1.33,1.17483,1.54058,1.39096,1.27181,1.34524,1.18245,1.32273,1.14903,1.15085,1.21826,1.20763,1.22448,1.27724,1.17062,1.29464,1.24582,1.35441,1.25354,1.29177,1.26655,1.32044,1.32522,1.39411,1.14039,0.886667,1.01967,0.975333,0.908833,0.842333,0.886667,1.064,1.064,1.1305,1.14158,1.32446,1.12773,1.2732,1.19077,1.37122,1.26194,1.31814,1.21324,1.40462,1.18998,1.25999,1.09549,1.25708,1.22704,1.32285,1.21559,1.29496,1.29032,1.31016,1.25358,1.38046,1.22223,1.34261,1.31414,1.34424,1.27062,1.36681,1.17107,1.22837,1.23485,1.39326,1.27296,1.30148,1.29357,1.37829,1.33198,1.39749,1.34158,1.42446,1.35506,1.47553,1.29193,1.33313,1.3094,1.3862,1.31377,1.25538,1.29269,1.28918,1.28742,1.41954,1.19744,1.30805,1.07519,0.842333,1.08617,1.25242,1.26904,1.36602,1.21501,1.38334,1.2015,1.35442,1.27571,1.39152,1.36076,1.33,1.25417,1.25417,1.25417,1.25417,1.25417,1.25417,1.25417,1.25417,1.25417,1.25417,1.25417,1.25417,1.25417,1.25417,1.25417,1.25417,1.25417,1.25417,1.25417,1.25417,1.25417,1.25417,1.25417,1.25417,1.25417,1.25417,1.25417,1.25417,1.25417,1.25417,4,1,2
1.064,1.064,1.01967,1.08617,1.00858,1.08062,1.02798,1.09032,1.03283,1.11491,1.02296,1.10998,1.04266,1.09766,1.05866,1.12783,1.05158,1.14646,1.08306,1.14003,1.07985,1.16059,1.06796,1.13248,1.05391,1.12545,1.05039,1.1237,1.04952,1.12326,1.0493,1.12315,1.02707,1.08987,1.0326,1.1148,1.0229,1.10995,1.06481,1.1309,1.05312,1.12506,1.09453,1.43393,1.33763,1.17865,1.20999,1.11483,1.17808,1.12104,1.18119,1.10043,1.17088,1.09527,1.1683,1.07182,1.13441,1.07704,1.13702,1.05618,1.12659,1.05096,1.12398,1.07182,1.11225,1.04379,1.12039,1.0257,1.11135,1.04334,1.14234,1.03667,1.139,1.035,1.116,1.04567,1.12133,1.02617,1.11158,1.02129,1.08698,1.03116,1.09191,1.03362,1.09314,1.05641,1.10454,1.03993,1.0963,1.03582,1.09424,1.03479,1.09373,1.03453,1.11577,1.04555,1.09911,1.05939,0.995194,0.896597,0.798,0.886667,1.01967,0.9975,1.09725,1.03629,1.11665,1.04599,1.14366,1.0595,1.12825,1.07396,1.11331,1.06649,1.10958,1.04246,1.14189,1.03645,1.13889,1.03495,0.931,1.08284,1.08284,1.08284,1.08284,1.08284,1.08284,1.08284,1.08284,1.08284,1.08284,1.08284,1.08284,2,0,0
0.798,0.953167,1.49625,1.30229,1.36048,1.43391,1.42629,1.46681,1.5979,1.28662,1.64081,1.3524,1.36337,1.47968,1.42701,1.42284,1.39859,1.40863,1.65748,1.36074,1.63354,1.34877,1.40588,1.41228,1.37114,1.3949,1.62845,1.36839,1.3492,1.51693,1.4678,1.4654,1.57503,1.29735,1.33584,1.28859,1.39796,1.31965,1.34699,1.36066,1.3675,1.30442,1.31721,1.2571,1.27139,1.27853,1.06043,0.842333,1.08617,1.20808,1.26904,1.25519,1.27043,1.25588,1.29294,1.20064,1.24315,1.24224,1.41912,1.21939,1.2747,1.28018,1.32726,1.26213,1.29606,1.24653,1.31043,1.23155,1.34727,1.2943,1.35649,1.43191,1.42529,1.39981,1.36491,1.30312,1.36089,1.30111,1.35989,1.32278,1.34856,1.40578,1.41222,1.41544,1.39489,1.34028,1.31297,1.25499,1.09299,1.2115,1.51458,1.28929,1.59781,1.33091,1.35262,1.34131,1.33,1.34043,1.34043,1.34043,1.34043,1.34043,1.34043,1.34043,1.34043,1.34043,1.34043,1.34043,1.34043,1.34043,1.34043,1.34043,1.34043,1.34043,1.34043,1.34043,1.34043,1.34043,1.34043,1.34043,1.34043,1.34043,1.34043,1.34043,1.34043,1.34043,1.34043,1.34043,1.34043,1.34043,1.34043,1.34043,1.34043,18,14,9
1.10833,1.17483,1.11942,1.51287,1.3771,1.42005,1.13119,0.842333,1.463,1.30783,1.14158,1.16929,1.16098,1.40066,1.52049,1.53608,1.16704,0.798,1.57383,1.36325,1.43529,1.55998,1.48932,1.58699,1.90183,1.48292,1.42862,1.13548,0.842333,1.24133,1.30783,1.51842,1.46854,1.5101,1.17622,0.842333,1.35217,1.40758,1.52396,1.47131,1.71099,1.49833,1.43633,1.20583,1.13492,1.40979,1.25906,1.36103,1.41202,1.50401,1.39484,1.49542,1.36838,1.43785,1.40609,1.65621,1.47094,1.62214,1.49824,1.63578,1.43856,1.89411,1.45689,1.45994,1.30631,1.16299,1.35733,1.14416,1.08191,1.36112,1.43423,1.18261,1.18981,1.17124,1.33929,1.06864,0.798,1.17483,1.03075,0.886667,0.886667,0.886667,0.798,1.33,1.28567,1.3965,1.38542,1.44637,1.18869,1.14851,1.06192,1.15163,1.15215,1.30757,1.51829,1.53498,1.55167,1.31813,1.31813,1.31813,1.31813,1.31813,1.31813,1.31813,1.31813,1.31813,1.31813,1.31813,1.31813,1.31813,1.31813,1.31813,1.31813,1.31813,1.31813,1.31813,1.31813,1.31813,1.31813,1.31813,1.31813,1.31813,1.31813,1.31813,1.31813,1.31813,1.31813,1.31813,1.31813,1.31813,1.31813,1.31813,1.31813,4,4,0
1.37433,1.21917,1.23025,1.36879,1.26073,1.38403,1.46785,1.33242,1.33121,1.46361,1.28597,1.30798,1.23033,1.21366,1.33833,1.28983,1.44292,1.34212,1.3804,1.37736,1.33152,1.06476,0.798,1.1305,1.36325,1.23579,1.3494,1.36186,1.3016,1.3823,1.35615,1.27657,1.36979,1.23906,1.19586,1.30727,1.3408,1.2024,1.31053,1.32027,1.25863,1.31648,1.19024,1.12712,1.22856,1.30145,1.20489,1.26745,1.32089,1.21461,1.31664,1.32332,1.26016,1.27291,1.25712,1.22706,1.3007,1.09368,0.886667,1.1305,1.23025,1.21362,1.31615,1.32307,1.26004,1.31718,1.27926,1.23813,1.30623,1.36245,1.27972,1.32703,1.41718,1.30709,1.31855,1.43511,1.33822,1.31194,1.34314,1.2479,1.28895,1.39814,1.29757,1.31379,1.47706,1.33703,1.35568,1.47584,1.33642,1.35538,1.29836,1.24768,1.26667,1.387,1.26983,1.34425,1.51446,1.35573,1.36503,1.32535,1.28567,1.29551,1.29551,1.29551,1.29551,1.29551,1.29551,1.29551,1.29551,1.29551,1.29551,1.29551,1.29551,1.29551,1.29551,1.29551,1.29551,1.29551,1.29551,1.29551,1.29551,1.29551,1.29551,1.29551,1.29551,1.29551,1.29551,1.29551,1.29551,1.29551,1.29551,1.29551,1.29551,0,0,0
1.197,0.798,1.1305,1.36325,1.67912,1.37156,1.43945,1.16306,0.886667,1.17483,1.14158,1.14712,1.3494,1.0737,0.798,0.842333,0.886667,1.21917,1.47408,1.44637,1.49902,1.28151,1.32792,1.37329,1.37381,1.24107,1.35204,1.23019,1.05843,0.886667,0.908833,0.919917,1.10279,1.2164,1.1402,1.19077,1.26038,1.20652,1.2461,1.04421,0.842333,1.08617,1.09725,1.14712,1.32723,1.19561,1.24064,1.30749,1.40741,1.14704,0.886667,0.798,0.798,0.798,0.798,0.886667,0.842333,1.3965,1.40758,1.39096,1.40481,1.19007,0.994036,0.798,0.798,1.15267,1.35217,1.34108,1.06954,0.798,1.17483,1.05292,0.969792,0.886667,1.064,1.01967,1.21917,1.11942,1.06954,1.2441,1.02105,0.798,0.886667,0.798,0.798,1.08617,1.16375,1.06954,1.13327,1.1208,1.31407,1.4107,1.12652,0.842333,1.1305,1.07508,0.936542,0.798,0.842333,0.886667,1.04183,1.07508,1.11387,1.00027,0.886667,0.842333,1.197,1.37433,1.33,1.197,1.064,1.11101,1.11101,1.11101,1.11101,1.11101,1.11101,1.11101,1.11101,1.11101,1.11101,1.11101,1.11101,1.11101,1.11101,1.11101,1.11101,1.11101,1.11101,1.11101,1.11101,1.11101,1.11101,4,0,1
1.15267,1.197,1.17483,1.05292,1.12496,1.00581,0.886667,0.842333,1.17483,1.38542,1.33554,1.1111,0.886667,0.842333,0.798,0.9975,0.96425,0.969792,1.06123,0.973948,0.886667,0.842333,0.842333,1.15267,1.08617,1.11942,0.980875,0.842333,1.064,1.33,1.064,0.798,1.10833,1.1305,1.05292,1.23579,1.23856,1.21778,1.11872,1.0027,0.886667,0.8645,0.842333,1.197,1.33,1.24133,1.1305,1.31892,1.16929,1.24965,1.04599,0.842333,1.15267,1.04183,1.00858,1.12496,0.983646,0.842333,0.975333,0.931,0.886667,1.08617,0.96425,0.842333,0.953167,1.18592,1.30229,1.42698,1.31199,1.12149,0.959747,0.798,0.798,0.798,1.1305,0.96425,0.798,1.064,0.931,0.798,1.10833,0.975333,0.842333,1.10833,0.9975,0.886667,0.798,1.197,1.15267,1.17483,1.27458,1.34662,1.16098,1.26766,1.29883,1.20358,1.37762,1.10998,0.842333,0.820167,0.798,0.886667,1.01967,0.908833,0.798,0.798,0.798,0.9975,1.27458,1.03629,0.798,0.886667,0.886667,0.975333,1.2635,1.03075,0.798,1.03632,1.03632,1.03632,1.03632,1.03632,1.03632,1.03632,1.03632,1.03632,1.03632,1.03632,1.03632,1.03632,1.03632,1.03632,1.03632,0,0,0
0.842333,0.886667,1.21917,1.23025,1.03629,0.842333,0.842333,0.886667,0.9975,0.96425,0.991958,1.24965,1.11249,1.33208,1.37537,1.28619,1.04209,0.798,1.197,1.30783,1.36325,1.21362,1.09448,1.10141,1.03837,0.962518,0.886667,0.975333,1.04183,1.36325,1.08062,0.798,0.798,0.842333,0.886667,0.798,1.17483,1.38542,1.09171,0.798,0.953167,1.23025,1.19146,1.03906,0.886667,0.886667,0.886667,0.931,0.8645,0.798,0.886667,0.842333,0.798,1.01967,1.2635,1.29675,1.31337,1.41035,1.17068,1.22817,1.12392,1.38213,1.11223,0.842333,1.04183,0.96425,0.886667,0.798,0.975333,1.28567,1.37433,1.35217,1.47408,1.15821,0.842333,1.197,1.24133,1.21917,1.07508,1.02521,0.933771,0.842333,1.17483,1.18592,1.03629,0.886667,0.886667,0.886667,1.197,1.33,1.30783,1.42975,1.11387,0.798,0.798,0.798,0.798,0.798,0.9975,1.18592,1.32446,1.30506,1.05153,0.798,0.842333,1.21917,1.07508,1.15821,1.19977,1.28705,1.06469,0.842333,0.8645,0.886667,1.05883,1.05883,1.05883,1.05883,1.05883,1.05883,1.05883,1.05883,1.05883,1.05883,1.05883,1.05883,1.05883,1.05883,1.05883,1.05883,1.05883,1.05883,1.05883,2,0,0
1.50733,0.842333,0.798,0.798,0.798,0.798,0.798,1.064,1.197,1.30783,1.36325,1.16929,1.05015,0.94624,0.842333,1.04183,1.14158,0.969792,0.798,0.798,0.798,1.1305,0.986417,0.842333,1.08617,0.942083,0.798,0.798,0.886667,0.9975,0.89775,0.798,0.9975,0.919917,0.842333,0.820167,0.798,0.842333,0.842333,1.2635,1.47408,1.60154,1.55444,1.22055,0.886667,0.798,1.1305,1.29675,1.29121,1.4436,1.4533,1.12565,0.798,0.798,0.886667,1.17483,1.25242,1.29121,1.06677,0.842333,0.842333,1.15267,1.30783,1.29675,1.42421,1.46577,1.15405,0.842333,0.886667,0.886667,0.886667,1.064,0.9975,1.16375,1.40204,1.14435,0.886667,1.24133,1.33,1.50733,1.596,1.33,1.1305,1.25242,1.04737,0.842333,0.953167,1.18592,1.05846,0.972562,0.886667,0.842333,0.798,0.886667,0.842333,0.798,1.17483,1.05292,0.991958,0.894979,0.798,0.798,0.975333,1.30783,1.31892,1.23579,1.0169,0.798,0.842333,0.886667,0.842333,0.798,1.15267,1.24133,1.33,1.04753,1.04753,1.04753,1.04753,1.04753,1.04753,1.04753,1.04753,1.04753,1.04753,1.04753,1.04753,1.04753,1.04753,1.04753,1.04753,1.04753,1.04753,2,1,0
1.50733,1.50733,1.50733,1.48517,1.51842,1.15821,0.798,1.01967,1.3965,1.34108,1.31337,1.41035,1.45884,1.39442,1.51738,1.40152,1.14409,0.886667,0.798,1.10833,1.3965,1.49625,1.43529,1.47131,1.53366,1.47616,1.66908,1.52171,1.22635,1.16734,1.29301,1.511,1.4205,1.50825,1.50779,1.19723,0.886667,0.886667,0.886667,1.1305,0.986417,0.842333,1.197,1.30783,1.31892,1.41312,1.52673,1.49486,1.45677,1.21605,1.07352,1.26826,1.03313,0.798,1.15267,1.33,1.41867,1.463,1.463,1.5295,1.58492,1.63479,1.57106,1.62786,1.54543,1.50422,1.43927,1.56197,1.49032,1.21066,1.11516,1.26691,1.20979,1.15906,1.2667,1.09885,0.970591,0.842333,1.04183,1.27458,1.41312,1.43806,1.5392,1.5676,1.55963,1.28965,1.11032,1.30883,1.29725,1.13629,1.34398,1.42566,1.48866,1.65316,1.44725,1.34429,1.24133,1.31551,1.31551,1.31551,1.31551,1.31551,1.31551,1.31551,1.31551,1.31551,1.31551,1.31551,1.31551,1.31551,1.31551,1.31551,1.31551,1.31551,1.31551,1.31551,1.31551,1.31551,1.31551,1.31551,1.31551,1.31551,1.31551,1.31551,1.31551,1.31551,1.31551,1.31551,1.31551,1.31551,1.31551,1.31551,1.31551,24,11,14
0.975333,0.886667,0.798,0.798,1.1305,0.96425,0.798,0.798,0.798,0.798,0.798,0.798,0.798,0.798,0.842333,1.01967,1.21917,1.49625,1.25796,1.38265,1.15682,1.24341,1.39754,1.31944,1.19172,1.34953,1.3176,1.36813,1.41557,1.37278,1.17406,1.4072,1.45726,1.26063,1.31748,1.25724,1.44879,1.38939,1.40403,1.16752,1.04926,1.10096,1.30415,1.29491,1.33462,1.35448,1.07624,0.798,1.15267,1.064,1.064,1.2635,1.34108,1.40204,1.45469,1.25934,1.36117,1.34559,1.29346,1.35606,1.12136,0.886667,1.197,1.37433,1.1305,0.886667,0.798,0.886667,1.01967,1.30783,1.20808,1.20254,1.06677,0.976719,0.886667,0.842333,1.21917,1.20808,1.09171,0.967021,0.842333,1.064,1.24133,1.21917,1.18592,1.39096,1.29398,1.20116,1.30991,1.18696,1.14764,1.32749,1.19574,1.21854,1.07477,0.980718,0.886667,0.953167,1.25242,1.29121,1.2441,1.06539,0.886667,0.886667,1.21917,1.42975,1.20254,1.00027,0.798,0.798,1.13921,1.13921,1.13921,1.13921,1.13921,1.13921,1.13921,1.13921,1.13921,1.13921,1.13921,1.13921,1.13921,1.13921,1.13921,1.13921,1.13921,1.13921,1.13921,1.13921,1.13921,1.13921,1.13921,6,3,3
1.24133,0.842333,1.48517,1.34108,1.44637,1.67635,1.37018,1.35009,1.20704,1.22419,1.07759,1.09296,1.23365,1.45916,1.35025,1.11846,0.886667,1.10833,0.975333,0.842333,1.04183,0.986417,1.06954,1.1776,1.0543,1.10348,1.21674,1.1182,1.11327,1.19947,1.50857,1.39712,1.56306,1.22486,0.886667,1.15267,1.3965,1.23025,1.12496,1.13881,1.52257,1.44845,1.50006,1.19336,0.886667,0.886667,0.908833,1.05292,1.10279,1.0169,1.01828,1.12981,1.38507,1.3797,1.42135,1.39784,1.43042,1.42454,1.46594,1.35364,1.12015,0.886667,1.04183,1.00858,1.10279,1.23856,1.15128,1.12981,1.18557,1.19129,1.17198,1.25099,1.17966,1.18833,1.19267,1.084,1.11833,1.1355,1.01108,0.886667,1.10833,1.44083,1.34108,1.09171,0.842333,1.064,0.931,0.798,1.01967,0.931,0.842333,1.064,0.953167,0.842333,1.064,0.9975,1.05292,1.16929,0.983646,0.798,1.04183,1.38542,1.35771,1.43252,1.40343,1.45538,1.34836,1.24133,1.16885,1.16885,1.16885,1.16885,1.16885,1.16885,1.16885,1.16885,1.16885,1.16885,1.16885,1.16885,1.16885,1.16885,1.16885,1.16885,1.16885,1.16885,1.16885,1.16885,1.16885,1.16885,1.16885,1.16885,1.16885,16,6,6
0.975333,1.24133,1.33,1.10833,0.886667,0.886667,1.24133,1.35217,1.11942,0.886667,0.886667,1.21917,1.42975,1.46854,1.5101,1.15405,0.798,0.842333,0.8645,0.886667,0.842333,0.886667,0.8645,0.842333,1.21917,1.20808,1.42421,1.42144,1.50872,1.50803,1.17518,0.842333,0.798,1.1305,1.18592,1.08062,0.939312,0.798,1.24133,1.3965,1.31892,1.41312,1.10556,0.798,0.842333,1.197,1.35217,1.29675,1.31337,1.38819,1.31476,1.41105,1.41486,1.41676,1.32905,1.13002,0.986179,0.842333,0.842333,0.842333,0.886667,0.842333,0.798,0.9975,0.96425,0.969792,1.12773,1.09586,1.07993,1.1828,0.9904,0.798,0.798,0.842333,0.886667,0.886667,0.886667,0.886667,1.08617,0.96425,0.842333,1.04183,0.986417,1.18037,1.18869,1.05984,1.06192,1.12946,1.09673,1.10253,1.21627,1.00713,0.798,1.01967,1.10833,0.975333,0.842333,0.908833,0.919917,1.23579,1.1499,0.973948,0.798,0.953167,0.96425,1.14712,1.0169,0.886667,1.04183,1.09725,1.12496,1.15267,1.07103,1.07103,1.07103,1.07103,1.07103,1.07103,1.07103,1.07103,1.07103,1.07103,1.07103,1.07103,1.07103,1.07103,1.07103,1.07103,1.07103,1.07103,1.07103,1.07103,1.07103,4,0,0
0.798,1.064,1.15267,1.1305,1.23025,1.28012,1.2164,1.31753,1.32377,1.26038,1.29519,1.22393,1.16613,1.31457,1.16712,1.13772,1.30036,1.53685,1.32259,1.37063,1.41681,1.28474,1.2852,1.3741,1.26338,1.36319,1.52393,1.36046,1.3674,1.4817,1.29502,1.31251,1.23259,1.17046,1.22806,1.21253,1.27127,1.36713,1.4594,1.30603,1.36235,1.30184,1.20509,1.28971,1.33202,1.26451,1.31942,1.52421,1.33844,1.33422,1.35428,1.25347,1.3139,1.27762,1.21514,1.3169,1.21262,1.20481,1.24524,1.30979,1.16473,1.20303,1.00051,0.798,1.41867,1.30783,1.76225,1.52396,1.40481,1.10141,0.798,1.10833,0.975333,0.842333,1.08617,1.11942,1.13604,1.21085,1.11526,1.13396,1.23198,1.03716,0.842333,0.886667,1.10833,1.04183,1.00858,1.10279,1.26073,1.3397,1.29052,1.31026,1.05413,0.798,0.842333,1.10833,1.48517,1.36325,1.39096,1.31615,1.21224,1.27112,1.30056,1.18228,1.064,1.23067,1.23067,1.23067,1.23067,1.23067,1.23067,1.23067,1.23067,1.23067,1.23067,1.23067,1.23067,1.23067,1.23067,1.23067,1.23067,1.23067,1.23067,1.23067,1.23067,1.23067,1.23067,1.23067,1.23067,1.23067,1.23067,1.23067,1.23067,24,7,12
1.01967,1.10833,1.15267,1.08617,1.05292,1.05846,1.23856,1.32861,1.37364,1.26315,1.31874,1.36871,1.21635,1.25101,1.11317,1.15509,1.28688,1.1311,1.25272,1.40219,1.34393,1.27046,1.16723,0.982616,0.798,0.842333,1.08617,1.25242,1.18037,1.29952,1.07093,0.842333,1.10833,1.197,1.24133,1.33,1.30783,1.36325,1.39096,1.49348,1.23441,1.23787,1.26177,1.09638,1.21319,1.1386,1.21213,1.53707,1.50003,1.45935,1.43901,1.318,1.27967,1.2605,1.16225,1.17963,1.21048,1.11507,1.28904,1.26518,1.27543,1.32488,1.43827,1.29547,1.4014,1.27703,1.25918,1.27243,1.19038,1.21586,1.27293,1.10196,1.34898,1.45032,1.47883,1.29358,1.33396,1.19898,1.04282,0.886667,1.17483,1.23025,1.14712,1.23856,1.23995,1.19631,1.24099,1.28549,1.26341,1.20804,1.24685,1.24409,1.33138,1.21986,1.4301,1.33571,1.31069,1.16518,1.26976,1.23338,1.17086,1.29476,1.31238,1.25469,1.197,1.23578,1.23578,1.23578,1.23578,1.23578,1.23578,1.23578,1.23578,1.23578,1.23578,1.23578,1.23578,1.23578,1.23578,1.23578,1.23578,1.23578,1.23578,1.23578,1.23578,1.23578,1.23578,1.23578,1.23578,1.23578,1.23578,1.23578,1.23578,18,11,17
1.41867,0.798,1.1305,1.00858,0.886667,1.17483,1.05292,1.08062,1.33831,1.33416,1.33208,1.15371,1.10885,1.15293,1.19713,1.19706,1.2857,1.19702,1.17484,1.27459,1.21363,1.22748,1.30091,1.27112,1.18973,1.28203,1.28385,1.19609,1.26305,1.29652,1.04726,0.798,0.798,0.798,1.1305,0.96425,0.798,1.1305,1.40758,1.34662,1.18315,1.19007,1.2157,1.25068,1.22384,1.23259,1.30346,1.25023,1.29012,1.35439,1.2757,1.32501,1.17234,1.1625,1.24625,1.37679,1.30906,1.3417,1.40235,1.32184,1.34809,1.44988,1.32344,1.34889,1.40594,1.32364,1.34899,1.36166,1.3015,1.33791,1.28962,1.24331,1.28666,1.37483,1.28591,1.33012,1.3744,1.2857,1.33002,1.35217,1.27459,1.32446,1.30506,1.25103,1.29052,1.22159,1.2093,1.26965,1.21116,1.18191,1.25596,1.24864,1.22282,1.29858,1.04829,0.798,1.04183,1.14158,1.19146,1.23856,1.26211,1.22956,1.27978,1.26056,1.07361,0.886667,1.21875,1.21875,1.21875,1.21875,1.21875,1.21875,1.21875,1.21875,1.21875,1.21875,1.21875,1.21875,1.21875,1.21875,1.21875,1.21875,1.21875,1.21875,1.21875,1.21875,1.21875,1.21875,1.21875,1.21875,1.21875,1.21875,1.21875,4,4,3
1.24133,1.2635,1.25242,1.22471,1.12219,1.22609,1.49971,1.41486,1.1951,1.17388,1.27411,1.39072,1.29386,1.3341,1.37638,1.39752,1.3416,1.22496,1.12232,1.22616,1.52191,1.42596,1.22281,1.18774,1.3032,1.42743,1.29005,1.33219,1.5971,1.39705,1.36352,1.5241,1.33838,1.33419,1.15476,1.10938,1.21969,1.00885,0.798,1.04183,0.942083,0.842333,0.908833,0.986417,1.02521,1.15544,1.50872,1.41936,1.13085,0.842333,1.064,1.15267,1.1305,1.25242,1.42421,1.28844,1.33139,1.39719,1.34143,1.33571,1.42152,1.2871,1.30855,1.31927,1.23597,1.26082,1.14024,1.10212,1.19389,1.23978,1.17406,1.2742,1.41293,1.2828,1.3064,1.5177,1.35735,1.34367,1.38117,1.26692,1.27629,1.23665,1.19466,1.24016,1.12991,1.11912,1.2024,1.0002,0.798,1.08617,1.23025,1.28012,1.19423,1.17345,1.22956,1.45711,1.32706,1.32853,1.48443,1.34072,1.31319,1.41026,1.3258,1.24133,1.25115,1.25115,1.25115,1.25115,1.25115,1.25115,1.25115,1.25115,1.25115,1.25115,1.25115,1.25115,1.25115,1.25115,1.25115,1.25115,1.25115,1.25115,1.25115,1.25115,1.25115,1.25115,1.25115,1.25115,1.25115,1.25115,1.25115,1.25115,1.25115,6,4,6
1.90633,1.64033,1.5295,1.36325,1.41312,1.32723,1.17345,1.25172,1.1357,0.966848,0.798,1.08617,1.36325,1.25796,1.29398,1.55582,1.35424,1.34212,1.18089,0.989447,0.798,1.04183,1.25242,1.18037,1.27735,1.43668,1.40551,1.41209,1.17154,0.984771,0.798,1.08617,1.20808,1.20254,1.26627,1.20947,1.2254,1.2777,1.32602,1.19501,1.30684,1.20759,1.15796,1.24398,1.10966,1.08683,1.20841,1.26921,1.2331,1.34805,1.42769,1.26801,1.34334,1.33667,1.31117,1.40925,1.12579,0.842333,1.08617,1.14158,1.25796,1.29398,1.42282,1.26558,1.05396,0.842333,1.1305,1.27458,1.34662,1.27181,1.32307,1.4152,1.28393,1.3513,1.47365,1.31316,1.34375,1.29254,1.24477,1.28738,1.39736,1.25285,1.35792,1.32179,1.2594,1.38337,1.33452,1.17709,1.23138,1.03686,0.842333,0.975333,1.01967,1.1305,1.34108,1.15821,1.02244,0.886667,0.908833,0.919917,1.23579,1.3494,1.4062,1.41243,1.41867,1.23254,1.23254,1.23254,1.23254,1.23254,1.23254,1.23254,1.23254,1.23254,1.23254,1.23254,1.23254,1.23254,1.23254,1.23254,1.23254,1.23254,1.23254,1.23254,1.23254,1.23254,1.23254,1.23254,1.23254,1.23254,1.23254,1.23254,1.23254,14,7,9
1.197,1.37433,1.08617,0.798,1.17483,1.31892,1.25796,1.36048,1.21224,1.11595,1.28948,1.1324,1.40854,1.1476,0.886667,1.68467,1.463,1.41867,1.48517,1.36325,1.19146,1.37156,1.72761,1.41797,1.41832,1.28549,1.21908,1.36321,1.39094,1.29397,1.40065,1.14366,0.886667,0.842333,0.886667,1.21917,1.69575,1.42421,1.46577,1.28705,1.30853,1.47443,1.15838,0.842333,0.975333,1.5295,1.76225,1.45746,1.4824,1.38403,1.13535,0.886667,1.17483,1.25242,1.20254,1.53227,1.54197,1.36948,1.48274,1.40637,1.39035,1.20501,1.37834,1.81967,1.48617,1.49675,1.47988,1.2941,1.20122,1.02178,0.842333,0.975333,1.28567,1.197,1.37433,1.28567,1.44083,1.71792,1.52396,1.49348,1.41174,1.30437,1.40585,1.25709,1.24921,1.20094,1.39847,1.23123,1.36928,1.26098,1.45065,1.43466,1.31583,1.34508,1.20454,1.13427,1.064,1.30324,1.30324,1.30324,1.30324,1.30324,1.30324,1.30324,1.30324,1.30324,1.30324,1.30324,1.30324,1.30324,1.30324,1.30324,1.30324,1.30324,1.30324,1.30324,1.30324,1.30324,1.30324,1.30324,1.30324,1.30324,1.30324,1.30324,1.30324,1.30324,1.30324,1.30324,1.30324,1.30324,1.30324,1.30324,1.30324,12,7,3
1.01967,1.1305,1.11942,1.26904,1.03352,0.798,1.17483,1.42975,1.40204,1.32169,1.19284,1.28359,1.32896,1.15215,1.21891,1.16362,1.22464,1.29949,1.35908,1.30021,1.33727,1.31147,1.1434,1.28103,1.50502,1.48401,1.6065,1.49042,1.29938,1.20385,1.33343,1.30955,1.25327,1.35814,1.34407,1.20403,1.28918,1.17659,1.1203,1.29165,1.33299,1.30933,1.65216,1.44675,1.45487,1.56977,1.40555,1.45644,1.50405,1.35053,1.40676,1.12455,0.842333,0.798,1.10833,1.24133,1.30783,1.34108,1.29121,1.1776,1.5863,1.39165,1.42733,1.13483,0.842333,1.1305,1.36325,1.19146,1.30506,1.1402,0.991266,0.842333,1.15267,1.35217,1.36325,1.41312,1.39373,1.2732,1.32377,1.57072,1.27302,1.41235,1.37117,1.23975,1.32921,1.10794,0.886667,0.9975,1.23025,1.39096,1.27181,1.36741,1.43737,1.25068,1.33468,1.39884,1.32009,1.36938,1.43835,1.31768,1.197,1.27542,1.27542,1.27542,1.27542,1.27542,1.27542,1.27542,1.27542,1.27542,1.27542,1.27542,1.27542,1.27542,1.27542,1.27542,1.27542,1.27542,1.27542,1.27542,1.27542,1.27542,1.27542,1.27542,1.27542,1.27542,1.27542,1.27542,1.27542,1.27542,1.27542,1.27542,1.27542,2,1,1
1.41867,1.2635,1.49625,1.32446,1.57106,1.38403,1.37918,1.33242,1.24255,1.33061,1.30814,1.34123,1.33562,1.35498,1.36465,1.39166,1.516,1.33433,1.53167,1.36433,1.54667,1.34967,1.33983,1.40142,1.34354,1.3811,1.33339,1.37603,1.48601,1.31934,1.502,1.32733,1.55033,1.37367,1.55133,1.352,1.31883,1.41308,1.37154,1.41727,1.3958,1.40723,1.65678,1.36039,1.65553,1.38193,1.42247,1.1989,1.28662,1.35264,1.34132,1.37999,1.37716,1.42008,1.57454,1.3636,1.3468,1.44923,1.38962,1.40414,1.3449,1.38179,1.33373,1.35403,1.31985,1.36926,1.3718,1.4174,1.5732,1.36293,1.34647,1.4269,1.35628,1.43181,1.35874,1.4552,1.61427,1.38347,1.60057,1.39878,1.36439,1.4802,1.42726,1.4673,1.35432,1.18699,1.28066,1.3275,1.37308,1.35154,1.5846,1.3243,1.30498,1.28567,1.39488,1.39488,1.39488,1.39488,1.39488,1.39488,1.39488,1.39488,1.39488,1.39488,1.39488,1.39488,1.39488,1.39488,1.39488,1.39488,1.39488,1.39488,1.39488,1.39488,1.39488,1.39488,1.39488,1.39488,1.39488,1.39488,1.39488,1.39488,1.39488,1.39488,1.39488,1.39488,1.39488,1.39488,1.39488,1.39488,1.39488,1.39488,1.39488,0,0,0
1.28567,1.28567,1.15267,1.17483,1.23025,1.52396,1.40481,1.38957,1.27112,1.30056,1.31528,1.23397,1.28199,1.12866,1.16283,1.20208,1.11087,1.15394,1.19764,1.26382,1.20824,1.26912,1.25523,1.22611,1.25589,1.20428,1.22281,1.23207,1.1702,1.1836,1.21247,1.2269,1.21195,1.24881,1.33374,1.2432,1.2866,1.3083,1.27482,1.25808,1.20537,1.20119,1.24343,1.33105,1.24186,1.28593,1.3523,1.25248,1.11391,1.06679,1.19839,1.24203,1.35252,1.25259,1.2913,1.17765,1.18732,1.21433,1.0505,0.886667,1.064,1.15267,1.15267,1.21917,1.36325,1.25796,1.31615,1.45607,1.30437,1.33935,1.26818,1.23259,1.23696,1.28348,1.21807,1.27404,1.32419,1.23843,1.30638,1.14086,1.16893,1.20513,1.13457,1.18795,1.21464,1.22799,1.19033,1.28233,1.17317,1.18508,1.21321,1.0056,0.798,0.8645,0.942083,1.06954,1.1776,1.20947,1.2254,1.25553,1.24843,1.22272,1.27636,1.12585,1.16142,1.17921,1.197,1.21814,1.21814,1.21814,1.21814,1.21814,1.21814,1.21814,1.21814,1.21814,1.21814,1.21814,1.21814,1.21814,1.21814,1.21814,1.21814,1.21814,1.21814,1.21814,1.21814,1.21814,1.21814,1.21814,1.21814,1.21814,1.21814,6,0,0
1.064,1.35217,1.34108,1.49071,1.43252,1.60293,1.46646,1.59773,1.5082,1.52993,1.38563,1.44648,1.38824,1.38129,1.37781,1.42041,1.3752,1.4856,1.42997,1.46865,1.39933,1.38683,1.22541,1.07821,1.15977,1.22272,1.07686,1.0926,1.43296,1.24848,1.33357,1.42045,1.37523,1.52995,1.42997,1.11399,0.798,1.04183,1.11942,1.11387,1.19977,1.19839,1.15336,1.19735,1.19717,1.13059,1.23029,1.08065,1.09449,1.21224,1.02729,0.842333,1.04183,0.96425,0.886667,1.08617,1.47408,1.42421,1.62094,1.47547,1.64657,1.51045,1.55323,1.59678,1.33039,1.70703,1.36335,1.34667,1.24967,1.179,1.27667,1.30333,1.228,1.279,1.19367,1.151,1.21833,1.22983,1.16908,1.27171,1.27869,1.21568,1.31717,1.19059,1.14946,1.2619,1.07428,0.886667,1.1305,1.45192,1.39096,1.09448,0.798,1.08617,0.96425,0.842333,1.1305,1.45192,1.45746,1.50456,1.55167,1.2744,1.2744,1.2744,1.2744,1.2744,1.2744,1.2744,1.2744,1.2744,1.2744,1.2744,1.2744,1.2744,1.2744,1.2744,1.2744,1.2744,1.2744,1.2744,1.2744,1.2744,1.2744,1.2744,1.2744,1.2744,1.2744,1.2744,1.2744,1.2744,1.2744,1.2744,1.2744,0,1,0
1.10833,1.28567,1.24133,1.28567,1.24133,1.17483,1.31892,1.45746,1.3494,1.4062,1.54543,1.37122,1.37277,1.39572,1.29636,1.35751,1.43242,1.35905,1.38886,1.58109,1.36688,1.41494,1.52764,1.36232,1.36833,1.3935,1.25091,1.33479,1.3989,1.27578,1.39156,1.44945,1.30106,1.35986,1.38926,1.27097,1.30048,1.40391,1.25612,1.35956,1.43345,1.33739,1.42236,1.37618,1.19792,1.3083,1.29698,1.26916,1.29958,1.27046,1.18939,1.3262,1.3281,1.24038,1.35169,1.40735,1.28001,1.305,1.36183,1.23508,1.30471,1.33952,1.24609,1.33238,1.41986,1.28626,1.3303,1.37448,1.26357,1.29679,1.40206,1.27736,1.34802,1.44984,1.32342,1.32671,1.39486,1.29593,1.33513,1.3769,1.28695,1.37497,1.46332,1.35233,1.36333,1.23583,1.19425,1.28429,1.39581,1.27424,1.36862,1.46014,1.32857,1.37362,1.39614,1.29657,1.31329,1.33,1.33877,1.33877,1.33877,1.33877,1.33877,1.33877,1.33877,1.33877,1.33877,1.33877,1.33877,1.33877,1.33877,1.33877,1.33877,1.33877,1.33877,1.33877,1.33877,1.33877,1.33877,1.33877,1.33877,1.33877,1.33877,1.33877,1.33877,1.33877,1.33877,1.33877,1.33877,1.33877,1.33877,1.33877,1.33877,6,4,4
1.064,0.931,0.798,1.1305,1.00858,0.886667,1.064,1.10833,1.2635,1.11942,0.958708,0.798,1.1305,1.18592,1.08062,1.24965,1.24549,1.19908,1.26454,1.51894,1.24713,1.37723,1.26495,1.07581,0.886667,0.908833,1.00858,0.947625,0.886667,1.01967,1.197,1.17483,1.11942,1.15821,1.1111,1.19839,1.26419,1.27493,1.10296,1.34948,1.33974,1.29054,1.3546,1.38663,1.22532,1.10033,1.30383,1.27258,1.21262,1.31565,1.25632,1.27099,1.21183,1.07142,1.28937,1.26535,1.12034,1.07001,1.067,1.3315,1.41942,1.24171,1.21935,1.23034,1.43534,1.13884,0.842333,0.931,1.15267,0.975333,0.798,0.908833,0.89775,0.886667,1.2635,1.16375,1.24687,1.2441,1.22055,1.25311,1.18072,1.23319,1.32593,1.15063,1.24032,1.28516,1.26325,1.25229,1.42414,1.33274,1.1097,0.886667,1.08617,1.11942,1.22471,1.38819,1.13743,0.886667,0.886667,0.886667,0.842333,0.842333,1.1305,1.09725,1.14712,1.12773,1.16236,1.31268,1.09967,0.886667,1.14322,1.14322,1.14322,1.14322,1.14322,1.14322,1.14322,1.14322,1.14322,1.14322,1.14322,1.14322,1.14322,1.14322,1.14322,1.14322,1.14322,1.14322,1.14322,1.14322,1.14322,1.14322,1.14322,8,3,2
1.15267,1.24133,1.28567,1.5295,1.36325,1.32446,1.43806,1.31753,1.32377,1.48205,1.33952,1.33476,1.08855,0.842333,1.08617,1.16375,1.37987,1.3106,1.29814,1.18107,1.12253,1.15977,1.26705,1.60886,1.44726,1.36646,1.41473,1.2837,1.30685,1.62876,1.43505,1.36036,1.43384,1.33759,1.28946,1.50923,1.37528,1.33047,1.06424,0.798,1.04183,1.16375,0.980875,0.798,0.9975,1.11942,0.958708,0.798,1.01967,1.15267,1.5295,1.36325,1.36879,1.3494,1.3397,1.31268,1.29917,1.18159,1.25579,1.18206,1.0122,0.842333,1.064,1.50733,1.55167,1.48517,1.36325,1.08062,0.798,1.01967,1.21917,1.16375,1.29121,1.53227,1.3868,1.4249,1.31095,1.05448,0.798,1.04183,1.40758,1.39096,1.33831,1.42282,1.33208,1.41971,1.13102,0.842333,1.04183,1.16375,1.69021,1.46577,1.37572,1.44153,1.2971,1.29138,1.35502,1.25385,1.29192,1.48829,1.68467,1.26048,1.26048,1.26048,1.26048,1.26048,1.26048,1.26048,1.26048,1.26048,1.26048,1.26048,1.26048,1.26048,1.26048,1.26048,1.26048,1.26048,1.26048,1.26048,1.26048,1.26048,1.26048,1.26048,1.26048,1.26048,1.26048,1.26048,1.26048,1.26048,1.26048,1.26048,1.26048,2,2,3
1.37433,1.21917,1.29675,1.31337,1.18869,1.28151,1.32792,1.28463,1.39598,1.36299,1.3465,1.07225,0.798,0.798,1.1305,1.20808,1.18037,1.21085,1.27043,1.30021,1.20427,1.2893,1.42049,1.26441,1.38587,1.40227,1.43263,1.40348,1.10074,0.798,0.798,1.04183,1.18592,1.23579,1.30506,1.29536,1.33485,1.39892,1.3423,1.20315,1.37741,1.0877,0.798,0.886667,1.1305,1.27458,1.21362,1.29398,1.35632,1.18799,1.3255,1.17258,1.29562,1.44581,1.34357,1.42545,1.46639,1.44253,1.3641,1.25838,1.42719,1.28993,1.30996,1.20915,1.18091,1.34412,1.44789,1.18945,1.37056,1.43895,1.29581,1.40157,1.47662,1.29248,1.28907,1.08787,0.886667,0.842333,1.15267,1.197,1.2635,1.25242,1.04737,0.842333,1.1305,1.20808,1.15821,1.3106,1.3868,1.2919,1.44395,1.40914,1.32524,1.41629,1.46181,1.30724,1.36295,1.34648,1.33824,1.40062,1.12148,0.842333,1.463,1.24865,1.24865,1.24865,1.24865,1.24865,1.24865,1.24865,1.24865,1.24865,1.24865,1.24865,1.24865,1.24865,1.24865,1.24865,1.24865,1.24865,1.24865,1.24865,1.24865,1.24865,1.24865,1.24865,1.24865,1.24865,1.24865,1.24865,1.24865,1.24865,1.24865,8,3,2
2.08367,2.128,1.68467,1.55167,1.55167,1.50733,1.197,0.886667,0.842333,0.798,1.01967,1.21917,1.49625,1.47962,1.16098,0.842333,1.21917,1.00858,0.798,1.30783,1.42975,1.55721,1.5101,1.84122,1.45261,1.43564,1.11682,0.798,1.15267,0.975333,0.798,1.197,0.9975,0.798,1.17483,1.40758,1.81212,1.4824,1.16236,0.842333,0.953167,1.18592,1.03629,0.886667,1.24133,1.41867,1.35217,1.49625,1.74562,1.55998,1.55582,1.64241,1.39754,1.18644,1.41338,1.41603,1.12918,0.842333,0.886667,1.10833,1.15267,1.04183,1.56275,1.29121,1.66527,1.60847,1.4914,1.2777,1.23735,1.43884,1.51742,1.71188,1.52094,1.4698,1.2669,1.03245,0.798,0.908833,0.919917,1.21362,1.07231,1.04599,1.29883,1.04841,0.798,1.15267,1.37433,1.57383,1.27458,1.05846,0.842333,0.842333,1.463,1.37433,1.7955,1.47408,1.44637,1.41867,1.27204,1.27204,1.27204,1.27204,1.27204,1.27204,1.27204,1.27204,1.27204,1.27204,1.27204,1.27204,1.27204,1.27204,1.27204,1.27204,1.27204,1.27204,1.27204,1.27204,1.27204,1.27204,1.27204,1.27204,1.27204,1.27204,1.27204,1.27204,1.27204,1.27204,1.27204,1.27204,1.27204,1.27204,1.27204,10,3,3
1.37433,1.37433,1.21917,1.18592,1.32446,1.17206,1.1402,1.32377,1.19388,1.12894,1.02997,1.02482,1.08874,1.29804,1.51352,1.86509,1.46455,1.44161,1.27497,1.19165,1.37166,1.1735,1.22958,1.32412,1.19406,1.12903,1.27385,1.21326,1.1608,1.3119,1.34312,1.20356,1.35545,1.32056,1.21444,1.33872,1.15703,1.13268,1.27567,1.192,1.15017,1.28442,1.35154,1.20777,1.31322,1.25511,1.20389,1.33344,1.17656,1.14244,1.32489,1.23878,1.15139,1.01903,0.886667,1.04183,1.23025,1.10279,1.12773,0.962865,0.798,0.798,0.842333,1.15267,1.15267,1.1305,1.29675,1.18037,1.16652,1.31476,1.05638,0.798,1.10833,1.04183,1.09725,1.28012,1.2829,1.17345,1.31822,1.25761,1.18297,1.30082,1.24891,1.15645,1.30973,1.2977,1.20302,1.37734,1.15417,1.13125,1.29713,1.0919,0.886667,1.17483,1.09725,1.12496,1.29398,1.20116,1.15474,1.06504,0.975853,0.886667,1.15267,1.10833,1.10833,1.2635,1.29675,1.09171,0.886667,1.19098,1.19098,1.19098,1.19098,1.19098,1.19098,1.19098,1.19098,1.19098,1.19098,1.19098,1.19098,1.19098,1.19098,1.19098,1.19098,1.19098,1.19098,1.19098,1.19098,1.19098,1.19098,1.19098,1.19098,0,0,0
1.68467,1.61817,1.49625,1.34662,1.71515,1.32307,1.39304,1.47235,1.46768,1.13284,0.798,0.842333,0.842333,0.798,1.064,0.931,0.798,0.842333,1.17483,1.31892,1.43529,1.80381,1.38957,1.11595,0.842333,0.8645,0.886667,1.01967,1.17483,1.36325,1.34662,1.40481,1.43391,1.11595,0.798,0.886667,1.2635,1.31892,1.52396,1.51565,1.46716,1.46508,1.44187,1.43027,1.4023,1.43265,1.42566,1.44433,1.14333,0.842333,0.931,1.197,1.35217,1.40758,1.41312,1.37156,1.41728,1.39581,1.40724,1.41295,1.43798,1.42832,1.51216,1.31025,1.29796,1.35831,1.49932,1.54766,1.30583,1.38442,1.35721,1.0776,0.798,0.842333,1.24133,1.04183,0.842333,0.8645,0.886667,0.842333,0.798,0.842333,1.17483,1.25242,1.04737,0.842333,0.886667,1.21917,1.25242,1.42421,1.39927,1.4533,1.41382,1.48274,1.42854,1.51227,1.46547,1.19823,1.55228,1.19731,0.842333,1.23689,1.23689,1.23689,1.23689,1.23689,1.23689,1.23689,1.23689,1.23689,1.23689,1.23689,1.23689,1.23689,1.23689,1.23689,1.23689,1.23689,1.23689,1.23689,1.23689,1.23689,1.23689,1.23689,1.23689,1.23689,1.23689,1.23689,1.23689,1.23689,1.23689,1.23689,1.23689,0,0,0
0.975333,1.10833,1.21917,1.03075,0.842333,0.820167,0.798,1.01967,1.1305,1.42975,1.13604,0.842333,0.9975,0.986417,1.15821,1.3771,1.22055,1.29744,1.49105,1.32186,1.37026,1.39447,1.14057,0.886667,1.197,1.30783,1.40758,1.50179,1.2164,1.02936,0.842333,0.908833,0.89775,0.886667,0.908833,0.853417,0.798,0.975333,1.21917,1.09725,1.01412,1.19423,0.996115,0.798,1.15267,1.24133,1.197,1.37433,1.44083,1.38542,1.09171,0.798,1.15267,1.10833,1.197,1.08617,1.11942,1.31337,1.36602,1.17068,1.29467,1.42317,1.24358,1.33113,1.41923,1.19728,1.30797,1.05299,0.798,0.798,0.798,1.15267,1.28567,1.21917,1.14158,1.16929,1.33831,1.33416,1.46508,1.17587,0.886667,0.953167,1.05292,1.16929,1.29398,1.40066,1.32099,1.36983,1.15042,0.996374,0.842333,0.842333,0.820167,0.798,1.10833,1.2635,1.34108,1.20254,1.08894,1.3203,1.19215,1.21674,1.00737,0.798,0.798,1.04183,1.23025,1.32446,1.1499,0.975333,1.12856,1.12856,1.12856,1.12856,1.12856,1.12856,1.12856,1.12856,1.12856,1.12856,1.12856,1.12856,1.12856,1.12856,1.12856,1.12856,1.12856,1.12856,1.12856,1.12856,1.12856,1.12856,1.12856,10,5,5
1.33,0.798,0.798,0.798,0.886667,0.886667,1.064,1.17483,1.11942,0.958708,0.798,0.886667,1.1305,0.96425,0.798,0.798,0.798,0.798,0.886667,1.01967,1.17483,1.20808,1.35771,1.12219,0.886667,0.798,0.798,0.886667,0.9975,1.20808,1.29121,1.22194,1.43114,1.4914,1.2777,1.41468,1.17284,1.22925,1.21313,1.1829,1.18995,1.34864,1.20632,1.04649,0.886667,0.798,1.2635,1.23025,1.30229,1.42698,1.44499,1.25449,1.33658,1.37762,1.17648,1.38624,1.35812,1.12239,0.886667,1.10833,1.30783,1.14158,0.969792,0.798,0.798,1.01967,1.21917,1.34108,1.29121,1.1776,1.34247,1.2919,1.39962,1.23181,1.2809,1.39412,1.36206,1.27953,1.06093,0.842333,0.886667,0.886667,0.886667,1.21917,1.23025,1.32446,1.19423,1.30645,1.18522,1.30195,1.13864,1.27865,1.17133,1.31716,1.19058,1.28246,1.28406,1.2627,1.27418,1.19126,1.37146,1.3064,1.07437,0.842333,0.975333,1.17483,1.03075,0.886667,0.798,0.886667,1.064,1.24133,1.12698,1.12698,1.12698,1.12698,1.12698,1.12698,1.12698,1.12698,1.12698,1.12698,1.12698,1.12698,1.12698,1.12698,1.12698,1.12698,1.12698,1.12698,1.12698,1.12698,1.12698,12,3,3
0.886667,1.197,1.197,1.35217,1.34108,1.11387,0.886667,0.886667,1.1305,1.00858,0.886667,0.886667,0.975333,0.886667,0.798,0.9975,1.25242,1.20254,1.00027,0.798,0.798,0.798,0.798,0.842333,1.17483,1.03075,0.886667,0.798,1.10833,0.9975,0.886667,0.798,1.08617,1.34108,1.20254,1.35494,1.36464,1.19215,1.08374,1.33987,1.11327,0.886667,0.798,0.8645,0.875583,0.886667,0.842333,0.798,0.931,0.9975,1.20808,1.09171,1.32169,1.25934,1.07301,0.886667,0.886667,0.886667,0.798,0.886667,1.15267,1.197,0.9975,0.798,0.886667,1.197,1.08617,0.96425,0.842333,0.798,0.798,0.798,0.798,0.798,0.798,0.798,0.886667,0.886667,0.886667,0.886667,0.886667,0.798,0.798,0.798,0.886667,1.08617,1.20808,1.13604,1.27735,1.30368,1.38334,1.29017,1.04408,0.798,0.886667,0.798,1.01967,0.908833,0.798,0.842333,0.820167,0.798,0.798,1.01967,1.1305,1.23025,1.23579,1.0169,0.798,0.820167,0.842333,1.15267,1.10833,1.24133,1.2635,1.31892,1.23579,1.2829,1.06261,0.842333,0.886667,1.1305,1.09725,1.064,1.00207,1.00207,1.00207,1.00207,1.00207,1.00207,1.00207,1.00207,1.00207,14,4,1
0.798,0.886667,1.064,1.15267,1.197,0.9975,0.798,0.886667,0.953167,1.14158,1.05846,1.1499,1.15128,1.10764,1.17449,1.25224,1.20246,1.17756,1.16511,1.20322,1.08928,1.20964,1.00382,0.798,1.08617,1.16375,1.11387,1.0446,1.0543,0.970484,0.886667,0.886667,1.10833,1.08617,1.20808,1.26904,1.07785,0.886667,1.08617,1.34108,1.40204,1.23302,1.17068,1.33901,1.24584,1.24358,1.02079,0.798,0.798,0.931,0.908833,0.886667,0.798,1.01967,1.28567,1.15267,1.24133,1.37433,1.28567,1.17483,1.20808,1.13604,1.14435,1.19284,1.17276,1.16271,1.20202,1.13301,1.23151,1.23642,1.01721,0.798,1.10833,1.10833,1.1305,1.18592,1.16929,1.20531,1.22332,1.27666,1.30333,1.18367,1.25683,1.22692,1.38929,1.31531,1.10099,0.886667,0.8645,0.842333,0.953167,0.919917,0.886667,0.842333,0.798,1.08617,1.16375,1.24687,1.15544,1.24272,1.19769,1.17518,1.25259,1.26913,1.2774,1.28153,1.17277,1.25138,1.20202,1.13301,1.23151,1.19209,1.15267,1.11234,1.11234,1.11234,1.11234,1.11234,1.11234,1.11234,1.11234,1.11234,1.11234,1.11234,1.11234,1.11234,1.11234,1.11234,1.11234,1.11234,1.11234,1.11234,1.11234,12,7,6
0.798,0.798,0.798,0.798,1.17483,1.16375,1.15821,1.28844,1.08755,0.886667,0.842333,0.798,1.01967,0.908833,0.798,0.798,0.886667,0.842333,0.798,1.197,1.28567,1.1305,1.09725,1.25796,1.11665,1.09032,1.29883,1.04841,0.798,1.15267,1.064,1.01967,1.1305,1.05292,1.10279,1.26073,1.05153,0.842333,1.08617,0.986417,0.886667,1.01967,1.064,1.064,1.33,1.15267,1.064,0.931,0.798,0.798,1.01967,1.30783,1.20808,1.04737,0.886667,0.931,1.04183,1.09725,1.25796,1.18315,1.12357,1.09379,1.12323,1.13795,1.10097,1.10465,1.12866,1.14066,1.10233,1.2605,1.16225,1.11312,0.955562,0.798,0.798,0.886667,0.931,0.953167,1.18592,0.991958,0.798,0.798,0.886667,1.15267,1.08617,1.20808,1.35771,1.21085,1.13743,1.23371,1.14886,1.21726,1.40663,1.27965,1.30482,1.36175,1.23504,1.28252,1.37276,1.24055,1.24094,1.3298,1.15257,1.30778,1.42973,1.2247,1.27735,1.12634,1.1395,1.05742,1.14938,1.06235,1.08534,1.29634,1.0915,0.886667,0.842333,0.798,1.07722,1.07722,1.07722,1.07722,1.07722,1.07722,1.07722,1.07722,1.07722,1.07722,1.07722,1.07722,1.07722,1.07722,1.07722,14,4,1
1.15267,0.798,0.886667,0.842333,0.798,0.798,0.798,0.798,0.886667,0.842333,0.798,0.798,0.886667,1.08617,1.16375,0.980875,0.798,0.931,1.04183,1.18592,1.03629,0.886667,1.197,1.17483,1.03075,0.886667,0.842333,0.798,1.04183,1.16375,0.980875,0.798,0.798,0.798,1.08617,1.18592,0.991958,0.798,1.17483,1.18592,1.12496,1.00581,0.886667,0.886667,0.886667,0.842333,0.798,0.842333,1.15267,1.37433,1.35217,1.07508,0.798,1.01967,0.908833,0.798,0.798,0.798,0.886667,0.886667,0.798,1.197,1.28567,1.15267,0.9975,0.842333,0.820167,0.798,1.15267,1.37433,1.3965,1.09725,0.798,1.10833,0.9975,0.886667,0.908833,0.853417,0.798,1.28567,1.35217,1.49625,1.61262,1.51565,1.35632,1.56483,1.42525,1.51062,1.59765,1.53032,1.20849,0.886667,0.842333,0.820167,0.798,0.798,0.975333,0.975333,1.15267,1.15267,0.975333,0.798,0.798,0.886667,1.197,1.01967,0.842333,0.842333,0.975333,0.931,0.886667,0.842333,0.798,1.10833,1.17483,1.24133,1.01453,1.01453,1.01453,1.01453,1.01453,1.01453,1.01453,1.01453,1.01453,1.01453,1.01453,1.01453,1.01453,1.01453,1.01453,1.01453,1.01453,16,5,3
1.15267,1.01967,0.886667,1.064,0.975333,0.886667,1.10833,1.17483,1.23025,1.19146,1.0169,0.842333,0.8645,0.886667,1.064,1.197,1.28567,1.35217,1.14158,1.21362,1.22748,1.10141,1.17137,1.20635,1.20168,1.13284,1.18709,0.992543,0.798,1.01967,1.08617,0.96425,0.842333,0.953167,1.14158,0.969792,0.798,1.04183,1.36325,1.21362,1.00581,0.798,0.931,0.8645,0.798,0.842333,0.886667,1.064,1.197,1.2635,1.34108,1.29121,1.0446,0.798,1.10833,1.2635,1.25242,1.31337,1.41035,1.68051,1.52742,1.47304,1.44586,1.21059,1.0708,1.02307,1.17653,1.2976,1.22513,1.03373,0.842333,0.842333,0.886667,1.1305,1.29675,1.40204,1.36602,1.30368,1.05084,0.798,1.01967,1.04183,1.18592,0.991958,0.798,0.798,0.798,0.886667,0.975333,0.886667,0.798,1.01967,0.908833,0.798,1.04183,1.05292,0.925458,0.798,1.01967,1.1305,1.18592,1.08062,0.961479,0.842333,0.908833,1.07508,1.06954,0.933771,0.798,1.04183,1.18592,1.03629,0.886667,1.15267,1.41867,1.06936,1.06936,1.06936,1.06936,1.06936,1.06936,1.06936,1.06936,1.06936,1.06936,1.06936,1.06936,1.06936,1.06936,1.06936,1.06936,1.06936,1.06936,8,5,4
0.886667,1.064,1.197,1.30783,1.42975,1.33554,1.46577,1.35355,1.51911,1.29155,1.35511,1.34256,1.42494,1.28881,1.48674,1.27537,1.45785,1.30526,1.36196,1.34598,1.44882,1.32291,1.41512,1.41689,1.10745,0.798,0.842333,1.28567,1.21917,1.38542,1.40204,1.45469,1.32584,1.52742,1.38438,1.49019,1.41009,1.50305,1.39436,1.65035,1.37934,1.37684,1.46425,1.57446,1.38573,1.51303,1.42152,1.55309,1.44155,1.56311,1.40222,1.45478,1.37022,1.48311,1.40656,1.10228,0.798,0.886667,1.28567,1.30783,1.40758,1.41312,1.5489,1.39511,1.09656,0.798,0.798,1.28567,1.24133,1.37433,1.35217,1.42975,1.42421,1.28844,1.19839,1.26419,1.2971,1.40221,1.27744,1.43672,1.27253,1.38993,1.2713,1.38932,1.27099,1.45566,1.32633,1.41683,1.41775,1.48471,1.36302,1.47951,1.40476,1.54471,1.43736,1.33934,1.24133,1.33695,1.33695,1.33695,1.33695,1.33695,1.33695,1.33695,1.33695,1.33695,1.33695,1.33695,1.33695,1.33695,1.33695,1.33695,1.33695,1.33695,1.33695,1.33695,1.33695,1.33695,1.33695,1.33695,1.33695,1.33695,1.33695,1.33695,1.33695,1.33695,1.33695,1.33695,1.33695,1.33695,1.33695,1.33695,1.33695,16,7,7
1.064,1.24133,1.2635,1.20808,1.18037,1.34385,1.29259,1.15613,1.2874,1.22003,1.27502,1.25817,1.38275,1.24554,1.19911,1.30889,1.18644,1.30255,1.36061,1.34531,1.22682,1.36708,1.25987,1.22844,1.05755,0.886667,1.04183,1.23025,1.19146,1.30506,1.45053,1.2351,1.32688,1.23977,1.28489,1.26311,1.25222,1.24678,1.19972,1.19836,1.39718,1.18626,1.2138,1.1389,1.34528,1.20464,1.22299,1.27649,1.08158,0.886667,0.798,1.197,1.197,1.3965,1.27458,1.39096,1.31615,1.05707,0.798,0.842333,1.1305,1.09725,1.12496,1.31615,1.41174,1.30437,1.36152,1.10193,0.842333,1.08617,1.16375,1.31337,1.27735,1.30368,1.31684,1.27909,1.26021,1.31727,1.23497,1.34898,1.45033,1.235,1.349,1.31733,1.3015,1.29358,1.26746,1.27656,1.23678,1.23906,1.3732,1.24076,1.30755,1.31877,1.28005,1.32719,1.37293,1.2628,1.34073,1.3797,1.24402,1.33134,1.41934,1.153,0.886667,1.2346,1.2346,1.2346,1.2346,1.2346,1.2346,1.2346,1.2346,1.2346,1.2346,1.2346,1.2346,1.2346,1.2346,1.2346,1.2346,1.2346,1.2346,1.2346,1.2346,1.2346,1.2346,1.2346,1.2346,1.2346,1.2346,1.2346,1.2346,14,3,5
1.15267,1.1305,1.18592,0.991958,0.798,1.04183,0.919917,0.798,1.04183,1.07508,1.15821,1.19977,1.08755,1.12011,1.18072,1.12236,1.13751,1.05642,1.17105,1.02886,0.886667,0.798,0.798,0.886667,1.197,1.15267,1.08617,1.27458,1.16929,1.16098,1.20116,1.17691,1.16479,1.49123,1.45495,1.48114,1.13957,0.798,0.975333,1.10833,1.1305,1.20808,1.04737,0.886667,1.064,0.931,0.798,0.931,0.886667,0.842333,1.15267,1.197,1.08617,1.25242,1.02521,0.798,1.064,1.10833,1.08617,1.29675,1.09171,0.886667,1.17483,1.09725,1.12496,1.20531,1.11249,1.13258,1.18696,1.19198,1.08366,1.27333,1.19083,1.14958,1.23979,1.0189,0.798,1.01967,1.08617,1.09725,1.21362,1.22748,1.16791,1.22679,1.18973,1.19336,1.23951,1.17392,1.1633,1.20231,1.17749,1.16508,1.18104,1.16685,1.24843,1.20055,1.13227,1.16464,1.13648,0.967242,0.798,1.01967,0.908833,0.798,0.886667,1.197,1.17483,1.11942,1.18037,1.18869,1.17068,1.20601,1.135,1.064,1.09771,1.09771,1.09771,1.09771,1.09771,1.09771,1.09771,1.09771,1.09771,1.09771,1.09771,1.09771,1.09771,1.09771,1.09771,1.09771,1.09771,1.09771,1.09771,14,2,0
0.975333,1.197,1.41867,1.41867,1.5295,1.40758,1.12496,0.842333,1.28567,1.10833,1.197,1.01967,0.842333,0.975333,0.908833,0.842333,1.01967,1.15267,1.01967,0.886667,0.953167,1.03075,1.15821,1.53227,1.3868,1.20323,1.13362,1.18748,1.12574,1.1392,1.12377,1.13822,1.12328,1.13797,1.05665,1.21549,1.22841,1.10187,1.06077,1.12888,1.09644,1.05805,1.08319,1.02926,1.1353,1.09965,1.08182,1.13941,1.27904,1.19369,1.06234,1.15184,1.01925,0.886667,0.886667,1.04183,1.29675,1.44637,1.36602,1.17068,1.07301,1.11284,1.08842,1.09838,1.23635,1.08368,1.02951,1.09109,1.03321,1.00427,1.07847,1.04907,1.05653,1.06027,1.10647,1.0409,1.18545,0.991725,0.798,1.04183,0.919917,0.798,0.9975,1.07508,0.936542,0.798,1.17483,1.20808,1.00304,0.798,1.01967,0.908833,0.798,0.9975,0.919917,0.842333,1.04183,1.00858,0.947625,0.886667,1.01967,1.01967,1.1305,1.31892,1.10279,0.886667,1.08617,1.34108,1.29121,1.5101,1.50872,1.57453,1.18626,0.798,1.09628,1.09628,1.09628,1.09628,1.09628,1.09628,1.09628,1.09628,1.09628,1.09628,1.09628,1.09628,1.09628,1.09628,1.09628,1.09628,1.09628,1.09628,1.09628,12,6,6
0.886667,1.33,1.30783,1.18592,0.991958,0.798,0.798,0.798,0.798,1.2635,1.05292,0.842333,1.17483,0.986417,0.798,0.9975,1.16375,0.980875,0.798,1.064,1.33,1.35217,1.34108,1.33554,1.33277,1.06539,0.798,0.886667,1.21917,1.23025,1.05846,0.886667,1.01967,1.17483,1.34108,1.40204,1.32169,1.37018,1.35009,1.42871,1.44586,1.12193,0.798,1.064,0.931,0.798,0.798,1.1305,1.23025,1.28012,1.30506,1.36186,1.3681,1.39338,1.38386,1.09093,0.798,0.798,0.8645,1.07508,1.04737,1.07785,1.31476,1.41105,1.32619,1.43893,1.34013,1.40157,1.34362,1.33681,1.3999,1.49795,1.61348,1.51607,1.55604,1.17702,0.798,0.842333,1.064,1.197,1.30783,1.40758,1.36879,1.4159,1.10695,0.798,0.798,0.798,0.798,0.798,0.798,0.798,1.2635,1.16375,1.02521,0.886667,0.798,1.21917,1.25242,1.06954,0.886667,0.886667,1.064,0.931,0.798,0.798,1.17483,1.36325,1.55167,1.12223,1.12223,1.12223,1.12223,1.12223,1.12223,1.12223,1.12223,1.12223,1.12223,1.12223,1.12223,1.12223,1.12223,1.12223,1.12223,1.12223,1.12223,1.12223,1.12223,1.12223,1.12223,1.12223,1.12223,20,5,3
1.15267,1.24133,1.24133,1.24133,1.04183,0.842333,1.064,0.931,0.798,0.975333,0.975333,0.975333,1.197,1.48517,1.40758,1.32446,1.19423,1.21778,1.11872,1.24653,1.2661,1.23155,1.12561,1.31647,1.50057,1.41528,1.10664,0.798,0.975333,0.886667,0.798,0.9975,1.14158,1.12496,1.18315,1.21224,1.24895,1.22298,1.18782,1.21458,1.20579,1.55606,1.62036,1.34218,1.15876,1.22221,1.38694,1.22547,1.18907,0.993534,0.798,0.908833,0.986417,1.00304,1.10002,1.17068,1.49417,1.36775,1.34888,1.31727,1.43447,1.3379,1.46695,1.37631,1.22015,1.18641,1.16954,1.1611,1.24555,1.37644,1.61922,1.38594,1.18064,1.07799,1.13749,1.01208,0.886667,1.17483,1.09725,0.947625,0.798,1.01967,1.08617,1.27458,1.23579,1.23856,1.35078,1.22956,1.03595,0.842333,1.197,1.2635,1.27458,1.03629,0.798,0.798,0.9975,1.40758,1.28012,1.2164,1.2067,1.22402,1.23267,1.19267,1.26134,1.11833,1.02467,0.931,1.16747,1.16747,1.16747,1.16747,1.16747,1.16747,1.16747,1.16747,1.16747,1.16747,1.16747,1.16747,1.16747,1.16747,1.16747,1.16747,1.16747,1.16747,1.16747,1.16747,1.16747,1.16747,1.16747,1.16747,1.16747,18,7,3
0.975333,1.064,0.931,0.798,0.886667,1.01967,0.908833,0.798,0.798,1.064,1.10833,1.1305,0.96425,0.798,0.798,0.798,0.953167,1.16375,1.44637,1.36602,1.28151,1.21709,1.20704,1.24636,1.24384,1.19826,1.21979,1.18623,1.10295,1.23864,1.21782,1.22958,1.23546,1.23839,1.19553,1.0411,0.886667,0.798,1.01967,1.08617,1.20808,1.00304,0.798,0.798,0.798,0.798,0.886667,0.842333,0.798,0.886667,1.08617,1.31892,1.28012,1.2164,1.18453,1.1686,1.1163,1.17882,1.16574,1.24787,1.20027,1.04347,0.886667,0.798,0.798,0.975333,1.064,1.10833,1.35217,1.25242,1.42421,1.33277,1.44222,1.47478,1.31372,1.36619,1.12643,0.886667,0.798,1.064,1.10833,0.9975,0.886667,0.798,0.798,0.798,0.975333,1.10833,1.21917,1.00858,0.798,0.886667,1.064,1.15267,1.15267,1.197,1.24133,1.21917,1.31892,1.28012,1.3494,1.25103,1.24618,1.46542,1.35338,1.43036,1.29151,1.22209,1.34254,1.31411,1.25555,1.29278,1.31139,1.33,1.10361,1.10361,1.10361,1.10361,1.10361,1.10361,1.10361,1.10361,1.10361,1.10361,1.10361,1.10361,1.10361,1.10361,1.10361,1.10361,1.10361,1.10361,1.10361,20,6,7
0.886667,0.842333,0.798,0.886667,1.28567,1.17483,1.29675,1.31337,1.32169,1.41451,1.43876,1.38438,1.31286,1.09976,0.886667,0.798,0.798,0.798,0.886667,0.9975,0.919917,0.842333,0.842333,0.798,0.798,1.064,0.931,0.798,0.886667,1.15267,0.975333,0.798,0.798,0.798,0.798,0.8645,0.83125,0.798,0.886667,1.33,1.37433,1.35217,1.47408,1.46854,1.48794,1.49764,1.50248,1.15024,0.798,1.064,1.41867,1.33,1.35217,1.38542,1.40204,1.41035,1.50318,1.43876,1.60604,1.49019,1.43226,1.5363,1.56615,1.42591,1.59962,1.39831,1.56366,1.46899,1.64333,1.57533,1.51917,1.55758,1.44379,1.47556,1.40278,1.45506,1.43686,1.5386,1.47863,1.44865,1.27849,1.43725,1.33929,1.42331,1.39882,1.49741,1.19204,0.886667,0.798,1.15267,0.975333,0.798,1.08617,0.986417,0.886667,1.15267,0.975333,0.798,0.886667,1.2635,1.38542,1.57937,1.49902,1.41867,1.20288,1.20288,1.20288,1.20288,1.20288,1.20288,1.20288,1.20288,1.20288,1.20288,1.20288,1.20288,1.20288,1.20288,1.20288,1.20288,1.20288,1.20288,1.20288,1.20288,1.20288,1.20288,1.20288,1.20288,1.20288,1.20288,1.20288,1.20288,1.20288,2,1,3
1.50733,1.50733,1.41867,1.3965,1.09725,0.798,0.798,1.064,0.931,0.798,1.15267,1.24133,1.28567,1.24133,1.15267,1.10833,1.08617,1.11942,1.24687,1.42144,1.22055,1.09794,1.1253,1.36065,1.67783,1.28225,0.886667,0.9975,0.96425,0.947625,1.31615,1.36741,1.45954,1.39477,1.18505,1.08019,1.2051,1.31188,1.14361,1.01514,0.886667,0.886667,0.886667,1.21917,1.27458,1.08062,0.886667,0.798,1.064,1.10833,0.953167,0.798,1.1305,0.96425,0.798,0.798,0.798,0.886667,1.01967,0.908833,0.798,1.064,1.197,0.9975,0.798,1.08617,0.96425,0.842333,0.908833,1.11942,0.958708,0.798,0.886667,1.064,1.3965,1.40758,1.36879,1.32723,1.06261,0.798,1.08617,1.11942,0.958708,0.798,1.1305,1.34108,1.26904,1.25519,1.11526,0.95663,0.798,1.064,1.10833,1.2635,1.16375,1.40204,1.63202,1.39234,1.31684,1.05742,0.798,0.886667,1.10833,1.04183,0.96425,0.886667,1.10833,1.08617,0.986417,0.886667,0.842333,0.798,1.08949,1.08949,1.08949,1.08949,1.08949,1.08949,1.08949,1.08949,1.08949,1.08949,1.08949,1.08949,1.08949,1.08949,1.08949,1.08949,1.08949,1.08949,1.08949,1.08949,1.08949,14,7,8
1.10833,1.10833,1.08617,1.23025,1.08062,1.11665,1.20116,1.11041,1.15371,1.24185,1.21943,1.14171,1.25802,1.02801,0.798,1.064,1.04183,1.03075,1.18037,1.01135,0.842333,1.10833,1.21917,1.11942,1.20254,1.1776,1.1873,1.32515,1.19458,1.01845,0.842333,0.931,1.10833,1.15267,1.197,1.197,1.2635,1.11942,1.22471,1.25519,1.13743,1.18938,1.28186,1.2616,1.14063,1.36832,1.26049,1.07358,0.886667,1.064,0.953167,0.842333,1.04183,1.00858,1.21362,1.00581,0.798,0.886667,1.04183,1.09725,1.21362,1.36048,1.16791,1.29329,1.28948,1.1324,1.27554,1.30277,1.11688,1.20128,1.37647,1.22024,1.31945,1.23606,1.1722,1.22893,1.07997,1.20498,1.26749,1.25441,1.11487,1.06727,1.06563,1.02048,1.19741,1.08637,1.07519,1.18043,1.10005,1.08202,1.20601,1.11284,1.13275,1.29788,1.09227,0.886667,1.10833,0.953167,0.798,1.01967,1.17483,1.16375,1.31337,1.27735,1.08201,0.886667,1.10833,1.01967,1.17483,1.25242,1.11387,0.975333,1.12771,1.12771,1.12771,1.12771,1.12771,1.12771,1.12771,1.12771,1.12771,1.12771,1.12771,1.12771,1.12771,1.12771,1.12771,1.12771,1.12771,1.12771,1.12771,1.12771,1.12771,12,3,7
1.10833,1.463,1.3965,1.34108,1.22471,1.16652,1.24826,1.02313,0.798,1.17483,1.45192,1.47962,1.22748,1.03491,0.842333,0.798,0.798,0.798,1.15267,1.3965,1.09725,0.798,0.798,1.10833,1.37433,1.35217,1.34108,1.66804,1.49902,1.41451,1.63826,1.46196,1.12998,0.798,0.886667,0.886667,1.01967,1.2635,1.34108,1.40204,1.32169,1.41451,1.32792,1.30679,1.3184,1.27987,1.3271,1.41722,1.32927,1.06364,0.798,1.10833,1.24133,1.064,0.886667,1.197,1.41867,1.33,1.5295,1.60708,1.51287,1.46577,1.13189,0.798,1.17483,1.29675,1.22471,1.29952,1.35909,1.43321,1.38161,1.44447,1.4094,1.45837,1.48285,1.51726,1.5123,1.50981,1.39774,1.31954,1.05877,0.798,1.01967,1.01967,1.21917,1.23025,1.14712,1.23856,1.39511,1.11872,0.842333,0.886667,1.1305,1.00858,0.886667,1.28567,1.30783,1.38542,1.40204,1.36602,1.45884,1.48309,1.50733,1.23122,1.23122,1.23122,1.23122,1.23122,1.23122,1.23122,1.23122,1.23122,1.23122,1.23122,1.23122,1.23122,1.23122,1.23122,1.23122,1.23122,1.23122,1.23122,1.23122,1.23122,1.23122,1.23122,1.23122,1.23122,1.23122,1.23122,1.23122,1.23122,1.23122,26,7,12
1.41867,0.798,0.886667,1.15267,0.975333,0.798,0.886667,0.842333,0.798,0.798,0.798,0.886667,1.24133,1.33,1.37433,1.44083,1.65142,1.35771,1.56552,1.38126,1.1118,0.842333,0.842333,1.24133,1.08617,1.25242,1.33554,1.3771,1.35355,1.07578,0.798,0.798,1.10833,1.30783,1.36325,1.39096,1.36048,1.38957,1.18245,1.07889,1.07145,0.979057,0.886667,1.01967,1.197,1.37433,1.10833,0.842333,1.04183,1.00858,1.12496,1.13881,1.36741,1.39304,1.36152,1.43443,1.11621,0.798,0.975333,0.886667,0.798,0.798,0.798,0.798,0.798,1.15267,1.197,1.2635,1.14158,0.969792,0.798,0.798,1.10833,0.953167,0.798,0.931,0.8645,0.798,0.842333,0.886667,0.798,0.886667,0.886667,0.886667,1.10833,0.953167,0.798,1.10833,0.953167,0.798,1.2635,1.25242,1.33554,1.46577,1.70822,1.56344,1.44672,1.12236,0.798,1.30783,1.11942,1.49071,1.25519,1.27043,1.52188,1.64761,1.51097,1.57565,1.40849,1.24133,1.11617,1.11617,1.11617,1.11617,1.11617,1.11617,1.11617,1.11617,1.11617,1.11617,1.11617,1.11617,1.11617,1.11617,1.11617,1.11617,1.11617,1.11617,1.11617,1.11617,1.11617,1.11617,1.11617,14,4,0
0.975333,1.1305,1.36325,1.39096,1.67081,1.41174,1.43737,1.38368,1.42334,1.39884,1.58609,1.30288,1.31644,1.41189,1.68128,1.3948,1.40674,1.30187,1.29377,1.35622,1.52044,1.29222,1.42194,1.35381,1.38624,1.42462,1.39948,1.3869,1.53579,1.34423,1.40361,1.45547,1.4814,1.51653,1.17943,0.842333,0.9975,1.40758,1.34662,1.38265,1.40066,1.38749,1.38091,1.46629,1.35381,1.43057,1.35812,1.41056,1.32595,1.41664,1.32899,1.59549,1.28541,1.35204,1.49619,1.47959,1.49346,1.61123,1.33762,1.57764,1.36515,1.61358,1.31662,1.36764,1.34882,1.45024,1.41229,1.50414,1.43924,1.51762,1.37948,1.46557,1.39779,1.56339,1.4467,1.54351,1.45892,1.41663,1.43981,1.42924,1.35745,1.36589,1.34795,1.40547,1.34557,1.40429,1.30064,1.38182,1.31158,1.58679,1.30323,1.73778,2.17233,1.4097,1.4097,1.4097,1.4097,1.4097,1.4097,1.4097,1.4097,1.4097,1.4097,1.4097,1.4097,1.4097,1.4097,1.4097,1.4097,1.4097,1.4097,1.4097,1.4097,1.4097,1.4097,1.4097,1.4097,1.4097,1.4097,1.4097,1.4097,1.4097,1.4097,1.4097,1.4097,1.4097,1.4097,1.4097,1.4097,1.4097,1.4097,1.4097,1.4097,10,5,2
1.28567,1.21917,1.27458,1.23579,1.23856,1.21778,1.31822,1.23545,1.37139,1.30636,1.31818,1.27976,1.30488,1.25094,1.24614,1.24373,1.2647,1.25302,1.33584,1.33292,1.35363,1.27531,1.25832,1.2055,1.28991,1.19912,1.33106,1.33053,1.41893,1.3523,1.36332,1.30232,1.27183,1.25658,1.31546,1.30056,1.33745,1.31156,1.32078,1.21456,1.22794,1.16814,1.20474,1.20087,1.24327,1.26447,1.3194,1.28037,1.26085,1.20676,1.20188,1.15511,1.24255,1.17544,1.27489,1.23594,1.28297,1.26215,1.22958,1.21329,1.27164,1.21216,1.33758,1.28946,1.39839,1.3642,1.32493,1.28313,1.26223,1.22962,1.27981,1.2384,1.32854,1.3071,1.40722,1.30211,1.33822,1.26761,1.25447,1.22574,1.2557,1.22635,1.32251,1.28192,1.35029,1.29581,1.29074,1.24387,1.28694,1.24197,1.28598,1.28583,1.37441,1.33004,1.35219,1.27459,1.25796,1.22748,1.23441,1.2157,1.27285,1.30143,1.33,1.2782,1.2782,1.2782,1.2782,1.2782,1.2782,1.2782,1.2782,1.2782,1.2782,1.2782,1.2782,1.2782,1.2782,1.2782,1.2782,1.2782,1.2782,1.2782,1.2782,1.2782,1.2782,1.2782,1.2782,1.2782,1.2782,1.2782,1.2782,1.2782,1.2782,0,0,3
1.15267,1.15267,1.1305,1.11942,1.15821,1.08894,1.1208,1.0924,1.05603,1.08218,1.05093,1.05746,1.06073,1.06237,1.06318,1.10792,1.10813,1.1304,1.18587,1.16927,1.22747,1.1679,1.20462,1.13431,1.16565,1.13699,1.14483,1.17092,1.16179,1.20156,1.22145,1.23139,1.23636,1.28318,1.26226,1.22963,1.25765,1.27166,1.27866,1.48166,1.25067,1.53417,1.27692,1.52512,1.29456,1.42311,1.28789,1.28678,1.28622,1.24161,1.26364,1.27465,1.23583,1.34941,1.25104,1.46785,1.24376,1.37555,1.28627,1.28597,1.28582,1.24141,1.24137,1.24135,1.26351,1.27459,1.25796,1.27181,1.19007,1.17137,1.16202,1.17951,1.16609,1.22588,1.21144,1.20422,1.24494,1.22097,1.18682,1.16974,1.18337,1.21235,1.18251,1.21192,1.20446,1.2229,1.18778,1.17022,1.16145,1.17922,1.16594,1.15931,1.22249,1.40924,1.19229,1.17248,1.16257,1.17979,1.14406,1.17053,1.18376,1.19038,1.21586,1.2286,1.23496,1.23815,1.26191,1.28567,1.21487,1.21487,1.21487,1.21487,1.21487,1.21487,1.21487,1.21487,1.21487,1.21487,1.21487,1.21487,1.21487,1.21487,1.21487,1.21487,1.21487,1.21487,1.21487,1.21487,1.21487,1.21487,1.21487,1.21487,1.21487,0,1,0
1.10833,1.10833,1.01967,1.064,0.9975,1.09725,1.01412,1.12773,1.02936,1.11318,1.04426,1.1428,1.05906,1.12803,1.05168,1.08001,1.02767,1.09017,1.01058,1.08163,1.00631,1.12382,1.00524,0.886667,0.931,1.08617,1.00858,1.08062,1.05015,1.07924,1.02729,1.06781,0.999405,1.0982,1.03677,1.11688,1.04611,1.09939,1.08169,1.09501,1.07951,1.11609,1.02354,1.06594,0.998469,1.09773,1.03653,1.13893,1.03497,1.13815,1.03458,1.13795,1.05664,1.10466,1.01783,1.06308,1.04137,1.07485,1.02509,1.11105,1.02102,1.13118,1.07542,1.15838,1.04469,1.12084,1.04809,1.07821,1.02677,1.08972,1.01036,1.10368,1.03951,1.14042,1.05788,1.1496,1.08464,1.14082,1.05808,1.10537,1.01819,1.08543,1.03038,1.09152,1.01126,1.10413,1.0619,1.15162,1.06347,1.13024,1.05279,1.10273,1.03903,1.09585,1.01342,1.08305,1.00702,1.10201,1.01651,1.10675,1.04104,1.09685,1.03609,1.11655,1.02377,1.04389,0.987443,1.04789,0.989444,1.04889,0.967778,0.886667,0.908833,1.00858,0.925458,0.842333,0.886667,1.04183,0.986417,1.11387,1.0446,1.1208,1.00373,0.886667,1.05505,1.05505,1.05505,1.05505,1.05505,1.05505,1.05505,1.05505,1.05505,2,0,1
1.28567,1.24133,1.64033,1.35217,1.29675,1.04737,0.798,1.064,1.10833,1.1305,1.60708,1.31337,1.29952,1.09309,0.886667,1.08617,1.14158,1.14712,1.30506,1.05153,0.798,1.04183,0.919917,0.798,1.04183,1.03075,1.11387,1.22194,1.07647,1.11457,1.53262,1.25398,1.64665,1.35533,1.34266,1.13683,1.14475,0.993541,0.842333,0.953167,1.05292,0.991958,1.05015,1.19007,1.17137,1.16202,1.26818,1.21042,1.18154,1.61044,1.33722,1.26711,1.14339,1.14803,1.21685,1.31776,1.21305,1.29369,1.15668,1.15467,1.5305,1.27508,1.30254,1.05027,0.798,1.04183,1.16375,1.15821,1.26627,1.0543,0.842333,1.04183,1.09725,1.12496,1.22748,1.36741,1.23787,1.3061,1.14072,1.14669,1.59301,1.32851,1.30709,1.09688,0.886667,1.10833,0.975333,0.842333,1.37433,1.17483,1.54058,1.30229,1.31615,1.05707,0.798,1.44083,1.29675,1.60154,1.35494,1.7193,1.43598,1.38299,1.11266,0.842333,1.064,1.28567,1.18683,1.18683,1.18683,1.18683,1.18683,1.18683,1.18683,1.18683,1.18683,1.18683,1.18683,1.18683,1.18683,1.18683,1.18683,1.18683,1.18683,1.18683,1.18683,1.18683,1.18683,1.18683,1.18683,1.18683,1.18683,1.18683,1.18683,4,5,5
1.01967,1.064,1.15267,0.9975,0.842333,1.064,1.35217,1.62925,1.32446,1.65973,1.36186,1.3016,1.0498,0.798,1.3965,1.25242,1.24687,1.4436,1.40897,1.48032,1.71549,1.38975,1.69237,1.40035,1.65334,1.3365,1.62142,1.32054,1.6356,1.3498,1.69457,1.40145,1.65389,1.40328,1.32231,1.43699,1.67166,1.36783,1.68141,1.39487,1.29594,1.0913,0.886667,1.064,1.35217,1.29675,1.44637,1.63202,1.34801,1.62717,1.36775,1.30454,1.4281,1.33472,1.39886,1.3201,1.39155,1.64894,1.3343,1.66465,1.36433,1.61316,1.33858,1.26779,1.40973,1.3477,1.44968,1.70017,1.38209,1.71071,1.43169,1.66901,1.34434,1.29284,1.42225,1.35396,1.45281,1.67957,1.37179,1.66123,1.40695,1.34631,1.42682,1.35624,1.43179,1.64689,1.35545,1.58656,1.32528,1.32764,1.37315,1.28508,1.197,1.39303,1.39303,1.39303,1.39303,1.39303,1.39303,1.39303,1.39303,1.39303,1.39303,1.39303,1.39303,1.39303,1.39303,1.39303,1.39303,1.39303,1.39303,1.39303,1.39303,1.39303,1.39303,1.39303,1.39303,1.39303,1.39303,1.39303,1.39303,1.39303,1.39303,1.39303,1.39303,1.39303,1.39303,1.39303,1.39303,1.39303,1.39303,1.39303,1.39303,4,1,3
1.33,1.33,1.2635,1.34108,1.33554,1.39927,1.4533,1.41382,1.32758,1.30662,1.29614,1.31307,1.25504,1.31468,1.23368,1.304,1.27267,1.34567,1.33783,1.35608,1.27654,1.2811,1.23905,1.26236,1.20751,1.31309,1.21071,1.33686,1.28909,1.35388,1.09811,0.842333,1.17483,1.29675,1.33554,1.33277,1.37572,1.30853,1.3636,1.2803,1.34948,1.29541,1.3792,1.33244,1.30905,1.27519,1.28043,1.21655,1.25111,1.20189,1.26594,1.23147,1.32507,1.23887,1.32877,1.19638,1.21886,1.11926,1.1803,1.09998,1.19282,1.12841,1.20704,1.17985,1.27709,1.23705,1.32786,1.30676,1.38488,1.35744,1.32155,1.28144,1.26139,1.20703,1.26851,1.21059,1.24813,1.22256,1.29845,1.22556,1.32211,1.25956,1.29478,1.22372,1.23253,1.17043,1.20588,1.15711,1.24355,1.17594,1.25297,1.20282,1.31074,1.25387,1.29194,1.2223,1.25398,1.22549,1.27775,1.21521,1.42777,1.22372,1.27686,1.33,1.26922,1.26922,1.26922,1.26922,1.26922,1.26922,1.26922,1.26922,1.26922,1.26922,1.26922,1.26922,1.26922,1.26922,1.26922,1.26922,1.26922,1.26922,1.26922,1.26922,1.26922,1.26922,1.26922,1.26922,1.26922,1.26922,1.26922,1.26922,1.26922,2,0,0
2.17233,2.03933,1.5295,1.65142,1.33554,1.66527,1.36464,1.72415,1.34974,1.36204,1.10219,0.842333,1.48517,1.29675,1.55721,1.28844,1.19839,1.13119,1.11976,1.66821,1.36611,1.39239,1.09519,0.798,1.41867,1.2635,1.62925,1.34662,1.33831,1.37849,1.33208,1.37537,1.61869,1.31918,1.54625,1.32729,1.46165,1.28499,1.32966,1.2855,1.28558,1.26346,1.60706,1.2912,1.66527,1.36463,1.70198,1.40516,1.47841,1.33771,1.35602,1.34301,1.35867,1.32217,1.61425,1.33913,1.66706,1.34336,1.44752,1.32226,1.30396,1.36131,1.72249,1.39325,1.69412,1.37906,1.4432,1.34227,1.53563,1.29982,1.69174,1.37787,1.73077,1.39738,1.54103,1.34685,1.27192,1.03496,0.798,1.44083,1.27458,1.67912,1.3494,1.69436,1.35702,1.36567,1.37,1.32784,1.06292,0.798,1.41867,1.24133,1.28567,1.33,1.39325,1.39325,1.39325,1.39325,1.39325,1.39325,1.39325,1.39325,1.39325,1.39325,1.39325,1.39325,1.39325,1.39325,1.39325,1.39325,1.39325,1.39325,1.39325,1.39325,1.39325,1.39325,1.39325,1.39325,1.39325,1.39325,1.39325,1.39325,1.39325,1.39325,1.39325,1.39325,1.39325,1.39325,1.39325,1.39325,1.39325,1.39325,1.39325,0,0,0
1.15267,1.30783,1.49625,1.41312,1.1499,0.886667,1.10833,1.04183,1.05292,1.25796,1.47131,1.46716,1.64241,1.50837,1.15319,0.798,1.10833,1.48517,1.45192,1.54612,1.46023,1.57245,1.47339,1.64553,1.55426,1.6638,1.5634,1.49103,1.45485,1.43676,1.44988,1.52294,1.58164,1.52232,1.51483,1.42241,1.42054,1.33094,1.39697,1.38565,1.44649,1.43258,1.42562,1.55514,1.50907,1.48604,1.45235,1.50201,1.50467,1.55034,1.50667,1.55133,1.50717,1.48508,1.42971,1.44635,1.45468,1.45884,1.46092,1.57279,1.49573,1.54586,1.48227,1.58347,1.4789,1.20495,1.13447,1.2544,1.11487,1.08943,1.20972,1.53586,1.41076,1.17088,1.11744,1.22372,1.05519,0.886667,1.197,1.41867,1.44083,1.45192,1.45746,1.57106,1.49486,1.67843,1.54855,1.59444,1.50655,1.46261,1.41847,1.4629,1.50733,1.40115,1.40115,1.40115,1.40115,1.40115,1.40115,1.40115,1.40115,1.40115,1.40115,1.40115,1.40115,1.40115,1.40115,1.40115,1.40115,1.40115,1.40115,1.40115,1.40115,1.40115,1.40115,1.40115,1.40115,1.40115,1.40115,1.40115,1.40115,1.40115,1.40115,1.40115,1.40115,1.40115,1.40115,1.40115,1.40115,1.40115,1.40115,1.40115,1.40115,2,0,0
1.10833,0.975333,0.842333,1.5295,1.31892,1.72346,1.4159,1.30645,1.11872,1.09136,1.29935,1.04867,0.798,1.08617,0.986417,0.886667,1.37433,1.24133,1.6625,1.38542,1.13604,0.886667,0.975333,1.55167,1.33,1.064,0.798,0.975333,1.37433,1.2635,1.67358,1.34662,1.73731,1.42282,1.68674,1.37537,1.57435,1.36351,1.45759,1.14996,0.842333,1.55167,1.3965,1.71792,1.41312,1.3494,1.1402,1.1021,1.28255,1.08461,0.886667,0.842333,0.798,0.931,1.3965,1.25242,1.20254,1.0446,0.886667,0.908833,1.05292,1.05846,1.57106,1.31753,1.5676,1.29363,1.62215,1.32091,1.74662,1.42748,1.84424,1.49845,1.70239,1.42753,1.73343,1.37655,1.39761,1.0978,0.798,1.48517,1.27458,1.25796,1.02798,0.798,1.01967,0.931,0.842333,1.10833,0.953167,0.798,0.798,0.798,0.953167,1.38542,1.26904,1.67635,1.37018,1.46092,1.12946,0.798,0.886667,0.975333,1.22768,1.22768,1.22768,1.22768,1.22768,1.22768,1.22768,1.22768,1.22768,1.22768,1.22768,1.22768,1.22768,1.22768,1.22768,1.22768,1.22768,1.22768,1.22768,1.22768,1.22768,1.22768,1.22768,1.22768,1.22768,1.22768,1.22768,1.22768,1.22768,1.22768,1.22768,4,0,0
1.28567,1.24133,1.2635,1.25242,1.20254,1.2441,1.13189,1.12011,1.18072,1.25536,1.22618,1.25592,1.35946,1.27823,1.28195,1.28381,1.2404,1.26304,1.18568,1.14701,1.21634,1.33967,1.26833,1.29917,1.40325,1.32229,1.30398,1.27266,1.21266,1.24916,1.17875,1.16571,1.22569,1.30001,1.24851,1.26709,1.38721,1.2921,1.28889,1.24294,1.15347,1.1974,1.2637,1.20818,1.24693,1.44363,1.32031,1.32516,1.39408,1.29554,1.31277,1.21055,1.15944,1.22255,1.40928,1.28097,1.32765,1.39533,1.31833,1.32416,1.28275,1.17337,1.22952,1.30193,1.24946,1.28973,1.30987,1.25343,1.29172,1.26652,1.23176,1.28088,1.06161,0.842333,1.064,1.10833,1.1305,1.25242,1.29121,1.2441,1.26489,1.34178,1.26939,1.29969,1.20401,1.11184,1.19875,1.30871,1.25286,1.29143,1.33288,1.28711,1.26422,1.18628,1.12514,1.2054,1.28987,1.24343,1.28672,1.46353,1.35243,1.31905,1.34669,1.37433,1.25739,1.25739,1.25739,1.25739,1.25739,1.25739,1.25739,1.25739,1.25739,1.25739,1.25739,1.25739,1.25739,1.25739,1.25739,1.25739,1.25739,1.25739,1.25739,1.25739,1.25739,1.25739,1.25739,1.25739,1.25739,1.25739,1.25739,1.25739,1.25739,6,5,9
1.41867,1.3965,1.40758,1.41312,1.39373,1.51703,1.42352,1.48759,1.45313,1.39156,1.38295,1.35647,1.34324,1.46962,1.44414,1.45357,1.48045,1.44956,1.41195,1.39314,1.38374,1.37903,1.35452,1.40876,1.45805,1.46052,1.48393,1.47346,1.4239,1.48778,1.45322,1.41378,1.50489,1.28444,1.37372,1.44053,1.45176,1.45738,1.57102,1.42835,1.42351,1.50975,1.41988,1.3971,1.34139,1.35786,1.41043,1.30371,1.33902,1.35668,1.40984,1.39209,1.40538,1.43419,1.35993,1.41146,1.43723,1.31712,1.36789,1.32678,1.43922,1.29594,1.37947,1.33257,1.28695,1.33064,1.30815,1.29691,1.37996,1.24414,1.30924,1.31962,1.28048,1.2609,1.31762,1.21298,1.31582,1.21208,1.22671,1.21185,1.29309,1.17855,1.23211,1.23672,1.28336,1.24018,1.32942,1.28538,1.30769,1.27451,1.36876,1.26071,1.31752,1.32376,1.30471,1.28567,1.36859,1.36859,1.36859,1.36859,1.36859,1.36859,1.36859,1.36859,1.36859,1.36859,1.36859,1.36859,1.36859,1.36859,1.36859,1.36859,1.36859,1.36859,1.36859,1.36859,1.36859,1.36859,1.36859,1.36859,1.36859,1.36859,1.36859,1.36859,1.36859,1.36859,1.36859,1.36859,1.36859,1.36859,1.36859,1.36859,1.36859,18,9,14
1.15267,1.24133,1.30783,1.34108,1.40204,1.47685,1.44776,1.61055,1.47027,1.1563,0.842333,1.10833,1.3965,1.40758,1.50179,1.39373,1.56136,1.44568,1.56517,1.44759,1.49963,1.39265,1.44999,1.39,1.47083,1.44475,1.49821,1.43627,1.56047,1.44523,1.47628,1.40314,1.52174,1.44804,1.63285,1.48143,1.20621,1.15727,1.22147,1.07623,1.09228,1.18898,1.41465,1.35016,1.07408,0.798,1.064,1.44083,1.38542,1.53504,1.41035,1.43668,1.38334,1.42317,1.42092,1.44196,1.38598,1.18066,1.16666,1.22616,1.10075,1.12671,1.22835,1.03534,0.842333,1.10833,1.35217,1.36325,1.50179,1.43806,1.51703,1.44568,1.52084,1.40325,1.47746,1.38156,1.44445,1.40939,1.5027,1.46068,1.61701,1.49567,1.54584,1.48225,1.49479,1.39023,1.62611,1.50022,1.63678,1.48339,1.65053,1.49026,1.54313,1.39223,1.24133,1.3743,1.3743,1.3743,1.3743,1.3743,1.3743,1.3743,1.3743,1.3743,1.3743,1.3743,1.3743,1.3743,1.3743,1.3743,1.3743,1.3743,1.3743,1.3743,1.3743,1.3743,1.3743,1.3743,1.3743,1.3743,1.3743,1.3743,1.3743,1.3743,1.3743,1.3743,1.3743,1.3743,1.3743,1.3743,1.3743,1.3743,1.3743,0,2,0
2.08367,1.75117,1.36325,1.12496,0.886667,1.24133,1.28567,1.04183,0.798,1.08617,0.942083,0.798,1.04183,0.96425,0.886667,1.064,1.01967,1.08617,1.20808,1.02521,0.842333,1.08617,1.36325,1.32446,1.52673,1.4062,1.52327,1.47097,1.55565,1.42066,1.10933,0.798,1.064,1.064,1.064,1.197,1.064,1.01967,1.15267,0.9975,0.842333,1.15267,0.975333,0.798,0.842333,0.953167,0.96425,1.14712,1.3494,1.31753,1.12427,1.02763,1.17882,1.12141,1.11487,1.2446,1.0878,1.0094,1.21403,1.00602,0.798,1.04183,1.00858,1.10279,1.23856,1.48378,1.40689,1.21328,1.16081,1.2454,1.19903,1.10935,1.24184,1.46325,1.37446,1.15273,1.10837,1.21918,1.20809,1.13605,1.21086,1.02659,0.842333,1.08617,1.05292,0.969792,0.886667,0.975333,0.9975,1.18592,1.01412,0.842333,1.04183,1.07508,1.11387,1.2441,1.02105,0.798,1.04183,0.986417,0.914375,0.842333,0.842333,0.842333,1.10833,0.953167,0.798,1.15267,1.30783,1.31892,1.08062,0.842333,1.064,1.11161,1.11161,1.11161,1.11161,1.11161,1.11161,1.11161,1.11161,1.11161,1.11161,1.11161,1.11161,1.11161,1.11161,1.11161,1.11161,1.11161,1.11161,1.11161,1.11161,12,4,1
1.77333,1.596,1.61817,1.38542,1.37987,1.42144,1.28705,1.33069,1.44118,1.36342,1.36888,1.52677,1.38405,1.37919,1.4876,1.4088,1.3694,1.50487,1.3731,1.37372,1.10802,0.842333,0.842333,1.1305,1.03075,0.914375,0.798,1.04183,0.942083,0.842333,1.01967,1.197,1.064,0.975333,0.886667,1.17483,0.986417,0.798,0.886667,1.15267,1.41867,1.35217,1.34108,1.46854,1.35494,1.34247,1.07023,0.798,0.9975,1.20808,1.40204,1.36602,1.39234,1.49417,1.34559,1.35996,1.58881,1.39291,1.42795,1.46764,1.44315,1.38658,1.13662,0.886667,0.842333,1.08617,0.96425,0.842333,0.886667,1.1305,1.38542,1.33554,1.35494,1.09864,0.842333,1.04183,1.18592,1.43529,1.36048,1.41174,1.17137,0.984685,0.798,1.08617,1.07508,0.936542,0.798,1.064,0.9975,0.96425,1.12496,1.22748,1.03491,0.842333,1.04183,1.20808,1.49071,1.34385,1.38126,1.46646,1.33173,1.33087,1.06443,0.798,0.798,1.28567,1.19528,1.19528,1.19528,1.19528,1.19528,1.19528,1.19528,1.19528,1.19528,1.19528,1.19528,1.19528,1.19528,1.19528,1.19528,1.19528,1.19528,1.19528,1.19528,1.19528,1.19528,1.19528,1.19528,1.19528,1.19528,1.19528,1.19528,14,2,1
1.33,1.30783,1.31892,1.28012,1.32723,1.28428,1.37364,1.28532,1.32983,1.39641,1.38537,1.44635,1.49901,1.43667,1.42767,1.35667,1.38767,1.35883,1.38875,1.38154,1.44444,1.38722,1.44728,1.36647,1.32607,1.3502,1.36227,1.3018,1.3824,1.31187,1.5426,1.3698,1.6159,1.45078,1.58989,1.50428,1.43931,1.49549,1.45708,1.3492,1.4061,1.30155,1.38228,1.28964,1.39849,1.31991,1.34712,1.33856,1.33428,1.30997,1.38649,1.26958,1.45496,1.34814,1.56074,1.40104,1.54285,1.39209,1.56055,1.29011,1.57605,1.32003,1.48018,1.42726,1.55596,1.46515,1.50841,1.4192,1.39677,1.42988,1.46861,1.3993,1.49765,1.32516,1.37191,1.30662,1.34048,1.26874,1.36587,1.25927,1.3833,1.29015,1.50958,1.39762,1.62981,1.45774,1.5047,1.52818,1.51776,1.46821,1.46561,1.37564,1.37498,1.37433,1.4031,1.4031,1.4031,1.4031,1.4031,1.4031,1.4031,1.4031,1.4031,1.4031,1.4031,1.4031,1.4031,1.4031,1.4031,1.4031,1.4031,1.4031,1.4031,1.4031,1.4031,1.4031,1.4031,1.4031,1.4031,1.4031,1.4031,1.4031,1.4031,1.4031,1.4031,1.4031,1.4031,1.4031,1.4031,1.4031,1.4031,1.4031,1.4031,26,13,10
0.798,1.10833,0.975333,0.842333,1.17483,1.11942,1.09171,1.32169,1.17068,1.09517,1.56725,1.35996,1.38931,1.13799,0.886667,1.24133,1.41867,1.197,1.41867,1.28567,1.1305,1.31892,1.05846,0.798,1.08617,1.07508,1.04737,1.25519,1.24826,1.20046,1.33173,1.3087,1.18635,1.28034,1.03917,0.798,1.01967,0.9975,1.00858,1.25796,1.42698,1.20116,1.39858,1.40862,1.19198,1.34966,1.29549,1.22408,1.47654,1.13727,0.798,1.1305,1.31892,1.14712,1.37156,1.35078,1.25172,1.37953,1.48776,1.25372,1.29186,1.31093,1.2318,1.36957,1.37195,1.19581,1.41807,1.3297,1.21902,1.29668,1.31334,1.18867,1.6805,1.39442,1.67254,1.39044,1.36022,1.16778,1.09372,1.43353,1.27093,1.2118,1.42607,1.11203,0.798,1.21917,1.29675,1.18037,1.47685,1.40343,1.23371,1.37052,1.08426,0.798,0.842333,1.197,1.17483,1.16375,1.18037,0.989187,0.798,0.798,1.197,1.33,1.1305,0.931,1.20746,1.20746,1.20746,1.20746,1.20746,1.20746,1.20746,1.20746,1.20746,1.20746,1.20746,1.20746,1.20746,1.20746,1.20746,1.20746,1.20746,1.20746,1.20746,1.20746,1.20746,1.20746,1.20746,1.20746,1.20746,1.20746,1.20746,14,4,3
1.28567,1.37433,1.28567,1.30783,1.47408,1.40204,1.34385,1.44776,1.38888,1.31511,1.32255,1.19328,1.21731,1.27365,1.25749,1.27158,1.41162,1.34864,1.31716,1.52308,1.38221,1.31177,1.34305,1.24786,1.2446,1.33163,1.26432,1.27499,1.41333,1.3495,1.31758,1.52329,1.40448,1.34507,1.38187,1.33377,1.30972,1.23119,1.1476,1.21663,1.27332,1.21299,1.24933,1.4005,1.29875,1.27004,1.38869,1.33718,1.28926,1.28746,1.1979,1.24178,1.39672,1.3412,1.31343,1.52122,1.44777,1.36672,1.52569,1.40568,1.32351,1.34892,1.22863,1.25715,1.33791,1.28962,1.28764,1.04282,0.798,0.886667,1.10833,1.28567,1.2635,1.25242,1.18037,1.10002,1.19284,1.28359,1.24029,1.26298,1.58466,1.36866,1.34933,1.47267,1.33483,1.31025,1.20929,1.15881,1.22224,1.36479,1.34739,1.3387,1.55601,1.39867,1.34217,1.33609,1.28871,1.28719,1.19776,1.15305,1.10833,1.30299,1.30299,1.30299,1.30299,1.30299,1.30299,1.30299,1.30299,1.30299,1.30299,1.30299,1.30299,1.30299,1.30299,1.30299,1.30299,1.30299,1.30299,1.30299,1.30299,1.30299,1.30299,1.30299,1.30299,1.30299,1.30299,1.30299,1.30299,1.30299,1.30299,1.30299,1.30299,2,0,1
1.01967,1.24133,1.55167,1.33,1.64033,1.37433,1.35217,1.40758,1.65696,1.36048,1.61124,1.38195,1.37814,1.42057,1.61912,1.31939,1.61286,1.33843,1.31205,1.38752,1.35876,1.38871,1.62536,1.36685,1.57009,1.47221,1.64494,1.5318,1.45307,1.32503,1.32752,1.55043,1.61755,1.45161,1.7233,1.41582,1.30641,1.0522,0.798,1.10833,1.2635,1.62925,1.36879,1.10556,0.842333,0.908833,1.09725,1.30229,1.62648,1.34524,1.64795,1.33381,1.3984,1.3642,1.4136,1.41613,1.4839,1.45128,1.43498,1.42682,1.66658,1.34312,1.44739,1.4552,1.48127,1.40563,1.41215,1.48191,1.73845,1.40123,1.38778,1.46972,1.46636,1.44251,1.69659,1.35813,1.14456,1.12645,1.09522,1.52295,1.24914,1.31174,1.07703,0.842333,0.842333,0.975333,1.17483,0.986417,0.798,1.08617,1.14158,1.12496,0.961479,0.798,1.01967,1.24133,1.3379,1.3379,1.3379,1.3379,1.3379,1.3379,1.3379,1.3379,1.3379,1.3379,1.3379,1.3379,1.3379,1.3379,1.3379,1.3379,1.3379,1.3379,1.3379,1.3379,1.3379,1.3379,1.3379,1.3379,1.3379,1.3379,1.3379,1.3379,1.3379,1.3379,1.3379,1.3379,1.3379,1.3379,1.3379,1.3379,1.3379,6,7,5
0.798,0.842333,0.886667,0.798,0.908833,1.20808,1.31337,1.23302,1.37018,1.21709,1.20704,1.31286,1.05543,0.798,1.15267,1.24133,1.10833,1.33,1.33,1.197,1.2635,1.25242,1.11387,1.35494,1.27597,1.16998,1.40516,1.25675,1.07171,0.886667,0.953167,1.18592,1.01412,0.842333,1.01967,0.9975,1.34108,1.29121,1.15544,1.35355,1.14228,1.0588,0.928402,0.798,0.798,0.931,1.28567,1.24133,1.17483,0.986417,0.798,0.798,0.886667,1.197,1.35217,1.16375,1.49071,1.32169,1.10418,0.886667,0.798,0.886667,0.931,1.197,1.04183,0.886667,1.24133,1.01967,0.798,0.798,0.798,0.798,0.886667,0.842333,0.798,1.197,1.30783,1.09725,0.886667,1.197,1.197,1.10833,1.28567,1.2635,1.16375,1.37987,1.1776,1.07647,1.24757,1.24445,1.17639,1.43053,1.2916,1.15563,1.35365,1.20882,1.18075,1.34404,1.51435,1.48868,1.25417,1.18125,0.989626,0.798,0.798,0.931,1.15267,1.2635,1.18592,1.34662,1.07231,0.798,1.24133,1.11119,1.11119,1.11119,1.11119,1.11119,1.11119,1.11119,1.11119,1.11119,1.11119,1.11119,1.11119,1.11119,1.11119,1.11119,1.11119,1.11119,1.11119,1.11119,1.11119,4,1,0
0.798,0.798,0.886667,0.798,1.2635,1.25242,1.29121,1.22194,1.09864,0.948318,0.798,0.798,0.798,0.9975,1.29675,1.35771,1.25519,1.42559,1.42213,1.19873,1.35303,1.45235,1.47984,1.36059,1.30096,1.47065,1.20082,1.30975,1.29771,1.49119,1.18893,0.886667,1.15267,1.41867,1.197,1.08617,1.16375,1.11387,1.22194,1.36464,1.32515,1.15024,0.974121,0.798,0.798,1.064,0.931,0.798,0.798,0.886667,1.10833,1.08617,0.942083,0.798,0.798,0.798,0.798,0.886667,0.798,0.886667,1.08617,1.42975,1.33554,1.2441,1.24272,1.02036,0.798,0.798,0.798,0.798,0.842333,0.886667,0.886667,1.197,1.08617,0.942083,0.798,0.975333,0.975333,1.064,1.01967,1.28567,1.08617,0.886667,0.842333,0.798,0.798,0.886667,1.064,1.10833,0.9975,0.886667,0.842333,0.798,0.798,0.798,0.798,0.798,0.886667,0.842333,0.798,1.1305,1.40758,1.23579,1.2829,1.08478,0.886667,1.064,0.931,0.798,1.01967,1.15267,1.064,1.01967,0.9975,0.942083,0.886667,0.798,1.03867,1.03867,1.03867,1.03867,1.03867,1.03867,1.03867,1.03867,1.03867,1.03867,1.03867,1.03867,1.03867,1.03867,1.03867,4,4,1
0.975333,0.886667,0.798,0.9975,1.25242,1.20254,1.0446,0.886667,0.842333,0.798,0.798,1.064,1.2635,1.11942,1.13604,1.10002,1.30368,1.27251,1.03525,0.798,1.197,1.44083,1.31892,1.36879,1.52673,1.36186,1.3681,1.23822,1.19544,1.15189,1.35178,1.27439,1.16919,1.16093,1.33413,1.48723,1.34212,1.40256,1.32195,1.14864,1.12849,1.25141,1.20204,1.22169,1.18718,1.34725,1.20563,1.00181,0.798,1.1305,1.14158,1.01412,0.886667,0.842333,0.798,0.886667,0.798,1.064,1.2635,1.16375,1.24687,1.19977,1.26489,1.12011,1.00339,0.886667,1.197,0.9975,0.798,1.01967,0.908833,0.798,0.798,0.842333,0.886667,1.17483,0.986417,0.798,0.886667,1.10833,1.04183,0.96425,0.886667,1.197,0.9975,0.798,1.01967,1.2635,1.27458,1.16929,1.11665,1.31199,1.43183,1.31441,1.45521,1.37044,1.15072,1.10736,1.30735,1.36301,1.16917,1.07225,1.28979,1.08823,0.886667,0.798,1.10833,1.1305,1.00858,0.886667,0.931,0.975333,1.10603,1.10603,1.10603,1.10603,1.10603,1.10603,1.10603,1.10603,1.10603,1.10603,1.10603,1.10603,1.10603,1.10603,1.10603,1.10603,1.10603,1.10603,1.10603,1.10603,1.10603,0,3,2
1.33,1.197,1.33,1.37433,1.2635,1.34108,1.31337,1.21085,1.24826,1.13396,1.07682,1.24774,1.37754,1.24294,1.37513,1.37473,1.08637,0.798,1.08617,1.34108,1.31337,1.38819,1.31476,1.05638,0.798,1.08617,1.20808,1.00304,0.798,1.10833,1.30783,1.23025,1.34662,1.33831,1.06816,0.798,1.10833,1.1305,0.986417,0.842333,1.1305,0.96425,0.798,0.798,1.08617,1.00858,0.947625,0.886667,1.15267,1.37433,1.2635,1.34108,1.18037,1.16652,1.33693,1.28913,1.04357,0.798,1.064,1.21917,1.14158,1.23579,1.1499,1.17345,1.34039,1.37953,1.31043,1.32022,1.21427,1.11697,1.22349,1.21024,1.13712,1.25573,1.24853,1.37793,1.2653,1.31982,1.45791,1.26095,1.33981,1.42357,1.37679,1.35339,1.1422,1.01443,0.886667,1.10833,1.17483,1.09725,1.25796,1.33831,1.24549,1.33208,1.19804,1.08669,1.23051,1.28025,1.21646,1.2289,1.01345,0.798,0.798,0.798,1.064,1.24133,1.04183,0.842333,1.16572,1.16572,1.16572,1.16572,1.16572,1.16572,1.16572,1.16572,1.16572,1.16572,1.16572,1.16572,1.16572,1.16572,1.16572,1.16572,1.16572,1.16572,1.16572,1.16572,1.16572,1.16572,1.16572,1.16572,1.16572,10,8,4
0.798,1.28567,1.08617,0.886667,0.886667,0.798,1.197,1.197,1.48517,1.23025,1.10279,0.994729,0.886667,0.842333,1.197,1.1305,0.96425,0.798,0.8645,1.03075,1.31337,1.21085,1.24826,1.39996,1.25415,1.31424,1.54379,1.28173,1.3502,1.29577,1.42372,1.39902,1.47535,1.20317,1.28875,1.22071,1.03152,0.842333,0.931,1.28567,1.17483,1.29675,1.20254,1.3106,1.27597,1.21432,1.18349,1.30108,1.20471,1.20085,1.19893,1.3088,1.34156,1.38012,1.17772,1.2982,1.26976,1.03388,0.798,0.975333,1.15267,1.44083,1.20808,1.04737,0.886667,0.8645,0.842333,1.04183,1.40758,1.30229,1.31615,1.50041,1.63687,1.46127,1.66163,1.45148,1.12474,0.798,1.1305,1.14158,1.05846,1.06123,1.46161,1.46231,1.46265,1.35199,1.56266,1.402,1.52117,1.46992,1.57729,1.36498,1.56916,1.42741,1.26787,1.03294,0.798,1.1305,1.27458,1.52396,1.33831,1.48932,1.40966,1.10383,0.798,1.2139,1.2139,1.2139,1.2139,1.2139,1.2139,1.2139,1.2139,1.2139,1.2139,1.2139,1.2139,1.2139,1.2139,1.2139,1.2139,1.2139,1.2139,1.2139,1.2139,1.2139,1.2139,1.2139,1.2139,1.2139,1.2139,1.2139,1.2139,14,6,4
0.886667,1.04183,1.27458,1.28012,1.06123,0.842333,0.798,1.10833,0.953167,0.798,1.08617,1.00858,1.08062,1.16098,0.97949,0.798,1.10833,1.44083,1.40758,1.50179,1.4824,1.2067,1.00235,0.798,1.28567,1.35217,1.58492,1.52396,1.62648,1.50041,1.17137,0.842333,1.08617,1.38542,1.44637,1.47685,1.40343,1.14505,0.886667,1.17483,1.03075,0.886667,1.10833,0.9975,0.886667,1.15267,1.3965,1.45192,1.47962,1.49348,1.14574,0.798,1.197,1.3965,1.42975,1.46854,1.48794,1.14297,0.798,1.15267,1.064,1.10833,1.24133,1.08617,1.14158,0.969792,0.798,0.886667,1.197,0.9975,0.798,1.15267,1.04183,1.07508,1.29121,1.5101,1.48655,1.58561,1.47997,1.33849,1.22341,1.38754,1.1371,0.886667,1.197,1.3965,1.47408,1.49071,1.23302,1.05984,0.886667,1.17483,0.986417,0.798,0.798,0.798,0.798,1.10833,1.30783,1.05292,0.798,1.15267,1.28567,1.1305,0.975333,1.15892,1.15892,1.15892,1.15892,1.15892,1.15892,1.15892,1.15892,1.15892,1.15892,1.15892,1.15892,1.15892,1.15892,1.15892,1.15892,1.15892,1.15892,1.15892,1.15892,1.15892,1.15892,1.15892,1.15892,1.15892,1.15892,1.15892,1.15892,20,5,2
0.886667,0.842333,0.798,1.04183,0.96425,0.886667,1.15267,1.33,1.41867,1.48517,1.14158,0.798,0.798,0.798,0.798,0.798,0.798,0.798,0.798,1.064,0.931,0.798,0.798,0.842333,0.886667,0.886667,0.953167,1.07508,1.11387,1.3106,1.0543,0.798,1.10833,1.41867,1.41867,1.61817,1.56275,1.69021,1.53227,1.2538,1.13673,1.36637,1.43685,1.44993,1.45646,1.45973,1.52787,1.5176,1.1578,0.798,0.798,0.820167,0.842333,0.953167,0.875583,0.798,1.064,0.975333,0.886667,1.17483,0.986417,0.798,0.798,0.798,0.798,1.15267,1.30783,1.40758,1.45746,1.4824,1.18453,0.886667,0.886667,1.24133,1.33,1.37433,1.44083,1.49625,1.14712,0.798,0.798,0.798,0.798,0.798,0.798,1.064,1.30783,1.36325,1.08062,0.798,0.886667,0.798,0.798,1.15267,1.35217,1.34108,1.06954,0.798,0.798,1.1305,1.36325,1.43529,1.47131,1.13466,0.798,0.886667,0.842333,0.798,1.064,0.931,0.798,1.064,1.07169,1.07169,1.07169,1.07169,1.07169,1.07169,1.07169,1.07169,1.07169,1.07169,1.07169,1.07169,1.07169,1.07169,1.07169,1.07169,1.07169,1.07169,1.07169,1.07169,1.07169,12,5,7
1.50733,1.33,1.3965,1.09725,0.798,0.886667,1.197,1.04183,0.886667,1.10833,1.04183,1.14158,1.28012,1.03906,0.798,0.798,0.842333,0.798,0.886667,0.798,0.798,0.798,0.798,1.08617,1.16375,1.29121,1.0446,0.798,0.798,1.064,1.064,0.931,0.798,0.820167,0.842333,0.798,0.886667,0.798,1.10833,0.953167,0.798,0.975333,0.886667,0.798,0.798,1.064,1.2635,1.25242,1.22471,1.27735,1.12634,1.16167,1.02417,0.886667,0.842333,0.798,1.10833,0.953167,0.798,0.798,1.064,1.15267,0.975333,0.798,0.798,0.886667,1.17483,1.25242,1.02521,0.798,0.798,1.064,1.28567,1.33,1.064,0.798,0.842333,0.842333,0.798,0.8645,0.986417,0.892208,0.798,1.10833,0.9975,0.886667,1.15267,1.01967,0.886667,0.842333,0.798,0.798,0.975333,0.886667,0.798,0.886667,1.10833,0.953167,0.798,0.798,1.10833,1.17483,1.14158,1.32446,1.37156,1.30645,1.27389,1.03595,0.798,1.1305,1.14158,0.969792,0.798,0.798,0.798,0.842333,0.886667,0.886667,0.886667,0.886667,1.15267,0.982169,0.982169,0.982169,0.982169,0.982169,0.982169,0.982169,0.982169,0.982169,0.982169,0.982169,0.982169,4,1,3
1.15267,0.9975,0.842333,1.41867,1.28567,1.33,1.15267,1.197,1.2635,1.25242,1.18037,1.27735,1.21501,1.13951,1.21259,1.09396,1.12331,1.27099,1.30049,1.24875,1.33371,1.24319,1.24226,1.33046,1.2194,1.1417,1.21368,1.18317,1.19009,1.28221,1.26177,1.25155,1.06911,0.886667,1.33,1.33,1.21917,1.23025,1.28012,1.26073,1.25103,1.31268,1.36567,1.28134,1.32784,1.21808,1.22971,1.32419,1.14976,1.15121,1.21844,1.22989,1.23561,1.28281,1.5059,1.37362,1.39614,1.23007,1.2357,1.30502,1.45051,1.30159,1.31579,1.43373,1.3597,1.36702,1.30417,1.18409,1.27921,1.34894,1.29514,1.31257,1.34345,1.15939,1.2447,1.06568,0.886667,1.1305,1.00858,0.886667,0.798,1.10833,0.9975,0.886667,0.842333,1.08617,0.986417,0.886667,1.24133,1.21917,1.23025,1.28012,1.39373,1.38403,1.57868,1.18834,0.798,1.197,1.10833,1.1305,1.27458,1.25796,1.22748,1.27874,1.2157,1.15267,1.21232,1.21232,1.21232,1.21232,1.21232,1.21232,1.21232,1.21232,1.21232,1.21232,1.21232,1.21232,1.21232,1.21232,1.21232,1.21232,1.21232,1.21232,1.21232,1.21232,1.21232,1.21232,1.21232,1.21232,1.21232,1.21232,1.21232,2,0,0
1.37433,1.3965,1.45192,1.43529,1.47131,1.51149,1.53158,1.49729,1.63531,1.50482,1.28441,1.21854,1.3186,1.61247,1.51557,1.64445,1.53156,1.16478,0.798,1.10833,1.48517,1.42975,1.26904,1.21085,1.33693,1.55513,1.4869,1.16462,0.842333,1.1305,1.31892,1.36879,1.50456,1.46161,1.48447,1.45157,1.65679,1.58206,1.65553,1.49276,1.45572,1.32636,1.35035,1.18501,1.16884,1.29375,1.57788,1.4761,1.60255,1.53278,1.52005,1.49153,1.5216,1.4923,1.61065,1.49249,1.23391,1.19329,1.28381,1.12957,1.14112,1.23556,1.12761,1.14014,1.2794,1.54853,1.46143,1.63955,1.52911,1.56255,1.51278,1.59872,1.53086,1.5856,1.50213,1.15007,0.798,1.08617,0.942083,0.798,1.08617,1.05292,1.10279,1.26073,1.6057,1.51218,1.75359,1.58613,1.61323,1.49378,1.58922,1.45961,1.33,1.38117,1.38117,1.38117,1.38117,1.38117,1.38117,1.38117,1.38117,1.38117,1.38117,1.38117,1.38117,1.38117,1.38117,1.38117,1.38117,1.38117,1.38117,1.38117,1.38117,1.38117,1.38117,1.38117,1.38117,1.38117,1.38117,1.38117,1.38117,1.38117,1.38117,1.38117,1.38117,1.38117,1.38117,1.38117,1.38117,1.38117,1.38117,1.38117,1.38117,8,3,2
0.975333,0.798,0.798,1.01967,1.28567,1.30783,1.27458,1.34662,1.31615,1.25657,1.29329,1.35598,1.27649,1.39191,1.36096,1.30114,1.38207,1.33387,1.26543,1.34205,1.18086,1.2111,1.27055,1.30027,1.2708,1.34474,1.33737,1.28935,1.30968,1.342,1.29167,1.31083,1.23175,1.23654,1.37194,1.30664,1.27398,1.41283,1.32708,1.28421,1.3071,1.27422,1.21344,1.36039,1.27869,1.28218,1.32826,1.32913,1.28523,1.35195,1.38531,1.35765,1.38816,1.29258,1.28912,1.4204,1.28653,1.24177,1.13072,0.964358,0.798,0.975333,1.21917,1.38542,1.53504,1.36602,1.28151,1.28359,1.30679,1.27406,1.2577,1.36035,1.25651,1.24892,1.37813,1.35406,1.2977,1.35818,1.29976,1.27055,1.27811,1.30405,1.22836,1.14618,1.19376,1.21754,1.22944,1.01372,0.798,0.798,0.798,1.064,0.975333,0.886667,1.01967,0.953167,0.886667,1.01967,1.08617,1.05292,1.16929,1.05015,1.05707,1.19354,1.1731,1.15267,1.22269,1.22269,1.22269,1.22269,1.22269,1.22269,1.22269,1.22269,1.22269,1.22269,1.22269,1.22269,1.22269,1.22269,1.22269,1.22269,1.22269,1.22269,1.22269,1.22269,1.22269,1.22269,1.22269,1.22269,1.22269,1.22269,1.22269,2,0,0
1.10833,1.21917,1.16375,1.33554,1.1776,1.00997,0.842333,1.17483,1.25242,1.02521,0.798,1.08617,1.34108,1.33554,1.35494,1.3868,1.2919,1.35528,1.09881,0.842333,1.10833,1.2635,1.18592,1.01412,0.842333,1.17483,1.38542,1.33554,1.3771,1.33139,1.24203,1.30818,1.36342,1.32454,1.32727,1.2178,1.03007,0.842333,1.1305,1.11942,0.980875,0.842333,1.17483,1.00858,0.842333,0.842333,1.10833,1.197,1.21917,1.25242,1.29121,1.2441,1.30922,1.54128,1.3913,1.44932,1.19016,0.99408,0.798,1.15267,1.3965,1.31892,1.39096,1.27181,1.19007,1.2822,1.26177,1.22938,1.27969,1.48218,1.38392,1.44563,1.23265,1.03749,0.842333,1.17483,1.05292,0.991958,1.13881,1.27874,1.17137,1.13985,1.16843,0.983213,0.798,1.01967,1.01967,1.08617,1.16375,1.22471,1.23302,1.25934,1.07301,0.886667,0.9975,0.942083,0.886667,1.04183,0.986417,1.09171,1.12219,1.09309,1.14505,1.10452,1.15076,1.17388,1.20761,1.24133,1.15785,1.15785,1.15785,1.15785,1.15785,1.15785,1.15785,1.15785,1.15785,1.15785,1.15785,1.15785,1.15785,1.15785,1.15785,1.15785,1.15785,1.15785,1.15785,1.15785,1.15785,1.15785,1.15785,1.15785,1.15785,8,2,3
1.01967,1.24133,1.17483,1.20808,1.31337,1.14435,1.21501,1.33901,1.135,1.2325,1.34775,1.22804,1.23469,1.34884,1.25076,1.24604,1.39886,1.12059,0.842333,1.197,1.064,1.15267,1.35217,1.18592,1.14712,1.32723,1.15128,1.21847,1.31857,1.12479,1.16089,1.26761,1.14364,1.19249,1.30558,1.29562,1.24631,1.37682,1.33124,1.26412,1.36356,1.32461,1.28297,1.37299,1.19633,1.19666,1.352,1.23017,1.23575,1.41587,1.17344,1.20739,1.33519,1.0666,0.798,1.15267,1.61817,1.56275,1.24687,1.2441,1.39789,1.71861,1.61297,1.73749,1.64458,1.75329,1.56381,1.66857,1.63229,1.52548,1.49424,1.65595,1.55948,1.7329,1.55362,1.33098,1.24182,1.28591,1.21929,1.20814,1.29124,1.24412,1.15406,1.35286,1.54093,1.45763,1.39382,1.45057,1.34595,1.47098,1.42266,1.46499,1.48616,1.47458,1.60179,1.48806,1.2982,1.10833,1.32474,1.32474,1.32474,1.32474,1.32474,1.32474,1.32474,1.32474,1.32474,1.32474,1.32474,1.32474,1.32474,1.32474,1.32474,1.32474,1.32474,1.32474,1.32474,1.32474,1.32474,1.32474,1.32474,1.32474,1.32474,1.32474,1.32474,1.32474,1.32474,1.32474,1.32474,1.32474,1.32474,1.32474,1.32474,0,0,0
1.50733,1.37433,1.30783,1.23025,1.28012,1.2164,1.2067,1.26835,1.29917,1.27025,1.34446,1.2929,1.33362,1.28747,1.2644,1.34154,1.20277,1.17772,1.29819,1.3141,1.32205,1.32602,1.26151,1.31792,1.30179,1.22723,1.30078,1.22672,1.16753,1.2266,1.30047,1.38173,1.44453,1.40943,1.45838,1.43852,1.60593,1.46796,1.33248,1.26474,1.2752,1.21394,1.1833,1.25665,1.22683,1.18975,1.21554,1.1841,1.14622,1.21594,1.16214,1.1574,1.2437,1.15385,1.15326,1.24163,1.04198,0.842333,1.08617,1.03075,1.04737,1.18869,1.21501,1.20601,1.268,1.21033,1.22583,1.21142,1.20421,1.24494,1.24314,1.22007,1.25287,1.3136,1.2553,1.24832,1.20049,1.15441,1.22004,1.18635,1.19168,1.26084,1.25109,1.22404,1.27702,1.12618,1.16159,1.24579,1.1549,1.15378,1.30839,1.23053,1.14726,1.28297,1.12915,1.14091,1.21329,1.22731,1.27866,1.21566,1.20633,1.29033,1.11067,1.13167,1.1865,1.24133,1.2408,1.2408,1.2408,1.2408,1.2408,1.2408,1.2408,1.2408,1.2408,1.2408,1.2408,1.2408,1.2408,1.2408,1.2408,1.2408,1.2408,1.2408,1.2408,1.2408,1.2408,1.2408,1.2408,1.2408,1.2408,1.2408,1.2408,0,2,0
1.41867,1.50733,1.35217,1.47408,1.31337,1.27735,1.23718,1.23926,1.19596,1.21865,1.20782,1.29108,1.19971,1.24269,1.26418,1.31925,1.28029,1.30515,1.27324,1.27945,1.26039,1.2952,1.29043,1.35455,1.32011,1.34722,1.29428,1.28997,1.24349,1.28674,1.24187,1.3081,1.27472,1.34669,1.29401,1.31201,1.29884,1.27008,1.25571,1.29285,1.24493,1.30963,1.23115,1.34707,1.2942,1.3121,1.32105,1.28119,1.26126,1.3178,1.23523,1.30478,1.20656,1.31261,1.23264,1.32565,1.26133,1.29566,1.22416,1.25492,1.22596,1.23365,1.25966,1.31699,1.30133,1.2935,1.31175,1.29871,1.27002,1.25568,1.24851,1.31142,1.27638,1.30319,1.29443,1.29005,1.31002,1.29785,1.31392,1.32196,1.30381,1.31691,1.27912,1.34889,1.20645,1.29039,1.2437,1.30901,1.27517,1.30259,1.27196,1.27881,1.23791,1.26179,1.18506,1.23536,1.19402,1.21767,1.25167,1.2465,1.26608,1.27588,1.28567,1.28318,1.28318,1.28318,1.28318,1.28318,1.28318,1.28318,1.28318,1.28318,1.28318,1.28318,1.28318,1.28318,1.28318,1.28318,1.28318,1.28318,1.28318,1.28318,1.28318,1.28318,1.28318,1.28318,1.28318,1.28318,1.28318,1.28318,1.28318,1.28318,1.28318,20,6,8
1.41867,1.2635,1.25242,1.04737,0.842333,1.30783,1.40758,1.45746,1.5489,1.61678,1.47339,1.1357,0.798,0.9975,1.27458,1.03629,0.798,1.08617,1.11942,1.13604,1.27735,1.25934,1.16167,1.2015,1.15492,1.17596,1.27515,1.08091,0.886667,1.24133,1.064,0.886667,1.08617,1.05292,1.10279,1.52673,1.3397,1.68952,1.46542,1.44205,1.16436,0.886667,1.1305,0.986417,0.842333,1.10833,1.08617,1.07508,1.15821,1.1776,1.1208,1.31407,1.18903,1.14868,1.32801,1.15167,1.1965,1.21892,1.05279,0.886667,1.15267,1.064,1.064,1.21917,1.18592,1.14712,1.26073,1.16236,1.29052,1.39892,1.23146,1.21423,1.36078,1.07939,0.798,1.10833,0.9975,0.886667,1.197,1.01967,0.842333,1.1305,1.11942,1.09171,1.25519,1.02659,0.798,1.1305,1.07508,1.06954,1.2441,1.24272,1.19769,1.30818,1.11959,1.20263,1.31065,1.18732,1.17,1.27216,1.21242,1.20471,1.24519,1.28759,1.2423,1.35265,1.07532,0.798,1.16354,1.16354,1.16354,1.16354,1.16354,1.16354,1.16354,1.16354,1.16354,1.16354,1.16354,1.16354,1.16354,1.16354,1.16354,1.16354,1.16354,1.16354,1.16354,1.16354,1.16354,1.16354,1.16354,1.16354,1.16354,4,5,1
1.064,0.931,0.798,1.21917,1.05292,0.886667,0.798,0.931,0.953167,1.09725,1.12496,1.05015,1.12357,1.04945,1.10106,1.21553,1.00676,0.798,0.798,0.798,0.798,0.931,0.886667,0.842333,1.17483,1.07508,0.980875,0.886667,0.886667,0.798,0.798,0.842333,0.908833,0.986417,1.11387,1.0446,1.0543,1.28082,1.17241,1.07387,1.04677,0.922384,0.798,0.798,0.798,0.886667,0.931,1.04183,1.00858,1.03629,1.16098,1.06816,0.977411,0.886667,0.842333,0.798,0.886667,0.842333,0.798,0.975333,0.886667,0.798,1.15267,1.01967,0.886667,1.15267,1.28567,1.08617,0.886667,0.798,1.04183,0.919917,0.798,0.798,0.798,0.798,0.798,0.798,0.798,0.798,1.064,0.931,0.798,0.798,0.798,0.798,0.842333,0.886667,0.798,0.975333,0.908833,0.842333,0.953167,0.919917,0.886667,1.01967,0.908833,0.798,0.798,0.798,0.886667,0.975333,0.931,0.886667,1.01967,0.9975,1.11942,1.04737,0.944854,0.842333,1.1305,1.40758,1.19146,0.994729,0.798,1.01967,0.975333,0.931,0.886667,1.10833,1.17483,0.986417,0.798,0.948864,0.948864,0.948864,0.948864,0.948864,0.948864,0.948864,0.948864,0.948864,0.948864,18,7,6
0.975333,0.975333,1.1305,1.09725,1.21362,1.09448,1.21224,1.20462,1.22298,1.18782,1.21458,1.18362,1.21248,1.09391,1.27845,1.17123,1.33928,1.24597,1.28799,1.24249,1.28625,1.13079,1.14173,1.10286,1.19427,1.10697,1.12982,1.05257,1.25779,1.05006,0.842333,0.931,1.04183,1.23025,1.36879,1.2164,1.22886,1.21293,1.22713,1.23423,1.28212,1.12872,1.2072,1.22426,1.27713,1.39223,1.31678,1.38989,1.35995,1.25631,1.24882,1.20074,1.26537,1.18685,1.34709,1.29421,1.31211,1.32105,1.30336,1.27235,1.25684,1.24909,1.37821,1.19894,1.53047,1.20857,0.886667,1.197,1.3965,1.25242,1.24687,1.2441,1.33139,1.35286,1.3636,1.12513,0.886667,0.798,1.10833,1.2635,1.31892,1.39096,1.33831,1.42282,1.37641,1.48621,1.38594,1.4023,1.32182,1.37024,1.28362,1.26248,1.34057,1.42395,1.42131,1.48649,1.54124,1.39129,1.09464,0.798,0.798,1.1305,1.23025,1.28012,1.33,1.22913,1.22913,1.22913,1.22913,1.22913,1.22913,1.22913,1.22913,1.22913,1.22913,1.22913,1.22913,1.22913,1.22913,1.22913,1.22913,1.22913,1.22913,1.22913,1.22913,1.22913,1.22913,1.22913,1.22913,1.22913,1.22913,1.22913,1.22913,8,3,4
1.064,0.931,0.798,1.08617,1.07508,1.29121,1.35494,1.20947,1.00373,0.798,1.08617,1.07508,1.02521,1.08894,1.03214,0.959401,0.886667,0.975333,0.931,0.886667,1.04183,1.00858,0.947625,0.886667,0.886667,0.886667,1.064,1.15267,1.35217,1.34108,1.15821,1.15544,1.06539,1.06469,1.17518,1.14176,1.10288,1.14994,1.0183,0.886667,0.798,1.15267,1.01967,0.886667,1.33,1.197,1.28567,1.064,0.842333,0.931,0.8645,0.798,1.064,1.08617,1.18592,1.34662,1.42698,1.24549,1.02174,0.798,0.798,0.886667,1.1305,1.09725,1.30229,1.05015,0.798,0.931,0.908833,0.886667,0.931,1.04183,1.09725,1.12496,1.09448,0.990573,0.886667,0.931,0.9975,1.23025,1.32446,1.32723,1.32861,1.19631,1.26315,1.18574,1.12487,1.0501,1.05705,1.19353,1.21743,1.18505,1.12452,1.04993,1.01263,1.06048,0.973574,0.886667,0.886667,1.10833,0.953167,0.798,0.842333,1.064,0.953167,0.842333,0.842333,1.08617,1.34108,1.15821,1.1111,1.28705,1.26419,1.27493,1.36896,1.21648,1.064,1.06434,1.06434,1.06434,1.06434,1.06434,1.06434,1.06434,1.06434,1.06434,1.06434,1.06434,1.06434,1.06434,1.06434,1.06434,1.06434,6,2,5
1.68467,1.55167,1.35217,1.07508,0.798,0.975333,0.975333,1.15267,1.28567,1.37433,1.57383,1.45192,1.12496,0.798,0.798,0.798,0.886667,0.842333,0.798,0.975333,0.953167,1.05292,0.969792,0.886667,0.798,0.798,1.10833,1.04183,0.919917,0.798,0.798,0.798,0.886667,1.15267,1.24133,1.33,1.15267,0.975333,0.798,0.8645,0.919917,1.08062,1.07231,0.97949,0.886667,1.33,1.17483,1.18592,1.41312,1.10556,0.798,0.931,1.21917,1.42975,1.11387,0.798,0.953167,1.09725,1.25796,1.02798,0.798,0.886667,1.08617,1.40758,1.43529,1.11665,0.798,0.886667,0.886667,0.886667,1.10833,1.21917,1.31892,1.45746,1.23856,1.06261,0.886667,0.842333,0.798,0.798,1.01967,1.2635,1.18592,0.991958,0.798,0.798,0.798,1.10833,1.17483,1.07508,1.11387,0.955937,0.798,0.931,1.17483,0.986417,0.798,0.798,0.842333,0.886667,0.886667,0.842333,0.798,1.197,1.30783,1.31892,1.39096,1.38265,1.13466,0.886667,1.10833,0.953167,0.798,1.10833,1.41867,1.04625,1.04625,1.04625,1.04625,1.04625,1.04625,1.04625,1.04625,1.04625,1.04625,1.04625,1.04625,1.04625,1.04625,1.04625,1.04625,1.04625,1.04625,14,7,5
0.798,0.908833,0.986417,1.18037,1.16652,1.20393,1.1783,1.20982,1.33641,1.4662,1.30944,1.27538,1.30269,1.13901,0.968506,0.798,0.798,1.15267,1.10833,1.17483,1.03075,0.886667,0.842333,0.798,0.886667,0.886667,0.931,1.1305,1.27458,1.16929,1.29398,1.33416,1.24341,1.33104,1.28619,1.26376,1.29688,1.24694,1.11114,1.17623,1.20878,1.09206,1.1667,1.15968,1.15617,1.22092,1.23113,1.14756,1.15012,1.15139,1.19636,1.26318,1.36309,1.12488,0.886667,0.798,0.798,0.953167,1.25242,1.20254,1.00027,0.798,1.10833,0.9975,0.886667,1.064,1.37433,1.1305,0.886667,0.798,0.975333,1.17483,1.16375,1.02521,0.886667,0.975333,1.064,1.10833,1.21917,1.27458,1.21362,1.11665,1.00166,0.886667,0.798,0.886667,0.975333,0.931,0.886667,0.9975,1.16375,1.20254,1.3106,1.27597,1.34732,1.44949,1.16808,0.886667,0.886667,0.798,0.886667,1.064,1.197,1.24133,1.197,1.17483,0.986417,0.798,1.10833,1.2635,1.23025,1.28012,1.30506,1.33,1.10142,1.10142,1.10142,1.10142,1.10142,1.10142,1.10142,1.10142,1.10142,1.10142,1.10142,1.10142,1.10142,1.10142,1.10142,1.10142,1.10142,1.10142,1.10142,28,7,9
0.886667,0.886667,0.886667,0.886667,1.15267,0.975333,0.798,0.798,0.798,1.15267,1.15267,1.01967,0.886667,0.886667,0.886667,0.842333,0.953167,1.14158,0.969792,0.798,0.798,0.798,0.798,0.886667,0.931,1.28567,1.21917,1.05292,0.886667,0.842333,0.798,0.842333,0.886667,0.842333,0.798,0.886667,0.798,1.01967,0.953167,0.886667,0.886667,0.842333,0.798,0.886667,0.798,0.931,0.9975,1.07508,0.958708,0.842333,0.842333,0.842333,0.908833,0.89775,0.886667,0.798,0.798,0.798,0.886667,0.931,0.9975,1.20808,1.09171,1.07785,0.98226,0.886667,0.886667,0.886667,0.975333,0.975333,1.1305,1.00858,0.886667,0.886667,1.10833,0.953167,0.798,0.798,0.975333,1.01967,1.197,1.1305,1.18592,1.12496,1.09448,1.21224,1.18245,1.12323,1.00495,0.886667,0.886667,0.842333,0.798,0.886667,0.886667,1.197,1.3965,1.14158,0.886667,0.886667,0.931,0.886667,0.842333,0.798,0.886667,0.953167,1.09725,0.947625,0.798,0.798,0.798,0.931,0.975333,0.931,0.886667,0.908833,0.89775,0.886667,0.798,0.886667,0.798,0.886667,0.886667,0.798,0.798,0.886667,0.842333,0.886667,0.931,0.908833,0.886667,0.886667,0.93404,20,11,6
1.41867,0.798,0.842333,0.886667,0.975333,1.15267,1.28567,1.21917,1.23025,1.39096,1.09448,0.798,0.886667,0.975333,1.197,1.1305,0.96425,0.798,1.15267,1.1305,1.27458,1.25796,1.16098,1.11249,1.08824,1.25346,1.24739,1.1557,0.999015,0.842333,0.886667,1.064,1.10833,1.1305,1.00858,0.886667,1.17483,1.16375,1.37987,1.4436,1.40897,1.43598,1.40516,1.14591,0.886667,1.10833,1.21917,1.31892,1.28012,1.2164,1.16236,1.29052,1.31026,1.1428,1.01473,0.886667,0.798,0.886667,1.30783,1.18592,1.21362,1.36048,1.07924,0.798,0.975333,0.886667,0.798,1.01967,1.08617,1.11942,1.18037,1.21085,1.18176,1.16721,1.11561,1.11197,1.08799,0.942993,0.798,0.798,0.798,0.798,0.842333,0.886667,0.886667,0.886667,0.842333,1.1305,0.96425,0.798,0.798,0.886667,1.21917,1.00858,0.798,0.975333,1.10833,0.953167,0.798,0.798,0.798,0.931,1.21917,1.34108,1.24687,1.15544,1.15405,1.15336,1.19735,1.30801,1.42984,1.20258,1.17763,1.20948,1.04807,0.886667,1.0771,1.0771,1.0771,1.0771,1.0771,1.0771,1.0771,1.0771,1.0771,1.0771,1.0771,1.0771,1.0771,1.0771,1.0771,1.0771,1.0771,16,5,5
1.15267,0.975333,0.798,1.064,0.931,0.798,0.886667,0.842333,0.798,0.798,1.15267,1.24133,1.37433,1.48517,1.38542,1.35771,1.07785,0.798,0.886667,0.798,0.798,1.04183,1.27458,1.03629,0.798,0.798,1.01967,0.908833,0.798,1.15267,0.975333,0.798,0.798,0.842333,0.886667,0.842333,1.17483,1.38542,1.31337,1.32169,1.43668,1.33901,1.0685,0.798,0.886667,0.842333,0.798,0.886667,0.8645,0.842333,0.798,0.886667,0.886667,0.886667,0.953167,0.96425,1.10279,0.950396,0.798,1.064,0.975333,0.886667,1.064,0.975333,0.886667,1.10833,1.01967,1.08617,1.18592,1.16929,1.09448,1.34524,1.49279,1.41139,1.5702,1.42793,1.20163,1.04415,0.886667,0.8645,0.842333,1.08617,0.942083,0.798,1.01967,0.908833,0.798,1.04183,1.42975,1.37987,1.62094,1.5198,1.60223,1.44395,1.56431,1.35849,1.45508,1.39254,1.4056,1.32347,1.50407,1.3727,1.57302,1.38501,1.4905,1.36592,1.43663,1.29465,1.42316,1.33224,1.10946,0.886667,1.10198,1.10198,1.10198,1.10198,1.10198,1.10198,1.10198,1.10198,1.10198,1.10198,1.10198,1.10198,1.10198,1.10198,1.10198,1.10198,1.10198,1.10198,1.10198,1.10198,1.10198,14,7,8
1.064,0.975333,0.886667,0.886667,0.842333,0.820167,0.798,0.886667,0.886667,0.886667,0.842333,0.798,0.798,0.886667,0.798,0.798,0.798,0.886667,0.798,1.01967,0.9975,0.942083,0.886667,0.975333,0.886667,0.798,1.064,0.931,0.798,1.15267,1.064,0.953167,0.842333,0.798,0.798,0.931,0.8645,0.798,0.953167,1.03075,0.980875,1.06677,1.02105,1.04253,1.14193,1.05863,1.10565,1.12916,1.09658,1.16896,1.20514,1.06807,1.06604,1.15368,1.10884,0.997755,0.886667,0.798,0.886667,0.975333,0.953167,1.05292,1.10279,1.0834,0.985031,0.886667,0.886667,0.886667,0.798,0.798,0.886667,0.886667,1.15267,1.064,1.064,1.28567,1.17483,0.986417,0.798,0.931,0.9975,1.18592,1.03629,0.886667,0.886667,0.886667,0.886667,0.886667,0.798,0.798,0.798,0.842333,0.886667,0.798,0.886667,1.01967,1.08617,1.07508,1.15821,1.2441,1.17622,0.987109,0.798,0.798,1.10833,0.953167,0.798,0.842333,1.17483,1.07508,1.11387,1.02244,1.19839,1.44153,1.1641,0.886667,1.064,1.24133,1.15267,1.08617,1.18592,1.28567,0.975743,0.975743,0.975743,0.975743,0.975743,0.975743,0.975743,0.975743,0.975743,0.975743,0.975743,12,9,9
1.24133,1.01967,0.798,0.842333,0.886667,0.931,0.908833,0.886667,1.08617,0.942083,0.798,1.01967,0.975333,0.9975,1.16375,0.980875,0.798,0.9975,1.29675,1.51287,1.19977,0.886667,1.1305,1.23025,1.14712,1.10556,1.32861,1.32931,1.41832,1.37416,1.30775,1.25237,1.29119,1.26626,1.34246,1.33623,1.33312,1.30939,1.36403,1.43568,1.38284,1.26775,1.05504,0.842333,0.798,0.798,0.798,0.886667,0.886667,0.886667,0.842333,0.798,0.886667,1.10833,1.17483,1.03075,0.886667,0.975333,0.931,0.886667,0.975333,0.886667,0.798,0.798,1.064,1.15267,1.064,0.931,0.798,0.908833,1.07508,0.936542,0.798,1.17483,1.23025,1.30229,1.42698,1.28982,1.11041,1.02071,1.28619,1.19726,1.26363,1.27465,1.23582,1.06125,0.886667,0.931,0.8645,0.798,0.931,0.908833,0.886667,0.975333,0.931,0.886667,1.197,1.08617,1.03075,1.20254,1.0446,0.886667,0.798,0.886667,1.064,1.17483,1.20808,1.09171,1.16652,1.02659,0.886667,0.975333,1.17483,1.11942,1.18037,1.24133,1.06117,1.06117,1.06117,1.06117,1.06117,1.06117,1.06117,1.06117,1.06117,1.06117,1.06117,1.06117,1.06117,1.06117,1.06117,1.06117,1.06117,8,2,2
1.10833,1.064,1.197,1.28567,1.197,1.21917,1.20808,1.18037,1.16652,1.13743,1.10071,1.14886,1.28376,1.19605,1.15219,1.21893,1.20796,1.20248,1.26624,1.16512,1.18106,1.16686,1.0046,0.842333,1.30783,1.29675,1.22471,1.01135,0.798,0.9975,1.00858,1.14712,1.10556,1.08478,1.25172,1.35736,1.25501,1.15951,1.24475,1.15438,1.08702,1.11984,1.04759,1.10013,1.23723,1.08412,1.14056,1.23528,1.06097,0.886667,1.064,1.10833,1.1305,1.23025,1.03629,0.842333,1.04183,1.00858,1.01412,1.1499,1.08478,1.07439,1.22436,1.03335,0.842333,1.37433,1.30783,1.29675,1.11387,1.08894,1.16514,1.11457,1.11145,1.15423,1.02045,0.886667,0.975333,0.953167,1.07508,1.09171,1.03352,1.04876,1.18938,1.08236,1.09535,1.21267,1.04967,0.886667,1.01967,0.953167,0.886667,1.01967,0.953167,0.886667,1.01967,1.04183,1.11942,1.18037,1.16652,1.13743,1.10071,1.08236,1.29485,1.26809,1.07738,0.886667,1.17483,0.986417,0.798,1.01967,0.9975,1.09725,1.12496,1.15267,1.10495,1.10495,1.10495,1.10495,1.10495,1.10495,1.10495,1.10495,1.10495,1.10495,1.10495,1.10495,1.10495,1.10495,1.10495,1.10495,1.10495,1.10495,1.10495,18,5,5
1.064,1.1305,1.05292,0.991958,1.07231,1.06816,0.977411,0.886667,1.1305,1.03075,1.02521,0.911604,0.798,0.886667,0.798,1.01967,0.953167,0.886667,1.064,0.975333,0.886667,0.975333,0.931,0.886667,1.1305,0.96425,0.798,1.064,1.01967,1.04183,1.00858,0.991958,1.13881,1.23441,1.0162,0.798,0.798,0.798,0.798,0.975333,0.908833,0.842333,0.886667,1.15267,1.24133,1.24133,1.30783,1.31892,1.36879,1.30506,1.29536,1.37918,1.46542,1.35338,1.38602,1.09201,0.798,0.798,0.842333,0.886667,1.10833,0.953167,0.798,1.15267,1.2635,1.29675,1.37987,1.35494,1.07647,0.798,0.798,0.842333,0.886667,0.842333,0.820167,0.798,0.886667,0.842333,0.798,1.04183,0.919917,0.798,0.886667,0.886667,0.886667,0.886667,0.886667,0.798,0.953167,0.919917,0.886667,0.886667,0.886667,0.798,0.798,0.975333,1.04183,1.09725,1.25796,1.11665,1.04599,1.14366,1.01516,0.886667,0.842333,0.820167,0.798,0.886667,0.842333,0.798,0.798,1.15267,1.28567,1.08617,0.886667,0.975333,0.931,0.886667,0.842333,0.798,0.842333,0.886667,0.988563,0.988563,0.988563,0.988563,0.988563,0.988563,0.988563,0.988563,0.988563,0.988563,0.988563,10,5,7
1.24133,1.24133,1.21917,1.27458,1.21362,1.22748,1.19007,1.19354,1.15093,1.2183,1.18548,1.21341,1.18304,1.21219,1.18243,1.25621,1.22661,1.23397,1.19332,1.26166,1.20716,1.24641,1.22171,1.23152,1.25859,1.24996,1.42298,1.24349,1.19808,1.26404,1.23052,1.23593,1.28296,1.26215,1.25174,1.24654,1.1996,1.1983,1.17548,1.16408,1.15837,1.15552,1.15409,1.15338,1.15302,1.15284,1.17492,1.16379,1.15823,1.17762,1.25381,1.18107,1.2777,1.21518,1.20609,1.31238,1.36552,1.34776,1.29455,1.29011,1.26572,1.29786,1.2696,1.25547,1.2484,1.26703,1.20985,1.24776,1.22238,1.18752,1.21443,1.18355,1.16811,1.16039,1.17869,1.18785,1.19242,1.26121,1.33994,1.20197,1.22165,1.23149,1.30291,1.22779,1.27889,1.26011,1.25072,1.3347,1.28801,1.33117,1.33059,1.28596,1.26365,1.29682,1.26908,1.32171,1.28152,1.30576,1.27355,1.25744,1.20505,1.22319,1.2101,1.22571,1.23352,1.2596,1.28567,1.23619,1.23619,1.23619,1.23619,1.23619,1.23619,1.23619,1.23619,1.23619,1.23619,1.23619,1.23619,1.23619,1.23619,1.23619,1.23619,1.23619,1.23619,1.23619,1.23619,1.23619,1.23619,1.23619,1.23619,1.23619,1.23619,12,7,6
0.798,0.798,0.886667,0.975333,0.886667,0.798,0.886667,0.798,0.886667,1.2635,1.16375,0.980875,0.798,0.886667,0.886667,0.886667,0.886667,1.24133,1.01967,0.798,0.798,1.15267,1.10833,1.33,1.24133,1.37433,1.08617,0.798,0.886667,0.886667,1.064,1.28567,1.08617,0.886667,1.10833,1.10833,1.08617,1.16375,1.15821,1.15544,1.24272,1.19769,1.33035,1.46317,1.30792,1.09729,0.886667,0.842333,0.953167,0.875583,0.798,0.886667,1.15267,0.9975,0.842333,0.8645,0.886667,0.8645,0.842333,0.8645,0.886667,0.842333,1.04183,1.20808,1.40204,1.23302,1.14851,1.28359,1.24029,1.26298,1.29649,1.31325,1.23296,1.41448,1.21707,1.00754,0.798,0.798,0.886667,0.842333,0.798,0.798,0.886667,0.8645,0.842333,0.798,1.10833,1.04183,0.96425,0.886667,0.886667,0.842333,0.886667,0.886667,1.064,1.28567,1.24133,1.01967,0.798,0.798,0.842333,0.886667,0.886667,0.842333,0.798,0.931,0.8645,0.798,0.886667,1.10833,1.21917,1.25242,1.37987,1.35494,1.3868,1.3584,1.36637,1.21518,1.05093,0.886667,0.798,1.02194,1.02194,1.02194,1.02194,1.02194,1.02194,1.02194,1.02194,1.02194,1.02194,1.02194,1.02194,18,6,5
1.41867,0.842333,1.08617,0.96425,0.842333,1.3965,1.34108,1.62371,1.47685,1.40343,1.30021,1.18211,1.27822,1.28194,1.26164,1.29582,1.29074,1.26604,1.25369,1.15884,1.24442,1.24288,1.33077,1.24172,1.26369,1.29685,1.26909,1.29954,1.22611,1.18939,1.25969,1.07318,0.886667,1.10833,0.9975,0.886667,1.064,1.10833,1.15267,1.21917,1.29675,1.22471,1.32169,1.14851,1.15059,1.24029,1.10781,1.10807,1.21904,1.18585,1.21359,1.22746,1.27873,1.2157,1.31718,1.10192,0.886667,1.10833,0.953167,0.798,1.064,0.931,0.798,1.04183,0.986417,1.09171,1.21085,1.18176,1.16721,1.20427,1.2893,1.19882,1.24224,1.06445,0.886667,1.01967,0.953167,0.886667,1.1305,1.11942,1.11387,1.3106,1.23164,1.16998,1.18349,1.10158,1.21579,1.31723,1.05761,0.798,1.04183,1.07508,1.11387,1.26627,1.23164,1.25865,1.24999,1.31216,1.23241,1.32554,1.06177,0.798,1.04183,1.47408,1.82321,1.48794,1.15267,1.17144,1.17144,1.17144,1.17144,1.17144,1.17144,1.17144,1.17144,1.17144,1.17144,1.17144,1.17144,1.17144,1.17144,1.17144,1.17144,1.17144,1.17144,1.17144,1.17144,1.17144,1.17144,1.17144,1.17144,1.17144,1.17144,6,0,1
0.886667,0.886667,1.21917,1.05292,0.886667,1.10833,1.04183,1.14158,1.01412,0.886667,0.886667,0.886667,0.886667,1.01967,1.04183,0.919917,0.798,1.10833,0.9975,0.886667,0.798,0.886667,1.1305,1.09725,1.12496,1.00581,0.886667,1.197,1.30783,1.23025,1.36879,1.5489,1.39511,1.27389,1.10245,0.972389,0.842333,0.798,0.798,1.10833,1.30783,1.18592,1.01412,0.842333,0.798,0.798,0.798,0.798,0.798,0.798,0.798,0.798,0.798,0.975333,1.197,1.1305,1.05292,1.21362,1.13881,1.23441,1.32654,1.15093,1.2848,1.3739,1.21895,1.00848,0.798,0.798,0.842333,0.886667,0.842333,0.886667,0.842333,0.798,1.064,0.975333,0.886667,1.01967,1.17483,1.07508,0.936542,0.798,1.064,0.975333,0.886667,0.886667,0.886667,1.10833,0.953167,0.798,0.798,1.1305,1.14158,1.14712,1.26073,1.02936,0.798,1.04183,1.00858,0.991958,0.894979,0.798,0.886667,0.975333,1.1305,0.96425,0.798,0.798,0.886667,0.886667,0.886667,0.953167,0.919917,0.886667,0.842333,0.798,0.798,1.01967,1.21917,1.16375,1.24687,1.02244,0.798,0.9949,0.9949,0.9949,0.9949,0.9949,0.9949,0.9949,0.9949,0.9949,0.9949,12,3,4
1.15267,1.064,0.931,0.798,0.798,0.798,0.886667,0.908833,1.03075,1.13604,0.967021,0.798,1.15267,1.3965,1.14158,0.886667,0.798,0.842333,0.886667,1.01967,1.21917,1.00858,0.798,0.798,0.798,1.04183,1.18592,0.991958,0.798,0.886667,0.842333,0.798,1.064,0.931,0.798,0.798,0.798,0.798,0.798,0.798,0.886667,1.15267,0.9975,0.842333,0.8645,0.886667,0.798,0.931,0.8645,0.798,1.10833,1.08617,0.986417,0.886667,0.9975,0.986417,1.15821,1.06677,1.02105,1.21986,1.4301,1.33571,1.11119,0.886667,1.15267,0.9975,0.842333,1.17483,0.986417,0.798,1.197,1.064,1.24133,1.064,0.886667,0.798,1.10833,1.33,1.33,1.064,0.798,1.01967,0.975333,1.08617,1.14158,1.03629,1.16098,1.24549,1.15474,1.04287,1.0756,0.981135,0.886667,1.064,0.953167,0.842333,0.953167,0.875583,0.798,1.17483,1.03075,0.886667,0.886667,0.8645,0.842333,0.8645,0.886667,0.798,0.798,0.798,0.931,0.953167,0.942083,1.04737,0.922687,0.798,0.798,0.798,0.798,0.798,0.798,0.975333,0.96854,0.96854,0.96854,0.96854,0.96854,0.96854,0.96854,0.96854,0.96854,0.96854,0.96854,18,7,12
1.33,1.33,1.41867,1.21917,1.36325,1.12496,0.886667,1.15267,1.15267,1.197,1.30783,1.20808,1.22471,1.32169,1.19284,1.26142,1.34004,1.15769,1.13301,1.32017,1.19209,1.17238,1.29552,1.22409,1.18838,1.21486,1.2281,1.10171,1.19369,1.26185,1.16292,1.24646,1.2439,1.24262,1.28631,1.17515,1.23041,1.28021,1.21644,1.18455,1.25728,1.29364,1.22315,1.27658,1.19245,1.23906,1.3067,1.18535,1.21334,1.27167,1.16784,1.22675,1.32271,1.23769,1.28384,1.28476,1.32954,1.19677,1.32989,1.24128,1.21914,1.3189,1.21362,1.29398,1.31199,1.29883,1.20358,1.26679,1.18756,1.17011,1.29439,1.1792,1.21026,1.2258,1.32223,1.21528,1.36131,1.16832,1.11616,1.31175,1.27654,1.2146,1.36097,1.38982,1.24908,1.2452,1.37627,1.22013,1.1864,1.30253,1.2276,1.2788,1.3709,1.26178,1.25156,1.29078,1.22172,1.27586,1.23643,1.21672,1.31769,1.25735,1.22717,1.25642,1.33754,1.41867,1.24738,1.24738,1.24738,1.24738,1.24738,1.24738,1.24738,1.24738,1.24738,1.24738,1.24738,1.24738,1.24738,1.24738,1.24738,1.24738,1.24738,1.24738,1.24738,1.24738,1.24738,1.24738,1.24738,1.24738,1.24738,1.24738,1.24738,10,3,6
0.842333,0.842333,0.798,0.9975,0.919917,0.842333,1.17483,1.14158,1.25796,1.24965,1.02382,0.798,0.886667,1.197,1.28567,1.3965,1.29675,1.35771,1.27735,1.56968,1.62717,1.50075,1.28238,1.30619,1.11859,1.0248,1.1774,1.00987,0.842333,1.01967,1.1305,1.16375,1.02521,0.886667,1.064,0.953167,0.842333,1.463,1.2635,1.05292,0.842333,0.886667,1.1305,1.16375,1.40204,1.29952,1.49209,1.36671,1.30402,1.07318,0.842333,0.886667,1.01967,0.975333,1.24133,1.28567,1.064,0.842333,0.953167,1.14158,0.969792,0.798,1.04183,1.07508,1.06954,1.22194,1.0543,0.886667,0.975333,0.886667,0.798,1.24133,1.17483,0.986417,0.798,0.886667,1.17483,1.18592,1.12496,1.00581,0.886667,1.37433,1.197,1.50733,1.30783,1.27458,1.08062,0.886667,0.9975,0.942083,0.886667,0.9975,0.986417,1.00304,1.25519,1.31476,1.21155,1.00477,0.798,1.064,0.975333,0.886667,1.1305,1.00858,0.886667,1.17483,1.00858,0.842333,1.04183,0.919917,0.798,1.33,1.21917,1.25242,1.28567,1.08883,1.08883,1.08883,1.08883,1.08883,1.08883,1.08883,1.08883,1.08883,1.08883,1.08883,1.08883,1.08883,1.08883,1.08883,1.08883,1.08883,1.08883,8,7,5
1.37433,1.33,1.33,1.35217,1.34108,1.44637,1.36602,1.14851,1.01759,0.886667,1.15267,1.1305,1.16375,1.31337,1.36602,1.43668,1.44984,1.32342,1.26021,1.31727,1.2793,1.26032,1.25083,1.29041,1.44321,1.27577,1.12555,0.961776,0.798,1.04183,0.942083,0.842333,1.01967,0.9975,1.00858,1.23579,1.3494,1.4062,1.34593,1.3823,1.31182,1.32091,1.36979,1.19473,1.0407,0.886667,0.953167,0.986417,1.09171,1.29952,1.07093,0.842333,0.886667,1.197,1.24133,1.01967,0.798,0.798,1.01967,0.908833,0.798,0.931,1.01967,1.24133,1.15267,1.30783,1.07508,0.842333,1.08617,1.31892,1.39096,1.38265,1.24549,1.04391,0.842333,1.01967,0.9975,1.09725,1.14712,1.03906,1.05153,1.1686,1.20497,1.62215,1.36524,1.32545,1.17256,1.02961,0.886667,0.9975,1.18592,1.30229,1.33831,1.42282,1.28774,1.13154,0.986936,0.842333,0.842333,0.842333,1.10833,1.33,1.33,1.463,1.30783,1.11942,1.04737,0.975333,1.15433,1.15433,1.15433,1.15433,1.15433,1.15433,1.15433,1.15433,1.15433,1.15433,1.15433,1.15433,1.15433,1.15433,1.15433,1.15433,1.15433,1.15433,1.15433,1.15433,1.15433,1.15433,1.15433,1.15433,1.15433,8,4,2
1.41867,1.61817,1.45192,1.12496,0.798,0.953167,1.07508,0.936542,0.798,1.01967,0.953167,0.886667,1.197,0.9975,0.798,1.37433,1.197,1.37433,1.28567,1.55167,1.30783,1.58492,1.34662,1.58215,1.36741,1.4152,1.32827,1.39563,1.31848,1.45724,1.30495,1.45048,1.14641,0.842333,0.953167,1.36325,1.14712,1.3494,1.29536,1.20185,1.02209,0.842333,0.9975,0.96425,1.10279,1.37156,1.30645,1.27389,1.03595,0.798,1.41867,1.21917,1.07508,1.06954,1.0446,0.921302,0.798,0.886667,1.33,1.197,1.57383,1.27458,1.65696,1.36048,1.56691,1.31545,1.14539,1.01603,0.886667,1.08617,0.942083,0.798,1.35217,1.27458,1.39096,1.27181,1.38957,1.13812,0.886667,1.10833,1.28567,1.44083,1.34108,1.37987,1.3771,1.30922,1.43044,1.24722,1.57678,1.32039,1.48036,1.31651,1.45626,1.26013,1.38373,1.29037,1.39885,1.32009,1.34721,1.20561,1.2678,1.34323,1.41867,1.22597,1.22597,1.22597,1.22597,1.22597,1.22597,1.22597,1.22597,1.22597,1.22597,1.22597,1.22597,1.22597,1.22597,1.22597,1.22597,1.22597,1.22597,1.22597,1.22597,1.22597,1.22597,1.22597,1.22597,1.22597,1.22597,1.22597,1.22597,1.22597,1.22597,0,1,2
1.064,1.10833,1.2635,1.09725,1.14712,1.30506,1.4062,1.5011,1.54855,1.46144,1.19622,1.10794,1.66231,1.40749,1.45741,1.4602,1.30644,1.14088,1.36844,1.39355,1.14011,0.886667,1.04183,1.25242,1.24687,1.19977,1.26489,1.27528,1.2583,1.33849,1.55591,1.48729,1.16481,0.842333,1.17483,0.986417,0.798,1.10833,0.953167,0.798,0.820167,0.842333,1.1305,1.31892,1.21362,1.29398,1.15682,0.999578,0.842333,1.28567,1.064,0.842333,0.9975,1.25242,1.20254,1.28844,1.33139,1.44153,1.40793,1.6793,1.34948,1.49491,1.50112,1.50423,1.46145,1.50656,1.50695,1.44064,1.14149,0.842333,1.1305,1.09725,1.08062,1.24965,1.40066,1.47616,1.40308,1.63254,1.50344,1.17289,0.842333,1.01967,1.24133,1.01967,0.798,1.10833,1.28567,1.33,1.17483,1.29675,1.42421,1.4436,1.1208,0.798,1.1305,1.31892,1.43529,1.33831,1.40066,1.38749,1.37433,1.23538,1.23538,1.23538,1.23538,1.23538,1.23538,1.23538,1.23538,1.23538,1.23538,1.23538,1.23538,1.23538,1.23538,1.23538,1.23538,1.23538,1.23538,1.23538,1.23538,1.23538,1.23538,1.23538,1.23538,1.23538,1.23538,1.23538,1.23538,1.23538,1.23538,1.23538,1.23538,2,1,4
1.50733,1.75117,1.38542,1.69021,1.35494,1.4533,1.25865,1.53816,1.36758,1.61479,1.38373,1.64503,1.28802,1.39767,1.60767,1.26934,1.078,0.886667,1.08617,1.23025,1.10279,1.19423,1.08478,1.34039,1.29086,1.4656,1.37563,1.64098,1.30816,1.38558,1.22479,1.58773,1.28153,1.43877,1.36222,1.65644,1.29372,1.51136,1.22118,1.56376,1.29171,1.59902,1.26501,1.29751,1.26942,1.38838,1.22619,1.49976,1.25971,1.56086,1.2681,1.40988,1.19261,1.28347,1.21807,1.2962,1.06927,0.842333,0.931,1.41867,1.24133,1.61817,1.36325,1.63479,1.32723,1.59461,1.26281,1.60674,1.3132,1.67627,1.3923,1.33898,1.06849,0.798,1.1305,1.20808,1.24687,1.35494,1.63064,1.36948,1.59358,1.32879,1.61756,1.31861,1.30214,1.2274,1.50037,1.23785,1.52776,1.22938,1.54569,1.28268,1.52801,1.25167,1.40167,1.55167,1.35764,1.35764,1.35764,1.35764,1.35764,1.35764,1.35764,1.35764,1.35764,1.35764,1.35764,1.35764,1.35764,1.35764,1.35764,1.35764,1.35764,1.35764,1.35764,1.35764,1.35764,1.35764,1.35764,1.35764,1.35764,1.35764,1.35764,1.35764,1.35764,1.35764,1.35764,1.35764,1.35764,1.35764,1.35764,1.35764,1.35764,4,0,1
1.10833,1.24133,1.24133,1.2635,1.29675,1.33554,1.6431,1.33139,1.59669,1.30818,1.29692,1.35779,1.58773,1.28153,1.70477,1.40655,1.74511,1.44889,1.41161,1.34864,1.31715,1.32358,1.57062,1.27298,1.72266,1.45983,1.68308,1.35137,1.31852,1.39076,1.67071,1.36736,1.70335,1.40584,1.34575,1.16054,1.17877,1.25439,1.02619,0.798,1.01967,1.30783,1.29675,1.37987,1.6431,1.35355,1.34178,1.09205,0.842333,1.37433,1.17483,1.25242,1.26904,1.25519,1.29259,1.5108,1.24307,1.5747,1.34152,1.38009,1.17771,1.23169,1.28084,1.26109,1.25121,1.49011,1.23272,1.54736,1.32785,1.57276,1.34054,1.31311,1.32155,1.28144,1.28355,1.57278,1.34056,1.68994,1.44347,1.38674,1.4027,1.29985,1.33709,1.51088,1.26527,1.5858,1.34707,1.53803,1.27885,1.26009,1.29505,1.29036,1.33234,1.68584,2.03933,1.36882,1.36882,1.36882,1.36882,1.36882,1.36882,1.36882,1.36882,1.36882,1.36882,1.36882,1.36882,1.36882,1.36882,1.36882,1.36882,1.36882,1.36882,1.36882,1.36882,1.36882,1.36882,1.36882,1.36882,1.36882,1.36882,1.36882,1.36882,1.36882,1.36882,1.36882,1.36882,1.36882,1.36882,1.36882,1.36882,1.36882,1.36882,0,0,0
1.28567,1.30783,1.25242,1.29121,1.28844,1.33139,1.35286,1.34143,1.40221,1.34394,1.29264,1.26699,1.20983,1.26991,1.25562,1.31498,1.23382,1.14891,1.19512,1.32906,1.30736,1.38518,1.40192,1.4103,1.43665,1.40549,1.36775,1.34887,1.25077,1.29038,1.22153,1.2536,1.26963,1.32198,1.37032,1.3945,1.38441,1.33504,1.28819,1.30909,1.25305,1.31369,1.32185,1.37026,1.39446,1.3844,1.31287,1.3436,1.2703,1.32232,1.34832,1.40566,1.41216,1.41542,1.50571,1.50652,1.50693,1.48496,1.51832,1.42416,1.39925,1.34246,1.26973,1.29986,1.24843,1.28922,1.22094,1.23114,1.14757,1.17228,1.14031,1.16865,1.04983,1.05691,1.06046,1.1509,1.10745,1.15222,1.15245,1.21906,1.20803,1.29118,1.26626,1.29813,1.2919,1.28878,1.22072,1.2532,1.1586,1.2443,1.22065,1.14232,1.1475,1.23875,1.24004,1.24069,1.17451,1.23009,1.19138,1.23852,1.19559,1.17413,1.15267,1.28417,1.28417,1.28417,1.28417,1.28417,1.28417,1.28417,1.28417,1.28417,1.28417,1.28417,1.28417,1.28417,1.28417,1.28417,1.28417,1.28417,1.28417,1.28417,1.28417,1.28417,1.28417,1.28417,1.28417,1.28417,1.28417,1.28417,1.28417,1.28417,1.28417,10,4,4
0.975333,1.17483,1.00858,0.842333,0.931,1.44083,1.20808,1.53504,1.23302,1.52534,1.29467,1.64484,1.33225,1.53063,1.31948,1.65724,1.29412,1.33423,1.24345,1.28672,1.39703,1.38568,1.38001,1.64317,1.30925,1.65213,1.31373,1.32186,1.4146,1.35013,1.36223,1.34612,1.40456,1.50028,1.34864,1.36149,1.36791,1.32679,1.32839,1.41786,1.35177,1.60688,1.31327,1.5433,1.32582,1.57174,1.2957,1.57885,1.32143,1.56955,1.31677,1.41205,1.28236,1.32835,1.32917,1.44042,1.36304,1.28002,1.32718,1.32859,1.32929,1.30748,1.27441,1.34654,1.3161,1.52255,1.31544,1.72172,1.34853,1.67176,1.34572,1.64819,1.31176,1.65338,1.31436,1.67685,1.32609,1.57188,1.29577,1.60105,1.28819,1.5751,1.31955,1.32477,1.43822,1.36194,1.45681,1.6594,1.3617,1.61185,1.29359,1.28963,1.30981,1.27557,1.24133,1.38249,1.38249,1.38249,1.38249,1.38249,1.38249,1.38249,1.38249,1.38249,1.38249,1.38249,1.38249,1.38249,1.38249,1.38249,1.38249,1.38249,1.38249,1.38249,1.38249,1.38249,1.38249,1.38249,1.38249,1.38249,1.38249,1.38249,1.38249,1.38249,1.38249,1.38249,1.38249,1.38249,1.38249,1.38249,1.38249,1.38249,1.38249,8,4,0
1.37433,1.37433,1.1305,0.886667,0.931,1.28567,1.15267,1.37433,1.10833,0.842333,1.08617,1.18592,1.10279,1.26073,1.11803,1.26835,1.09967,1.237,1.084,1.29567,1.09117,0.886667,0.908833,1.23025,1.28012,1.30506,1.0737,0.842333,0.908833,1.00858,1.10279,1.26073,1.16236,1.31268,1.25484,1.35892,1.27796,1.23748,1.30591,1.22929,1.03581,0.842333,1.01967,1.17483,1.18592,1.39096,1.18315,1.41174,1.1492,0.886667,1.01967,1.24133,1.21917,1.34108,1.20254,1.33277,1.19839,1.39719,1.2306,1.36896,1.30515,1.40624,1.30162,1.36014,1.18991,1.37079,1.23956,1.37345,1.26306,1.38519,1.18026,1.2108,1.15957,1.35562,1.14331,1.28099,1.26116,1.38425,1.26846,1.3879,1.22595,1.16714,0.98257,0.798,0.886667,1.21917,1.07508,1.29121,1.19977,1.39789,1.14228,0.886667,0.953167,1.20808,1.06954,1.28844,1.15405,1.35286,1.20843,1.35788,1.23311,1.32589,1.19494,1.30681,1.14107,0.975333,1.1881,1.1881,1.1881,1.1881,1.1881,1.1881,1.1881,1.1881,1.1881,1.1881,1.1881,1.1881,1.1881,1.1881,1.1881,1.1881,1.1881,1.1881,1.1881,1.1881,1.1881,1.1881,1.1881,1.1881,1.1881,1.1881,1.1881,0,0,0
1.01967,1.064,1.37433,1.24133,1.24133,1.28567,1.2635,1.25242,1.40204,1.21085,1.38126,1.26696,1.52015,1.38074,1.57704,1.29835,1.35851,1.34425,1.64746,1.35573,1.3872,1.0926,0.798,1.064,0.975333,0.886667,1.35217,1.23025,1.45746,1.2829,1.55028,1.30714,1.58457,1.36862,1.28281,1.21774,1.40687,1.23543,1.43788,1.22878,1.52322,1.27144,1.52239,1.33753,1.4446,1.27647,1.41407,1.21687,1.47293,1.26847,1.54307,1.3257,1.52735,1.34001,1.468,1.266,1.45317,1.25858,1.56029,1.33431,1.53166,1.31999,1.458,1.261,1.45067,1.23517,1.52642,1.29521,1.60077,1.39889,1.54178,1.32505,1.43836,1.25118,1.24626,1.06646,0.886667,0.931,1.28567,1.17483,1.31892,1.16929,1.36048,1.16791,1.42629,1.22298,1.56465,1.35866,1.25566,1.049,0.842333,1.30783,1.18592,1.45746,1.26073,1.5392,1.81767,1.31945,1.31945,1.31945,1.31945,1.31945,1.31945,1.31945,1.31945,1.31945,1.31945,1.31945,1.31945,1.31945,1.31945,1.31945,1.31945,1.31945,1.31945,1.31945,1.31945,1.31945,1.31945,1.31945,1.31945,1.31945,1.31945,1.31945,1.31945,1.31945,1.31945,1.31945,1.31945,1.31945,1.31945,1.31945,1.31945,0,0,1
1.24133,1.21917,1.20808,1.22471,1.18869,1.17068,1.20601,1.2015,1.17708,1.16488,1.09227,1.18897,1.14865,1.15066,1.08516,1.16325,1.11362,1.17748,1.20941,1.24754,1.28877,1.33155,1.44161,1.3858,1.3579,1.34395,1.40348,1.34457,1.49245,1.41123,1.43711,1.36139,1.32353,1.3046,1.22863,1.21282,1.20491,1.22312,1.18789,1.23678,1.17256,1.20695,1.20197,1.24382,1.24258,1.28629,1.30814,1.29691,1.29129,1.26631,1.27599,1.28083,1.34975,1.14037,1.21302,1.22718,1.23426,1.23779,1.2174,1.25153,1.22427,1.27713,1.25923,1.25028,1.22364,1.23249,1.19258,1.21696,1.25131,1.24632,1.35466,1.298,1.29183,1.28875,1.19854,1.21994,1.20847,1.2249,1.18878,1.19289,1.19495,1.17381,1.14107,1.14687,1.1276,1.20663,1.15748,1.19941,1.22037,1.25302,1.22501,1.25534,1.18184,1.21158,1.20429,1.20065,1.24316,1.02058,0.798,0.9975,0.986417,1.06954,1.08894,1.14297,1.12565,1.11699,1.06833,1.01967,1.21912,1.21912,1.21912,1.21912,1.21912,1.21912,1.21912,1.21912,1.21912,1.21912,1.21912,1.21912,1.21912,1.21912,1.21912,1.21912,1.21912,1.21912,1.21912,1.21912,1.21912,1.21912,1.21912,1.21912,1.21912,4,2,0
1.33,1.21917,1.29675,1.31337,1.25519,1.33693,1.3778,1.2874,1.35303,1.20852,1.15842,1.26638,1.03219,0.798,1.08617,1.03075,1.06954,1.2441,1.17622,1.16444,1.31372,1.54353,1.45893,1.3058,1.2514,1.33503,1.06652,0.798,1.1305,1.42975,1.42421,1.1111,0.798,1.10833,0.9975,0.886667,1.10833,1.33,1.2635,1.31892,1.16929,1.13881,1.23441,1.06054,0.886667,1.1305,1.18592,1.14712,1.26073,1.4062,1.27943,1.34905,1.47252,1.33476,1.35455,1.20927,1.13664,1.23332,1.19299,1.17283,1.27358,1.25746,1.22723,1.32295,1.08264,0.842333,1.10833,1.17483,1.16375,1.29121,1.0446,0.798,1.10833,1.463,1.41867,1.17483,1.16375,1.26904,1.34385,1.27043,1.32238,1.23752,1.1951,1.28471,1.04136,0.798,1.08617,1.11942,1.13604,1.27735,1.28151,1.21709,1.29571,1.29069,1.22168,1.32017,1.10342,0.886667,1.1305,1.45192,1.43529,1.55998,1.44499,1.12149,0.798,1.01967,1.20014,1.20014,1.20014,1.20014,1.20014,1.20014,1.20014,1.20014,1.20014,1.20014,1.20014,1.20014,1.20014,1.20014,1.20014,1.20014,1.20014,1.20014,1.20014,1.20014,1.20014,1.20014,1.20014,1.20014,1.20014,1.20014,1.20014,6,5,2
1.28567,1.1305,1.11942,1.26904,1.27735,1.25934,1.42767,1.51184,1.44308,1.47521,1.4691,1.39955,1.45344,1.36955,1.41628,1.79431,1.47349,1.46824,1.66512,1.43106,1.42486,1.4661,1.33155,1.39727,1.34147,1.26924,1.43262,1.49214,1.47757,1.40379,1.43339,1.33736,1.40018,1.25426,1.42513,1.24456,1.35378,1.63006,1.39136,1.44935,1.50051,1.32659,1.39479,1.38456,1.26862,1.34364,1.27032,1.16716,1.29291,1.28929,1.19881,1.30874,1.20854,1.1806,1.49913,1.4589,1.66045,1.51739,1.80053,1.52093,1.49197,1.18932,0.886667,1.17483,1.14158,1.12496,1.27181,1.16791,1.16029,1.28948,1.1324,1.1647,1.40252,1.43276,1.51438,1.57736,1.47584,1.44726,1.80979,1.45906,1.50537,1.43985,1.49576,1.43505,1.40469,1.32301,1.26001,1.38367,1.15733,1.11067,1.3755,1.41925,1.46329,1.44098,1.41867,1.37511,1.37511,1.37511,1.37511,1.37511,1.37511,1.37511,1.37511,1.37511,1.37511,1.37511,1.37511,1.37511,1.37511,1.37511,1.37511,1.37511,1.37511,1.37511,1.37511,1.37511,1.37511,1.37511,1.37511,1.37511,1.37511,1.37511,1.37511,1.37511,1.37511,1.37511,1.37511,1.37511,1.37511,1.37511,1.37511,1.37511,1.37511,0,0,0
1.10833,1.197,1.17483,1.18592,1.28012,1.10556,1.12911,1.22956,1.03595,0.842333,1.08617,1.11942,1.13604,1.07785,1.04876,1.18938,1.30402,1.29485,1.24592,1.28796,1.15381,1.17541,1.23054,1.10294,1.1278,1.25107,1.1132,1.1551,1.26472,1.16436,1.18068,1.27751,1.03775,0.798,1.064,0.931,0.798,1.064,1.04183,1.11942,1.22471,1.12219,1.15959,1.2448,1.04357,0.842333,1.08617,0.96425,0.842333,1.10833,1.064,1.10833,1.21917,1.23025,1.21362,1.27181,1.25657,1.22679,1.30056,1.42611,1.37806,1.19886,1.17576,1.25288,1.18061,1.16664,1.31482,1.07858,0.842333,1.08617,1.45192,1.78996,1.47131,1.40066,1.14366,0.886667,1.08617,1.18592,1.19146,1.26073,1.11803,1.13535,1.27701,1.05967,0.842333,1.10833,1.08617,1.11942,1.26904,1.23302,1.19284,1.30576,1.22921,1.21311,1.31589,1.12344,1.09372,1.23403,1.01601,0.798,1.08617,0.986417,0.886667,1.28567,1.21917,1.27458,1.03629,0.798,1.04183,1.28567,1.14818,1.14818,1.14818,1.14818,1.14818,1.14818,1.14818,1.14818,1.14818,1.14818,1.14818,1.14818,1.14818,1.14818,1.14818,1.14818,1.14818,1.14818,1.14818,1.14818,1.14818,1.14818,1.14818,16,6,4
0.798,1.08617,1.00858,1.03629,1.20531,1.20116,1.13258,1.23129,1.25848,1.18341,1.27887,1.1271,1.05122,1.21278,1.51522,1.42261,1.28764,1.17582,1.23074,1.28037,1.19435,1.21784,1.07442,1.11354,1.24394,1.4643,1.41932,1.50766,1.441,1.60716,1.46858,1.24412,1.10973,1.17553,1.20843,1.15838,1.24419,1.0876,1.05363,1.14748,1.15007,1.10704,1.21852,1.22993,1.16913,1.2274,1.25653,1.2046,1.24513,1.15457,1.10928,1.19747,1.17507,1.1417,1.21368,1.18318,1.14575,1.23788,1.08444,1.09639,1.21319,1.51543,1.44488,1.67561,1.48064,1.27232,1.19033,1.26016,1.02908,0.798,1.08617,1.42975,1.37987,1.19977,1.15405,1.26419,1.14193,1.10296,1.19432,1.55032,1.418,1.26316,1.16358,1.22462,1.21081,1.13741,1.2337,1.17102,1.11751,1.22375,1.32121,1.32561,1.54947,1.43973,1.11887,0.798,1.04183,1.03075,1.02521,1.1776,1.49764,1.39165,1.20566,1.13483,1.25458,1.27012,1.28567,1.22306,1.22306,1.22306,1.22306,1.22306,1.22306,1.22306,1.22306,1.22306,1.22306,1.22306,1.22306,1.22306,1.22306,1.22306,1.22306,1.22306,1.22306,1.22306,1.22306,1.22306,1.22306,1.22306,1.22306,1.22306,1.22306,6,3,3
1.10833,1.463,1.35217,1.49625,1.39096,1.69298,1.40066,1.69783,1.42525,1.57712,1.4314,1.4472,1.36643,1.54772,1.37236,1.57285,1.38492,1.64563,1.39915,1.43107,1.35837,1.36635,1.34818,1.38342,1.40104,1.65369,1.40318,1.74342,1.40371,1.72152,1.45926,1.12863,0.798,1.15267,1.24133,1.463,1.35217,1.56275,1.35771,1.43252,1.33693,1.42213,1.30957,1.49712,1.34706,1.58236,1.38968,1.58151,1.45575,1.45938,1.37252,1.63943,1.37388,1.72877,1.41855,1.79544,1.45189,1.65694,1.44914,1.4339,1.38195,1.53331,1.38732,1.66899,1.41083,1.76942,1.43887,1.58394,1.32397,1.48215,1.38391,1.35695,1.07748,0.798,1.1305,0.986417,0.842333,1.08617,1.05292,1.08062,1.22748,1.03491,0.842333,1.33,1.197,1.064,1.1305,1.05292,1.50179,1.32723,1.66111,1.38472,1.37953,1.37433,1.38213,1.38213,1.38213,1.38213,1.38213,1.38213,1.38213,1.38213,1.38213,1.38213,1.38213,1.38213,1.38213,1.38213,1.38213,1.38213,1.38213,1.38213,1.38213,1.38213,1.38213,1.38213,1.38213,1.38213,1.38213,1.38213,1.38213,1.38213,1.38213,1.38213,1.38213,1.38213,1.38213,1.38213,1.38213,1.38213,1.38213,1.38213,1.38213,0,0,0
1.41867,0.798,1.08617,0.942083,0.798,1.15267,0.975333,0.798,0.886667,1.24133,1.01967,0.798,0.798,0.842333,0.886667,0.842333,1.04183,1.29675,1.31337,1.45469,1.43668,1.49417,1.45642,1.52621,1.47244,1.44555,1.34344,1.51405,1.44419,1.43143,1.33638,1.42186,1.37593,1.2643,1.27498,1.25816,1.33841,1.42287,1.4651,1.17588,0.886667,1.24133,1.01967,0.798,0.886667,0.886667,0.886667,1.197,1.15267,1.15267,1.28567,1.21917,1.18592,1.28012,1.46023,1.46161,1.48447,1.5624,1.5127,1.46568,1.15401,0.842333,0.798,1.064,1.17483,1.34108,1.69021,1.39927,1.09864,0.798,1.01967,1.197,1.28567,1.41867,1.37433,1.463,1.3965,1.45192,1.50179,1.43806,1.45053,1.27943,1.26038,1.38386,1.13526,0.886667,0.798,0.798,0.798,1.064,0.975333,0.886667,0.798,1.2635,1.36325,1.08062,0.798,0.798,0.798,0.798,1.08617,1.23025,1.28012,1.33,1.17848,1.17848,1.17848,1.17848,1.17848,1.17848,1.17848,1.17848,1.17848,1.17848,1.17848,1.17848,1.17848,1.17848,1.17848,1.17848,1.17848,1.17848,1.17848,1.17848,1.17848,1.17848,1.17848,1.17848,1.17848,1.17848,1.17848,1.17848,1.17848,0,0,0
1.28567,1.15267,1.21917,1.20808,1.13604,1.21085,1.29259,1.0453,0.798,1.01967,1.10833,1.08617,1.42975,1.26904,1.34385,1.07093,0.798,0.9975,0.96425,1.03629,1.11665,1.11249,1.08824,1.23129,1.23631,1.15016,1.30658,1.22962,1.14681,1.26057,1.02929,0.798,1.04183,1.14158,1.08062,1.20531,1.20116,1.22124,1.25346,1.24739,1.20003,1.19852,1.08692,1.16413,1.2249,1.18878,1.14856,1.23928,1.17381,1.16324,1.22445,1.12206,1.15953,1.20043,1.19872,1.08702,1.58535,1.43551,1.16109,0.886667,1.01967,1.1305,1.11942,1.09171,1.16652,1.22609,1.18938,1.21536,1.27268,1.25701,1.2935,1.20092,1.17679,1.20906,1.20303,1.20002,1.22067,1.2975,1.18075,1.23321,1.30377,1.16172,1.17936,1.18818,1.17042,1.25021,1.24577,1.19922,1.19811,1.28622,1.21944,1.25256,1.15828,1.15547,1.17624,1.16445,1.18073,1.2332,1.23726,1.19497,1.26248,1.22974,1.08037,1.11652,1.17893,1.1658,1.22573,1.23353,1.14877,1.064,1.17441,1.17441,1.17441,1.17441,1.17441,1.17441,1.17441,1.17441,1.17441,1.17441,1.17441,1.17441,1.17441,1.17441,1.17441,1.17441,1.17441,1.17441,1.17441,1.17441,1.17441,1.17441,1.17441,4,0,0
1.10833,1.21917,1.09725,1.08062,1.22748,1.27874,1.19354,1.3061,1.29588,1.22428,1.27714,1.03757,0.798,1.463,1.2635,1.29675,1.24687,1.19977,1.66389,1.36394,1.34697,1.29415,1.22341,1.2767,1.32552,1.15043,1.12938,1.05236,1.08034,1.53767,1.27867,1.30433,1.05117,0.798,1.04183,0.986417,1.04737,1.47685,1.29259,1.26696,1.14332,1.12582,1.25008,1.24571,1.19919,1.33109,1.06455,0.798,1.04183,1.07508,1.11387,1.22194,1.27597,1.21432,1.27216,1.23458,1.19362,1.26181,1.09641,1.12454,1.2051,1.11238,1.06603,0.998513,1.00909,1.08088,1.18327,1.12364,1.13815,1.25624,1.44829,1.36698,1.10466,0.842333,1.10833,0.9975,0.886667,1.10833,1.08617,1.11942,1.22471,1.03352,0.842333,1.064,1.1305,1.14158,1.25796,1.11665,1.11249,1.22124,1.07612,1.09223,1.18895,1.12647,1.13957,1.21262,1.13831,1.14549,1.25991,1.02896,0.798,1.44083,1.25242,1.29121,1.13327,1.1208,1.24757,1.17795,1.16531,1.15267,1.16784,1.16784,1.16784,1.16784,1.16784,1.16784,1.16784,1.16784,1.16784,1.16784,1.16784,1.16784,1.16784,1.16784,1.16784,1.16784,1.16784,1.16784,1.16784,1.16784,1.16784,1.16784,1.16784,6,1,4
1.28567,1.41867,1.37433,1.44083,1.40758,1.39096,1.31615,1.34524,1.27112,1.10106,1.01603,1.21735,1.11851,1.17992,1.23279,1.30356,1.27245,1.32339,1.34886,1.45026,1.32363,1.34898,1.29516,1.33475,1.28804,1.33119,1.26409,1.27488,1.23594,1.2608,1.18457,1.21295,1.16064,1.22315,1.25441,1.22571,1.25569,1.24851,1.26709,1.29854,1.26994,1.2778,1.3039,1.33912,1.31239,1.27686,1.34776,1.27238,1.27902,1.28235,1.23967,1.26267,1.27417,1.34642,1.24954,1.37844,1.26555,1.36428,1.32497,1.30532,1.38416,1.42358,1.35462,1.27581,1.39157,1.29429,1.24564,1.35432,1.31999,1.3915,1.36075,1.32321,1.37094,1.35047,1.3624,1.4127,1.34918,1.45043,1.41238,1.41552,1.46143,1.37355,1.41827,1.35197,1.38532,1.40199,1.366,1.32583,1.35008,1.36221,1.30177,1.29372,1.13453,1.32093,1.32546,1.32773,1.48403,1.40702,1.39067,1.37433,1.31476,1.31476,1.31476,1.31476,1.31476,1.31476,1.31476,1.31476,1.31476,1.31476,1.31476,1.31476,1.31476,1.31476,1.31476,1.31476,1.31476,1.31476,1.31476,1.31476,1.31476,1.31476,1.31476,1.31476,1.31476,1.31476,1.31476,1.31476,1.31476,1.31476,1.31476,1.31476,1.31476,10,1,7
1.064,1.1305,1.25242,1.24687,1.35494,1.29814,1.38057,1.31095,1.16531,1.13682,1.27774,1.23737,1.35019,1.27359,1.3683,1.30481,1.36174,1.30154,1.31577,1.27855,1.34861,1.31714,1.3679,1.30462,1.36164,1.25715,1.31574,1.25637,1.33752,1.22293,1.3208,1.30323,1.38312,1.26789,1.32111,1.32556,1.32778,1.26239,1.31836,1.30201,1.40467,1.30084,1.40409,1.38921,1.47044,1.37805,1.39836,1.34201,1.33601,1.1335,1.29825,1.33629,1.39965,1.38699,1.38066,1.33316,1.42025,1.28646,1.35256,1.27478,1.34672,1.2497,1.33418,1.22126,1.3643,1.28065,1.43832,1.362,1.39033,1.36017,1.38942,1.33754,1.46677,1.35405,1.47503,1.31385,1.05592,0.798,0.842333,1.17483,1.29675,1.42421,1.3771,1.44222,1.45261,1.50214,1.48257,1.40628,1.54548,1.48207,1.33954,1.4456,1.43213,1.46973,1.46637,1.55335,1.44168,1.38584,1.33,1.32817,1.32817,1.32817,1.32817,1.32817,1.32817,1.32817,1.32817,1.32817,1.32817,1.32817,1.32817,1.32817,1.32817,1.32817,1.32817,1.32817,1.32817,1.32817,1.32817,1.32817,1.32817,1.32817,1.32817,1.32817,1.32817,1.32817,1.32817,1.32817,1.32817,1.32817,1.32817,1.32817,1.32817,0,0,0
1.197,1.21917,1.25242,1.29121,1.26627,1.29814,1.26973,1.25553,1.24843,1.26705,1.27636,1.25885,1.25009,1.20138,1.19919,1.08726,0.986964,0.886667,1.04183,1.05292,1.14712,1.1499,1.19561,1.19631,1.24099,1.28549,1.28558,1.32996,1.28565,1.28566,1.26349,1.25241,1.24687,1.22194,1.2538,1.2254,1.23337,1.25952,1.27259,1.34563,1.31565,1.41149,1.34858,1.36146,1.30139,1.33786,1.31177,1.36522,1.32544,1.41639,1.35103,1.40701,1.34634,1.33817,1.31192,1.29879,1.27006,1.3222,1.1931,1.17288,1.25144,1.33505,1.26603,1.32018,1.28076,1.30538,1.29552,1.33493,1.33246,1.37557,1.39712,1.38572,1.3357,1.31068,1.29817,1.26975,1.29988,1.31494,1.34464,1.38165,1.37799,1.50916,1.44175,1.54104,1.45769,1.48251,1.40626,1.45679,1.41556,1.43928,1.38464,1.40165,1.34366,1.40333,1.32233,1.32617,1.28375,1.30687,1.11894,1.09147,1.18857,1.28567,1.29129,1.29129,1.29129,1.29129,1.29129,1.29129,1.29129,1.29129,1.29129,1.29129,1.29129,1.29129,1.29129,1.29129,1.29129,1.29129,1.29129,1.29129,1.29129,1.29129,1.29129,1.29129,1.29129,1.29129,1.29129,1.29129,1.29129,1.29129,1.29129,1.29129,1.29129,10,4,4
1.197,1.064,1.10833,1.21917,1.05292,0.886667,1.064,0.931,0.798,1.064,0.931,0.798,1.197,1.21917,1.25242,1.35771,1.12219,0.886667,0.798,0.931,0.8645,0.798,1.15267,1.24133,1.3965,1.31892,1.45746,1.43806,1.42836,1.11318,0.798,1.1305,1.03075,1.09171,1.25519,1.11526,1.1118,1.2874,1.0427,0.798,1.10833,1.17483,1.29675,1.22471,1.27735,1.12634,1.25034,1.2015,1.35442,1.07621,0.798,1.10833,0.953167,0.798,1.10833,1.04183,1.14158,0.969792,0.798,0.798,0.886667,1.21917,1.29675,1.29121,1.0446,0.798,0.886667,0.886667,0.886667,0.886667,0.886667,0.798,0.842333,0.842333,0.842333,0.798,0.931,1.21917,1.03075,0.842333,1.08617,0.942083,0.798,0.798,1.064,1.37433,1.33,1.30783,1.11942,0.958708,0.798,1.21917,1.29675,1.37987,1.39927,1.09864,0.798,1.064,0.931,0.798,1.1305,1.14158,1.23579,1.2829,1.12911,1.36256,1.34628,1.44897,1.47815,1.40408,1.23404,1.064,1.08294,1.08294,1.08294,1.08294,1.08294,1.08294,1.08294,1.08294,1.08294,1.08294,1.08294,1.08294,1.08294,1.08294,1.08294,1.08294,1.08294,1.08294,1.08294,1.08294,1.08294,14,7,9
1.463,1.1305,0.798,1.1305,1.14158,1.16929,1.27181,1.25657,1.18245,1.27839,1.21553,1.09543,1.30138,1.33786,1.24526,1.3763,1.39748,1.31941,1.4577,1.30519,1.25109,1.31271,1.07752,0.842333,0.886667,0.842333,0.798,1.17483,1.18592,1.23579,1.37156,1.17345,1.20739,1.2687,1.03335,0.798,1.15267,1.10833,1.1305,1.27458,1.03629,0.798,0.842333,1.15267,1.24133,1.15267,0.975333,0.798,0.798,0.798,1.08617,1.20808,1.31337,1.36602,1.39234,1.31684,1.41209,1.17154,1.07344,1.20172,1.04419,0.886667,0.842333,0.798,0.8645,0.89775,1.20254,1.22194,1.14297,1.28082,1.41624,1.35095,1.09664,0.842333,1.15267,1.24133,1.15267,1.463,1.35217,1.16375,1.24687,1.06677,0.886667,1.1305,1.34108,1.24687,1.3771,1.08755,0.798,0.886667,1.1305,1.16375,1.33554,1.33277,1.19839,1.13119,1.31926,1.32463,1.26082,1.38407,1.4457,1.34352,1.38109,1.20038,1.08786,1.18676,1.23621,1.28567,1.16077,1.16077,1.16077,1.16077,1.16077,1.16077,1.16077,1.16077,1.16077,1.16077,1.16077,1.16077,1.16077,1.16077,1.16077,1.16077,1.16077,1.16077,1.16077,1.16077,1.16077,1.16077,1.16077,1.16077,1.16077,6,1,0
1.55167,0.842333,1.197,1.197,1.08617,1.25242,1.11387,1.13327,1.3868,1.13673,0.886667,1.24133,1.24133,1.24133,1.35217,1.34108,1.24687,1.3771,1.39789,1.38611,1.44672,1.43269,1.29268,1.40001,1.32067,1.30317,1.05058,0.798,0.798,0.931,0.8645,0.798,0.842333,0.842333,0.798,0.842333,0.886667,1.197,1.21917,1.11942,1.26904,1.25519,1.20393,1.3113,1.36498,1.39182,1.09491,0.798,0.798,0.9975,1.27458,1.03629,0.798,0.953167,1.25242,1.06954,0.886667,0.886667,0.8645,0.842333,0.798,1.04183,1.27458,1.08062,0.886667,0.886667,1.24133,1.3965,1.31892,1.41312,1.10556,0.798,0.798,1.17483,0.986417,0.798,0.975333,1.24133,1.10833,0.9975,0.886667,1.197,1.17483,0.986417,0.798,0.798,0.798,0.798,0.798,0.842333,0.820167,0.798,0.886667,1.15267,1.35217,1.23025,1.01412,0.798,1.197,1.41867,1.30783,1.42975,1.40204,1.36602,1.45884,1.19492,1.04079,0.886667,1.197,1.197,1.197,1.09807,1.09807,1.09807,1.09807,1.09807,1.09807,1.09807,1.09807,1.09807,1.09807,1.09807,1.09807,1.09807,1.09807,1.09807,1.09807,1.09807,1.09807,1.09807,1.09807,1.09807,1.09807,12,5,4
0.886667,0.842333,0.798,0.931,1.24133,1.04183,0.842333,1.08617,1.25242,1.13604,1.29952,1.35909,1.45538,1.32619,1.4611,1.32905,1.13002,1.31868,1.14701,1.14984,0.973918,0.798,0.820167,0.842333,0.975333,0.975333,1.35217,1.38542,1.15821,1.0446,0.965635,0.886667,1.08617,0.986417,0.886667,0.931,0.8645,0.798,0.798,1.01967,1.064,1.064,1.28567,1.28567,1.30783,1.42975,1.44637,1.12219,0.798,1.21917,1.11942,1.02521,0.933771,0.842333,0.886667,0.842333,0.798,0.842333,0.798,0.886667,0.842333,0.798,0.798,1.08617,1.23025,1.28012,1.17206,1.11803,1.37918,1.13292,0.886667,0.975333,0.886667,0.798,1.04183,1.05292,1.28012,1.2829,1.26211,1.34039,1.4017,1.34368,1.22601,1.36667,1.08234,0.798,0.798,0.9975,0.89775,0.798,0.820167,0.842333,1.01967,1.197,1.08617,1.18592,1.39096,1.31615,1.19007,1.32654,1.1066,0.886667,0.842333,1.17483,1.05292,0.925458,0.798,0.798,0.798,0.798,0.798,0.820167,0.842333,0.798,0.886667,0.975333,1.04836,1.04836,1.04836,1.04836,1.04836,1.04836,1.04836,1.04836,1.04836,1.04836,1.04836,1.04836,1.04836,1.04836,1.04836,1.04836,1.04836,4,1,4
0.842333,0.886667,1.08617,1.03075,1.18037,1.41035,1.30368,1.44984,1.47859,1.31563,1.23415,1.39291,1.29495,1.37898,1.50965,1.37549,1.33058,1.44112,1.31906,1.30236,1.38268,1.24551,1.28775,1.41971,1.37486,1.41893,1.46313,1.35223,1.38545,1.37989,1.19978,1.28706,1.17553,1.00893,0.842333,1.1305,1.09725,0.969792,0.842333,0.908833,0.89775,0.886667,0.798,1.08617,0.986417,0.886667,0.842333,1.15267,1.30783,1.20808,1.26904,1.25519,1.20393,1.26696,1.45365,1.28099,1.372,1.39533,1.36267,1.32417,1.32708,1.28421,1.32927,1.24097,1.01948,0.798,1.10833,0.975333,0.842333,0.886667,0.908833,0.853417,0.798,0.975333,1.17483,1.05292,0.947625,0.842333,1.064,1.064,0.953167,0.842333,1.1305,1.38542,1.40204,1.36602,1.14851,1.08409,1.07404,1.26852,1.52093,1.4033,1.41098,1.48132,1.5165,1.46758,1.48746,1.38656,1.40261,1.32197,1.08215,0.842333,1.1305,1.14158,1.01412,0.886667,1.33,1.18642,1.18642,1.18642,1.18642,1.18642,1.18642,1.18642,1.18642,1.18642,1.18642,1.18642,1.18642,1.18642,1.18642,1.18642,1.18642,1.18642,1.18642,1.18642,1.18642,1.18642,1.18642,1.18642,1.18642,1.18642,1.18642,6,2,2
1.10833,1.15267,1.10833,1.197,1.08617,1.09725,1.14712,1.10556,1.12911,1.20739,1.1357,1.16635,1.22601,1.16717,1.13775,1.16738,1.09352,1.07876,1.18221,1.12311,1.16005,1.22286,1.1656,1.15913,1.2224,1.18753,1.1701,1.22788,1.10161,1.0828,1.16207,1.0687,1.06635,1.15384,1.08675,1.05321,1.16944,1.07239,1.06819,1.1991,1.04288,0.886667,1.064,1.37433,1.30783,1.07508,0.842333,1.04183,1.03075,1.04737,1.18869,1.14851,1.08409,1.20704,1.02469,0.842333,1.01967,0.975333,1.04183,1.16375,1.00304,0.842333,1.04183,0.986417,1.02521,1.13327,0.965635,0.798,1.01967,0.931,0.842333,1.04183,1.05292,1.01412,1.12773,1.05153,1.07993,1.13847,0.968233,0.798,1.01967,1.37433,1.33,1.41867,1.33,1.5295,1.36325,1.14712,1.12773,1.2067,1.06885,1.02209,1.10955,0.975939,0.842333,0.9975,1.40758,1.34662,1.07231,0.798,1.04183,1.36325,1.32446,1.4159,1.39511,1.45122,1.36845,1.50439,1.39503,1.53985,1.47926,1.44896,1.41867,1.13736,1.13736,1.13736,1.13736,1.13736,1.13736,1.13736,1.13736,1.13736,1.13736,1.13736,1.13736,1.13736,1.13736,1.13736,1.13736,1.13736,1.13736,1.13736,1.13736,8,6,3
1.10833,1.15267,1.21917,1.07508,1.13604,1.23302,1.30368,1.27251,1.03525,0.798,1.064,1.15267,1.15267,1.2635,1.40758,1.28012,1.30506,1.45053,1.3016,1.3158,1.3229,1.23778,1.26172,1.4067,1.25751,1.33809,1.40055,1.27661,1.32547,1.2169,1.20695,1.22414,1.09974,1.14837,1.21702,1.18484,1.16875,1.24938,1.31186,1.21009,1.27005,1.18919,1.1931,1.21721,1.18494,1.1688,1.22724,1.32295,1.21564,1.13982,1.05758,1.19379,1.26189,1.09645,1.14672,1.19403,1.04035,0.886667,1.08617,1.11942,1.13604,1.23302,1.28151,1.19492,1.28463,1.46248,1.26324,1.34095,1.26898,1.23299,1.23716,1.30575,1.20704,1.29069,1.22168,1.18717,1.28075,1.19454,1.19577,1.24072,1.21886,1.20793,1.2468,1.06673,0.886667,1.064,0.9975,1.07508,1.20254,1.06677,1.13189,1.20878,1.18072,1.16669,1.27051,1.43326,1.3373,1.20065,1.19882,1.24225,1.28612,1.19723,1.28578,1.33006,1.2192,1.31893,1.25797,1.197,1.21167,1.21167,1.21167,1.21167,1.21167,1.21167,1.21167,1.21167,1.21167,1.21167,1.21167,1.21167,1.21167,1.21167,1.21167,1.21167,1.21167,1.21167,1.21167,1.21167,1.21167,1.21167,1.21167,1.21167,1.21167,4,1,1
0.886667,1.21917,1.38542,1.42421,1.4436,1.54197,1.43598,1.11699,0.798,1.08617,0.96425,0.842333,1.1305,1.00858,0.886667,1.15267,1.01967,0.886667,1.10833,1.04183,1.03075,1.20254,1.0446,0.886667,1.10833,1.01967,1.04183,1.23025,1.12496,1.05015,1.21224,1.55929,1.42248,1.1324,0.842333,1.1305,0.96425,0.798,1.1305,1.00858,0.886667,1.15267,0.975333,0.798,1.10833,0.9975,0.886667,1.1305,1.07508,1.02521,1.2441,1.15405,1.04253,1.2306,1.0143,0.798,1.08617,1.07508,1.02521,1.22194,1.14297,1.14782,1.26108,1.20687,1.17977,1.25488,1.11511,1.06739,1.22086,1.1646,1.06997,1.24432,1.17632,1.14233,1.23616,1.17225,1.09596,1.23515,1.10524,1.06245,1.21839,1.1412,1.1026,1.2163,1.00715,0.798,1.10833,1.35217,1.47408,1.55721,1.5101,1.28705,1.17553,1.2971,1.26921,1.25527,1.3148,1.34457,1.24862,1.31148,1.36507,1.28104,1.32768,1.37318,1.24075,1.28538,1.26336,1.16368,1.26901,1.233,1.197,1.14899,1.14899,1.14899,1.14899,1.14899,1.14899,1.14899,1.14899,1.14899,1.14899,1.14899,1.14899,1.14899,1.14899,1.14899,1.14899,1.14899,1.14899,1.14899,1.14899,1.14899,1.14899,6,1,0
1.10833,1.04183,1.03075,1.22471,1.16652,1.22609,1.38888,1.42594,1.24497,1.35399,1.20899,1.22516,1.38841,1.51437,1.28919,1.39826,1.3863,1.26948,1.34407,1.4257,1.20052,1.37609,1.19788,0.99794,0.798,1.17483,1.36325,1.32446,1.39373,1.3397,1.15752,1.35459,1.49746,1.28073,1.39403,1.51718,1.35709,1.41005,1.34786,1.20593,1.33446,1.26573,1.05403,0.842333,1.17483,1.38542,1.35771,1.41035,1.34801,1.22817,1.30125,1.49296,1.32281,1.41507,1.15087,0.886667,0.975333,1.17483,1.27458,1.19146,1.3494,1.5392,1.3016,1.0498,0.798,0.842333,1.01967,1.08617,0.96425,0.842333,1.17483,1.20808,1.18037,1.34385,1.40343,1.25588,1.35944,1.30039,1.20436,1.28935,1.35401,1.16467,1.336,1.333,1.265,1.38617,1.15858,1.19996,1.33148,1.19774,1.08654,1.3191,1.23588,1.21644,1.33972,1.20186,1.19943,1.41988,1.33061,1.24164,1.37449,1.48524,1.596,1.2546,1.2546,1.2546,1.2546,1.2546,1.2546,1.2546,1.2546,1.2546,1.2546,1.2546,1.2546,1.2546,1.2546,1.2546,1.2546,1.2546,1.2546,1.2546,1.2546,1.2546,1.2546,1.2546,1.2546,1.2546,1.2546,1.2546,1.2546,1.2546,1.2546,6,3,3
1.24133,1.37433,1.197,1.28567,1.24133,1.35217,1.27458,1.32446,1.32723,1.32861,1.32931,1.35182,1.29658,1.26896,1.29948,1.35907,1.3002,1.27077,1.30038,1.31519,1.3226,1.3263,1.32815,1.37341,1.26304,1.29652,1.29109,1.33271,1.33136,1.39718,1.31926,1.36896,1.30515,1.36191,1.32379,1.34906,1.33953,1.29043,1.15505,1.35336,1.25301,1.33584,1.33292,1.37579,1.30856,1.29711,1.29139,1.28853,1.26493,1.3418,1.18073,1.3662,1.2151,1.33905,1.26802,1.43201,1.29234,1.37767,1.28733,1.2865,1.33042,1.46321,1.28577,1.44089,1.34111,1.37989,1.39928,1.40897,1.32515,1.43841,1.3177,1.39035,1.33801,1.068,0.798,0.798,1.15267,1.197,1.21917,1.29675,1.11387,1.22194,1.27597,1.30298,1.31649,1.36758,1.41529,1.35048,1.38457,1.33512,1.33256,1.30911,1.34172,1.33586,1.31076,1.32038,1.34736,1.36085,1.32326,1.32663,1.33,1.3041,1.3041,1.3041,1.3041,1.3041,1.3041,1.3041,1.3041,1.3041,1.3041,1.3041,1.3041,1.3041,1.3041,1.3041,1.3041,1.3041,1.3041,1.3041,1.3041,1.3041,1.3041,1.3041,1.3041,1.3041,1.3041,1.3041,1.3041,1.3041,1.3041,1.3041,1.3041,12,5,9
1.24133,1.33,1.197,1.197,1.30783,1.05292,0.798,1.10833,0.953167,0.798,1.10833,1.44083,1.40758,1.16929,1.18315,1.27874,1.26004,1.22852,1.32359,1.61496,1.51681,1.15741,0.798,1.064,1.064,1.1305,1.25242,1.33554,1.26627,1.3203,1.28082,1.23891,1.30662,1.34048,1.26874,1.29937,1.13735,1.18934,1.304,1.317,1.257,1.31567,1.30067,1.24883,1.31158,1.25429,1.22565,1.34432,1.11549,0.886667,1.1305,0.96425,0.798,1.08617,1.42975,1.40204,1.12219,0.842333,1.1305,1.14158,1.16929,1.31615,1.54474,1.79204,1.49452,1.43443,1.33788,1.24527,1.33197,1.19798,1.19749,1.68491,1.44096,1.45198,1.52399,1.47133,1.33416,1.53158,1.34212,1.33606,1.11136,0.886667,1.1305,1.36325,1.25796,1.33831,1.26766,1.23233,1.30333,1.38317,1.29008,1.37654,1.4641,1.33055,1.37461,1.1528,1.13057,1.25245,1.06956,0.886667,1.1305,1.37433,1.24686,1.24686,1.24686,1.24686,1.24686,1.24686,1.24686,1.24686,1.24686,1.24686,1.24686,1.24686,1.24686,1.24686,1.24686,1.24686,1.24686,1.24686,1.24686,1.24686,1.24686,1.24686,1.24686,1.24686,1.24686,1.24686,1.24686,1.24686,1.24686,1.24686,1.24686,14,5,4
0.798,0.9975,1.40758,1.30229,1.44915,1.34524,1.53712,1.38923,1.16011,1.13422,1.18778,1.19239,1.19469,1.21801,1.25184,1.22442,1.23288,1.10411,1.06189,1.19594,1.41814,1.3519,1.40745,1.32439,1.34936,1.29535,1.40134,1.69817,1.44759,1.32229,1.25965,1.22832,1.23483,1.26025,1.22862,1.23498,1.26032,1.22866,1.102,1.03867,1.14,1.19067,1.19383,1.17325,1.20729,1.15781,1.17741,1.23154,1.54677,1.39405,1.51719,1.40143,1.49871,1.37002,1.59385,1.39542,1.16321,1.18011,1.21072,1.20386,1.20043,1.22088,1.25327,1.22514,1.23324,1.10428,1.12848,1.16274,1.06904,1.13302,1.18718,1.10342,1.12804,1.18469,1.10218,1.12742,1.18438,1.05769,1.10518,1.17326,1.49546,1.3684,1.2827,1.26202,1.56201,1.40167,1.122,0.842333,1.01967,0.975333,1.08617,1.16375,1.46854,1.35494,1.49764,1.34732,1.60466,1.423,1.13266,0.842333,1.01967,0.908833,0.798,0.9975,0.942083,0.886667,1.22937,1.22937,1.22937,1.22937,1.22937,1.22937,1.22937,1.22937,1.22937,1.22937,1.22937,1.22937,1.22937,1.22937,1.22937,1.22937,1.22937,1.22937,1.22937,1.22937,1.22937,1.22937,1.22937,1.22937,1.22937,1.22937,1.22937,18,8,12
1.862,1.41867,1.30783,1.31892,1.61262,1.47131,1.20116,1.13258,1.34212,1.26956,1.29978,1.47006,1.40003,1.58668,1.45834,1.12817,0.798,1.04183,0.986417,1.09171,1.18869,1.08201,1.13951,1.21259,1.58163,1.41148,1.14907,0.886667,1.08617,1.09725,1.14712,1.23856,1.10695,1.15197,1.24099,1.01949,0.798,1.064,1.41867,1.35217,1.60708,1.46854,1.59877,1.48655,1.49694,1.3913,1.53799,1.43399,1.60366,1.489,1.32083,1.32542,1.61587,1.47294,1.15764,0.842333,1.064,0.931,0.798,1.064,1.3965,1.34108,1.57937,1.43252,1.11526,0.798,1.04183,0.919917,0.798,1.04183,0.919917,0.798,1.04183,1.42975,1.35771,1.63202,1.50318,1.17276,0.842333,1.064,0.975333,0.886667,1.08617,1.40758,1.36879,1.50456,1.39511,1.65072,1.49036,1.14418,0.798,0.798,0.798,0.886667,1.08617,0.96425,0.842333,1.08617,1.42975,1.37987,1.33,1.22585,1.22585,1.22585,1.22585,1.22585,1.22585,1.22585,1.22585,1.22585,1.22585,1.22585,1.22585,1.22585,1.22585,1.22585,1.22585,1.22585,1.22585,1.22585,1.22585,1.22585,1.22585,1.22585,1.22585,1.22585,1.22585,1.22585,1.22585,1.22585,1.22585,1.22585,1.22585,8,5,1
1.064,0.886667,0.9975,1.11942,1.06954,1.1111,1.17622,1.14228,1.1253,1.02815,1.13474,1.12154,1.04844,1.12272,1.15986,1.1341,1.14338,1.14802,1.26118,1.18476,1.21304,1.18286,1.07909,1.04938,0.92369,0.798,0.9975,0.919917,0.842333,0.9975,0.942083,0.886667,1.04183,0.919917,0.798,0.953167,0.919917,0.886667,1.064,0.953167,0.842333,1.01967,1.10833,1.1305,1.56275,1.26904,1.27735,1.21501,1.16167,1.22367,1.40983,1.21475,1.27238,1.36769,1.23801,1.26184,1.25159,1.22429,1.23281,1.28141,1.26137,1.27352,1.25743,1.22721,1.25644,1.07155,0.886667,1.01967,1.04183,1.07508,1.13604,1.05569,1.08201,1.16167,1.002,0.842333,1.37433,1.2635,1.60708,1.35771,1.69852,1.42559,1.68813,1.37607,1.26437,1.05335,0.842333,1.04183,0.986417,1.00304,1.12219,1.02659,1.08963,1.23198,1.30316,1.22791,1.05729,0.886667,1.04183,1.03075,1.04737,1.14435,1.01551,0.886667,1.08617,0.986417,0.886667,1.04183,1.45192,1.32446,1.17206,1.09586,1.01967,1.12321,1.12321,1.12321,1.12321,1.12321,1.12321,1.12321,1.12321,1.12321,1.12321,1.12321,1.12321,1.12321,1.12321,1.12321,1.12321,1.12321,1.12321,1.12321,1.12321,0,0,0
1.15267,1.3965,1.42975,1.49071,1.47685,1.42559,1.46646,1.39823,1.47495,1.44681,1.47707,1.53654,1.4776,1.2043,1.17848,1.29858,1.07045,0.842333,1.17483,1.38542,1.44637,1.60985,1.58076,1.58838,1.52569,1.51651,1.51192,1.59829,1.55281,1.64091,1.57412,1.54073,1.4797,1.62652,1.54476,1.19355,0.842333,1.15267,1.50733,1.48517,1.51842,1.51287,1.6431,1.55305,1.19769,0.842333,1.17483,1.36325,1.41312,1.50456,1.52811,1.42906,1.49036,1.54318,1.52526,1.53846,1.47856,1.18262,0.886667,1.15267,1.55167,1.5295,1.56275,1.49071,1.16652,0.842333,1.15267,0.975333,0.798,1.1305,1.45192,1.43529,1.18315,1.19007,1.30437,1.13985,1.16843,1.31571,1.58886,1.50376,1.26171,1.18502,1.32401,1.06101,0.798,1.1305,1.51842,1.51287,1.53227,1.49764,1.48032,1.42733,1.11266,0.798,1.35023,1.35023,1.35023,1.35023,1.35023,1.35023,1.35023,1.35023,1.35023,1.35023,1.35023,1.35023,1.35023,1.35023,1.35023,1.35023,1.35023,1.35023,1.35023,1.35023,1.35023,1.35023,1.35023,1.35023,1.35023,1.35023,1.35023,1.35023,1.35023,1.35023,1.35023,1.35023,1.35023,1.35023,1.35023,1.35023,1.35023,1.35023,1.35023,0,0,1
0.886667,1.04183,1.20808,1.31337,1.25519,1.31476,1.38888,1.29294,1.33364,1.28749,1.22008,1.2972,1.33577,1.24422,1.28711,1.37505,1.28603,1.33018,1.37442,1.26355,1.31894,1.1693,1.11665,1.22333,1.3875,1.42525,1.48846,1.4979,1.54695,1.50497,1.55049,1.46241,1.15237,0.842333,1.1305,1.42975,1.26904,1.38819,1.51426,1.28913,1.19873,1.15353,1.17527,1.29697,1.18048,1.18874,1.3037,1.36119,1.25693,1.3378,1.44473,1.32087,1.39193,1.49397,1.34548,1.40424,1.21195,1.18231,1.27832,1.54799,1.439,1.318,1.2575,1.31592,1.21212,1.20456,1.28945,1.06589,0.842333,1.10833,1.3965,1.38542,1.11387,0.842333,1.10833,1.197,1.17483,1.31892,1.34662,1.27181,1.38957,1.44845,1.41139,1.14903,0.886667,1.1305,1.23025,1.21362,1.31615,1.21224,1.20462,1.28948,1.50924,1.44179,1.16423,0.886667,1.197,1.37433,1.37433,1.3965,1.41867,1.27696,1.27696,1.27696,1.27696,1.27696,1.27696,1.27696,1.27696,1.27696,1.27696,1.27696,1.27696,1.27696,1.27696,1.27696,1.27696,1.27696,1.27696,1.27696,1.27696,1.27696,1.27696,1.27696,1.27696,1.27696,1.27696,1.27696,1.27696,1.27696,1.27696,1.27696,1.27696,6,2,3
