1,2,3,4,5,6,7,8,9,10,11,12,13,14,15,16,17,18,19,20,21,22,23,24,25,26,27,28,29,30,31,32,33,34,35,36,37,38,39,40,41,42,43,44,45,46,47,48,49,50,51,52,53,54,55,56,57,58,59,60,61,62,63,64,65,66,67,68,69,70,71,72,73,74,75,76,77,78,79,80,81,82,83,84,85,86,87,88,89,90,91,92,93,94,95,96,97,98,99,100,101,102,103,104,105,106,107,108,109,110,111,112,113,114,115,116,117,118,119,120,121,122,123,124,125,126,127,128,129,130,131,132,133,stress_score,anxiety_score,depression_score
0.886667,0.953167,1.16375,1.04737,0.944854,0.842333,0.931,1.28567,1.064,0.842333,0.953167,0.875583,0.798,0.842333,1.197,1.197,1.33,1.15267,1.01967,0.886667,0.975333,1.064,0.931,0.798,0.931,0.8645,0.798,0.8645,1.11942,1.13604,1.12219,1.00443,0.886667,0.886667,0.886667,0.9975,1.18592,1.16929,1.09448,1.25657,1.13812,1.14539,1.0382,1.0511,1.03538,1.22702,1.14551,1.12692,1.20629,1.04648,0.886667,0.886667,0.886667,1.01967,0.931,0.842333,1.04183,1.42975,1.40204,1.36602,1.10418,0.842333,0.908833,0.853417,0.798,1.064,1.44083,1.78442,1.51287,1.39927,1.09864,0.798,1.01967,0.953167,0.886667,1.21917,1.09725,1.12496,0.983646,0.842333,0.953167,1.45192,1.34662,1.42698,1.20116,1.17691,1.63029,1.41364,1.74866,1.45066,1.45683,1.19392,1.21762,1.07431,0.958323,0.842333,0.9975,1.00858,1.01412,1.26073,1.05153,0.842333,1.04183,0.96425,0.886667,0.886667,0.886667,0.798,0.931,0.975333,1.1305,1.36325,1.596,1.07919,1.07919,1.07919,1.07919,1.07919,1.07919,1.07919,1.07919,1.07919,1.07919,1.07919,1.07919,1.07919,1.07919,1.07919,1.07919,1.07919,1.07919,1.07919,1.07919,6,2,0
0.931,1.1305,1.23025,1.01412,0.798,1.33,1.197,1.17483,1.00858,0.842333,0.953167,0.986417,1.02521,1.22194,1.27597,1.19215,1.21674,1.20687,1.20194,1.13297,1.27582,1.36941,1.3497,1.33985,1.40143,1.34355,1.46977,1.31122,1.23194,1.3918,1.2279,1.43412,1.29339,1.42253,1.33193,1.39747,1.1199,0.842333,0.886667,0.798,1.01967,1.15267,1.15267,1.10833,1.37433,1.08617,0.798,1.30783,1.29675,1.37987,1.4436,1.36464,1.36948,1.21674,1.22904,1.10219,1.17176,1.31738,1.14636,1.12734,1.25084,1.26825,1.23263,1.36998,1.37216,1.28458,1.50679,1.21889,1.20795,1.04731,0.886667,0.798,1.10833,1.197,1.15267,1.33,1.197,1.197,1.15267,1.30783,1.25242,1.53504,1.54335,1.19284,0.842333,0.798,1.24133,1.48517,1.42975,1.33554,1.2441,1.37572,1.35286,1.25276,1.11405,0.956024,0.798,0.798,1.10833,1.2635,1.27458,1.39096,1.44915,1.36741,1.1492,0.931,1.1985,1.1985,1.1985,1.1985,1.1985,1.1985,1.1985,1.1985,1.1985,1.1985,1.1985,1.1985,1.1985,1.1985,1.1985,1.1985,1.1985,1.1985,1.1985,1.1985,1.1985,1.1985,1.1985,1.1985,1.1985,1.1985,1.1985,0,0,1
0.798,0.9975,0.89775,0.798,1.3965,1.31892,1.28012,1.03906,0.798,1.37433,1.21917,1.20808,1.00304,0.798,1.01967,0.908833,0.798,1.3965,1.23025,1.54612,1.3494,1.62786,1.3681,1.68155,1.41711,1.66172,1.42936,1.31318,1.05559,0.798,1.08617,1.20808,1.40204,1.32169,1.43668,1.33901,1.37884,1.37658,1.41979,1.33056,1.35245,1.29689,1.31345,1.32172,1.39236,1.31685,1.32342,1.32671,1.41702,1.39568,1.58451,1.36859,1.08329,0.798,0.9975,1.42975,1.29121,1.35494,1.36464,1.61332,1.38299,1.60033,1.39866,1.586,1.41367,1.4605,1.43958,1.40696,1.43498,1.58199,1.38949,1.40408,1.34487,1.3596,1.30047,1.44823,1.32262,1.45931,1.35032,1.47316,1.33508,1.06654,0.798,0.953167,1.47408,1.31337,1.52119,1.33693,1.28913,1.04357,0.798,1.44083,1.29675,1.31337,1.05569,0.798,1.1305,1.27458,1.41867,1.27661,1.27661,1.27661,1.27661,1.27661,1.27661,1.27661,1.27661,1.27661,1.27661,1.27661,1.27661,1.27661,1.27661,1.27661,1.27661,1.27661,1.27661,1.27661,1.27661,1.27661,1.27661,1.27661,1.27661,1.27661,1.27661,1.27661,1.27661,1.27661,1.27661,1.27661,1.27661,1.27661,1.27661,4,4,0
1.28567,1.24133,1.28567,1.21917,1.36325,1.34662,1.53781,1.38957,1.44845,1.38923,1.47045,1.37806,1.59786,1.39743,1.67405,1.43552,1.64876,1.40071,1.45402,1.39201,1.42751,1.37875,1.48738,1.40869,1.45801,1.39401,1.4285,1.40142,1.43221,1.3811,1.53289,1.32061,1.36964,1.34982,1.29558,1.29062,1.31031,1.32016,1.45808,1.37187,1.41744,1.37372,1.37403,1.35201,1.42967,1.35767,1.5655,1.40342,1.45538,1.41485,1.39459,1.38446,1.42373,1.39903,1.54185,1.41376,1.59355,1.43961,1.62864,1.43498,1.44899,1.3895,1.40408,1.36704,1.45935,1.39468,1.53967,1.43484,1.51542,1.42271,1.42069,1.35318,1.43026,1.38013,1.44373,1.40903,1.50252,1.41626,1.41746,1.37373,1.3297,1.35202,1.40751,1.36875,1.39371,1.42836,1.42351,1.37676,1.35338,1.31952,1.32476,1.30521,1.29544,1.28567,1.40913,1.40913,1.40913,1.40913,1.40913,1.40913,1.40913,1.40913,1.40913,1.40913,1.40913,1.40913,1.40913,1.40913,1.40913,1.40913,1.40913,1.40913,1.40913,1.40913,1.40913,1.40913,1.40913,1.40913,1.40913,1.40913,1.40913,1.40913,1.40913,1.40913,1.40913,1.40913,1.40913,1.40913,1.40913,1.40913,1.40913,1.40913,1.40913,4,2,5
1.463,1.37433,1.35217,1.38542,1.31337,1.52119,1.31476,1.47755,1.31511,1.47772,1.29303,1.06768,0.842333,1.01967,0.931,0.842333,1.04183,1.25242,1.24687,1.33277,1.24272,1.37503,1.24168,1.41884,1.33009,1.46304,1.28569,1.35218,1.29676,1.04738,0.798,0.953167,1.40758,1.28012,1.3494,1.3397,1.06885,0.798,0.931,0.953167,1.00858,1.03629,0.917146,0.798,0.953167,0.96425,0.969792,1.06123,1.19561,1.28497,1.26315,1.29658,1.04729,0.798,0.798,0.820167,0.842333,0.975333,1.3965,1.31892,1.05846,0.798,0.886667,1.33,1.197,1.463,1.33,1.33,1.50733,1.48517,1.38542,1.35771,1.27735,1.34801,1.27251,1.41209,1.32671,1.48352,1.31809,1.36838,1.32702,1.55018,1.32926,1.13013,1.0749,1.09162,1.54331,1.34799,1.38333,1.31233,1.3655,1.30342,1.38321,1.33444,1.57605,1.32003,1.65751,1.40509,1.10154,0.798,0.953167,1.14158,1.23579,1.1499,1.01828,0.886667,1.20941,1.20941,1.20941,1.20941,1.20941,1.20941,1.20941,1.20941,1.20941,1.20941,1.20941,1.20941,1.20941,1.20941,1.20941,1.20941,1.20941,1.20941,1.20941,1.20941,1.20941,1.20941,1.20941,1.20941,1.20941,1.20941,1.20941,10,11,8
1.15267,0.798,0.9975,0.96425,1.05846,1.1499,1.66111,1.45122,1.72311,1.46006,1.63886,1.41793,1.13013,0.842333,1.01967,1.48517,1.34108,1.11387,0.886667,1.064,1.37433,1.30783,1.49625,1.34662,1.51565,1.35632,1.12149,0.886667,1.04183,0.96425,0.886667,1.01967,1.33,1.28567,1.37433,1.30783,1.49625,1.32446,1.7484,1.4727,1.20185,1.15509,1.17605,1.54119,1.36909,1.70421,1.40627,1.16864,1.16065,1.17883,1.65341,1.40304,1.14485,0.886667,1.064,1.37433,1.28567,1.5295,1.38542,1.53504,1.41035,1.76918,1.50526,1.15163,0.798,1.01967,1.463,1.33,1.08617,0.842333,1.01967,1.48517,1.36325,1.12496,0.886667,1.01967,1.50733,1.33,1.55167,1.37433,1.44083,1.31892,1.47962,1.36048,1.12357,0.886667,1.064,1.50733,1.37433,1.44083,1.31892,1.41312,1.32723,1.06261,0.798,0.798,1.35217,1.27458,1.08062,0.886667,1.25684,1.25684,1.25684,1.25684,1.25684,1.25684,1.25684,1.25684,1.25684,1.25684,1.25684,1.25684,1.25684,1.25684,1.25684,1.25684,1.25684,1.25684,1.25684,1.25684,1.25684,1.25684,1.25684,1.25684,1.25684,1.25684,1.25684,1.25684,1.25684,1.25684,1.25684,1.25684,1.25684,10,4,3
1.10833,1.17483,1.18592,1.16929,1.20531,1.17899,1.18799,1.17033,1.228,1.2125,1.27125,1.21196,1.29315,1.28941,1.26537,1.34202,1.31384,1.29975,1.31488,1.25594,1.3373,1.26715,1.25424,1.31429,1.34431,1.27066,1.27816,1.23758,1.28379,1.26256,1.27411,1.23556,1.26061,1.27314,1.3459,1.27145,1.27856,1.32645,1.30606,1.25153,1.24643,1.22172,1.27586,1.21426,1.20563,1.22348,1.29891,1.24795,1.33331,1.26516,1.29758,1.24729,1.28864,1.24282,1.26424,1.16412,1.24706,1.13336,1.18735,1.19217,1.26109,1.22904,1.25736,1.18284,1.18992,1.19346,1.19523,1.12962,1.11897,1.06932,1.00016,1.00991,1.01479,0.972895,1.08495,1.09664,1.16899,1.13866,1.07916,1.09375,1.03454,1.07144,1.06772,0.999359,0.920846,0.842333,0.886667,0.975333,0.953167,0.986417,0.936542,0.886667,0.886667,0.886667,0.8645,0.842333,0.8645,0.886667,0.8645,0.842333,0.820167,0.798,1.197,1.04183,0.886667,0.975333,0.975333,0.975333,0.953167,1.03075,0.980875,0.933771,0.886667,0.886667,0.886667,1.1336,1.1336,1.1336,1.1336,1.1336,1.1336,1.1336,1.1336,1.1336,1.1336,1.1336,1.1336,1.1336,1.1336,1.1336,1.1336,1.1336,1.1336,0,2,0
0.798,0.798,1.064,0.931,0.798,1.15267,1.01967,0.886667,0.842333,0.798,0.931,0.8645,0.798,0.798,1.3965,1.36325,1.43529,1.27181,1.65557,1.38195,1.59981,1.37624,1.46395,1.41914,1.3524,1.0752,0.798,1.1305,1.11942,1.04737,1.25519,1.35909,1.52188,1.24861,1.37797,1.30965,1.31983,1.34708,1.27204,1.36752,1.39309,1.36155,1.16844,1.09405,1.12336,1.31535,1.32267,1.548,1.35033,1.67267,1.43483,1.75925,1.47813,1.5814,1.41136,1.50368,1.52767,1.318,1.2575,1.29375,1.31188,1.1436,1.1038,1.46073,1.3067,1.36268,1.27984,1.48225,1.36179,1.16856,1.11628,1.20097,1.44282,1.31991,1.56879,1.40506,1.41186,1.23793,1.21747,1.4289,1.11345,0.798,1.33,1.33,1.6625,1.49625,1.85646,1.5489,1.19561,0.842333,0.975333,1.2635,1.23025,1.54612,1.39373,1.45053,1.14643,0.842333,1.17483,1.50733,1.26696,1.26696,1.26696,1.26696,1.26696,1.26696,1.26696,1.26696,1.26696,1.26696,1.26696,1.26696,1.26696,1.26696,1.26696,1.26696,1.26696,1.26696,1.26696,1.26696,1.26696,1.26696,1.26696,1.26696,1.26696,1.26696,1.26696,1.26696,1.26696,1.26696,1.26696,1.26696,1.26696,4,1,3
1.24133,1.37433,1.44083,1.31892,1.28012,1.2829,1.50595,1.30714,1.27424,1.08045,0.886667,1.197,1.28567,1.30783,1.40758,1.32446,1.0834,0.842333,0.975333,1.01967,0.9975,0.942083,0.886667,1.15267,1.1305,1.09725,1.03629,1.05015,1.16791,1.02729,0.886667,0.798,0.842333,0.886667,1.15267,1.01967,0.886667,1.21917,1.31892,1.34662,1.29398,1.22332,1.45399,1.30333,1.11717,1.09058,1.12162,1.00415,0.886667,0.8645,0.842333,0.975333,1.1305,0.96425,0.798,0.9975,0.919917,0.842333,0.798,0.886667,1.2635,1.23025,1.14712,1.37156,1.26211,1.25172,1.24653,1.15526,1.17613,1.34173,1.33587,1.3551,1.34255,1.42494,1.2888,1.08774,0.886667,1.10833,1.30783,1.27458,1.12496,0.983646,0.842333,1.1305,1.18592,1.03629,0.886667,1.24133,1.30783,1.27458,1.03629,0.798,0.886667,1.10833,1.10833,1.35217,1.34108,1.35771,1.43252,1.51426,1.46646,1.1544,0.842333,0.886667,0.9975,1.31892,1.25796,1.24965,1.24133,1.13779,1.13779,1.13779,1.13779,1.13779,1.13779,1.13779,1.13779,1.13779,1.13779,1.13779,1.13779,1.13779,1.13779,1.13779,1.13779,1.13779,1.13779,1.13779,1.13779,1.13779,1.13779,1.13779,1.13779,4,3,1
1.50733,1.463,1.463,1.463,1.55167,1.463,1.57383,1.47408,1.51287,1.48794,1.56414,1.4914,1.56587,1.49227,1.4333,1.38165,1.33366,1.30966,1.31983,1.28058,1.37179,1.32873,1.4402,1.40727,1.50163,1.48232,1.53916,1.50108,1.43771,1.38385,1.37909,1.35455,1.36444,1.36939,1.39403,1.40635,1.47901,1.471,1.467,1.5315,1.47508,1.49121,1.43277,1.40355,1.36678,1.34839,1.36136,1.39001,1.38217,1.35609,1.40954,1.39194,1.4053,1.43415,1.38208,1.35604,1.32085,1.32543,1.32771,1.30669,1.38484,1.37959,1.44346,1.43106,1.4692,1.4661,1.46455,1.48594,1.40797,1.39115,1.38274,1.35637,1.38752,1.40309,1.43305,1.38152,1.40009,1.40938,1.39186,1.40526,1.3233,1.30448,1.25074,1.22387,1.25477,1.24805,1.31119,1.3206,1.36963,1.34982,1.40641,1.41254,1.39344,1.37433,1.40667,1.40667,1.40667,1.40667,1.40667,1.40667,1.40667,1.40667,1.40667,1.40667,1.40667,1.40667,1.40667,1.40667,1.40667,1.40667,1.40667,1.40667,1.40667,1.40667,1.40667,1.40667,1.40667,1.40667,1.40667,1.40667,1.40667,1.40667,1.40667,1.40667,1.40667,1.40667,1.40667,1.40667,1.40667,1.40667,1.40667,1.40667,1.40667,2,3,0
1.596,1.68467,1.596,1.6625,1.89525,1.50179,1.50456,1.46161,1.44014,1.4294,1.5792,1.36593,1.3923,1.33898,1.40099,1.299,1.3145,1.38875,1.60321,1.4001,1.40939,1.12586,0.842333,1.17483,1.36325,1.50179,1.46023,1.83845,1.49556,1.14678,0.798,1.197,1.37433,1.41867,1.55167,1.5295,1.76225,1.54612,1.77056,1.46161,1.52881,1.47374,1.49054,1.56543,1.71372,1.54403,1.50351,1.59409,1.57288,1.47361,1.42397,1.55432,1.70816,1.56341,1.49104,1.16669,0.842333,1.1305,1.36325,1.61262,1.47131,1.86616,1.46508,1.66354,1.51894,1.55747,1.48807,1.38687,1.09243,0.798,1.1305,0.96425,0.798,1.10833,1.37433,1.57383,1.45192,1.78996,1.49348,1.52257,1.60362,1.66631,1.45382,1.50274,1.57154,1.45077,1.14655,0.842333,1.41867,1.995,1.43451,1.43451,1.43451,1.43451,1.43451,1.43451,1.43451,1.43451,1.43451,1.43451,1.43451,1.43451,1.43451,1.43451,1.43451,1.43451,1.43451,1.43451,1.43451,1.43451,1.43451,1.43451,1.43451,1.43451,1.43451,1.43451,1.43451,1.43451,1.43451,1.43451,1.43451,1.43451,1.43451,1.43451,1.43451,1.43451,1.43451,1.43451,1.43451,1.43451,1.43451,1.43451,1.43451,2,2,1
1.33,1.35217,1.42975,1.24687,1.0446,0.842333,0.842333,0.931,1.064,1.10833,1.064,1.17483,1.14158,1.08062,1.00581,1.07924,1.44845,1.30056,1.33745,1.31156,1.32078,1.30322,1.49394,1.30114,1.4264,1.48903,1.52035,1.49168,1.566,1.47017,1.51092,1.50913,1.41956,1.46345,1.55189,1.44095,1.51847,1.53507,1.43253,1.46993,1.15613,0.842333,0.798,1.10833,1.35217,1.65142,1.53504,1.34385,1.20393,1.26696,1.18765,1.17016,1.25008,1.24571,1.04402,0.842333,1.1305,1.40758,1.28012,1.0834,0.886667,1.21917,1.27458,1.10279,1.26073,1.22886,1.2351,1.34905,1.20652,1.15743,1.42105,1.46419,1.48576,1.54088,1.54627,1.17214,0.798,1.17483,1.09725,1.12496,1.33831,1.24549,1.26558,1.16479,1.04789,1.16678,1.38139,1.53303,1.49801,1.32534,1.28334,1.30667,1.42917,1.35742,1.34371,1.38119,1.31126,1.4093,1.34748,1.18357,1.23462,1.28567,1.2731,1.2731,1.2731,1.2731,1.2731,1.2731,1.2731,1.2731,1.2731,1.2731,1.2731,1.2731,1.2731,1.2731,1.2731,1.2731,1.2731,1.2731,1.2731,1.2731,1.2731,1.2731,1.2731,1.2731,1.2731,1.2731,1.2731,1.2731,1.2731,1.2731,1.2731,0,1,0
0.975333,0.842333,0.908833,1.09725,1.25796,1.02798,0.798,1.21917,1.00858,0.798,0.886667,1.064,1.15267,1.2635,1.03075,0.798,1.08617,0.942083,0.798,0.953167,0.89775,0.842333,0.886667,0.8645,0.842333,1.04183,0.942083,0.842333,0.820167,0.798,0.798,1.08617,0.96425,0.842333,0.886667,0.842333,0.798,0.931,0.886667,0.842333,0.886667,0.886667,0.886667,1.064,0.953167,0.842333,1.01967,0.953167,0.886667,0.953167,0.875583,0.798,1.15267,1.35217,1.34108,1.46854,1.28844,1.04322,0.798,1.04183,0.942083,0.842333,1.064,0.931,0.798,1.28567,1.2635,1.29675,1.53504,1.29952,1.09309,0.886667,1.1305,1.05292,1.01412,1.12773,1.05153,1.05777,1.21605,1.09569,1.10201,1.19384,1.08459,1.16296,1.06915,1.24391,1.19829,1.26414,1.49657,1.43545,1.47139,1.4007,1.43185,1.58042,1.34438,1.44802,1.41118,1.48142,1.13971,0.798,0.798,0.842333,0.886667,0.842333,0.798,0.8645,0.986417,1.09171,0.967021,0.842333,0.9975,0.942083,0.886667,1.1305,0.986417,0.842333,1.15267,1.03979,1.03979,1.03979,1.03979,1.03979,1.03979,1.03979,1.03979,1.03979,1.03979,1.03979,1.03979,1.03979,1.03979,1.03979,1.03979,10,7,9
1.37433,1.3965,1.47408,1.49071,1.43252,1.44776,1.52188,1.47027,1.4888,1.43157,1.35862,1.43298,1.35932,1.45549,1.39275,1.45004,1.50085,1.14943,0.798,1.01967,1.21917,1.45192,1.36879,1.52673,1.4062,1.41243,1.43772,1.40602,1.36801,1.23817,1.21759,1.27379,1.3684,1.2827,1.37285,1.19626,1.2188,1.23006,1.1027,1.14985,1.23992,1.17413,1.2964,1.06937,0.842333,0.842333,0.842333,0.798,0.975333,1.17483,1.14158,1.23579,1.1499,1.17345,1.20739,1.29086,1.28826,1.28697,1.17548,1.23057,1.05862,0.886667,0.842333,0.798,0.953167,1.14158,1.14712,1.17206,1.09586,1.07993,1.07197,1.20098,1.17682,1.16475,1.18087,1.2776,1.25947,1.33907,1.26803,1.36552,1.34776,1.40538,1.10169,0.798,1.17483,1.27458,1.50179,1.3494,1.3397,1.35702,1.16617,1.11509,1.15604,1.30952,1.43059,1.69063,1.57682,1.43124,1.13679,0.842333,1.08617,1.38542,1.68467,1.24535,1.24535,1.24535,1.24535,1.24535,1.24535,1.24535,1.24535,1.24535,1.24535,1.24535,1.24535,1.24535,1.24535,1.24535,1.24535,1.24535,1.24535,1.24535,1.24535,1.24535,1.24535,1.24535,1.24535,1.24535,1.24535,1.24535,1.24535,1.24535,1.24535,24,17,25
1.41867,1.28567,1.463,1.50733,1.81767,1.50733,1.83983,1.49625,1.41312,1.1499,0.886667,1.1305,1.11942,1.13604,1.27735,1.21501,1.18384,1.23475,1.28238,1.23969,1.30701,1.31851,1.25775,1.31604,1.21219,1.18243,1.25621,1.24877,1.22289,1.29861,1.29214,1.24457,1.30945,1.09806,0.886667,1.17483,1.00858,0.842333,1.15267,1.08617,1.11942,1.29121,1.19977,1.22055,1.29744,1.18072,1.16669,1.27051,1.30026,1.2708,1.3669,1.32628,1.26164,1.34015,1.22424,1.21062,1.29248,1.33341,1.28737,1.35302,1.38584,1.31359,1.36613,1.2594,1.20603,1.29018,1.28792,1.26463,1.36381,1.28041,1.2387,1.32869,1.15201,1.13017,1.25225,1.22463,1.21081,1.31474,1.34454,1.29293,1.33363,1.37615,1.33091,1.35262,1.23048,1.16941,1.29404,1.24552,1.22126,1.31996,1.32498,1.30532,1.31766,1.23516,1.19392,1.30629,1.29598,1.22432,1.32149,1.32575,1.28354,1.26244,1.24133,1.26848,1.26848,1.26848,1.26848,1.26848,1.26848,1.26848,1.26848,1.26848,1.26848,1.26848,1.26848,1.26848,1.26848,1.26848,1.26848,1.26848,1.26848,1.26848,1.26848,1.26848,1.26848,1.26848,1.26848,1.26848,1.26848,1.26848,1.26848,1.26848,1.26848,6,0,0
1.197,1.30783,1.29675,1.24687,1.3106,1.34247,1.33623,1.26662,1.29831,1.35849,1.18908,1.23737,1.26152,1.25143,1.22421,1.32144,1.34789,1.29461,1.15714,1.11057,1.17595,1.27514,1.23607,1.28304,1.15135,1.19634,1.108,1.17467,1.25233,1.136,1.21083,1.22608,1.21154,1.2486,1.13414,1.2764,1.25887,1.3166,1.23463,1.30448,1.36158,1.32362,1.34898,1.36166,1.25716,1.40441,1.34504,1.38185,1.40026,1.3873,1.42515,1.48841,1.43137,1.44719,1.52159,1.18196,0.842333,0.842333,0.820167,0.798,0.886667,1.35217,1.36325,1.56829,1.51565,1.53366,1.56483,1.51391,1.46629,1.44248,1.51924,1.66845,1.47706,1.66953,1.45543,1.25972,1.18402,1.14618,1.28242,1.46138,1.44002,1.49584,1.52376,1.51554,1.51144,1.53155,1.65244,1.44689,1.58794,1.45897,1.48315,1.53958,1.52345,1.60406,1.57786,1.58693,1.596,1.3355,1.3355,1.3355,1.3355,1.3355,1.3355,1.3355,1.3355,1.3355,1.3355,1.3355,1.3355,1.3355,1.3355,1.3355,1.3355,1.3355,1.3355,1.3355,1.3355,1.3355,1.3355,1.3355,1.3355,1.3355,1.3355,1.3355,1.3355,1.3355,1.3355,1.3355,1.3355,1.3355,1.3355,1.3355,1.3355,2,4,0
0.842333,1.064,1.10833,1.2635,1.42975,1.57937,1.18869,0.798,0.842333,1.08617,1.29675,1.22471,1.32169,1.48101,1.18384,0.886667,1.17483,1.05292,1.10279,0.950396,0.798,0.842333,0.798,1.10833,0.9975,0.886667,0.975333,0.975333,1.21917,1.42975,1.53504,1.47685,1.13743,0.798,1.15267,1.24133,1.30783,1.31892,1.25796,1.18315,1.19007,1.4152,1.32827,1.46213,1.3074,1.07487,0.842333,1.08617,1.05292,1.12496,1.27181,1.32307,1.26004,1.38368,1.35684,1.25475,1.13721,1.18927,1.45914,1.3724,1.24037,1.01918,0.798,1.01967,1.1305,1.23025,1.21362,1.02798,0.842333,0.820167,0.798,0.842333,0.9975,1.34108,1.29121,1.2441,1.24272,1.02036,0.798,0.842333,0.820167,0.798,0.886667,1.28567,1.17483,1.27458,1.28012,1.3494,1.38403,1.11318,0.842333,0.886667,1.21917,1.47408,1.35771,1.45469,1.41451,1.41659,1.35113,1.3184,1.27987,1.41577,1.35072,1.40686,1.3906,1.37433,1.16311,1.16311,1.16311,1.16311,1.16311,1.16311,1.16311,1.16311,1.16311,1.16311,1.16311,1.16311,1.16311,1.16311,1.16311,1.16311,1.16311,1.16311,1.16311,1.16311,1.16311,1.16311,1.16311,1.16311,1.16311,1.16311,1.16311,0,0,1
1.28567,1.30783,1.29675,1.42421,1.2441,1.26489,1.23094,1.23614,1.28307,1.24003,1.35152,1.27426,1.2578,1.27173,1.32303,1.37085,1.37259,1.37346,1.39606,1.40737,1.41302,1.37151,1.41725,1.39579,1.3629,1.41295,1.30497,1.31749,1.23508,1.28254,1.23977,1.21838,1.22986,1.25776,1.24955,1.24544,1.26555,1.25344,1.22522,1.18894,1.17081,1.2504,1.24587,1.26577,1.23138,1.25853,1.2056,1.24563,1.19915,1.19807,1.24187,1.28594,1.26363,1.31898,1.32449,1.39375,1.42837,1.37919,1.48759,1.43096,1.44698,1.45499,1.34816,1.33908,1.31237,1.38769,1.27018,1.27792,1.25963,1.27265,1.25699,1.2935,1.22308,1.27654,1.23677,1.28339,1.19586,1.2186,1.18563,1.19132,1.28282,1.26208,1.27387,1.30194,1.33813,1.3119,1.38745,1.33656,1.31111,1.40922,1.34744,1.40522,1.30111,1.38206,1.33386,1.2876,1.2423,1.24182,1.17507,1.18604,1.19152,1.197,1.29572,1.29572,1.29572,1.29572,1.29572,1.29572,1.29572,1.29572,1.29572,1.29572,1.29572,1.29572,1.29572,1.29572,1.29572,1.29572,1.29572,1.29572,1.29572,1.29572,1.29572,1.29572,1.29572,1.29572,1.29572,1.29572,1.29572,1.29572,1.29572,1.29572,1.29572,2,3,1
1.28567,0.842333,1.44083,1.36325,1.45746,1.39373,1.4727,1.42352,1.48759,1.49746,1.14773,0.798,0.798,1.15267,1.24133,1.41867,1.44083,1.47408,1.51287,1.33277,1.44222,1.45261,1.34697,1.38282,1.28991,1.24345,1.44189,1.67411,1.87889,1.60445,1.55589,1.73111,1.64139,1.53003,1.36351,1.41326,1.37163,1.23998,1.35149,1.20775,1.26887,1.2551,1.33688,1.37778,1.35389,1.18678,1.25839,1.20553,1.1791,1.23238,1.28119,1.19476,1.19588,1.26294,1.25214,1.24674,1.22187,1.20943,1.15888,1.06711,1.04339,1.03153,1.11426,1.08913,1.14307,1.14787,1.10593,1.0628,1.0634,1.0637,1.06385,1.04176,1.11938,1.06952,1.08893,1.0543,1.05915,1.03941,1.09604,1.03569,1.13851,1.03475,1.18238,1.14536,1.25984,1.22842,1.25704,1.18269,1.14551,1.10476,1.17304,1.11852,1.17993,1.14413,1.23707,1.21703,1.27352,1.25742,1.33805,1.15669,1.22118,1.25342,1.33604,1.17786,1.01967,1.24958,1.24958,1.24958,1.24958,1.24958,1.24958,1.24958,1.24958,1.24958,1.24958,1.24958,1.24958,1.24958,1.24958,1.24958,1.24958,1.24958,1.24958,1.24958,1.24958,1.24958,1.24958,1.24958,1.24958,1.24958,1.24958,1.24958,1.24958,4,3,1
1.55167,1.41867,1.83983,1.54058,1.50179,1.37156,1.28428,1.37364,1.28532,1.24116,1.41858,1.10829,0.798,0.798,0.798,1.10833,1.24133,1.10833,1.197,1.33,1.3965,1.14158,0.886667,1.10833,1.10833,0.9975,0.886667,0.842333,0.798,1.08617,1.23025,1.19146,1.6154,1.49486,1.65627,1.49313,1.63323,1.48162,1.38364,1.33465,1.53183,1.45308,1.67971,1.50485,1.52826,1.3848,1.31307,1.0777,0.842333,1.3965,1.34108,1.62371,1.56552,1.55859,1.46646,1.24307,1.08703,1.07552,1.33576,1.06688,0.798,1.44083,1.40758,1.34662,1.29398,1.24549,1.37641,1.30887,1.2751,1.39122,1.22761,1.25664,1.33765,1.17866,1.21,1.35866,1.2335,1.28175,1.37237,1.35119,1.29626,1.8008,1.5654,1.53637,1.32235,1.25967,1.317,1.257,1.27133,1.38933,1.09367,0.798,1.17483,1.03075,0.886667,1.15267,1.21917,1.25242,1.28567,1.28039,1.28039,1.28039,1.28039,1.28039,1.28039,1.28039,1.28039,1.28039,1.28039,1.28039,1.28039,1.28039,1.28039,1.28039,1.28039,1.28039,1.28039,1.28039,1.28039,1.28039,1.28039,1.28039,1.28039,1.28039,1.28039,1.28039,1.28039,1.28039,1.28039,1.28039,1.28039,1.28039,1.28039,0,0,0
1.28567,0.842333,1.24133,1.04183,0.842333,0.798,1.21917,1.29675,1.20254,1.13327,1.20947,1.2254,1.23337,1.32602,1.15068,1.063,1.529,1.363,1.39083,1.13875,0.886667,1.1305,1.07508,1.11387,1.46577,1.39789,1.38611,1.46889,1.44378,1.51989,1.46928,1.44397,1.43132,1.46933,1.46616,1.46458,1.46379,1.41906,1.4632,1.55177,1.46305,1.26352,1.16376,1.31338,1.18869,1.12635,1.27251,1.47859,1.47079,1.57773,1.40953,1.36977,1.12822,0.886667,0.798,0.798,0.886667,1.37433,1.28567,1.44083,1.45192,1.41312,1.23856,1.15128,1.24064,1.19665,1.06383,1.21908,1.00854,0.798,0.886667,0.931,0.975333,1.15267,1.1305,1.23025,1.34662,1.33831,1.15682,1.28774,1.48621,1.62977,1.43555,1.69311,1.51155,1.53161,1.23131,1.12549,1.05041,1.01287,1.03844,1.22855,1.34578,1.42655,1.51128,1.46497,1.13149,0.798,1.10833,1.44083,1.18592,1.12496,1.064,1.2481,1.2481,1.2481,1.2481,1.2481,1.2481,1.2481,1.2481,1.2481,1.2481,1.2481,1.2481,1.2481,1.2481,1.2481,1.2481,1.2481,1.2481,1.2481,1.2481,1.2481,1.2481,1.2481,1.2481,1.2481,1.2481,1.2481,1.2481,1.2481,1.2481,2,1,0
1.10833,0.798,1.10833,0.9975,0.886667,1.15267,1.17483,1.16375,1.29121,1.19977,1.08755,1.29744,1.46889,1.48811,1.49772,1.50253,1.5936,1.5283,1.16315,0.798,0.886667,1.08617,1.18592,1.28012,1.32723,1.30645,1.49556,1.45711,1.50439,1.23986,1.15193,1.2853,1.19682,1.13041,1.27454,1.0806,0.886667,1.1305,0.96425,0.798,1.064,1.064,1.08617,1.25242,1.20254,1.1111,1.26489,1.03144,0.798,1.064,0.931,0.798,1.10833,1.04183,1.05292,1.21362,1.18315,1.07924,1.29329,1.46681,1.1324,0.798,0.798,1.1305,1.36325,1.39096,1.09448,0.798,0.798,0.798,0.798,1.10833,1.33,1.41867,1.48517,1.49625,1.59046,1.5489,1.63895,1.55097,1.55132,1.17466,0.798,0.842333,1.1305,1.49625,1.43529,1.20531,1.09032,1.38749,1.38091,1.35546,1.12106,0.886667,0.798,0.798,0.798,1.197,1.41867,1.37433,1.08617,0.798,0.798,1.28567,1.30783,1.33,1.16976,1.16976,1.16976,1.16976,1.16976,1.16976,1.16976,1.16976,1.16976,1.16976,1.16976,1.16976,1.16976,1.16976,1.16976,1.16976,1.16976,1.16976,1.16976,1.16976,1.16976,1.16976,1.16976,1.16976,1.16976,1.16976,1.16976,8,1,4
1.33,0.798,0.9975,0.942083,0.886667,0.975333,0.886667,0.798,1.2635,1.20808,1.11387,0.955937,0.798,0.842333,0.886667,0.886667,1.28567,1.30783,1.20808,1.04737,0.886667,0.886667,1.24133,1.1305,1.09725,0.991958,0.886667,0.842333,0.798,0.798,0.798,0.798,1.17483,1.29675,1.22471,1.01135,0.798,0.886667,1.1305,1.14158,0.969792,0.798,0.886667,0.842333,0.798,0.886667,1.2635,1.03075,0.798,0.798,0.975333,0.886667,0.798,0.798,1.1305,1.27458,1.34662,1.16098,0.97949,0.798,1.01967,1.24133,1.1305,1.00858,0.886667,1.04183,0.919917,0.798,1.1305,1.05292,1.19146,1.3494,1.18453,0.991266,0.798,0.9975,0.89775,0.798,0.886667,0.842333,0.798,0.886667,0.931,0.9975,1.11942,1.04737,0.967021,0.886667,0.886667,0.886667,1.15267,1.10833,1.01967,1.30783,1.09725,0.886667,0.798,0.886667,0.886667,0.886667,0.931,0.975333,0.886667,0.798,0.798,0.798,0.798,0.798,0.798,0.886667,0.886667,0.886667,0.886667,1.10833,0.9975,0.886667,0.886667,0.798,0.908833,1.25242,1.37987,1.50733,0.982913,0.982913,0.982913,0.982913,0.982913,0.982913,0.982913,0.982913,0.982913,0.982913,0.982913,10,7,9
0.886667,0.886667,0.886667,0.908833,0.853417,0.798,0.842333,0.886667,0.975333,0.931,0.886667,0.798,0.820167,0.842333,0.798,0.798,1.17483,1.03075,0.886667,0.886667,0.842333,0.798,1.24133,1.463,1.15267,0.842333,1.1305,1.38542,1.11387,0.842333,1.10833,0.953167,0.798,0.820167,0.842333,1.04183,0.96425,0.886667,1.1305,0.96425,0.798,1.04183,1.23025,1.01412,0.798,0.931,0.8645,0.798,0.886667,0.931,0.9975,1.14158,0.969792,0.798,1.15267,1.01967,0.886667,1.064,0.931,0.798,1.17483,1.29675,1.13604,0.967021,0.798,0.798,0.798,1.064,1.1305,0.96425,0.798,0.798,0.798,0.886667,1.15267,0.975333,0.798,1.10833,1.33,1.08617,0.842333,0.975333,0.908833,0.842333,1.064,1.2635,1.42975,1.31337,1.14435,1.05984,1.01759,0.996461,1.16323,1.06928,1.06664,1.15399,1.35283,1.43008,1.15837,0.886667,1.01967,0.908833,0.798,0.798,0.798,0.886667,0.975333,1.17483,0.986417,0.798,0.798,1.064,0.931,0.798,1.064,0.953167,0.842333,0.908833,0.853417,0.798,0.931,1.064,0.977853,0.977853,0.977853,0.977853,0.977853,0.977853,0.977853,0.977853,0.977853,0.977853,0.977853,2,1,1
1.064,0.842333,0.8645,0.886667,1.197,1.2635,1.29675,1.26904,1.12219,1.33693,1.46646,1.4869,1.49712,1.45789,1.21661,1.53931,1.27949,1.17174,1.0292,0.886667,0.798,0.931,0.8645,0.798,0.908833,1.38542,1.26904,1.12219,1.00443,0.886667,1.24133,1.15267,1.2635,1.34108,1.57937,1.25519,1.60293,1.26696,1.56448,1.51374,1.44404,1.14319,0.842333,0.931,1.24133,1.21917,1.56275,1.22471,0.886667,0.975333,0.886667,0.798,0.842333,0.886667,0.798,0.798,0.886667,0.886667,0.886667,0.886667,0.886667,0.798,1.24133,1.24133,1.21917,1.00858,0.798,0.886667,0.842333,0.798,0.886667,0.842333,0.798,0.886667,0.798,1.08617,1.03075,1.13604,1.45469,1.25934,1.49417,1.25692,1.44863,1.21198,1.35966,1.32266,1.149,0.995665,0.842333,1.28567,1.21917,1.03075,0.842333,0.8645,0.886667,1.01967,1.24133,1.33,1.17483,1.03075,0.886667,1.04183,0.919917,0.798,0.886667,0.886667,0.886667,0.886667,1.10833,1.30783,1.50733,1.09885,1.09885,1.09885,1.09885,1.09885,1.09885,1.09885,1.09885,1.09885,1.09885,1.09885,1.09885,1.09885,1.09885,1.09885,1.09885,1.09885,1.09885,1.09885,1.09885,1.09885,1.09885,14,5,2
0.886667,0.931,0.9975,1.18592,1.08062,1.05015,0.94624,0.842333,1.04183,0.919917,0.798,0.798,0.798,0.798,0.820167,0.842333,0.820167,0.798,0.886667,0.886667,0.886667,0.798,0.798,0.798,0.842333,0.886667,0.886667,0.842333,0.798,0.798,0.798,0.975333,0.886667,0.798,0.798,0.820167,0.842333,0.798,0.842333,0.886667,0.886667,0.798,0.798,0.798,0.886667,0.886667,0.975333,0.975333,1.04183,1.23025,1.05846,0.886667,0.798,0.798,0.975333,0.886667,0.798,0.886667,0.908833,0.942083,1.09171,0.944854,0.798,0.931,0.908833,0.886667,0.931,1.08617,0.942083,0.798,0.820167,0.842333,0.798,0.798,0.798,0.886667,1.10833,0.953167,0.798,0.798,0.820167,0.842333,1.15267,0.975333,0.798,1.064,0.931,0.798,0.842333,0.886667,0.975333,1.21917,1.09725,0.947625,0.798,0.798,0.886667,0.842333,0.798,1.064,0.931,0.798,0.886667,1.064,0.931,0.798,0.798,0.798,0.975333,0.886667,0.798,0.798,1.17483,1.25242,1.06954,0.886667,0.798,0.931,0.8645,0.798,1.17483,1.00858,0.842333,1.2635,1.27458,1.08062,0.886667,0.931,0.975333,0.908951,0.908951,0.908951,0.908951,8,5,2
1.064,1.24133,1.1305,1.00858,0.886667,1.10833,1.04183,0.96425,0.886667,1.197,1.1305,1.23025,1.01412,0.798,0.908833,0.853417,0.798,1.15267,1.28567,1.2635,1.11942,0.958708,0.798,0.886667,0.975333,1.10833,0.975333,0.842333,1.08617,0.942083,0.798,0.798,0.886667,0.798,0.798,0.975333,1.2635,1.38542,1.29121,1.06677,0.842333,0.798,0.975333,1.15267,1.28567,1.197,1.463,1.44083,1.31892,1.08062,0.842333,0.886667,1.01967,1.463,1.197,1.08617,1.31892,1.32446,1.2829,1.26211,1.03006,0.798,0.908833,1.20808,1.00304,0.798,0.798,0.820167,0.842333,0.8645,0.886667,0.798,0.798,0.931,0.953167,0.96425,1.14712,1.06123,1.21778,1.00789,0.798,0.798,0.886667,1.01967,0.908833,0.798,0.886667,0.886667,0.798,0.975333,0.908833,0.842333,1.04183,1.23025,1.14712,1.1499,1.28428,1.52881,1.27424,1.19129,1.10548,1.01824,1.24062,1.08581,1.0749,1.02512,0.91156,0.798,0.842333,0.886667,1.197,1.064,0.953167,0.842333,0.820167,0.798,0.798,0.798,0.798,0.798,0.975333,1.01634,1.01634,1.01634,1.01634,1.01634,1.01634,1.01634,1.01634,1.01634,1.01634,1.01634,1.01634,12,6,3
1.15267,1.2635,1.11942,1.00304,0.886667,0.886667,0.886667,0.886667,0.886667,0.886667,1.10833,1.1305,1.09725,1.23579,1.2829,1.12911,1.29606,1.11353,1.08876,1.23155,1.05911,0.886667,1.10833,1.04183,1.07508,1.20254,1.2441,1.19839,1.26419,1.25276,1.24705,1.28852,1.17626,1.0758,1.18073,1.0337,0.886667,1.08617,1.16375,1.09171,1.23302,1.25934,1.16167,1.24584,1.22142,1.14271,1.32502,1.06151,0.798,1.08617,1.40758,1.39096,1.22748,1.19007,1.23787,1.28393,1.17397,1.25198,1.11366,1.15533,1.287,1.0425,0.798,1.10833,1.04183,1.03075,1.20254,1.2441,1.24272,1.24203,1.21951,1.18609,1.19154,1.14994,1.0848,1.16307,1.24653,1.22177,1.29805,1.31403,1.21118,1.31492,1.07863,0.842333,1.04183,1.07508,1.09171,1.21085,1.13743,1.12288,1.27077,1.16739,1.11569,1.24501,1.08801,1.05384,1.12542,1.07254,1.0461,1.18805,1.21469,1.11718,1.24576,1.24354,1.15377,1.30839,1.20836,1.18051,1.23309,1.19288,1.03977,0.886667,1.14235,1.14235,1.14235,1.14235,1.14235,1.14235,1.14235,1.14235,1.14235,1.14235,1.14235,1.14235,1.14235,1.14235,1.14235,1.14235,1.14235,1.14235,1.14235,1.14235,1.14235,8,3,1
0.798,0.798,0.886667,0.953167,0.96425,0.969792,0.972562,1.01828,0.974641,0.930654,0.886667,0.886667,0.886667,0.886667,0.886667,1.01967,0.953167,0.886667,1.01967,0.908833,0.798,1.37433,1.21917,1.51842,1.33554,1.62094,1.34247,1.64657,1.39962,1.56431,1.44715,1.54374,1.43687,1.25044,1.06855,0.886667,1.41867,1.2635,1.20808,1.00304,0.798,1.35217,1.20808,1.20254,1.00027,0.798,1.064,0.931,0.798,1.41867,1.28567,1.21917,1.00858,0.798,1.35217,1.20808,1.22471,1.01135,0.798,0.8645,0.942083,1.04737,1.14435,0.971177,0.798,1.37433,1.21917,1.20808,1.04737,0.886667,1.15267,1.064,1.01967,1.15267,1.04183,1.05292,1.39096,1.33831,1.68882,1.33208,1.66354,1.4081,1.67938,1.39386,1.67226,1.3238,1.14957,1.01812,0.886667,1.01967,0.908833,0.798,1.01967,0.908833,0.798,1.35217,1.25242,1.06954,0.886667,0.975333,1.41867,1.21917,1.27458,1.03629,0.798,0.886667,0.931,1.01967,0.953167,0.886667,0.931,0.975333,1.11216,1.11216,1.11216,1.11216,1.11216,1.11216,1.11216,1.11216,1.11216,1.11216,1.11216,1.11216,1.11216,1.11216,1.11216,1.11216,1.11216,1.11216,1.11216,1.11216,1.11216,8,3,1
1.33,1.197,1.24133,1.44083,1.23025,1.30229,1.13881,1.05707,1.19354,1.15093,1.10747,1.2409,1.37412,1.24123,1.30778,1.31889,1.25794,1.22747,1.41174,1.23787,1.2396,1.24047,1.15223,1.26328,1.34098,1.18032,1.29949,1.09308,0.886667,1.10833,1.17483,1.16375,1.24687,1.39927,1.2538,1.33623,1.35528,1.27614,1.30307,1.2057,1.17918,1.18809,1.12605,1.09502,1.21251,1.13826,1.18979,1.2599,1.25062,1.17947,1.25474,1.1372,1.07843,1.53672,1.41119,1.41493,1.1508,0.886667,1.10833,1.33,1.17483,1.27458,1.30229,1.20531,1.22332,1.25449,1.22575,1.30004,1.04902,0.798,1.04183,1.00858,1.03629,1.18315,1.03491,0.886667,1.10833,1.197,1.15267,1.2635,1.11942,1.06954,1.19977,1.13189,1.05361,1.21397,1.13899,1.14583,1.23791,1.30612,1.20723,1.26861,1.29931,1.24815,1.26691,1.20979,1.20339,1.24453,1.0656,0.886667,1.1305,1.00858,0.886667,1.10833,1.064,1.1305,1.18592,1.24133,1.19119,1.19119,1.19119,1.19119,1.19119,1.19119,1.19119,1.19119,1.19119,1.19119,1.19119,1.19119,1.19119,1.19119,1.19119,1.19119,1.19119,1.19119,1.19119,1.19119,1.19119,1.19119,1.19119,1.19119,1.19119,12,8,7
1.064,1.064,1.01967,1.17483,1.29675,1.29121,1.1776,1.20947,1.40273,1.69887,1.44793,1.47763,1.15998,0.842333,0.9975,1.27458,1.12496,1.02798,1.06816,1.33208,1.57487,1.36377,1.41338,1.39386,1.3176,1.41246,1.63723,1.35062,1.42897,1.26865,1.09983,1.05975,1.28354,1.4841,1.29622,1.31311,1.49889,1.30361,1.42764,1.26799,1.07733,0.886667,1.197,1.08617,0.986417,0.886667,1.1305,1.00858,0.886667,0.798,1.15267,1.08617,1.14158,1.14712,1.3494,1.6722,1.41243,1.45988,1.52794,1.31814,1.41274,1.57087,1.3396,1.4013,1.21048,1.13724,1.12279,1.27073,1.32253,1.2376,1.3503,1.16282,1.02474,0.886667,1.21917,1.25242,1.15821,1.15544,1.37572,1.10903,0.842333,0.975333,1.15267,1.37433,1.2635,1.34108,1.33554,1.13327,1.0543,1.28082,1.30541,1.22904,1.19085,1.41559,1.52796,1.45115,1.47924,1.24945,1.26756,1.34311,1.20356,1.15595,1.10833,1.24234,1.24234,1.24234,1.24234,1.24234,1.24234,1.24234,1.24234,1.24234,1.24234,1.24234,1.24234,1.24234,1.24234,1.24234,1.24234,1.24234,1.24234,1.24234,1.24234,1.24234,1.24234,1.24234,1.24234,1.24234,1.24234,1.24234,1.24234,1.24234,1.24234,16,6,11
1.33,0.842333,1.08617,1.34108,1.31337,1.56552,1.38126,1.1118,0.842333,1.064,1.01967,1.01967,1.15267,0.975333,0.798,1.064,1.35217,1.29675,1.04737,0.798,1.01967,0.908833,0.798,1.064,0.953167,0.842333,1.04183,0.986417,0.980875,1.06677,0.976719,0.886667,1.01967,0.953167,0.886667,1.08617,1.42975,1.29121,1.46577,1.42005,1.48586,1.34143,1.55738,1.42152,1.59743,1.39721,1.58527,1.39114,1.58224,1.43395,1.18248,1.05674,1.12687,1.00677,0.886667,1.064,0.953167,0.842333,1.04183,0.919917,0.798,1.04183,1.42975,1.31337,1.49902,1.32584,1.43876,1.38438,1.46802,1.37684,1.50859,1.35279,1.58523,1.41328,1.54897,1.35082,1.45124,1.36846,1.43789,1.47261,1.42347,1.35457,1.49745,1.32506,1.52703,1.42851,1.42359,1.35463,1.45315,1.36941,1.5492,1.59477,1.48455,1.36294,1.5238,1.40474,1.45603,1.34868,1.45018,1.36792,1.45979,1.55167,1.25128,1.25128,1.25128,1.25128,1.25128,1.25128,1.25128,1.25128,1.25128,1.25128,1.25128,1.25128,1.25128,1.25128,1.25128,1.25128,1.25128,1.25128,1.25128,1.25128,1.25128,1.25128,1.25128,1.25128,1.25128,1.25128,1.25128,1.25128,1.25128,1.25128,1.25128,0,0,0
1.37433,1.33,1.10833,0.886667,1.10833,1.41867,1.41867,1.5295,1.42975,1.64587,1.46577,1.33139,1.13119,1.18626,1.03646,0.886667,1.10833,1.1305,1.07508,1.18037,1.18869,1.10418,1.19492,1.21813,1.09673,1.21337,1.07218,1.09026,1.18796,1.01515,0.842333,1.04183,1.14158,1.03629,1.18315,1.36741,1.2157,1.29502,1.06868,0.842333,1.04183,1.11942,1.06954,1.1776,1.23164,1.16998,1.22783,1.30108,1.20471,1.26735,1.36518,1.23675,1.26121,1.31777,1.16872,1.22719,1.2121,1.09371,1.21186,1.1601,1.08988,1.20994,1.1148,1.0229,1.22078,1.07589,1.02561,1.17781,1.4534,1.34737,1.11702,0.886667,1.064,1.15267,1.08617,1.20808,1.18037,1.12219,1.20393,1.22263,1.09898,1.17016,1.20575,1.09054,1.1881,1.23688,1.17261,1.22914,1.30174,1.18287,1.23427,1.28213,1.17307,1.2072,1.15777,1.08872,1.16503,1.26968,1.16684,1.24842,1.28921,1.1101,1.17572,1.29719,1.13626,1.23313,1.21507,1.0952,0.975333,1.18021,1.18021,1.18021,1.18021,1.18021,1.18021,1.18021,1.18021,1.18021,1.18021,1.18021,1.18021,1.18021,1.18021,1.18021,1.18021,1.18021,1.18021,1.18021,1.18021,1.18021,1.18021,1.18021,1.18021,20,5,9
1.33,1.28567,1.30783,1.07508,0.842333,0.9975,1.20808,1.44637,1.36602,1.39234,1.42767,1.29017,1.37658,1.28679,1.26406,1.3857,1.13618,0.886667,0.842333,1.17483,1.05292,0.947625,0.842333,1.1305,1.18592,1.14712,1.26073,1.31753,1.19077,1.32688,1.10677,0.886667,0.842333,1.197,1.44083,1.27458,1.34662,1.33831,1.22332,1.34316,1.40308,1.23354,1.34827,1.1618,0.979901,0.798,1.1305,0.96425,0.798,0.886667,1.1305,1.31892,1.19146,1.2829,1.15128,1.17414,1.2299,1.23562,1.10548,1.3064,1.20737,1.15785,1.26609,1.34238,1.24752,1.42176,1.22071,1.00936,0.798,1.17483,1.36325,1.25796,1.36048,1.23441,1.0162,0.798,1.1305,0.986417,0.842333,1.04183,1.23025,1.34662,1.24965,1.28982,1.46508,1.28671,1.37485,1.48543,1.29688,1.35777,1.56555,1.31478,1.41105,1.37053,1.2616,1.2958,1.40157,1.25495,1.33681,1.42207,1.2652,1.3641,1.41355,1.28311,1.15267,1.20884,1.20884,1.20884,1.20884,1.20884,1.20884,1.20884,1.20884,1.20884,1.20884,1.20884,1.20884,1.20884,1.20884,1.20884,1.20884,1.20884,1.20884,1.20884,1.20884,1.20884,1.20884,1.20884,1.20884,1.20884,1.20884,1.20884,1.20884,4,0,0
1.729,1.41867,1.44083,1.11942,0.798,1.197,1.37433,1.08617,0.798,0.9975,1.20808,1.00304,0.798,1.33,1.28567,1.6625,1.38542,1.53504,1.58769,1.23718,0.886667,1.01967,1.44083,1.36325,1.45746,1.4159,1.50595,1.44014,1.67324,1.43512,1.44906,1.12353,0.798,1.30783,1.25242,1.64587,1.39927,1.49764,1.48032,1.20566,1.00183,0.798,1.2635,1.34108,1.44637,1.45469,1.48101,1.58284,1.56725,1.62596,1.58881,1.50374,1.5942,1.55077,1.61772,1.58469,1.59035,1.57101,1.22884,0.886667,0.798,1.2635,1.45192,1.50179,1.50456,1.43945,1.11872,0.798,1.21917,1.27458,1.50179,1.37156,1.10695,0.842333,0.953167,1.23025,1.30229,1.51565,1.33416,1.57591,1.49729,1.48014,1.51591,1.42295,1.62031,1.89632,1.52449,1.49375,1.54487,1.5261,1.58322,1.45661,1.33,1.34478,1.34478,1.34478,1.34478,1.34478,1.34478,1.34478,1.34478,1.34478,1.34478,1.34478,1.34478,1.34478,1.34478,1.34478,1.34478,1.34478,1.34478,1.34478,1.34478,1.34478,1.34478,1.34478,1.34478,1.34478,1.34478,1.34478,1.34478,1.34478,1.34478,1.34478,1.34478,1.34478,1.34478,1.34478,1.34478,1.34478,1.34478,1.34478,1.34478,4,0,2
1.064,1.2635,1.36325,1.28012,1.32723,1.26211,1.20739,1.3352,1.35476,1.20938,1.26969,1.49935,1.32601,1.37234,1.5285,1.34058,1.40179,1.4324,1.3147,1.32235,1.39267,1.317,1.36784,1.50408,1.30621,1.36244,1.50139,1.30486,1.36176,1.52321,1.33794,1.35614,1.40957,1.32545,1.30556,1.31778,1.14656,1.23828,1.30631,1.16299,1.29083,1.24391,1.22046,1.27523,1.03661,0.798,0.798,1.01967,0.931,0.842333,0.798,1.10833,1.17483,1.34108,1.33554,1.55444,1.35355,1.34178,1.15855,0.978277,0.798,1.08617,1.31892,1.28012,1.3494,1.49486,1.32377,1.37122,1.08461,0.798,0.798,1.10833,1.30783,1.20808,1.29121,1.4436,1.2538,1.31407,1.4772,1.29277,1.37788,1.44261,1.2533,1.29165,1.22216,1.12091,1.26979,1.18906,1.12653,1.2061,1.22372,1.16602,1.24801,1.35551,1.23192,1.34746,1.33873,1.26786,1.27677,1.36988,1.26127,1.33997,1.06899,0.798,1.25113,1.25113,1.25113,1.25113,1.25113,1.25113,1.25113,1.25113,1.25113,1.25113,1.25113,1.25113,1.25113,1.25113,1.25113,1.25113,1.25113,1.25113,1.25113,1.25113,1.25113,1.25113,1.25113,1.25113,1.25113,1.25113,1.25113,1.25113,1.25113,8,0,1
1.50733,1.57383,1.51842,1.62371,1.56552,1.18176,0.798,1.10833,0.975333,0.842333,1.1305,0.986417,0.842333,1.1305,1.42975,1.49071,1.52119,1.51426,1.55513,1.5534,1.6412,1.52993,1.2083,0.886667,1.17483,1.00858,0.842333,1.15267,1.44083,1.40758,1.61262,1.51565,1.66666,1.94166,1.54716,1.88192,1.51729,1.44581,1.65391,1.53629,1.58831,1.54782,1.61624,1.53962,1.65648,1.53757,1.16779,0.798,1.10833,1.41867,1.3965,1.54058,1.50179,1.59323,1.48378,1.14089,0.798,1.50733,1.30783,1.34108,1.51287,1.48794,1.54197,1.52465,1.62683,1.56708,1.67021,1.54444,1.17122,0.798,1.1305,1.36325,1.39096,1.47131,1.48932,1.52049,1.49175,1.58821,1.50344,1.61622,1.51744,1.60105,1.50986,1.6416,1.53013,1.18623,0.842333,1.17483,1.00858,0.842333,1.1305,1.03075,0.931,1.36568,1.36568,1.36568,1.36568,1.36568,1.36568,1.36568,1.36568,1.36568,1.36568,1.36568,1.36568,1.36568,1.36568,1.36568,1.36568,1.36568,1.36568,1.36568,1.36568,1.36568,1.36568,1.36568,1.36568,1.36568,1.36568,1.36568,1.36568,1.36568,1.36568,1.36568,1.36568,1.36568,1.36568,1.36568,1.36568,1.36568,1.36568,1.36568,1.36568,8,4,8
0.842333,0.953167,0.986417,1.22471,1.18869,1.17068,1.29467,1.24584,1.19925,1.28679,1.08673,0.886667,1.08617,0.96425,0.842333,1.1305,0.96425,0.798,1.10833,1.01967,1.08617,1.18592,1.08062,1.07231,1.20116,1.02174,0.842333,1.1305,0.96425,0.798,1.08617,1.11942,1.02521,1.22194,1.16514,1.07023,1.20012,1.08773,1.0537,1.14751,0.972757,0.798,1.10833,1.04183,1.03075,1.22471,1.05569,0.886667,1.10833,1.01967,1.08617,1.16375,1.00304,0.842333,1.1305,0.986417,0.842333,1.1305,1.05292,1.03629,1.20531,1.09032,1.09933,1.28116,1.52725,1.45079,1.1244,0.798,1.41867,1.35217,1.40758,1.14712,0.886667,1.1305,0.986417,0.842333,1.17483,1.42975,1.40204,1.10002,0.798,0.975333,1.1305,1.14158,1.23579,1.17206,1.2067,1.26835,1.18834,1.19267,1.2835,1.61708,1.89471,1.56802,1.47118,1.20109,1.15471,1.19802,0.998011,0.798,1.064,1.3965,1.34108,1.13604,1.10002,1.25934,1.11734,1.11284,1.22142,1.16488,1.10833,1.1237,1.1237,1.1237,1.1237,1.1237,1.1237,1.1237,1.1237,1.1237,1.1237,1.1237,1.1237,1.1237,1.1237,1.1237,1.1237,1.1237,1.1237,1.1237,1.1237,1.1237,1.1237,4,1,1
1.862,1.70683,1.49625,1.50179,1.3494,1.49486,1.34593,1.60397,1.31182,1.60907,1.4252,1.55494,1.44247,1.4749,1.35812,1.61006,1.3592,1.2781,1.06022,0.842333,1.064,0.931,0.798,1.3965,1.40758,1.32446,1.0834,0.842333,1.21917,1.18592,1.16929,1.31615,1.25657,1.31545,1.41139,1.25986,1.33926,1.3568,1.49857,1.34778,1.38322,1.40095,1.56497,1.29232,1.39983,1.34275,1.35854,1.47727,1.40363,1.49982,1.63658,1.39462,1.49531,1.36832,1.48216,1.31741,1.56754,1.40444,1.52239,1.44836,1.56651,1.35959,1.41129,1.32631,1.43899,1.27366,1.457,1.2605,1.33958,1.22396,1.36565,1.21482,1.27241,1.19037,1.28235,1.19534,1.28484,1.30742,1.42954,1.3576,1.4768,1.29257,1.28912,1.30956,1.23111,1.39139,1.58236,1.32318,1.50392,1.37263,1.39565,1.49582,1.14691,0.798,1.064,1.37433,1.17483,0.975333,1.34415,1.34415,1.34415,1.34415,1.34415,1.34415,1.34415,1.34415,1.34415,1.34415,1.34415,1.34415,1.34415,1.34415,1.34415,1.34415,1.34415,1.34415,1.34415,1.34415,1.34415,1.34415,1.34415,1.34415,1.34415,1.34415,1.34415,1.34415,1.34415,1.34415,1.34415,1.34415,1.34415,1.34415,1.34415,0,0,2
1.10833,1.28567,1.57383,1.47408,1.15821,0.842333,1.15267,0.975333,0.798,1.08617,1.49625,1.45746,1.2829,1.19561,1.28497,1.32965,1.21899,1.2745,1.08058,0.886667,1.1305,1.07508,1.11387,1.2441,1.26489,1.18661,1.2583,1.20549,1.15691,1.26562,1.20914,1.20307,1.26654,1.23177,1.17005,1.29436,1.04618,0.798,1.10833,1.55167,1.463,1.17483,0.886667,1.15267,1.064,1.10833,1.2635,1.58492,1.45746,1.26073,1.18453,1.27943,1.28255,1.17327,1.2738,1.2354,1.1497,1.26202,1.58418,1.47925,1.13863,0.798,1.10833,1.04183,1.03075,1.24687,1.5101,1.46439,1.59669,1.50768,1.66267,1.54067,1.21367,0.886667,1.15267,0.975333,0.798,1.08617,1.47408,1.46854,1.15544,0.842333,1.1305,1.51842,1.46854,1.59877,1.55305,1.55236,1.50768,1.52967,1.47417,1.53508,1.47688,1.6251,1.56622,1.60328,1.53314,1.6089,1.68467,1.26999,1.26999,1.26999,1.26999,1.26999,1.26999,1.26999,1.26999,1.26999,1.26999,1.26999,1.26999,1.26999,1.26999,1.26999,1.26999,1.26999,1.26999,1.26999,1.26999,1.26999,1.26999,1.26999,1.26999,1.26999,1.26999,1.26999,1.26999,1.26999,1.26999,1.26999,1.26999,1.26999,1.26999,2,1,3
1.15267,1.17483,1.16375,1.24687,1.06677,0.886667,1.08617,1.07508,1.11387,1.2441,1.08755,1.07578,1.24722,1.46594,1.42014,1.57457,1.45228,1.54631,1.46032,1.63899,1.4845,1.58458,1.43512,1.11656,0.798,1.04183,0.986417,1.04737,1.23302,1.05984,0.886667,1.10833,1.5295,1.42975,1.18037,1.16652,1.27043,1.12288,1.11561,1.1563,1.02149,0.886667,1.10833,1.37433,1.3965,1.47408,1.49071,1.49902,1.41451,1.12842,0.842333,1.1305,1.42975,1.37987,1.13327,0.886667,1.10833,1.08617,1.09725,1.21362,1.24965,1.17899,1.29883,1.62475,1.47737,1.31502,1.23384,1.28192,1.26163,1.18498,1.23532,1.28266,1.23983,1.26275,1.29637,1.26885,1.27726,1.14846,1.1284,1.20703,1.15768,1.15517,1.26475,1.07571,0.886667,1.1305,1.51842,1.42421,1.6431,1.46439,1.37503,1.26385,1.31909,1.25804,1.22752,1.25659,1.20463,1.17865,1.25432,1.15916,1.08941,1.23187,1.37433,1.23692,1.23692,1.23692,1.23692,1.23692,1.23692,1.23692,1.23692,1.23692,1.23692,1.23692,1.23692,1.23692,1.23692,1.23692,1.23692,1.23692,1.23692,1.23692,1.23692,1.23692,1.23692,1.23692,1.23692,1.23692,1.23692,1.23692,1.23692,1.23692,1.23692,4,1,2
0.886667,1.10833,1.24133,1.197,1.15267,1.2635,1.34108,1.15821,1.26627,1.0543,0.842333,0.886667,1.01967,1.08617,1.31892,1.12496,1.36048,1.43391,1.49279,1.27839,1.28203,1.26168,1.07417,0.886667,0.953167,1.16375,1.24687,1.15544,1.17622,1.71861,1.3913,1.69315,1.60024,1.42079,1.35323,1.14211,1.19172,1.01703,0.842333,0.931,1.15267,0.9975,0.842333,0.9975,1.16375,1.37987,1.2441,1.26489,1.27528,1.30264,1.36065,1.21233,1.02733,0.842333,1.10833,1.35217,1.23025,1.23579,1.2829,1.30645,1.31822,1.43495,1.40464,1.41165,1.52599,1.33933,1.35683,1.27692,1.23696,1.34998,1.07399,0.798,0.798,1.10833,0.953167,0.798,0.820167,0.842333,0.931,1.17483,1.29675,1.06954,0.842333,1.10833,1.2635,1.29675,1.06954,0.842333,1.1305,1.27458,1.21362,1.31615,1.21224,1.18245,1.14539,1.21553,1.2506,1.2238,1.09957,1.23695,1.39431,1.20699,1.31283,1.09975,0.886667,1.37433,1.18031,1.18031,1.18031,1.18031,1.18031,1.18031,1.18031,1.18031,1.18031,1.18031,1.18031,1.18031,1.18031,1.18031,1.18031,1.18031,1.18031,1.18031,1.18031,1.18031,1.18031,1.18031,1.18031,1.18031,1.18031,1.18031,1.18031,2,4,2
0.931,1.1305,0.986417,0.842333,0.908833,1.23025,1.01412,0.798,0.886667,0.8645,0.842333,0.975333,0.908833,0.842333,1.064,0.9975,1.03075,1.35771,1.52119,1.53643,1.16721,0.798,1.15267,1.01967,0.886667,1.10833,1.01967,0.931,0.842333,1.28567,1.35217,1.11942,0.886667,0.886667,0.886667,1.01967,1.197,0.9975,0.798,1.1305,1.42975,1.49071,1.56552,1.58076,1.65488,1.86927,1.51097,1.22099,1.00949,0.798,1.21917,1.36325,1.50179,1.57106,1.2067,0.842333,0.975333,1.24133,1.064,0.886667,1.24133,1.48517,1.71792,1.52396,1.80381,1.56691,1.38195,1.28948,1.22107,1.00954,0.798,1.04183,1.25242,1.11387,1.02244,1.10972,1.17553,1.0976,1.25813,1.1389,1.12362,0.982975,0.842333,1.1305,1.29675,1.11387,1.0446,1.3203,1.05915,0.798,0.953167,1.14158,1.14712,1.06123,1.19561,1.17414,1.05257,1.14695,1.17198,1.27315,1.30158,1.07196,0.842333,1.064,1.197,1.33,1.1438,1.1438,1.1438,1.1438,1.1438,1.1438,1.1438,1.1438,1.1438,1.1438,1.1438,1.1438,1.1438,1.1438,1.1438,1.1438,1.1438,1.1438,1.1438,1.1438,1.1438,1.1438,1.1438,1.1438,1.1438,1.1438,1.1438,6,3,3
1.50733,1.30783,1.42975,1.26904,1.18869,1.23718,1.21709,1.16271,1.24636,1.28818,1.15392,1.13113,1.29706,1.2027,1.26635,1.34251,1.18109,1.18904,1.08219,1.18393,1.27913,1.12723,1.13995,1.32364,1.14949,1.08458,1.16296,1.13564,1.12199,1.20383,1.02308,0.842333,1.01967,1.01967,1.04183,1.16375,1.00304,0.842333,1.064,0.9975,1.09725,1.12496,1.13881,0.990573,0.842333,0.908833,1.00858,1.14712,0.972562,0.798,1.01967,1.08617,1.09725,1.21362,1.02798,0.842333,1.08617,1.03075,1.04737,1.25519,1.04876,0.842333,1.08617,1.03075,1.13604,1.23302,1.01551,0.798,1.04183,1.09725,1.05846,1.2164,1.11803,1.06885,1.15509,1.10955,1.10894,1.1973,1.06415,1.06408,1.2192,1.05294,0.886667,1.197,1.463,1.37433,1.1305,0.886667,1.08617,0.986417,0.886667,1.10833,0.975333,0.842333,1.08617,1.09725,1.08062,1.20531,1.13466,1.01066,0.886667,1.01967,1.04183,1.18592,1.01412,0.842333,1.17483,1.05292,0.969792,0.886667,0.908833,0.96425,1.12496,1.20531,1.28567,1.09678,1.09678,1.09678,1.09678,1.09678,1.09678,1.09678,1.09678,1.09678,1.09678,1.09678,1.09678,1.09678,1.09678,1.09678,1.09678,1.09678,1.09678,4,3,1
0.798,1.04183,1.29675,1.06954,0.842333,0.953167,1.25242,1.35771,1.45469,1.39234,1.40551,1.38992,1.33779,1.4004,1.47603,1.38085,1.46626,1.39813,1.51923,1.33595,1.28864,1.37582,1.37508,1.35254,1.3856,1.4243,1.46582,1.35358,1.34179,1.35806,1.2997,1.33702,1.33351,1.33175,1.46388,1.30827,1.4078,1.41323,1.50462,1.37298,1.35149,1.40724,1.52379,1.44906,1.1457,0.842333,0.886667,0.886667,0.886667,0.886667,1.04183,1.29675,1.31337,1.36602,1.37018,1.39442,1.45088,1.36827,1.39347,1.36173,1.36803,1.30468,1.33951,1.29042,1.04421,0.798,0.842333,1.15267,1.2635,1.34108,1.35771,1.43252,1.35909,1.41105,1.37052,1.4611,1.37338,1.37386,1.39626,1.36313,1.36873,1.34937,1.33968,1.44567,1.32134,1.37,1.35,1.38433,1.37933,1.31033,1.34233,1.42483,1.28875,1.33154,1.35294,1.40797,1.34682,1.33841,1.33,1.30416,1.30416,1.30416,1.30416,1.30416,1.30416,1.30416,1.30416,1.30416,1.30416,1.30416,1.30416,1.30416,1.30416,1.30416,1.30416,1.30416,1.30416,1.30416,1.30416,1.30416,1.30416,1.30416,1.30416,1.30416,1.30416,1.30416,1.30416,1.30416,1.30416,1.30416,1.30416,1.30416,1.30416,6,1,5
0.798,0.798,1.10833,1.2635,1.29675,1.31337,1.41035,1.34801,1.40551,1.45642,1.45971,1.52785,1.45109,1.56788,1.42677,1.46705,1.42069,1.44185,1.45242,1.52421,1.53794,1.52264,1.47065,1.46683,1.46491,1.35312,1.38589,1.38011,1.42156,1.42011,1.46372,1.46336,1.50751,1.48526,1.45196,1.45748,1.37157,1.35079,1.36256,1.30195,1.38247,1.33407,1.39854,1.4086,1.45797,1.50482,1.46174,1.5732,1.4516,1.47947,1.4269,1.40062,1.40964,1.45849,1.43858,1.58379,1.45689,1.61511,1.51689,1.60078,1.50972,1.48636,1.43035,1.38017,1.44375,1.38688,1.40277,1.10039,0.798,0.842333,1.197,1.2635,1.31892,1.36879,1.3494,1.42836,1.40135,1.54301,1.4365,1.47192,1.51179,1.44306,1.49736,1.41368,1.39401,1.4285,1.33492,1.37679,1.39773,1.43036,1.51318,1.46592,1.41867,1.39918,1.39918,1.39918,1.39918,1.39918,1.39918,1.39918,1.39918,1.39918,1.39918,1.39918,1.39918,1.39918,1.39918,1.39918,1.39918,1.39918,1.39918,1.39918,1.39918,1.39918,1.39918,1.39918,1.39918,1.39918,1.39918,1.39918,1.39918,1.39918,1.39918,1.39918,1.39918,1.39918,1.39918,1.39918,1.39918,1.39918,1.39918,1.39918,1.39918,14,6,3
1.463,1.3965,1.20808,1.13604,1.03352,1.07093,1.1118,1.04357,0.920783,0.798,0.842333,0.886667,0.886667,0.886667,1.1305,1.18592,1.34662,1.64865,1.26766,0.886667,0.8645,0.842333,0.886667,0.975333,1.41867,1.28567,1.15267,1.24133,1.35217,1.31892,1.30229,1.05015,0.798,0.886667,1.064,1.2635,1.20808,1.09171,1.38819,1.29259,1.3113,1.32065,1.30316,1.71558,1.63362,1.34881,1.09557,0.842333,1.064,1.21917,1.27458,1.30229,1.42698,1.31199,1.29883,1.55825,1.33329,1.08781,0.842333,0.931,1.08617,1.29675,1.22471,1.29952,1.13743,1.05638,1.01586,1.0621,1.39555,1.29627,1.04714,0.798,0.8645,1.09725,1.25796,1.38265,1.28982,1.30991,1.09829,0.886667,0.842333,0.9975,0.89775,0.798,0.842333,1.04183,1.14158,1.43529,1.38265,1.53366,1.34316,1.35875,1.12271,0.886667,0.798,1.10833,1.33,1.28567,1.21917,1.00858,0.798,0.9975,1.20808,1.40204,1.36602,1.32584,1.17276,1.01967,1.15391,1.15391,1.15391,1.15391,1.15391,1.15391,1.15391,1.15391,1.15391,1.15391,1.15391,1.15391,1.15391,1.15391,1.15391,1.15391,1.15391,1.15391,1.15391,1.15391,1.15391,1.15391,1.15391,1.15391,1.15391,0,0,0
1.50733,1.24133,1.08617,1.20808,1.35771,1.21085,1.29259,1.1783,1.25415,1.02607,0.798,0.798,0.975333,1.15267,1.10833,1.08617,0.942083,0.798,0.798,0.798,0.975333,1.064,1.10833,1.24133,1.01967,0.798,0.931,1.197,1.17483,0.986417,0.798,0.798,0.9975,1.25242,1.09171,1.05569,1.37018,1.15059,1.06296,1.08565,1.09699,1.12483,1.20525,1.55579,1.53156,1.16478,0.798,0.842333,0.9975,1.27458,1.16929,0.983646,0.798,1.10833,1.2635,1.16375,0.980875,0.798,0.886667,0.9975,1.20808,1.09171,1.21085,1.11526,1.26696,1.07682,0.886667,0.798,0.886667,0.953167,1.14158,0.969792,0.798,0.798,1.04183,1.00858,1.03629,1.20531,1.11249,0.999578,0.886667,0.798,1.08617,1.27458,1.21362,1.22748,1.14574,1.30437,1.18418,0.991092,0.798,0.9975,1.09725,1.25796,1.29398,1.26766,1.12149,1.35875,1.32221,1.3261,1.37239,1.17386,1.22976,1.12471,1.05002,1.01268,1.01617,0.907086,0.798,1.10833,1.3965,1.11942,0.842333,0.798,1.68467,1.08443,1.08443,1.08443,1.08443,1.08443,1.08443,1.08443,1.08443,1.08443,1.08443,1.08443,1.08443,1.08443,1.08443,1.08443,1.08443,1.08443,1.08443,16,7,7
0.975333,1.064,1.21917,1.16375,1.40204,1.38819,1.24826,1.26696,1.27632,1.32532,1.1725,1.11825,0.980291,0.842333,0.842333,1.15267,1.2635,1.14158,1.28012,1.2164,1.31753,1.2351,1.32688,1.17327,1.1408,1.25757,1.24945,1.33406,1.06603,0.798,0.798,0.798,0.931,0.953167,1.18592,1.16929,1.31615,1.05707,0.798,0.886667,0.953167,1.18592,1.12496,1.24965,1.15682,1.11041,1.30887,1.2751,1.28038,1.17219,1.07376,1.02455,0.911274,0.798,1.08617,1.05292,1.30229,1.38265,1.11249,0.842333,1.15267,1.064,1.064,1.197,1.10833,1.21917,1.42975,1.20254,1.1111,1.06539,0.976026,0.886667,0.798,0.953167,1.03075,1.18037,1.14435,1.10418,1.26142,1.31788,1.27961,1.1718,1.07357,0.935784,0.798,0.798,1.08617,1.03075,1.13604,1.23302,1.14851,1.10626,1.24029,1.28515,1.28541,1.15254,1.24127,1.39647,1.40757,1.23578,1.28289,1.30645,1.16306,1.11353,1.04443,0.921215,0.798,0.798,1.08617,1.05292,1.14712,1.06123,1.01828,0.975333,1.11941,1.11941,1.11941,1.11941,1.11941,1.11941,1.11941,1.11941,1.11941,1.11941,1.11941,1.11941,1.11941,1.11941,1.11941,1.11941,1.11941,1.11941,1.11941,8,5,2
1.50733,1.33,1.57383,1.49625,1.43529,1.31615,1.14574,1.03837,1.00685,0.946759,0.886667,0.798,1.04183,1.07508,1.20254,1.28844,1.28705,1.17553,1.05326,1.0143,0.906149,0.798,0.908833,1.07508,0.936542,0.798,1.2635,1.25242,1.11387,1.00027,0.886667,0.975333,0.908833,0.842333,1.10833,1.28567,1.1305,1.05292,1.03629,1.18315,1.43391,1.42629,1.40031,1.32082,1.10374,0.886667,0.886667,1.1305,1.29675,1.46854,1.39927,1.49764,1.43598,1.44949,1.38975,1.16037,1.06785,1.02159,0.998463,1.0534,1.1917,1.08352,0.940758,0.798,1.15267,1.24133,1.3965,1.36325,1.30229,1.22748,1.27874,1.32654,1.2396,1.24047,1.32957,1.19678,1.17473,1.27453,1.25793,1.3383,1.24548,1.19907,1.30887,1.38594,1.18063,1.21098,1.27049,1.25591,1.31512,1.10089,0.886667,0.798,1.10833,1.17483,1.27458,1.39096,1.31615,1.41174,1.4152,1.5721,1.53972,1.52353,1.3381,1.48921,1.45394,1.4363,1.41867,1.19894,1.19894,1.19894,1.19894,1.19894,1.19894,1.19894,1.19894,1.19894,1.19894,1.19894,1.19894,1.19894,1.19894,1.19894,1.19894,1.19894,1.19894,1.19894,1.19894,1.19894,1.19894,1.19894,1.19894,1.19894,1.19894,10,5,4
0.798,0.953167,1.18592,1.08062,1.20531,1.37849,1.22124,1.14262,1.28064,1.15016,1.15141,1.32937,1.06369,0.798,1.04183,0.919917,0.798,0.9975,0.986417,1.13604,1.25519,1.13743,1.21155,1.22644,1.10089,1.10461,1.10647,1.0409,1.05245,1.19123,1.12761,1.07364,1.20182,1.08858,1.12062,1.24748,1.13357,1.09879,1.10356,0.972947,0.842333,0.820167,0.798,1.04183,1.16375,1.13604,1.14435,1.21501,1.13951,1.03525,1.02746,0.97923,1.15461,1.13147,1.00907,0.886667,0.9975,1.03075,1.09171,1.21085,1.13743,0.98988,0.842333,1.28567,1.21917,1.14158,1.12496,1.13881,1.12357,1.11595,1.22298,1.12132,1.09266,1.21133,1.049,0.886667,1.15267,1.08617,1.00858,1.19146,1.1499,1.12911,1.34039,1.11353,0.886667,1.01967,0.9975,0.96425,1.05846,1.03906,1.05153,1.25727,1.09413,1.03473,1.24887,1.02343,0.798,1.064,0.931,0.798,1.28567,1.21917,1.11942,0.980875,0.842333,1.2635,1.38542,1.37987,1.22194,1.09864,1.16998,1.07266,1.04616,1.18808,0.993041,0.798,1.08859,1.08859,1.08859,1.08859,1.08859,1.08859,1.08859,1.08859,1.08859,1.08859,1.08859,1.08859,1.08859,1.08859,1.08859,1.08859,1.08859,14,3,1
1.15267,0.798,1.01967,0.908833,0.798,1.10833,1.064,0.931,0.798,0.842333,0.886667,0.886667,0.798,0.798,0.798,0.886667,0.886667,0.798,0.886667,0.886667,0.8645,0.842333,0.820167,0.798,0.798,0.798,0.798,1.08617,1.00858,0.903292,0.798,0.798,0.798,0.798,0.798,1.10833,1.17483,1.05292,0.969792,0.886667,0.842333,0.798,0.886667,0.886667,0.886667,0.842333,0.798,0.798,0.798,0.798,1.04183,0.96425,0.886667,1.10833,0.953167,0.798,0.975333,0.931,0.886667,1.064,0.9975,1.11942,0.958708,0.798,0.886667,0.798,0.798,0.820167,0.842333,0.798,0.798,0.798,1.064,0.953167,0.842333,0.886667,0.931,0.953167,1.00858,0.903292,0.798,0.842333,0.886667,0.798,0.975333,0.953167,1.09725,1.16929,1.13881,1.14574,1.26004,1.18418,1.16843,1.29355,1.06794,0.842333,1.1305,0.986417,0.842333,0.798,0.975333,1.1305,1.00858,0.886667,1.197,1.15267,1.10833,1.08617,1.29675,1.37987,1.46577,1.46439,1.48586,1.14193,0.798,1.01967,1.01967,0.9975,1.11942,0.958708,0.798,1.28567,1.21917,1.00858,0.798,0.959295,0.959295,0.959295,0.959295,0.959295,0.959295,0.959295,0.959295,18,4,5
0.931,0.886667,0.842333,0.842333,0.798,0.798,0.798,0.842333,0.798,0.886667,0.8645,0.842333,1.08617,0.96425,0.842333,0.820167,0.798,1.064,1.21917,1.03075,0.842333,0.820167,0.798,0.886667,0.842333,0.820167,0.798,0.798,0.798,0.798,0.798,0.842333,0.886667,0.798,0.798,0.798,0.798,0.798,1.08617,0.942083,0.798,1.01967,0.908833,0.798,1.1305,1.34108,1.42421,1.1111,0.798,0.798,1.28567,1.3965,1.31892,1.10279,0.886667,0.798,0.9975,0.89775,0.798,1.15267,1.01967,0.886667,0.798,1.01967,1.2635,1.45192,1.50179,1.59323,1.63895,1.57314,1.54024,1.52379,1.31606,1.19003,1.17135,1.36151,1.47875,1.49304,1.14552,0.798,0.798,0.798,0.842333,1.21917,1.36325,1.21362,1.00581,0.798,1.35217,1.20808,1.18037,1.03352,0.886667,1.21917,1.00858,0.798,0.842333,0.886667,0.886667,1.21917,1.07508,0.980875,0.886667,0.886667,0.886667,1.21917,1.00858,0.798,0.975333,0.886667,0.798,0.798,0.798,0.798,0.886667,0.931,0.8645,0.798,1.00054,1.00054,1.00054,1.00054,1.00054,1.00054,1.00054,1.00054,1.00054,1.00054,1.00054,1.00054,1.00054,1.00054,1.00054,6,2,0
0.798,0.931,1.17483,1.31892,1.32446,1.4159,1.23995,1.37364,1.21882,1.18574,1.32437,1.14985,1.19559,1.30713,1.45156,1.47945,1.42689,1.55578,1.30989,1.07611,0.842333,0.798,1.2635,1.42975,1.42421,1.39927,1.16514,0.981568,0.798,0.908833,0.96425,1.03629,0.961479,0.886667,1.10833,0.953167,0.798,0.798,0.798,0.931,1.17483,0.986417,0.798,0.886667,1.1305,1.27458,1.30229,1.31615,1.36741,1.0827,0.798,0.886667,0.931,1.197,1.37433,1.28567,1.3965,1.36325,1.39096,1.33831,1.11249,0.886667,0.9975,1.03075,1.31337,1.05569,0.798,0.798,0.953167,1.05292,1.36879,1.4159,1.41728,1.30714,1.11907,0.958535,0.798,0.886667,1.24133,1.24133,1.15267,1.064,1.21917,1.38542,1.42421,1.2441,1.02105,0.798,0.798,0.798,0.975333,1.15267,1.2635,1.11942,1.22471,1.14435,1.08201,1.31684,1.16825,1.11613,1.31173,1.3652,1.25893,1.38313,1.22357,1.03295,0.842333,0.8645,0.886667,0.931,0.975333,1.12685,1.12685,1.12685,1.12685,1.12685,1.12685,1.12685,1.12685,1.12685,1.12685,1.12685,1.12685,1.12685,1.12685,1.12685,1.12685,1.12685,1.12685,1.12685,1.12685,1.12685,1.12685,12,5,3
1.24133,1.197,1.17483,1.03075,0.886667,0.9975,0.986417,1.11387,1.13327,1.09864,1.12565,1.29433,1.13483,1.12158,1.13712,0.967562,0.798,1.10833,1.33,1.44083,1.40758,1.41312,1.39373,1.4727,1.44568,1.29917,1.15942,1.11171,1.46469,1.37518,1.24176,1.06421,0.886667,0.9975,1.05292,1.08062,1.24965,1.02382,0.798,1.01967,0.908833,0.798,1.064,0.931,0.798,0.953167,1.00858,1.08062,1.31615,1.05707,0.798,1.10833,0.953167,0.798,0.9975,1.03075,1.00304,1.10002,1.08201,1.07301,1.24584,1.02192,0.798,0.908833,0.919917,1.01412,0.928229,0.842333,0.975333,1.064,0.975333,0.886667,1.064,1.08617,1.03075,1.46854,1.3106,1.54197,1.43598,1.29433,1.157,1.1105,1.30892,1.05346,0.798,0.975333,1.01967,1.04183,1.09725,1.01412,1.0834,1.25103,1.02452,0.798,1.10833,0.953167,0.798,1.15267,0.9975,0.842333,1.08617,0.942083,0.798,1.10833,0.953167,0.798,0.975333,1.064,1.08617,1.11942,0.980875,0.842333,1.04183,0.942083,0.842333,1.07055,1.07055,1.07055,1.07055,1.07055,1.07055,1.07055,1.07055,1.07055,1.07055,1.07055,1.07055,1.07055,1.07055,1.07055,1.07055,1.07055,1.07055,24,11,16
1.41867,0.798,0.886667,1.33,1.17483,1.20808,1.26904,1.34385,1.29259,1.39996,1.32065,1.36966,1.28333,1.218,1.274,1.25767,1.29383,1.31192,1.27662,1.32548,1.28341,1.3067,1.27402,1.21334,1.36034,1.07917,0.798,0.886667,1.10833,1.197,1.2635,1.34108,1.33554,1.39927,1.29814,1.31407,1.2777,1.28168,1.35018,1.29575,1.35721,1.34361,1.38114,1.44423,1.27628,1.36964,1.32765,1.26233,1.31833,1.25767,1.27167,1.36733,1.30433,1.27283,1.30142,1.24921,1.24527,1.28764,1.30882,1.31941,1.3247,1.37169,1.41734,1.285,1.39617,1.36308,1.34654,1.33827,1.24547,1.28773,1.3532,1.31943,1.41338,1.32736,1.28435,1.26284,1.25209,1.33538,1.37702,1.37568,1.30851,1.31925,1.32463,1.28298,1.26216,1.29608,1.35737,1.34369,1.29251,1.33342,1.28738,1.26436,1.34151,1.26926,1.36613,1.3259,1.30578,1.29572,1.2242,1.2106,1.2038,1.197,1.28502,1.28502,1.28502,1.28502,1.28502,1.28502,1.28502,1.28502,1.28502,1.28502,1.28502,1.28502,1.28502,1.28502,1.28502,1.28502,1.28502,1.28502,1.28502,1.28502,1.28502,1.28502,1.28502,1.28502,1.28502,1.28502,1.28502,1.28502,1.28502,1.28502,1.28502,0,0,0
0.975333,0.9975,1.27458,1.30229,1.38265,1.46716,1.30991,1.23129,1.10331,1.23882,1.06274,0.886667,0.931,0.8645,0.798,0.975333,1.01967,1.01967,1.17483,0.986417,0.798,1.064,0.975333,0.886667,1.15267,1.33,1.064,0.798,0.798,1.15267,1.2635,1.34108,1.42421,1.42144,1.10972,0.798,1.04183,1.03075,1.02521,1.08894,0.943469,0.798,0.975333,1.01967,0.9975,1.09725,0.947625,0.798,1.01967,1.2635,1.38542,1.37987,1.26627,1.09864,0.992651,0.886667,0.8645,0.842333,1.15267,1.2635,1.03075,0.798,0.975333,1.10833,1.04183,1.00858,1.19146,1.3494,1.16236,0.980182,0.798,0.975333,0.931,0.886667,1.08617,0.986417,0.886667,1.15267,1.28567,1.2635,1.03075,0.798,0.842333,0.820167,0.798,1.01967,0.908833,0.798,1.10833,1.24133,1.28567,1.35217,1.16375,0.980875,0.798,1.064,1.35217,1.29675,1.35771,1.43252,1.38126,1.22263,1.01032,0.798,1.197,1.17483,1.34108,1.24687,1.28844,1.35355,1.45261,1.3913,1.33,1.08932,1.08932,1.08932,1.08932,1.08932,1.08932,1.08932,1.08932,1.08932,1.08932,1.08932,1.08932,1.08932,1.08932,1.08932,1.08932,1.08932,1.08932,1.08932,1.08932,0,0,0
1.24133,1.2635,1.31892,1.36879,1.37156,1.32861,1.32931,1.32965,1.32983,1.06391,0.798,0.886667,1.3965,1.18592,1.25796,1.24965,1.33416,1.33208,1.37537,1.39702,1.38568,1.35784,1.34392,1.31479,1.34456,1.33728,1.33364,1.39832,1.38633,1.336,1.31083,1.34258,1.33629,1.37748,1.08774,0.798,0.908833,1.11942,1.24687,1.26627,1.27597,1.30298,1.36083,1.12375,0.886667,0.953167,1.11942,1.31337,1.32169,1.32584,1.32792,1.32896,1.37381,1.39624,1.58479,1.32439,1.30503,1.36185,1.30159,1.3158,1.36723,1.30428,1.36147,1.3679,1.39329,1.36164,1.34582,1.24924,1.28962,1.26548,1.40857,1.32495,1.10581,0.886667,0.798,1.10833,1.17483,1.34108,1.24687,1.42144,1.33139,1.39719,1.40793,1.4133,1.32732,1.28432,1.24066,1.26316,1.25225,1.29112,1.2884,1.26486,1.3196,1.3248,1.23873,1.2622,1.2296,1.25763,1.22732,1.34516,1.29325,1.24133,1.27176,1.27176,1.27176,1.27176,1.27176,1.27176,1.27176,1.27176,1.27176,1.27176,1.27176,1.27176,1.27176,1.27176,1.27176,1.27176,1.27176,1.27176,1.27176,1.27176,1.27176,1.27176,1.27176,1.27176,1.27176,1.27176,1.27176,1.27176,1.27176,1.27176,1.27176,4,0,0
1.24133,0.798,0.798,1.28567,1.1305,1.31892,1.23579,1.37156,1.21778,1.40689,1.27978,1.41572,1.32853,1.41793,1.2853,1.30765,1.23016,1.32441,1.17204,1.29535,1.22401,1.32134,1.21484,1.33892,1.24579,1.33223,1.22028,1.31947,1.19174,1.34954,1.20677,1.35705,1.23269,1.21485,1.13942,1.45638,1.26019,1.31726,1.19063,1.28248,1.17324,1.20729,1.00264,0.798,0.9975,1.16375,1.11387,1.1776,1.1208,1.18107,1.0117,0.842333,0.931,1.15267,1.064,1.197,1.08617,1.20808,1.09171,1.25519,1.18176,1.25588,1.15994,1.33364,1.15449,1.19791,1.04229,0.886667,0.842333,0.798,1.1305,1.09725,1.25796,1.16098,1.28982,1.17691,1.25346,1.13656,1.27761,1.12647,1.3169,1.14612,1.32673,1.19536,1.30701,1.18551,1.34642,1.18304,1.38952,1.22676,1.32271,1.10469,0.886667,1.04183,1.11942,1.33554,1.22194,1.3203,1.19215,1.21674,1.20687,1.31277,1.21055,1.33678,1.26689,1.40928,1.55167,1.20087,1.20087,1.20087,1.20087,1.20087,1.20087,1.20087,1.20087,1.20087,1.20087,1.20087,1.20087,1.20087,1.20087,1.20087,1.20087,1.20087,1.20087,1.20087,1.20087,1.20087,1.20087,1.20087,1.20087,1.20087,1.20087,0,0,0
0.975333,0.975333,1.01967,1.2635,1.42975,1.46854,1.46577,1.42005,1.10903,0.798,1.064,1.064,1.064,1.28567,1.08617,0.886667,1.1305,0.986417,0.842333,1.17483,0.986417,0.798,1.064,1.064,1.04183,1.18592,1.16929,1.11665,1.00166,0.886667,0.886667,1.15267,0.9975,0.842333,0.820167,0.798,0.798,0.886667,1.10833,1.1305,1.11942,1.22471,1.05569,0.886667,0.886667,0.931,0.9975,1.16375,1.13604,1.07785,1.31476,1.05638,0.798,1.15267,1.30783,1.51842,1.46854,1.48794,1.1873,0.886667,1.10833,1.1305,1.07508,1.29121,1.06677,0.842333,1.15267,1.463,1.44083,1.16375,0.886667,1.1305,1.00858,0.886667,0.842333,0.798,0.798,1.15267,1.2635,1.42975,1.46854,1.13327,0.798,0.798,0.798,0.798,1.01967,1.28567,1.21917,1.36325,1.43529,1.24965,1.06816,0.886667,1.197,0.9975,0.798,1.24133,1.24133,1.33,1.5295,1.47408,1.18037,0.886667,1.197,1.41867,1.5295,1.38542,1.46854,1.13327,0.798,1.10776,1.10776,1.10776,1.10776,1.10776,1.10776,1.10776,1.10776,1.10776,1.10776,1.10776,1.10776,1.10776,1.10776,1.10776,1.10776,1.10776,1.10776,1.10776,1.10776,1.10776,1.10776,0,0,0
1.24133,1.1305,1.14158,0.969792,0.798,1.08617,1.03075,0.914375,0.798,0.886667,0.842333,0.798,0.798,0.798,0.975333,0.908833,0.842333,1.01967,1.28567,1.28567,1.37433,1.35217,1.40758,1.39096,1.58215,1.36741,1.12704,0.886667,0.798,1.15267,1.197,0.9975,0.798,0.886667,1.21917,1.27458,1.08062,0.886667,0.798,0.798,0.798,0.798,0.798,0.798,0.842333,0.8645,0.886667,0.798,0.842333,0.886667,0.798,1.01967,1.21917,1.00858,0.798,0.842333,0.842333,0.842333,0.798,0.842333,0.886667,0.798,1.08617,1.20808,1.33554,1.28844,1.48655,1.29744,1.33589,1.28861,1.39797,1.27532,1.41349,1.32741,1.06271,0.798,0.931,0.886667,0.842333,0.842333,0.820167,0.798,0.798,1.15267,1.21917,1.38542,1.31337,1.41035,1.30368,1.33901,1.24584,1.37658,1.22029,1.29731,1.18066,1.29966,1.2705,1.25592,1.20429,1.26715,1.20991,1.33645,1.15589,1.33161,1.15347,1.28607,1.1307,1.09735,1.12501,1.20534,1.1125,1.24342,1.15371,0.975854,0.798,0.798,1.07163,1.07163,1.07163,1.07163,1.07163,1.07163,1.07163,1.07163,1.07163,1.07163,1.07163,1.07163,1.07163,1.07163,1.07163,1.07163,1.07163,0,0,0
0.975333,1.01967,0.931,0.842333,0.820167,0.798,0.798,1.10833,1.21917,1.07508,0.980875,0.886667,0.842333,0.798,0.798,0.798,0.975333,1.08617,1.16375,1.29121,1.13327,1.14297,1.32515,1.06158,0.798,1.064,0.975333,0.886667,1.064,0.975333,0.886667,1.17483,1.03075,0.886667,1.10833,1.17483,1.09725,1.21362,1.09448,1.21224,1.13812,0.96806,0.798,1.30783,1.27458,1.34662,1.07231,0.798,1.10833,1.064,1.01967,1.1305,0.986417,0.842333,0.886667,0.842333,0.798,0.931,0.975333,1.064,1.24133,1.064,0.886667,1.15267,0.975333,0.798,1.15267,0.975333,0.798,0.931,0.8645,0.798,1.1305,1.00858,0.886667,1.15267,1.064,1.01967,0.908833,0.798,0.842333,0.886667,1.10833,0.953167,0.798,1.15267,1.10833,1.10833,1.2635,1.25242,1.20254,1.3106,1.23164,1.21432,1.27216,1.07941,0.886667,1.064,1.064,1.04183,1.23025,1.10279,1.0834,1.25103,1.15752,1.13292,1.2093,1.11448,1.11141,1.19854,1.1756,1.1198,1.2914,1.13337,1.09868,1.23651,1.01725,0.798,1.04047,1.04047,1.04047,1.04047,1.04047,1.04047,1.04047,1.04047,1.04047,1.04047,1.04047,1.04047,1.04047,1.04047,1.04047,0,0,0
0.886667,0.886667,1.24133,1.30783,1.09725,0.886667,1.10833,1.1305,1.07508,1.18037,1.03352,0.886667,1.10833,0.9975,0.886667,1.10833,1.08617,1.07508,1.18037,1.07785,1.02659,1.1783,1.03248,0.886667,1.15267,1.33,1.33,1.37433,1.37433,1.30783,1.36325,1.30229,1.36048,1.45607,1.43737,1.11768,0.798,1.01967,1.04183,1.05292,1.19146,1.0834,1.05153,1.19077,1.08305,1.02919,1.1796,0.988798,0.798,1.064,1.41867,1.35217,1.09725,0.842333,1.08617,1.36325,1.32446,1.4159,1.37295,1.39581,1.3629,1.36862,1.32714,1.3729,1.39579,1.42939,1.33536,1.11101,0.886667,1.064,0.975333,0.886667,1.10833,0.953167,0.798,1.064,0.931,0.798,1.064,1.33,1.28567,1.41867,1.37433,1.48517,1.36325,1.08062,0.798,1.064,0.931,0.798,1.064,1.33,1.33,1.41867,1.35217,1.40758,1.39096,1.49348,1.36741,1.57037,1.40585,1.43443,1.36005,1.36719,1.34859,1.3393,1.33,1.17742,1.17742,1.17742,1.17742,1.17742,1.17742,1.17742,1.17742,1.17742,1.17742,1.17742,1.17742,1.17742,1.17742,1.17742,1.17742,1.17742,1.17742,1.17742,1.17742,1.17742,1.17742,1.17742,1.17742,1.17742,1.17742,0,0,1
0.798,1.17483,1.20808,1.09171,1.10002,1.05984,1.19492,1.12946,1.0524,1.3242,1.1941,1.10688,0.952441,0.798,0.798,0.798,0.798,0.798,1.064,1.10833,0.953167,0.798,0.908833,0.986417,1.15821,1.28844,1.08755,0.886667,1.10833,0.953167,0.798,1.04183,0.919917,0.798,0.798,0.798,0.798,1.10833,0.953167,0.798,0.975333,0.908833,0.842333,1.08617,0.942083,0.798,1.01967,0.908833,0.798,0.931,0.953167,0.919917,0.886667,0.9975,0.942083,0.886667,0.798,0.798,0.798,0.886667,0.886667,0.886667,0.953167,1.09725,1.21362,1.16098,1.11249,0.977411,0.842333,1.1305,1.31892,1.41312,1.23856,1.01828,0.798,0.975333,1.197,1.08617,1.14158,1.14712,1.0169,0.886667,0.842333,0.798,0.798,0.931,0.8645,0.798,1.1305,0.96425,0.798,1.01967,0.908833,0.798,1.10833,1.1305,1.31892,1.16929,0.983646,0.798,0.975333,1.15267,0.975333,0.798,0.798,0.798,0.798,1.28567,1.17483,1.20808,1.00304,0.798,0.798,0.798,1.064,1.44083,1.25242,1.37987,1.3106,1.24133,0.993956,0.993956,0.993956,0.993956,0.993956,0.993956,0.993956,0.993956,0.993956,0.993956,0.993956,0.993956,0.993956,0,0,2
1.15267,1.28567,1.33,1.28567,1.08617,0.886667,0.886667,0.886667,0.798,1.01967,1.24133,1.15267,1.24133,1.197,1.1305,1.14158,1.19146,1.10556,0.996115,0.886667,1.064,0.931,0.798,0.886667,0.842333,0.798,0.8645,0.83125,0.798,0.975333,1.24133,1.24133,1.28567,1.21917,1.38542,1.13604,0.886667,0.798,0.842333,0.886667,0.886667,0.842333,0.798,0.798,0.953167,0.919917,0.886667,0.798,0.975333,1.064,0.975333,0.886667,0.975333,0.886667,0.798,0.798,0.798,0.886667,1.15267,1.24133,1.04183,0.842333,0.908833,0.942083,1.13604,1.01135,0.886667,0.842333,0.798,0.842333,0.886667,1.15267,1.197,1.30783,1.18592,0.991958,0.798,0.842333,1.08617,1.25242,1.06954,0.886667,0.798,0.931,0.886667,0.842333,0.886667,0.842333,0.798,0.798,1.10833,1.2635,1.31892,1.28012,1.03906,0.798,0.886667,0.842333,0.798,0.798,0.798,0.798,0.820167,0.842333,0.798,1.15267,1.28567,1.17483,1.03075,0.886667,0.886667,0.886667,0.798,1.10833,1.21917,1.14158,0.969792,0.798,0.798,0.798,0.798,0.798,1.24133,0.980391,0.980391,0.980391,0.980391,0.980391,0.980391,0.980391,0.980391,0.980391,0.980391,10,3,6
1.15267,1.15267,1.21917,1.03075,0.842333,1.28567,1.15267,1.08617,0.986417,0.886667,1.08617,0.942083,0.798,0.931,0.953167,1.00858,1.05846,0.928229,0.798,1.04183,0.919917,0.798,0.886667,0.842333,0.798,0.953167,0.89775,0.842333,0.908833,0.89775,0.886667,1.064,0.975333,0.886667,0.842333,0.798,0.886667,1.37433,1.197,1.17483,0.986417,0.798,0.975333,0.975333,1.01967,0.908833,0.798,0.886667,1.064,1.10833,1.33,1.15267,1.064,0.931,0.798,0.975333,0.975333,0.975333,0.886667,0.798,0.931,0.975333,0.886667,0.798,1.01967,0.953167,0.886667,1.10833,0.9975,0.886667,1.01967,0.908833,0.798,0.975333,0.886667,0.798,0.953167,0.875583,0.798,0.798,0.798,0.798,1.28567,1.21917,1.42975,1.20254,1.39927,1.23164,1.01482,0.798,0.975333,1.064,0.931,0.798,1.2635,1.14158,1.16929,0.983646,0.798,0.975333,0.931,0.886667,0.975333,0.975333,1.10833,1.48517,1.25242,1.20254,1.00027,0.798,1.01967,0.908833,0.798,0.975333,0.886667,0.798,1.2635,1.11942,1.18037,0.989187,0.798,1.15267,0.988637,0.988637,0.988637,0.988637,0.988637,0.988637,0.988637,0.988637,0.988637,0.988637,0.988637,0,0,2
1.064,0.931,0.798,1.04183,1.03075,1.09171,1.16652,1.20393,1.1783,1.34282,1.13691,1.07829,1.13764,1.01216,0.886667,1.15267,1.01967,0.886667,0.842333,0.798,0.886667,1.21917,1.51842,1.22471,1.23302,1.05984,0.886667,0.886667,0.886667,1.1305,1.00858,0.886667,0.975333,1.10833,1.04183,1.14158,1.01412,0.886667,1.01967,1.15267,1.064,1.33,1.15267,1.28567,1.17483,1.11942,1.13604,1.38819,1.27043,1.03421,0.798,0.798,0.886667,0.886667,0.842333,0.798,1.1305,1.23025,1.10279,1.0834,1.2067,1.26835,1.16617,1.15942,1.20038,1.19869,1.30868,1.23067,1.05867,0.886667,0.798,1.01967,0.908833,0.798,0.9975,0.89775,0.798,1.10833,1.21917,1.18592,0.991958,0.798,1.10833,1.04183,1.20808,1.18037,0.989187,0.798,1.15267,1.33,1.15267,1.2635,1.29675,1.26904,1.34385,1.07093,0.798,1.064,1.064,1.064,1.2635,1.03075,0.798,0.975333,0.886667,0.798,1.10833,1.21917,1.27458,1.23579,1.19423,1.26211,1.03006,0.798,1.064,1.06799,1.06799,1.06799,1.06799,1.06799,1.06799,1.06799,1.06799,1.06799,1.06799,1.06799,1.06799,1.06799,1.06799,1.06799,1.06799,1.06799,1.06799,0,0,0
1.064,1.10833,0.953167,0.798,1.01967,0.908833,0.798,0.975333,1.064,1.10833,1.17483,1.11942,1.13604,1.47685,1.35909,1.21155,1.00477,0.798,0.842333,0.886667,0.886667,0.886667,0.886667,0.798,0.953167,0.875583,0.798,0.975333,0.975333,0.931,0.886667,0.931,1.04183,1.25242,1.11387,1.13327,1.3203,1.41382,1.37191,1.12929,0.886667,1.01967,1.1305,1.11942,1.22471,1.05569,0.886667,1.01967,1.08617,1.03075,1.13604,1.01135,0.886667,1.064,0.975333,0.886667,1.064,0.975333,0.886667,0.975333,1.01967,1.08617,1.05292,0.969792,0.886667,0.886667,0.931,0.953167,1.09725,0.947625,0.798,0.931,0.8645,0.798,1.01967,1.04183,1.05292,1.19146,1.12773,1.1402,0.969099,0.798,0.798,0.798,1.08617,0.942083,0.798,0.975333,1.10833,1.08617,1.11942,1.18037,1.12219,1.20393,1.06746,1.13223,1.09812,0.948058,0.798,0.975333,1.064,1.10833,1.1305,1.00858,0.886667,1.01967,0.953167,0.886667,0.886667,0.886667,0.886667,0.9975,0.89775,0.798,0.953167,0.919917,0.886667,1.01967,0.953167,0.886667,0.886667,0.798,1.00168,1.00168,1.00168,1.00168,1.00168,1.00168,1.00168,1.00168,1.00168,1.00168,1.00168,4,0,0
0.798,0.798,1.064,0.9975,0.89775,0.798,0.798,0.798,0.842333,0.886667,0.798,1.10833,1.28567,1.2635,1.03075,0.798,0.886667,1.17483,0.986417,0.798,0.798,1.1305,1.34108,1.37987,1.4436,1.47547,1.13673,0.798,0.798,0.842333,0.886667,1.197,0.9975,0.798,0.798,1.064,1.28567,1.2635,1.36325,1.34662,1.42698,1.46716,1.17691,0.886667,0.798,0.798,0.798,0.798,1.10833,1.21917,1.00858,0.798,0.798,1.10833,1.2635,1.40758,1.41312,1.4159,1.10695,0.798,0.798,0.842333,0.886667,0.798,1.197,1.17483,0.986417,0.798,0.798,0.953167,1.07508,1.33554,1.42144,1.30922,1.36394,1.3913,1.09465,0.798,0.842333,1.08617,1.34108,1.31337,1.41035,1.41451,1.37226,1.46196,1.30731,1.34082,1.37975,1.13321,0.886667,0.798,0.798,0.798,0.886667,0.931,0.953167,0.875583,0.798,0.908833,1.07508,1.24687,1.28844,1.22055,1.27528,1.21397,1.20549,1.22341,1.2767,1.21469,1.18368,1.15267,1.07306,1.07306,1.07306,1.07306,1.07306,1.07306,1.07306,1.07306,1.07306,1.07306,1.07306,1.07306,1.07306,1.07306,1.07306,1.07306,1.07306,1.07306,1.07306,1.07306,1.07306,12,0,4
1.596,0.886667,1.24133,1.064,0.886667,1.37433,1.35217,1.38542,1.22471,1.18869,1.08201,0.940005,0.798,0.931,1.17483,0.986417,0.798,0.842333,0.886667,0.798,0.931,0.8645,0.798,1.21917,1.00858,0.798,1.15267,1.10833,1.1305,1.23025,1.05846,0.886667,1.15267,1.10833,1.1305,1.27458,1.25796,1.11665,0.957323,0.798,0.886667,0.798,1.01967,0.908833,0.798,1.15267,0.975333,0.798,1.15267,1.15267,1.10833,1.01967,0.9975,0.986417,1.11387,1.0446,1.23164,1.01482,0.798,0.798,0.886667,1.197,0.9975,0.798,0.931,0.908833,0.886667,1.15267,1.01967,0.886667,1.10833,0.953167,0.798,1.21917,1.31892,1.05846,0.798,0.931,0.8645,0.798,1.10833,0.953167,0.798,0.975333,0.975333,0.886667,0.798,1.197,0.9975,0.798,0.820167,0.842333,0.953167,1.25242,1.33554,1.15544,0.976719,0.798,1.10833,1.08617,1.03075,1.26904,1.21085,1.29259,1.3113,1.23198,1.32532,1.28333,1.17366,1.29617,1.09142,0.886667,0.842333,0.798,1.01967,1.2635,1.50733,1.03706,1.03706,1.03706,1.03706,1.03706,1.03706,1.03706,1.03706,1.03706,1.03706,1.03706,1.03706,1.03706,1.03706,1.03706,1.03706,4,0,0
0.886667,1.15267,1.1305,1.27458,1.16929,0.983646,0.798,0.798,0.798,0.931,1.24133,1.197,1.15267,1.08617,1.29675,1.44637,1.12219,0.798,0.842333,0.798,0.798,0.798,0.886667,0.842333,0.798,0.798,1.08617,1.23025,1.34662,1.24965,1.02382,0.798,0.931,1.17483,1.11942,1.13604,1.12219,1.22609,1.14505,1.32619,1.1951,1.08521,0.941607,0.798,0.886667,0.9975,0.89775,0.798,0.798,0.798,1.10833,1.17483,1.11942,1.42421,1.33277,1.37572,1.26419,1.34143,1.15838,1.06686,1.19843,1.21988,1.11977,1.02539,1.06686,0.93243,0.798,0.798,0.842333,0.931,1.197,1.1305,0.96425,0.798,0.798,1.15267,1.10833,1.2635,1.18592,1.25796,1.07231,0.886667,0.798,0.886667,1.10833,1.04183,1.23025,1.16929,1.20531,1.22332,1.23233,1.1925,0.995249,0.798,0.798,0.842333,0.886667,1.064,1.15267,1.10833,1.1305,1.18592,1.03629,0.886667,0.886667,0.798,0.842333,0.798,0.886667,0.842333,0.798,0.798,0.798,0.798,0.798,0.842333,0.798,0.886667,1.15267,1.064,0.975333,1.02301,1.02301,1.02301,1.02301,1.02301,1.02301,1.02301,1.02301,1.02301,1.02301,1.02301,1.02301,4,0,0
0.975333,0.886667,0.842333,0.798,0.842333,0.820167,0.798,0.798,0.798,0.886667,0.798,0.886667,0.931,0.8645,0.798,0.798,0.798,0.798,1.01967,1.08617,1.03075,1.13604,1.05569,1.05984,1.01759,0.952128,0.886667,0.908833,1.11942,0.958708,0.798,0.798,0.886667,0.931,0.908833,0.886667,0.931,0.953167,0.986417,0.980875,1.15544,0.976719,0.798,1.197,0.9975,0.798,0.798,0.8645,1.05292,1.14712,1.17206,1.31753,1.07993,0.842333,0.798,1.10833,0.953167,0.798,0.798,1.10833,0.9975,0.886667,0.842333,0.798,0.975333,1.064,1.15267,1.28567,1.17483,1.00858,0.842333,0.798,1.064,1.197,1.30783,1.09725,0.886667,0.886667,0.798,0.886667,0.886667,0.842333,0.8645,0.886667,0.842333,0.798,1.064,1.064,1.064,0.975333,0.886667,0.842333,0.908833,0.942083,1.09171,0.989187,0.886667,0.798,0.798,0.842333,0.886667,0.798,0.886667,0.9975,0.942083,0.886667,1.197,1.04183,0.886667,0.798,1.08617,1.27458,1.19146,1.12773,1.0072,0.886667,0.908833,1.18592,1.23579,1.10556,0.996115,0.886667,0.842333,0.931,0.908833,0.886667,0.886667,0.886667,0.952736,0.952736,0.952736,0.952736,0.952736,0,0,0
0.886667,1.197,1.35217,1.29675,1.06954,0.842333,0.8645,0.886667,0.842333,0.798,0.798,0.798,0.798,0.798,0.9975,0.986417,0.892208,0.798,0.842333,0.886667,0.842333,0.798,0.798,0.798,0.886667,0.842333,0.798,0.820167,0.842333,0.820167,0.798,0.798,0.798,0.798,0.798,0.886667,0.886667,0.886667,0.842333,0.798,0.953167,0.875583,0.798,0.886667,1.064,0.931,0.798,0.886667,0.908833,1.25242,1.18037,1.25519,1.38126,1.13396,0.886667,1.21917,1.27458,1.25796,1.02798,0.798,1.24133,1.197,1.35217,1.34108,1.51287,1.5101,1.15405,0.798,0.886667,0.842333,0.798,1.15267,1.6625,1.34108,1.37987,1.39927,1.3203,1.41382,1.10591,0.798,1.04183,1.20808,1.29121,1.0446,0.798,1.01967,1.50733,1.463,1.197,1.1305,1.23025,1.08062,1.02798,1.04599,1.05499,1.0595,1.19475,1.26237,1.11885,1.33526,1.0888,0.842333,1.1305,1.18592,1.12496,1.36048,1.21224,1.00512,0.798,0.908833,0.96425,0.969792,1.06123,1.12911,1.03006,0.931,1.03447,1.03447,1.03447,1.03447,1.03447,1.03447,1.03447,1.03447,1.03447,1.03447,1.03447,1.03447,1.03447,1.03447,1.03447,1.03447,1.03447,12,1,0
1.24133,1.24133,1.33,1.44083,1.42975,1.37987,1.13327,0.886667,0.798,0.975333,0.886667,0.798,0.798,1.08617,1.25242,1.29121,1.35494,1.34247,1.2919,1.35528,1.29831,1.33632,1.33316,1.37591,1.08696,0.798,0.798,1.064,1.28567,1.2635,1.36325,1.43529,1.38265,1.35632,1.34316,1.07058,0.798,0.798,1.1305,1.18592,1.30229,1.31615,1.32307,1.19354,1.26177,1.31805,1.34619,1.3381,1.35621,1.38744,1.40305,1.36653,1.34826,1.4278,1.3789,1.42095,1.33114,1.3749,1.35245,1.29689,1.44645,1.25522,1.02661,0.798,0.842333,0.9975,1.23025,1.34662,1.24965,1.22332,1.34316,1.42525,1.33329,1.37598,1.33082,1.35258,1.29696,1.35781,1.32174,1.48104,1.33902,1.44534,1.2325,1.23692,1.28346,1.35106,1.2962,1.22443,1.32155,1.30361,1.1838,1.21257,1.18262,1.25631,1.24882,1.28941,1.30971,1.29769,1.26951,1.29975,1.31488,1.32244,1.14889,0.975333,1.24078,1.24078,1.24078,1.24078,1.24078,1.24078,1.24078,1.24078,1.24078,1.24078,1.24078,1.24078,1.24078,1.24078,1.24078,1.24078,1.24078,1.24078,1.24078,1.24078,1.24078,1.24078,1.24078,1.24078,1.24078,1.24078,1.24078,1.24078,1.24078,0,0,0
1.064,0.975333,0.886667,0.886667,0.8645,0.842333,1.21917,1.00858,0.798,1.17483,1.34108,1.22471,1.05569,0.886667,1.10833,0.953167,0.798,1.10833,1.1305,1.00858,0.886667,0.798,0.886667,0.798,1.17483,0.986417,0.798,1.064,0.975333,0.886667,0.842333,0.798,1.01967,0.908833,0.798,1.15267,1.01967,0.886667,1.01967,0.908833,0.798,1.064,1.24133,1.30783,1.14158,1.01412,0.886667,0.798,1.064,0.931,0.798,1.15267,1.10833,0.975333,0.842333,0.798,0.886667,0.886667,1.10833,0.953167,0.798,0.798,0.798,0.798,0.798,0.931,0.931,1.04183,1.29675,1.26904,1.27735,1.05984,0.842333,1.1305,0.96425,0.798,1.064,0.931,0.798,0.886667,0.886667,1.10833,1.08617,0.942083,0.798,1.15267,1.33,1.064,0.798,1.064,1.197,1.04183,0.886667,1.064,0.975333,0.886667,0.842333,0.820167,0.798,1.10833,1.04183,0.919917,0.798,0.798,0.798,0.798,0.798,0.886667,0.842333,0.798,0.842333,0.886667,0.975333,1.01967,1.04183,0.919917,0.798,0.798,0.886667,0.842333,0.798,0.842333,0.886667,1.28567,0.960194,0.960194,0.960194,0.960194,0.960194,0.960194,0.960194,0.960194,0.960194,0,0,0
0.886667,1.01967,1.08617,1.23025,1.23579,1.19423,1.30645,1.40689,1.23545,1.37139,1.39503,1.27385,1.32409,1.23838,1.15119,1.28493,1.26313,1.2079,1.26895,1.38814,1.2704,1.32237,1.28185,1.17293,1.2958,1.1799,1.12195,1.27031,1.34449,1.11558,0.886667,1.01967,1.08617,0.942083,0.798,0.886667,1.15267,1.10833,1.08617,1.23025,1.23579,1.1499,1.35078,1.09656,0.842333,1.21917,1.47408,1.42421,1.1776,1.03214,0.886667,1.197,1.37433,1.44083,1.45192,1.67912,1.83706,1.49486,1.14643,0.798,0.886667,1.197,1.08617,1.00858,1.30229,1.22748,1.10141,1.26004,1.25068,1.15734,1.288,1.08734,0.886667,1.10833,0.9975,0.886667,1.197,1.08617,1.03075,1.26904,1.12219,1.13743,1.27805,1.03802,0.798,1.10833,0.953167,0.798,1.10833,1.04183,1.05292,1.23579,1.1499,1.15128,1.30714,1.05257,0.798,1.10833,1.17483,1.11942,1.22471,1.36602,1.21501,1.29467,1.135,1.14383,1.28125,1.41867,1.17201,1.17201,1.17201,1.17201,1.17201,1.17201,1.17201,1.17201,1.17201,1.17201,1.17201,1.17201,1.17201,1.17201,1.17201,1.17201,1.17201,1.17201,1.17201,1.17201,1.17201,1.17201,1.17201,1.17201,1.17201,2,0,3
1.01967,0.953167,0.886667,1.10833,1.30783,1.56275,1.31337,1.23302,1.03768,0.842333,1.41867,1.24133,1.197,1.01967,0.842333,1.04183,0.986417,1.06954,1.13327,1.09864,1.14782,1.12808,1.09604,1.19085,1.21609,1.02921,0.842333,0.9975,0.919917,0.842333,1.04183,0.942083,0.842333,1.04183,0.986417,1.06954,1.13327,1.03214,1.07023,1.48828,1.32048,1.25874,1.11704,1.13485,1.14376,1.14821,1.19477,1.26239,1.11886,1.13576,1.23288,1.03761,0.842333,1.04183,0.942083,0.842333,1.04183,1.05292,1.12496,1.18315,1.07924,1.11595,1.57764,1.32082,1.23674,1.10604,1.10719,1.15209,1.10805,1.13036,1.20801,1.09167,1.1665,1.15958,1.06746,1.1544,1.19786,0.997932,0.798,1.01967,0.931,0.842333,1.04183,1.00858,1.08062,1.16098,1.11249,1.11041,1.15371,1.02019,0.886667,1.37433,1.21917,1.18592,0.991958,0.798,1.01967,0.908833,0.798,0.9975,0.919917,0.842333,0.9975,0.942083,0.886667,0.842333,0.798,0.953167,1.09725,0.991958,0.886667,1.08617,0.986417,0.886667,1.10833,1.33,1.07363,1.07363,1.07363,1.07363,1.07363,1.07363,1.07363,1.07363,1.07363,1.07363,1.07363,1.07363,1.07363,1.07363,1.07363,1.07363,1.07363,4,0,1
1.33,1.463,1.1305,0.798,1.15267,0.975333,0.798,0.886667,1.10833,0.953167,0.798,0.886667,0.842333,0.798,0.886667,0.931,0.9975,1.03075,0.914375,0.798,1.10833,1.01967,0.908833,0.798,0.842333,0.886667,0.842333,0.8645,0.886667,0.842333,0.798,0.886667,0.798,0.798,0.842333,0.886667,1.01967,0.931,0.842333,0.8645,0.886667,0.886667,1.064,0.9975,1.07508,1.15821,0.978104,0.798,0.975333,1.01967,0.931,0.842333,0.886667,1.01967,1.1305,1.00858,0.886667,0.975333,0.886667,0.798,0.886667,0.886667,0.886667,1.15267,1.064,0.975333,0.886667,0.842333,0.798,0.886667,0.798,0.886667,1.08617,0.986417,0.886667,1.01967,0.9975,1.11942,1.18037,1.03352,0.886667,1.064,0.975333,0.886667,1.197,1.01967,0.842333,1.197,1.08617,0.942083,0.798,0.953167,1.07508,0.936542,0.798,1.10833,0.953167,0.798,0.886667,0.931,1.01967,1.17483,0.986417,0.798,0.931,0.953167,1.00858,1.25796,1.07231,0.886667,1.28567,1.08617,0.886667,0.798,0.886667,0.886667,0.798,0.842333,0.886667,0.886667,0.886667,0.886667,0.798,1.10833,1.41867,0.955007,0.955007,0.955007,0.955007,0.955007,0.955007,0.955007,0.955007,4,1,3
0.886667,0.931,0.886667,0.842333,1.24133,1.33,1.10833,0.886667,0.798,1.01967,0.908833,0.798,1.1305,1.27458,1.34662,1.11665,0.886667,0.798,0.798,0.798,1.15267,1.15267,1.3965,1.23025,1.32446,1.32723,1.41728,1.24064,1.37399,1.35199,1.31883,1.41308,1.46021,1.3951,1.09655,0.798,0.798,1.33,1.3965,1.40758,1.32446,1.06123,0.798,0.886667,1.1305,1.25242,1.35771,1.38819,1.44776,1.47755,1.44811,1.45555,1.52578,1.42789,1.11294,0.798,0.798,1.197,1.35217,1.16375,1.06954,1.4436,1.1208,0.798,0.886667,0.886667,0.886667,1.197,1.04183,0.886667,1.064,1.197,1.1305,1.31892,1.05846,0.798,1.01967,0.908833,0.798,0.886667,1.10833,1.21917,1.00858,0.798,0.798,0.798,0.798,1.064,1.3965,1.36325,1.16929,1.13881,1.30091,1.27112,1.21189,1.22661,1.27831,1.21549,1.27274,1.16837,1.04969,1.21201,1.04934,0.886667,1.15267,0.9975,0.842333,1.04183,1.00858,0.975333,1.11628,1.11628,1.11628,1.11628,1.11628,1.11628,1.11628,1.11628,1.11628,1.11628,1.11628,1.11628,1.11628,1.11628,1.11628,1.11628,1.11628,1.11628,1.11628,1.11628,1.11628,1.11628,1.11628,0,0,0
0.798,0.798,0.798,0.975333,1.08617,1.34108,1.51287,1.33277,1.55305,1.39719,1.60743,1.38005,1.08902,0.798,1.01967,1.1305,1.40758,1.32446,1.46023,1.63895,1.35147,1.07474,0.798,0.975333,1.17483,1.31892,1.47962,1.31615,1.54474,1.32654,1.66077,1.38455,1.35728,1.52097,1.40332,1.49966,1.6365,1.39458,1.31796,1.50131,1.37132,1.50583,1.37358,1.44046,1.29656,1.40195,1.09997,0.798,0.886667,1.37433,1.2635,1.25242,1.46854,1.3106,1.40897,1.59115,1.32758,1.61695,1.34048,1.24657,1.02229,0.798,1.064,1.37433,1.30783,1.51842,1.69021,1.42144,1.68605,1.37503,1.35251,1.47426,1.37996,1.44365,1.65282,1.35841,1.61021,1.38144,1.33355,1.48694,1.36414,1.43574,1.33853,1.46727,1.39863,1.43082,1.60208,1.33304,1.28719,1.35293,1.07546,0.798,0.931,1.37433,1.2635,1.20808,1.00304,0.798,0.975333,1.30333,1.30333,1.30333,1.30333,1.30333,1.30333,1.30333,1.30333,1.30333,1.30333,1.30333,1.30333,1.30333,1.30333,1.30333,1.30333,1.30333,1.30333,1.30333,1.30333,1.30333,1.30333,1.30333,1.30333,1.30333,1.30333,1.30333,1.30333,1.30333,1.30333,1.30333,1.30333,1.30333,1.30333,0,0,0
0.975333,1.10833,1.24133,1.28567,1.35217,1.38542,1.31337,1.36602,1.32584,1.32792,1.06296,0.798,0.798,1.15267,1.197,1.10833,0.953167,0.798,1.01967,1.2635,1.11942,0.958708,0.798,1.15267,1.24133,1.28567,1.35217,1.38542,1.31337,1.27735,1.32584,1.41659,1.28463,1.30731,1.29649,1.26891,1.34379,1.44773,1.1672,0.886667,1.01967,1.21917,1.20808,1.22471,1.34385,1.44776,1.25588,1.29294,1.2893,1.39832,1.31983,1.05891,0.798,0.798,1.064,1.21917,1.23025,1.28012,1.30506,1.31753,1.27943,1.32688,1.28411,1.30705,1.31853,1.2356,1.32713,1.15123,1.30712,1.14122,1.23561,1.19414,1.3064,1.27387,1.27977,1.17188,0.984942,0.798,0.798,0.798,1.01967,1.064,1.10833,1.21917,1.09725,1.30229,1.18315,1.25657,1.20462,1.28948,1.17674,1.2312,1.1476,1.34963,1.18465,1.30166,1.16066,1.22316,1.21008,1.22571,1.23352,1.28176,1.26155,1.31794,1.27964,1.26049,1.24133,1.19536,1.19536,1.19536,1.19536,1.19536,1.19536,1.19536,1.19536,1.19536,1.19536,1.19536,1.19536,1.19536,1.19536,1.19536,1.19536,1.19536,1.19536,1.19536,1.19536,1.19536,1.19536,1.19536,1.19536,1.19536,1.19536,8,5,1
0.975333,1.24133,1.24133,1.01967,0.798,0.798,1.064,1.24133,1.064,0.886667,0.798,1.10833,1.30783,1.40758,1.50179,1.5489,1.61678,1.25172,0.886667,1.15267,1.28567,1.30783,1.38542,1.66804,1.25519,0.842333,0.953167,0.875583,0.798,0.798,0.931,0.953167,0.875583,0.798,1.064,0.931,0.798,0.886667,1.197,1.17483,1.25242,1.29121,1.08894,0.886667,0.798,1.01967,1.2635,1.03075,0.798,0.798,1.1305,1.05292,1.32446,1.1499,1.23995,1.15197,1.24099,1.19683,1.26341,1.20804,1.26902,1.27734,1.25934,1.339,1.35667,1.34333,1.42533,1.31117,1.27625,1.34746,1.47173,1.3122,1.36543,1.30338,1.36102,1.30118,1.31559,1.23413,1.23773,1.30603,1.22935,1.23534,1.28267,1.262,1.38467,1.26867,1.03333,0.798,0.798,0.798,1.01967,1.15267,1.24133,1.37433,1.21917,1.27458,1.21362,1.27181,1.25657,1.24895,1.28948,1.28757,1.30879,1.27506,1.16953,1.2941,1.13472,0.975333,1.16097,1.16097,1.16097,1.16097,1.16097,1.16097,1.16097,1.16097,1.16097,1.16097,1.16097,1.16097,1.16097,1.16097,1.16097,1.16097,1.16097,1.16097,1.16097,1.16097,1.16097,1.16097,1.16097,1.16097,1.16097,6,0,1
0.798,0.886667,0.842333,0.798,0.798,0.798,0.798,0.886667,0.798,0.798,0.798,0.886667,0.798,0.798,1.15267,1.33,1.44083,1.11942,0.798,0.798,0.798,0.798,0.798,1.10833,0.9975,0.886667,1.197,1.41867,1.10833,0.798,0.798,1.01967,0.908833,0.798,1.15267,0.975333,0.798,1.15267,0.9975,0.842333,0.798,0.798,0.798,0.798,0.798,0.798,0.798,0.798,0.798,0.798,0.886667,1.2635,1.14158,0.969792,0.798,0.798,0.798,0.798,0.798,0.798,0.798,0.798,0.798,0.886667,0.842333,0.798,0.798,0.798,0.931,0.8645,0.798,0.798,0.798,0.798,0.798,1.10833,0.975333,0.842333,1.08617,1.20808,1.13604,1.23302,1.32584,1.15059,0.974294,0.798,0.798,0.798,0.798,0.798,0.798,0.798,1.01967,1.17483,1.07508,1.15821,1.2441,1.19839,1.33069,1.24168,1.06417,0.886667,0.842333,0.798,0.886667,0.842333,0.798,1.15267,0.975333,0.798,1.15267,0.975333,0.798,0.886667,0.842333,0.798,0.798,0.798,0.798,0.886667,0.798,0.798,0.798,0.798,0.886667,0.798,0.886667,0.886667,0.798,0.915499,0.915499,0.915499,0.915499,12,8,6
0.886667,0.842333,0.798,0.798,0.798,0.886667,1.064,1.28567,1.04183,0.798,0.798,0.798,0.798,1.01967,0.931,0.842333,0.886667,0.886667,0.798,0.886667,0.842333,0.798,1.15267,1.33,1.35217,1.07508,0.798,0.798,0.798,1.064,1.28567,1.35217,1.34108,1.49071,1.14435,0.798,0.798,1.064,0.931,0.798,0.931,0.8645,0.798,0.798,0.798,0.842333,1.1305,1.31892,1.05846,0.798,0.798,1.064,1.28567,1.28567,1.04183,0.798,0.886667,0.798,0.798,0.842333,0.886667,0.798,1.15267,1.30783,1.27458,1.30229,1.42698,1.37849,1.44291,1.29779,1.31389,1.36628,1.45897,1.35015,1.42874,1.42371,1.11085,0.798,0.798,1.01967,0.908833,0.798,0.886667,1.197,1.35217,1.34108,1.42421,1.42144,1.46439,1.46369,1.44118,1.42992,1.46863,1.35498,1.38682,1.44708,1.47721,1.38144,1.44438,1.34286,1.33643,1.42188,1.46461,1.3973,1.45232,1.32466,1.416,1.373,1.2185,1.00825,0.798,1.10604,1.10604,1.10604,1.10604,1.10604,1.10604,1.10604,1.10604,1.10604,1.10604,1.10604,1.10604,1.10604,1.10604,1.10604,1.10604,1.10604,1.10604,1.10604,1.10604,1.10604,1.10604,8,1,1
0.931,0.9975,0.89775,0.798,0.798,0.798,0.798,0.842333,0.886667,0.842333,0.842333,0.842333,0.842333,0.798,0.798,0.886667,0.798,0.8645,1.00858,1.12496,0.983646,0.842333,1.08617,1.16375,0.980875,0.798,0.908833,1.05292,0.925458,0.798,0.842333,0.953167,1.05292,0.925458,0.798,0.975333,1.1305,1.00858,0.886667,0.842333,0.798,0.798,0.842333,0.820167,0.798,0.798,0.798,1.17483,1.36325,1.39096,1.47131,1.15682,0.842333,1.10833,1.197,1.04183,0.886667,1.17483,1.36325,1.16929,0.983646,0.798,1.1305,1.27458,1.05846,0.842333,1.04183,1.14158,1.19146,1.0169,0.842333,0.798,1.08617,0.942083,0.798,0.798,0.798,0.8645,0.875583,0.886667,0.931,0.908833,0.886667,0.842333,0.908833,0.96425,0.925458,0.886667,0.931,0.9975,0.919917,0.842333,0.798,0.886667,0.842333,0.798,0.798,0.798,1.04183,0.96425,0.886667,1.15267,1.04183,0.919917,0.798,1.10833,0.953167,0.798,0.842333,0.886667,0.975333,0.886667,0.798,0.886667,0.9975,1.25242,1.35771,1.29952,1.07093,0.842333,1.10833,1.24133,1.35217,1.463,0.962127,0.962127,0.962127,0.962127,0.962127,0.962127,0.962127,0.962127,0.962127,10,5,5
1.33,1.197,1.21917,1.00858,0.798,1.064,0.975333,0.886667,1.064,1.28567,1.35217,1.38542,1.29121,1.3106,1.09864,0.886667,0.798,1.10833,0.953167,0.798,0.886667,0.886667,0.886667,1.01967,1.17483,1.29675,1.22471,1.23302,1.05984,0.886667,0.931,0.908833,0.886667,0.886667,0.886667,0.798,0.975333,0.975333,0.886667,0.798,0.798,0.886667,0.931,1.064,1.24133,1.197,1.21917,1.18592,0.991958,0.798,0.798,0.798,0.798,0.798,1.01967,0.9975,0.89775,0.798,1.01967,1.08617,1.03075,0.914375,0.798,1.064,0.9975,0.942083,0.886667,1.064,1.28567,1.21917,1.27458,1.30229,1.20531,1.06816,0.933078,0.798,0.798,1.10833,1.17483,1.20808,1.22471,1.01135,0.798,0.798,0.798,0.820167,0.842333,0.798,0.886667,1.197,1.2635,1.16375,1.29121,1.3106,1.2538,1.33623,1.20012,1.26506,1.29753,1.2251,1.36622,1.30377,1.22822,1.03528,0.842333,0.798,0.886667,1.197,1.08617,1.25242,1.24687,1.19977,1.33139,1.06469,0.798,0.798,0.886667,1.15267,1.41867,1.04512,1.04512,1.04512,1.04512,1.04512,1.04512,1.04512,1.04512,1.04512,1.04512,1.04512,1.04512,1.04512,1.04512,18,4,1
1.77333,1.64033,1.41867,1.24133,1.17483,1.60708,1.44637,1.16652,0.886667,1.21917,1.23025,1.19146,1.50456,1.19561,0.886667,1.01967,0.975333,1.33,1.1305,1.14158,1.45746,1.46023,1.43945,1.27389,1.30195,1.09431,0.886667,1.064,1.15267,1.01967,0.886667,1.10833,1.197,0.9975,0.798,0.798,0.798,0.798,0.886667,0.886667,1.15267,1.197,1.30783,1.38542,1.31337,1.18869,1.08201,1.11734,0.957669,0.798,0.886667,0.975333,0.886667,0.798,0.886667,1.1305,1.31892,1.41312,1.10556,0.798,0.931,0.9975,1.20808,1.37987,1.26627,1.29814,1.18107,1.3442,1.42577,1.44438,1.34286,1.38076,1.13371,0.886667,1.10833,1.17483,1.20808,1.29121,1.3771,1.28705,1.30853,1.25276,1.18055,1.25527,1.20397,1.35565,1.32066,1.2145,1.22791,1.36762,1.17148,1.11774,1.1352,0.966602,0.798,1.01967,1.17483,0.986417,0.798,1.064,0.931,0.798,1.064,1.2635,1.29675,1.26904,1.12219,0.960094,0.798,0.798,1.1461,1.1461,1.1461,1.1461,1.1461,1.1461,1.1461,1.1461,1.1461,1.1461,1.1461,1.1461,1.1461,1.1461,1.1461,1.1461,1.1461,1.1461,1.1461,1.1461,1.1461,1.1461,1.1461,16,9,4
1.15267,0.975333,0.798,0.798,1.10833,1.1305,1.14158,1.19146,1.0834,1.0737,1.06885,1.19942,1.19821,1.26411,1.29705,1.22486,1.32176,1.19288,1.17277,1.07405,1.20203,1.15518,1.24259,1.19763,0.997814,0.798,0.798,0.842333,0.886667,1.08617,1.00858,1.08062,1.11665,1.13466,1.27666,1.21466,1.13933,1.32333,1.26017,1.02908,0.798,0.886667,0.842333,0.798,0.798,0.931,0.8645,0.798,0.9975,1.16375,1.02521,0.886667,0.842333,0.798,1.01967,1.1305,1.09725,1.05846,0.928229,0.798,0.798,0.975333,0.886667,0.798,1.064,1.01967,0.953167,0.886667,0.842333,0.798,0.798,0.798,0.798,0.798,0.798,0.798,1.10833,1.33,1.064,0.798,0.798,0.798,0.842333,0.886667,0.886667,0.886667,0.886667,0.842333,0.798,0.975333,1.15267,1.15267,1.01967,0.886667,1.197,1.17483,1.14158,1.01412,0.886667,0.798,0.798,0.798,0.798,0.798,0.798,0.798,0.798,0.931,0.931,0.908833,0.886667,0.798,0.886667,0.842333,0.798,0.798,0.798,0.798,1.04183,0.96425,0.886667,1.01967,1.08617,1.15267,0.975545,0.975545,0.975545,0.975545,0.975545,0.975545,0.975545,0.975545,0.975545,26,12,13
1.064,1.10833,1.21917,1.23025,1.34662,1.24965,1.37849,1.30991,1.31996,1.05898,0.798,0.798,1.17483,1.29675,1.35771,1.16652,0.98226,0.798,1.10833,0.953167,0.798,0.798,1.15267,1.30783,1.31892,1.05846,0.798,0.798,0.798,0.798,0.798,1.10833,1.2635,1.31892,1.28012,1.30506,1.2732,1.34593,1.29363,1.35615,1.34307,1.4252,1.39977,1.27622,1.03711,0.798,0.798,1.064,1.15267,1.2635,1.31892,1.23579,1.23856,1.23995,1.26281,1.25207,1.22454,1.34377,1.38122,1.37778,1.42039,1.39736,1.51885,1.40226,1.4548,1.41456,1.41662,1.46197,1.37382,1.37408,1.46287,1.24127,1.32997,1.30782,1.42974,1.31337,1.45469,1.39234,1.58284,1.34559,1.07179,0.798,0.798,1.064,1.197,1.35217,1.34108,1.37987,1.4436,1.1873,0.992651,0.798,0.798,0.798,0.798,1.064,0.931,0.798,0.798,1.15267,1.35217,1.29675,1.26904,1.34385,1.07093,0.798,1.17837,1.17837,1.17837,1.17837,1.17837,1.17837,1.17837,1.17837,1.17837,1.17837,1.17837,1.17837,1.17837,1.17837,1.17837,1.17837,1.17837,1.17837,1.17837,1.17837,1.17837,1.17837,1.17837,1.17837,1.17837,1.17837,1.17837,12,4,1
1.33,1.41867,1.3965,1.23025,1.32446,1.06123,0.798,0.931,0.8645,0.798,0.798,0.798,0.886667,0.842333,0.798,0.798,0.886667,0.842333,0.798,0.798,0.798,0.798,0.842333,0.886667,0.798,0.798,0.886667,0.842333,0.798,0.798,1.01967,0.953167,0.886667,0.842333,1.1305,0.96425,0.798,0.798,0.820167,0.842333,1.197,1.08617,0.986417,0.886667,1.17483,1.34108,1.15821,1.02244,0.886667,0.798,0.798,0.798,0.798,0.886667,0.886667,0.798,0.798,0.798,0.886667,1.04183,0.919917,0.798,0.975333,0.975333,0.886667,0.798,0.798,0.798,0.798,0.798,0.798,0.798,0.798,0.886667,0.886667,1.064,0.931,0.798,0.886667,1.01967,0.908833,0.798,0.886667,1.15267,1.10833,0.975333,0.842333,0.975333,0.931,0.886667,0.842333,0.798,0.798,0.798,0.886667,0.931,0.908833,0.886667,1.10833,0.953167,0.798,0.798,0.975333,0.931,0.886667,0.798,0.886667,1.15267,1.01967,0.886667,1.10833,0.953167,0.798,1.1305,1.00858,0.886667,1.15267,1.24133,1.24133,1.01967,0.798,0.798,1.04183,1.27458,1.34662,1.16098,0.975333,0.933727,0.933727,0.933727,0.933727,0.933727,0.933727,6,2,5
0.886667,0.886667,0.798,1.15267,1.2635,1.03075,0.798,1.064,0.931,0.798,1.064,1.10833,1.08617,1.34108,1.22471,1.27735,1.03768,0.798,1.10833,0.953167,0.798,1.15267,1.064,1.064,1.21917,1.18592,1.03629,0.886667,0.798,0.798,1.064,1.01967,1.08617,1.20808,1.09171,1.14435,1.37018,1.12842,0.886667,0.975333,0.886667,0.798,1.064,1.01967,1.04183,0.919917,0.798,0.798,0.8645,0.83125,0.798,1.10833,1.2635,1.07508,0.886667,0.886667,0.842333,0.798,0.886667,0.798,0.9975,0.942083,0.886667,0.886667,1.10833,0.975333,0.842333,1.1305,1.05292,1.05846,1.30506,1.18453,1.0356,0.886667,0.886667,0.886667,1.01967,0.908833,0.798,1.197,1.35217,1.34108,1.06954,0.798,1.15267,0.975333,0.798,0.886667,0.931,1.01967,1.33,1.30783,1.09725,0.886667,0.798,1.064,1.064,1.064,1.064,0.931,0.798,0.798,0.798,0.842333,0.886667,1.01967,0.9975,1.07508,1.24687,1.19977,1.08755,1.25311,1.13639,1.05586,1.19293,1.0398,0.886667,1.15267,1.41867,1.01476,1.01476,1.01476,1.01476,1.01476,1.01476,1.01476,1.01476,1.01476,1.01476,1.01476,1.01476,1.01476,1.01476,8,4,4
0.798,0.886667,1.10833,1.08617,1.05292,1.19146,1.17206,1.0737,0.935849,0.798,0.798,0.886667,1.15267,1.10833,1.10833,1.21917,1.27458,1.12496,1.22748,1.14574,1.1492,1.28393,1.10747,1.1079,1.21895,1.09714,1.0584,1.2607,1.18452,1.05776,1.21605,1.18436,1.12418,1.22709,1.14554,1.01611,0.886667,0.842333,0.798,1.1305,1.00858,0.886667,1.15267,0.975333,0.798,0.975333,1.064,1.064,1.28567,1.15267,1.064,1.01967,0.908833,0.798,0.798,0.886667,1.064,1.01967,1.197,0.9975,0.798,1.10833,1.08617,1.03075,1.18037,1.07785,1.20393,1.2448,1.19873,1.13137,1.23068,1.23601,1.10567,1.3065,1.14092,1.08029,1.27165,1.18999,1.17133,1.2285,1.12408,1.13837,1.18985,1.19343,1.08438,1.18502,1.21318,1.13859,1.14563,1.06048,1.19524,1.26262,1.11898,1.13582,1.29941,1.18171,1.16719,1.20426,1.17846,1.16556,1.29212,1.17806,1.05453,1.28093,1.17247,1.11823,1.17978,1.21056,1.13728,1.18931,1.19315,1.12858,1.22929,1.10231,1.12749,1.15267,1.10787,1.10787,1.10787,1.10787,1.10787,1.10787,1.10787,1.10787,1.10787,1.10787,1.10787,1.10787,1.10787,1.10787,1.10787,1.10787,1.10787,8,2,1
1.24133,0.798,1.064,1.463,1.3965,1.34108,1.09171,0.842333,1.064,1.44083,1.54058,1.50179,1.6154,1.56136,1.53435,1.65384,1.53625,1.16713,0.798,1.064,1.3965,1.49625,1.50179,1.4159,1.19561,1.04114,0.886667,0.886667,0.886667,1.064,1.01967,1.1305,1.23025,1.01412,0.798,1.24133,1.37433,1.30783,1.05292,0.798,1.3965,1.36325,1.34662,1.07231,0.798,1.15267,1.44083,1.47408,1.53504,1.47685,1.13743,0.798,1.1305,0.96425,0.798,1.064,1.10833,1.1305,1.23025,1.05846,0.886667,1.15267,1.064,1.15267,1.24133,1.15267,1.2635,1.31892,1.30229,1.18315,1.32307,1.0827,0.842333,1.10833,0.975333,0.842333,1.01967,0.975333,1.17483,1.34108,1.55721,1.55444,1.59739,1.55236,1.57418,1.56292,1.62379,1.56556,1.18178,0.798,0.886667,0.886667,0.886667,1.10833,0.953167,0.798,1.064,0.931,0.798,1.08617,1.03075,1.09171,1.25519,1.02659,0.798,1.1762,1.1762,1.1762,1.1762,1.1762,1.1762,1.1762,1.1762,1.1762,1.1762,1.1762,1.1762,1.1762,1.1762,1.1762,1.1762,1.1762,1.1762,1.1762,1.1762,1.1762,1.1762,1.1762,1.1762,1.1762,1.1762,1.1762,1.1762,14,4,5
0.798,0.931,1.01967,1.15267,1.21917,1.14158,1.19146,1.2164,1.16236,1.26835,1.18834,1.19267,1.217,1.25133,1.2685,1.34358,1.35896,1.21148,1.27074,1.0787,0.886667,1.064,1.197,1.1305,1.25242,1.15821,1.15544,1.24272,1.19769,1.13085,1.27476,1.08071,0.886667,1.064,1.064,1.01967,1.1305,1.18592,1.16929,1.22748,1.23441,1.23787,1.32827,1.1518,1.15223,1.19678,1.28556,1.21911,1.27456,1.30228,1.27181,1.3009,1.13812,1.12323,1.22661,1.16747,1.18224,1.25612,1.20439,1.17853,1.2321,1.17022,1.07277,1.17922,1.09944,1.19256,1.28344,1.21806,1.18536,1.23551,1.14976,1.06255,1.19627,1.2188,1.1414,1.2357,1.12768,1.18451,1.30159,1.09413,0.886667,1.064,1.064,1.064,1.28567,1.064,0.842333,1.1305,0.96425,0.798,1.10833,1.35217,1.49625,1.45746,1.43806,1.11803,0.798,0.886667,0.842333,0.798,1.10833,1.04183,1.09725,1.25796,1.16098,1.06816,1.22124,1.23129,1.14764,1.28316,1.41867,1.15774,1.15774,1.15774,1.15774,1.15774,1.15774,1.15774,1.15774,1.15774,1.15774,1.15774,1.15774,1.15774,1.15774,1.15774,1.15774,1.15774,1.15774,1.15774,1.15774,1.15774,1.15774,6,3,3
0.886667,0.931,0.908833,0.886667,1.04183,1.31892,1.28012,1.30506,1.18453,0.991266,0.798,1.1305,1.07508,0.936542,0.798,1.1305,1.11942,1.15821,1.33277,1.37572,1.26419,1.3636,1.30246,1.05023,0.798,0.798,0.798,0.886667,1.01967,1.17483,0.986417,0.798,0.842333,1.15267,1.41867,1.28567,1.35217,1.11942,0.886667,0.798,1.064,1.35217,1.29675,1.31337,1.05569,0.798,0.886667,1.15267,0.975333,0.798,0.798,1.15267,0.9975,0.842333,0.798,1.01967,0.953167,0.886667,0.798,1.01967,1.30783,1.27458,1.36879,1.3494,1.38403,1.35702,1.07751,0.798,0.886667,1.10833,1.33,1.21917,1.40758,1.32446,1.32723,1.37295,1.44014,1.2964,1.3797,1.15535,0.998842,0.842333,0.886667,0.975333,0.975333,1.10833,0.953167,0.798,0.886667,0.886667,0.886667,1.15267,0.975333,0.798,1.10833,1.21917,1.18592,1.34662,1.40481,1.23441,1.37087,1.39477,1.27372,1.25753,1.2051,1.35621,1.34311,1.35872,1.12269,0.886667,0.975333,1.064,1.09858,1.09858,1.09858,1.09858,1.09858,1.09858,1.09858,1.09858,1.09858,1.09858,1.09858,1.09858,1.09858,1.09858,1.09858,1.09858,1.09858,1.09858,1.09858,1.09858,1.09858,6,1,0
1.064,1.24133,1.10833,1.1305,1.25242,1.15821,1.15544,1.24272,1.10903,1.13085,1.23042,1.01421,0.798,1.064,0.975333,0.886667,1.15267,1.064,1.10833,1.2635,1.11942,1.13604,1.27735,1.05984,0.842333,1.064,1.01967,1.04183,1.23025,1.16929,1.16098,1.26766,1.18799,1.1925,1.28342,1.06287,0.842333,1.10833,0.953167,0.798,1.08617,0.96425,0.842333,1.1305,0.986417,0.842333,1.1305,1.05292,1.10279,1.26073,1.56136,1.44568,1.12184,0.798,1.1305,1.00858,0.886667,1.1305,1.11942,1.11387,1.2441,1.06539,0.886667,1.08617,1.49625,1.45746,1.65973,1.51703,1.15752,0.798,1.15267,1.463,1.463,1.57383,1.47408,1.66804,1.54335,1.21501,0.886667,1.1305,1.03075,1.11387,1.2441,1.55305,1.46369,1.13085,0.798,1.08617,1.03075,1.06954,1.2441,1.08755,1.14228,1.28047,1.57124,1.45062,1.12431,0.798,1.08617,0.942083,0.798,1.1305,0.96425,0.798,1.10833,0.953167,0.798,1.01967,1.24133,1.13468,1.13468,1.13468,1.13468,1.13468,1.13468,1.13468,1.13468,1.13468,1.13468,1.13468,1.13468,1.13468,1.13468,1.13468,1.13468,1.13468,1.13468,1.13468,1.13468,1.13468,1.13468,1.13468,1.13468,4,5,2
0.886667,1.197,1.04183,0.886667,0.798,1.01967,1.04183,1.27458,1.39096,1.22748,1.27874,1.39304,1.29502,1.35684,1.29909,1.27021,1.30011,1.04905,0.798,0.798,0.886667,0.9975,1.11942,1.26904,1.03352,0.798,0.975333,0.886667,0.798,1.17483,1.20808,1.35771,1.38819,1.09309,0.798,1.01967,1.2635,1.03075,0.798,0.842333,0.886667,0.798,0.886667,0.842333,0.798,0.798,0.798,0.886667,1.17483,0.986417,0.798,0.886667,1.15267,1.33,1.41867,1.41867,1.44083,1.11942,0.798,0.798,0.798,0.798,0.798,0.798,0.798,1.08617,0.942083,0.798,0.798,0.798,0.886667,0.798,0.798,0.798,0.798,0.798,0.798,0.886667,0.798,0.798,0.798,1.10833,1.04183,0.96425,0.886667,0.798,0.798,0.798,0.798,0.798,0.798,0.886667,0.842333,0.798,0.798,0.798,0.798,0.798,1.08617,0.986417,0.886667,1.197,0.9975,0.798,1.15267,0.975333,0.798,0.798,0.798,0.842333,0.842333,1.1305,0.96425,0.798,1.10833,1.04183,1.09725,1.23579,1.1499,1.19561,1.26281,1.11907,0.975333,0.979434,0.979434,0.979434,0.979434,0.979434,0.979434,0.979434,0.979434,0.979434,0.979434,10,4,3
1.50733,1.21917,1.00858,0.798,1.10833,1.04183,1.18592,1.16929,1.36048,1.25657,1.11595,1.08998,1.16565,0.981827,0.798,0.886667,1.08617,1.11942,0.958708,0.798,1.064,1.197,1.08617,1.09725,1.30229,1.13881,1.19007,1.3487,1.20635,1.31251,1.25475,1.38104,1.26686,1.07676,0.886667,1.10833,1.1305,1.07508,0.936542,0.798,0.798,0.798,0.886667,0.842333,0.798,1.01967,0.908833,0.798,0.931,0.908833,0.886667,1.064,1.197,1.197,1.2635,1.03075,0.798,0.798,0.798,0.798,1.064,0.953167,0.842333,0.798,1.10833,0.953167,0.798,0.886667,0.842333,0.798,0.842333,0.886667,0.931,1.21917,1.27458,1.34662,1.40481,1.10141,0.798,1.064,1.28567,1.30783,1.29675,1.04737,0.798,0.798,1.10833,1.21917,1.05292,0.886667,0.886667,0.842333,0.886667,0.842333,0.798,0.798,1.064,1.30783,1.40758,1.10279,0.798,0.798,0.931,1.1305,1.23025,1.30229,1.27181,1.30091,1.09379,0.886667,0.798,0.798,0.798,0.798,0.798,0.798,1.10833,1.41867,1.03171,1.03171,1.03171,1.03171,1.03171,1.03171,1.03171,1.03171,1.03171,1.03171,1.03171,1.03171,1.03171,1.03171,1.03171,4,3,2
0.798,0.798,0.842333,0.842333,0.842333,1.064,0.953167,0.842333,0.798,1.10833,1.30783,1.34108,1.20254,1.00027,0.798,1.15267,1.197,1.2635,1.03075,0.798,0.798,1.17483,1.25242,1.02521,0.798,0.798,0.798,0.798,0.798,0.798,0.842333,0.886667,0.842333,0.798,1.10833,1.2635,1.29675,1.33554,1.06677,0.798,0.798,1.064,1.197,1.21917,1.27458,1.28012,1.3494,1.25103,1.33485,1.11076,0.886667,0.798,0.798,0.798,0.798,1.1305,1.31892,1.23579,1.10556,0.996115,0.886667,0.886667,0.886667,0.798,0.975333,0.886667,0.798,0.798,0.798,1.15267,0.975333,0.798,0.886667,0.842333,0.798,0.798,0.798,0.886667,1.064,0.931,0.798,1.1305,1.31892,1.14712,1.0169,0.886667,1.15267,1.24133,1.35217,1.20808,1.35771,1.16652,1.20393,1.3113,1.36498,1.36966,1.26116,1.02958,0.798,0.886667,0.931,0.9975,1.16375,0.980875,0.798,0.886667,0.8645,0.842333,0.820167,0.798,0.886667,0.842333,0.798,0.798,0.798,0.798,0.842333,0.886667,0.798,0.798,0.798,0.798,0.988303,0.988303,0.988303,0.988303,0.988303,0.988303,0.988303,0.988303,0.988303,0.988303,0.988303,6,1,0
1.33,1.35217,1.47408,1.51287,1.55444,1.55305,1.55236,1.55201,1.52967,1.56284,1.55725,1.17763,0.798,0.842333,0.820167,0.798,0.798,0.798,0.798,0.798,0.886667,0.842333,0.798,1.1305,1.00858,0.886667,0.798,0.886667,0.798,0.798,0.798,0.798,0.798,0.798,0.798,1.15267,1.197,1.2635,1.38542,1.40204,1.10002,0.798,0.886667,0.798,0.798,1.1305,1.31892,1.10279,0.886667,0.798,0.931,0.8645,0.798,0.798,0.798,0.886667,1.10833,0.953167,0.798,0.798,0.798,0.798,0.842333,0.886667,0.798,0.842333,0.886667,0.798,0.842333,0.886667,0.886667,1.10833,0.953167,0.798,0.886667,0.842333,0.798,1.21917,1.31892,1.14712,1.0169,0.886667,1.197,0.9975,0.798,0.842333,0.886667,0.886667,1.30783,1.38542,1.22471,1.05569,0.886667,1.197,0.9975,0.798,0.886667,0.842333,0.798,1.17483,1.34108,1.06954,0.798,0.798,0.842333,0.886667,0.798,1.15267,1.37433,1.596,1.463,1.44083,1.11942,0.798,1.01417,1.01417,1.01417,1.01417,1.01417,1.01417,1.01417,1.01417,1.01417,1.01417,1.01417,1.01417,1.01417,1.01417,1.01417,1.01417,1.01417,1.01417,1.01417,0,0,0
1.37433,1.33,1.064,0.798,0.9975,1.23025,1.16929,1.38265,1.13466,0.886667,0.9975,1.29675,1.15821,1.35494,1.23164,1.36948,1.19458,1.37312,1.17423,1.29645,1.11372,1.42136,1.10968,0.798,0.931,1.24133,1.17483,1.16375,1.26904,1.34385,1.11526,0.886667,0.9975,1.18592,1.16929,1.33831,1.20116,1.08824,1.29779,1.24739,1.20003,1.22068,1.09801,1.16967,1.11684,1.22342,1.23238,1.28119,1.17259,1.16263,1.20198,1.24382,1.17608,1.27521,1.21394,1.22763,1.32315,1.23791,1.12879,1.25156,1.44595,1.52097,1.27032,1.30016,1.18208,1.30037,1.27085,1.21176,1.20438,1.13419,1.1656,1.15913,1.26673,1.25403,1.29202,1.35534,1.387,1.26984,1.34425,1.18196,1.23381,1.19324,1.21729,1.18498,1.16882,1.00558,0.842333,1.01967,1.15267,1.1305,1.14158,1.14712,1.19423,1.08478,0.941391,0.798,0.842333,0.842333,0.820167,0.798,0.8645,1.05292,1.03629,1.13881,1.10141,1.12704,1.18418,1.07976,0.975333,1.16424,1.16424,1.16424,1.16424,1.16424,1.16424,1.16424,1.16424,1.16424,1.16424,1.16424,1.16424,1.16424,1.16424,1.16424,1.16424,1.16424,1.16424,1.16424,1.16424,1.16424,1.16424,1.16424,1.16424,0,2,0
1.24133,1.2635,1.20808,1.22471,1.23302,1.23718,1.28359,1.24029,1.24081,1.24107,1.2412,1.24127,1.26347,1.29673,1.3577,1.34385,1.29259,1.28913,1.26523,1.29762,1.31381,1.2554,1.31487,1.2781,1.30405,1.27269,1.25701,1.24917,1.24525,1.26546,1.34206,1.46903,1.37735,1.28717,1.35292,1.29713,1.31356,1.32178,1.37022,1.37228,1.46197,1.37382,1.41841,1.3077,1.31885,1.70126,1.51563,1.48931,1.43182,1.49175,1.41087,1.41477,1.39455,1.31794,1.27964,1.34915,1.29524,1.44562,1.34348,1.42541,1.3112,1.34277,1.26988,1.27778,1.30389,1.29478,1.33456,1.42094,1.33114,1.41924,1.30812,1.31906,1.23586,1.08343,1.07372,1.20186,1.24376,1.37555,1.39711,1.47439,1.40219,1.41043,1.37022,1.39444,1.49522,1.32394,1.30481,1.29524,1.20178,1.02206,0.842333,1.01967,1.17483,1.27458,1.28012,1.06123,0.842333,1.08617,1.29675,1.50733,1.30374,1.30374,1.30374,1.30374,1.30374,1.30374,1.30374,1.30374,1.30374,1.30374,1.30374,1.30374,1.30374,1.30374,1.30374,1.30374,1.30374,1.30374,1.30374,1.30374,1.30374,1.30374,1.30374,1.30374,1.30374,1.30374,1.30374,1.30374,1.30374,1.30374,1.30374,1.30374,1.30374,6,2,0
1.24133,1.50733,1.28567,1.48517,1.27458,1.30229,1.33831,1.64449,1.44291,1.20912,1.18089,1.12245,1.31489,1.14511,1.39272,1.18403,1.39001,1.22701,1.4115,1.25992,1.49446,1.27923,1.50411,1.28406,1.48436,1.27418,1.23559,1.32713,1.52806,1.27387,1.21327,1.18297,1.12348,1.18241,1.1232,1.2931,1.17855,1.27644,1.25889,1.47178,1.26789,1.47628,1.22581,1.32224,1.28178,1.43889,1.22928,1.43481,1.22724,1.36728,1.25998,1.42799,1.20166,1.44316,1.25358,1.51346,1.2444,1.4202,1.2421,1.46338,1.24152,1.44093,1.25246,1.4464,1.23303,1.30368,1.18384,1.21259,1.18263,0.990314,0.798,0.798,0.908833,1.03075,1.00304,1.05569,1.08201,1.20601,1.135,1.25467,1.15933,1.2225,1.27625,1.34746,1.2944,1.22353,1.1881,1.14822,1.10611,1.12939,1.05236,1.12468,1.07217,1.09025,1.07713,1.15923,1.08945,1.14322,1.14795,1.19464,1.17365,1.20749,1.13575,1.14421,1.1706,1.197,1.24646,1.24646,1.24646,1.24646,1.24646,1.24646,1.24646,1.24646,1.24646,1.24646,1.24646,1.24646,1.24646,1.24646,1.24646,1.24646,1.24646,1.24646,1.24646,1.24646,1.24646,1.24646,1.24646,1.24646,1.24646,1.24646,1.24646,2,2,0
0.798,1.01967,1.064,1.1305,1.09725,1.19146,1.12773,1.2067,1.15752,1.17726,1.12063,1.13665,1.12249,1.31491,1.14512,1.39273,1.2062,1.4011,1.21038,1.31452,1.1671,1.24855,1.17844,1.38722,1.20344,1.44406,1.20969,1.31418,1.21126,1.4923,1.23381,1.54791,1.23945,1.41773,1.1522,0.886667,1.064,1.3965,1.23025,1.34662,1.16098,1.24549,1.13258,1.29779,1.18089,1.45495,1.23731,1.41665,1.21816,1.31841,1.19121,1.34927,1.20664,1.40132,1.21049,1.51408,1.26687,1.47577,1.18122,0.886667,0.953167,0.875583,0.798,0.908833,1.29675,1.13604,1.34385,1.13743,1.34455,1.18211,1.45555,1.21544,1.42789,1.17944,1.38772,1.18153,1.41093,1.25963,1.49432,1.30132,1.4265,1.20091,1.19896,1.10931,1.48566,1.27483,1.43541,1.27187,1.43394,1.2268,1.4779,1.22662,1.36698,1.21549,1.49441,1.25704,1.49302,1.25634,1.404,1.234,1.3485,1.25058,1.37896,1.50733,1.25306,1.25306,1.25306,1.25306,1.25306,1.25306,1.25306,1.25306,1.25306,1.25306,1.25306,1.25306,1.25306,1.25306,1.25306,1.25306,1.25306,1.25306,1.25306,1.25306,1.25306,1.25306,1.25306,1.25306,1.25306,1.25306,1.25306,1.25306,1.25306,6,3,1
1.68467,1.50733,1.48517,1.47408,1.42421,1.42144,1.50872,1.39719,1.3636,1.0808,0.798,1.01967,0.9975,1.03075,1.15821,1.02244,0.886667,1.41867,1.24133,1.28567,1.08617,0.886667,1.10833,0.975333,0.842333,1.15267,1.33,1.57383,1.38542,1.71237,1.45469,1.39234,1.56067,1.68917,1.44308,1.36438,1.25852,1.18343,1.38971,1.31552,1.32276,1.41505,1.57202,1.47318,1.33509,1.13304,1.12069,1.24751,1.08926,1.05446,1.25873,1.3387,1.33435,1.06617,0.798,1.35217,1.29675,1.33554,1.3771,1.42005,1.41936,1.50768,1.39667,1.5185,1.42425,1.37713,1.3979,1.36395,1.36914,1.3939,1.40629,1.65631,1.38232,1.31183,1.05491,0.798,1.197,1.197,1.35217,1.16375,1.66804,1.41035,1.79134,1.42767,1.64484,1.33225,1.57496,1.36381,1.30257,1.09462,0.886667,1.08617,0.986417,0.886667,1.35217,1.27458,1.61262,1.40481,1.197,1.29936,1.29936,1.29936,1.29936,1.29936,1.29936,1.29936,1.29936,1.29936,1.29936,1.29936,1.29936,1.29936,1.29936,1.29936,1.29936,1.29936,1.29936,1.29936,1.29936,1.29936,1.29936,1.29936,1.29936,1.29936,1.29936,1.29936,1.29936,1.29936,1.29936,1.29936,1.29936,1.29936,1.29936,2,4,0
1.10833,1.197,1.10833,1.04183,1.38542,1.44637,1.78719,1.38126,1.35563,1.14332,1.05932,1.54933,1.39533,1.76167,1.32417,0.886667,0.886667,0.886667,1.10833,0.953167,0.798,1.21917,1.29675,1.51287,1.48794,1.76364,1.48032,1.62683,1.45625,1.39312,1.09556,0.798,0.975333,1.04183,1.18592,1.16929,1.16098,1.60016,1.30991,1.38646,1.09223,0.798,1.17483,1.05292,0.947625,0.842333,0.8645,0.886667,1.08617,0.96425,0.842333,1.15267,1.44083,1.38542,1.51287,1.5766,1.47547,1.26973,1.10037,1.30385,1.25043,1.26805,1.27686,1.25909,1.58271,1.32336,1.52618,1.27292,1.47879,1.2714,1.54453,1.2821,1.66072,1.31802,1.67868,1.41567,1.4615,1.21842,1.29638,1.04719,0.798,1.10833,0.975333,0.842333,1.197,1.35217,1.36325,1.08062,0.798,1.5295,1.25242,1.62371,1.32169,1.68051,1.37226,1.77229,1.39598,1.69549,1.35758,1.01967,1.26263,1.26263,1.26263,1.26263,1.26263,1.26263,1.26263,1.26263,1.26263,1.26263,1.26263,1.26263,1.26263,1.26263,1.26263,1.26263,1.26263,1.26263,1.26263,1.26263,1.26263,1.26263,1.26263,1.26263,1.26263,1.26263,1.26263,1.26263,1.26263,1.26263,1.26263,1.26263,1.26263,20,2,1
1.15267,1.17483,1.07508,1.04737,1.12219,1.09309,1.03421,1.13777,1.01222,0.886667,1.04183,1.00858,1.01412,1.10556,1.32861,1.21847,1.07474,0.936368,0.798,1.197,1.01967,0.842333,0.8645,0.886667,0.953167,1.20808,1.13604,1.27735,1.23718,1.26142,1.42871,1.57886,1.38793,1.35896,1.32232,1.32616,1.28375,1.57287,1.22977,0.886667,1.08617,1.09725,1.12496,1.27181,1.25657,1.27112,1.45573,1.7032,1.3836,1.4898,1.4099,1.50295,1.32781,1.55057,1.32945,1.24106,1.06386,0.886667,1.15267,1.21917,1.29675,1.26904,1.41035,1.28151,1.46092,1.41763,1.39598,1.40732,1.32433,1.32716,1.23992,1.19629,1.24098,1.21899,1.20799,1.2025,1.15542,1.15404,1.13119,1.14193,1.16946,1.51573,1.24553,1.4651,1.24238,1.21969,1.16401,1.11401,1.1555,1.06542,1.17554,1.1641,1.24705,1.15553,1.17626,1.23096,1.14748,1.15007,1.1957,1.12985,1.16343,1.18021,1.07777,1.13739,1.07853,1.07126,1.064,1.20307,1.20307,1.20307,1.20307,1.20307,1.20307,1.20307,1.20307,1.20307,1.20307,1.20307,1.20307,1.20307,1.20307,1.20307,1.20307,1.20307,1.20307,1.20307,1.20307,1.20307,1.20307,1.20307,1.20307,1.20307,1.20307,6,2,2
0.886667,0.953167,1.18592,1.01412,0.842333,0.820167,0.798,0.886667,1.28567,1.28567,1.28567,1.10833,1.064,1.30783,1.34108,1.73454,1.3771,1.39789,1.38611,1.51322,1.28861,1.35364,1.09799,0.842333,1.10833,1.01967,1.01967,1.55167,1.2635,1.07508,0.886667,0.953167,0.875583,0.798,0.931,0.908833,0.886667,1.01967,1.30783,1.25242,1.04737,0.842333,0.953167,1.54058,1.28012,1.03906,0.798,0.908833,1.29675,1.26904,1.29952,1.04876,0.798,1.44083,1.25242,1.02521,0.798,0.798,1.197,1.24133,1.01967,0.798,0.931,1.5295,1.27458,1.39096,1.40481,1.54474,1.2157,0.886667,1.064,1.33,1.33,1.70683,1.36325,1.10279,0.842333,0.975333,1.2635,1.27458,1.65696,1.33831,1.09032,0.842333,0.931,0.953167,1.05292,1.03629,1.29398,1.31199,1.71999,1.392,1.38317,1.09058,0.798,1.1305,1.36325,1.67912,1.3494,1.38403,1.11318,0.842333,1.55167,1.33,1.10833,1.15981,1.15981,1.15981,1.15981,1.15981,1.15981,1.15981,1.15981,1.15981,1.15981,1.15981,1.15981,1.15981,1.15981,1.15981,1.15981,1.15981,1.15981,1.15981,1.15981,1.15981,1.15981,1.15981,1.15981,1.15981,1.15981,1.15981,1.15981,6,3,2
1.28567,1.35217,1.18592,1.14712,1.19423,1.01828,0.842333,1.08617,1.23025,1.16929,1.27181,1.32307,1.23787,1.28393,1.19613,1.1744,1.20787,1.20243,1.15538,1.26486,1.20876,1.18071,1.27752,1.2151,1.18388,1.25694,1.11614,1.1344,1.2322,1.0816,1.0728,1.2014,1.17703,1.18702,1.36934,1.15017,1.12925,1.22963,1.05815,0.886667,1.08617,1.07508,1.11387,1.22194,1.1873,1.16998,1.62683,1.30108,1.29337,1.33385,1.35409,1.29771,1.46902,1.24434,1.17634,1.51917,1.40242,1.32188,1.0821,0.842333,1.01967,1.08617,1.11942,1.22471,1.32169,1.23718,1.28359,1.17379,1.16323,1.24662,1.13314,1.1429,1.23645,1.23889,1.19578,1.26289,1.34078,1.24672,1.26619,1.2981,1.22538,1.29986,1.24843,1.22271,1.27636,1.25885,1.20576,1.26788,1.21027,1.20364,1.64365,1.35383,1.36408,1.28054,1.2166,1.2733,1.30165,1.22716,1.30075,1.16021,1.15644,1.59788,1.33094,1.26397,1.09749,1.16941,1.24133,1.22367,1.22367,1.22367,1.22367,1.22367,1.22367,1.22367,1.22367,1.22367,1.22367,1.22367,1.22367,1.22367,1.22367,1.22367,1.22367,1.22367,1.22367,1.22367,1.22367,1.22367,1.22367,1.22367,1.22367,1.22367,1.22367,2,0,0
0.886667,1.01967,1.197,0.9975,0.798,1.064,0.9975,1.07508,1.22471,1.41035,1.37018,1.46092,1.41763,1.50681,1.46274,1.48504,1.40752,1.30226,1.29396,1.28981,1.28774,1.37537,1.66302,1.40784,1.39109,1.38271,1.35636,1.38751,1.73559,1.44413,1.38706,1.1147,0.842333,1.10833,1.24133,1.33,1.33,1.35217,1.36325,1.36879,1.32723,1.30645,1.25172,1.31303,1.27718,1.32576,1.43871,1.42869,1.26851,1.09976,1.17054,1.22811,1.32339,1.34886,1.47243,1.75588,1.45427,1.4143,1.41649,1.39541,1.40704,1.67885,1.39359,1.71646,1.4124,1.39337,1.38385,1.35692,1.40996,1.63598,1.37216,1.32891,1.17429,1.25214,1.29107,1.31054,1.38677,1.69088,1.42178,1.75272,1.45269,1.39135,1.42717,1.37859,1.44296,1.71898,1.41366,1.394,1.53933,1.32383,1.34908,1.33954,1.40127,1.63164,1.34782,1.064,1.35353,1.35353,1.35353,1.35353,1.35353,1.35353,1.35353,1.35353,1.35353,1.35353,1.35353,1.35353,1.35353,1.35353,1.35353,1.35353,1.35353,1.35353,1.35353,1.35353,1.35353,1.35353,1.35353,1.35353,1.35353,1.35353,1.35353,1.35353,1.35353,1.35353,1.35353,1.35353,1.35353,1.35353,1.35353,1.35353,1.35353,0,0,0
1.37433,1.2635,1.29675,1.11387,1.06677,1.15405,1.19769,1.19735,1.30801,1.42984,1.29125,1.35496,1.12081,0.886667,1.08617,1.20808,1.18037,1.27735,1.43668,1.29467,1.401,1.166,1.0485,1.16708,1.09338,1.10085,1.23759,1.4168,1.28473,1.30737,1.40735,1.21351,1.09442,1.10138,1.14919,1.23959,1.46213,1.3074,1.36303,1.56818,1.36042,1.36738,1.37086,1.26176,1.27371,1.14669,1.12751,1.20659,1.20179,1.17723,1.25362,1.33614,1.2444,1.2872,1.35293,1.27497,1.32465,1.14999,1.107,1.2185,1.29642,1.24671,1.31052,1.38676,1.26971,1.38852,1.55876,1.37788,1.22094,1.1868,1.30274,1.3607,1.25668,1.29334,1.356,1.2765,1.68008,1.37204,1.32885,1.21859,1.18563,1.34648,1.07224,0.798,0.975333,1.17483,1.00858,0.842333,0.842333,1.21917,1.14158,1.19146,1.19423,1.17345,1.25172,1.31303,1.23285,1.61392,1.36113,1.34556,1.20478,1.17872,1.32086,1.463,1.24858,1.24858,1.24858,1.24858,1.24858,1.24858,1.24858,1.24858,1.24858,1.24858,1.24858,1.24858,1.24858,1.24858,1.24858,1.24858,1.24858,1.24858,1.24858,1.24858,1.24858,1.24858,1.24858,1.24858,1.24858,1.24858,1.24858,1.24858,1.24858,0,1,0
1.77333,1.90633,1.48517,1.25242,1.24687,1.1111,1.44222,1.29744,1.26939,1.12236,1.15968,1.46651,1.46475,1.35304,1.07552,0.798,1.01967,0.908833,0.798,1.08617,0.96425,0.842333,1.10833,0.9975,0.886667,1.41867,1.28567,1.30783,1.05292,0.798,1.064,0.953167,0.842333,1.35217,1.25242,1.33554,1.35494,1.5198,1.38057,1.48828,1.27614,1.70207,1.42737,1.46735,1.44301,1.60817,1.49125,1.25546,1.33706,1.0897,0.842333,0.9975,1.25242,1.29121,1.26627,1.0543,0.842333,1.28567,1.30783,1.31892,1.05846,0.798,1.197,1.24133,1.64033,1.35217,1.38542,1.13604,0.886667,1.44083,1.27458,1.23579,1.0169,0.798,1.41867,1.28567,1.30783,1.05292,0.798,1.08617,1.34108,1.33554,1.19977,1.13189,1.58561,1.3248,1.28307,1.08487,0.886667,1.064,0.9975,1.07508,1.62371,1.32169,1.52534,1.40551,1.70025,1.44863,1.41148,1.10474,0.798,1.15267,1.2256,1.2256,1.2256,1.2256,1.2256,1.2256,1.2256,1.2256,1.2256,1.2256,1.2256,1.2256,1.2256,1.2256,1.2256,1.2256,1.2256,1.2256,1.2256,1.2256,1.2256,1.2256,1.2256,1.2256,1.2256,1.2256,1.2256,1.2256,1.2256,1.2256,1.2256,2,2,0
0.975333,1.28567,1.35217,1.58492,1.36879,1.30506,1.09586,0.886667,1.197,0.9975,0.798,1.01967,1.01967,1.01967,1.15267,1.41867,1.729,1.50733,1.17483,0.842333,0.886667,0.842333,0.798,0.798,1.37433,1.24133,1.68467,1.3965,1.42975,1.11387,0.798,0.842333,0.886667,0.798,1.15267,1.197,1.01967,0.842333,0.886667,1.37433,1.2635,1.03075,0.798,0.798,0.953167,1.18592,1.70129,1.36048,1.69991,1.40412,1.52223,1.42611,1.33372,1.08803,0.842333,1.5295,1.29675,1.60154,1.3771,1.48655,1.36394,1.5243,1.40499,1.78866,1.42633,1.755,1.45383,1.54708,1.41637,1.57269,1.36268,1.61234,1.40467,1.6555,1.40408,1.65521,1.40394,1.65514,1.44823,1.56645,1.44823,1.43345,1.38172,1.48886,1.3651,1.39188,1.22794,1.0573,0.886667,1.04183,1.56275,1.37987,1.5101,1.44222,1.65211,1.42455,1.48811,1.55167,1.28519,1.28519,1.28519,1.28519,1.28519,1.28519,1.28519,1.28519,1.28519,1.28519,1.28519,1.28519,1.28519,1.28519,1.28519,1.28519,1.28519,1.28519,1.28519,1.28519,1.28519,1.28519,1.28519,1.28519,1.28519,1.28519,1.28519,1.28519,1.28519,1.28519,1.28519,1.28519,1.28519,1.28519,1.28519,2,0,0
1.24133,1.24133,1.33,1.3965,1.34108,1.51287,1.42144,1.17622,1.07578,1.15855,1.06694,0.976805,0.886667,1.30783,1.42975,1.42421,1.46577,1.59739,1.46369,1.55201,1.55184,1.46309,1.41871,1.35219,1.36326,1.2358,1.43807,1.29537,1.33485,1.46542,1.41988,1.41927,1.3968,1.40773,1.70137,1.38268,1.44501,1.54267,1.54717,1.50508,1.39538,1.45135,1.43501,1.44901,1.50034,1.4595,1.41692,1.48429,1.38498,1.44616,1.47674,1.40337,1.41102,1.52568,1.49434,1.523,1.44867,1.4115,1.39292,1.42796,1.44548,1.52074,1.51404,1.33335,1.37601,1.087,0.798,1.01967,0.908833,0.798,1.10833,1.33,1.28567,1.04183,0.798,1.37433,1.30783,1.34108,1.51287,1.46577,1.44222,1.45261,1.4578,1.48257,1.49495,1.47898,1.51532,1.44483,1.40958,1.41412,1.39423,1.42861,1.51231,1.42115,1.33,1.36565,1.36565,1.36565,1.36565,1.36565,1.36565,1.36565,1.36565,1.36565,1.36565,1.36565,1.36565,1.36565,1.36565,1.36565,1.36565,1.36565,1.36565,1.36565,1.36565,1.36565,1.36565,1.36565,1.36565,1.36565,1.36565,1.36565,1.36565,1.36565,1.36565,1.36565,1.36565,1.36565,1.36565,1.36565,1.36565,1.36565,1.36565,4,4,1
0.975333,1.35217,1.34108,1.18037,1.10002,1.25934,1.18384,1.12392,1.27129,1.16765,1.11582,1.26724,1.07696,0.886667,1.10833,1.1305,1.09725,1.28012,1.19423,1.15128,1.26281,1.0969,1.05829,1.19414,1.15124,1.10762,1.24098,1.21899,1.16366,1.31333,1.07783,0.842333,1.08617,1.05292,1.03629,1.18315,1.05707,1.10487,1.5721,1.36238,1.39053,1.1386,0.886667,1.1305,0.96425,0.798,1.1305,1.05292,1.05846,1.23856,1.17345,1.11872,1.29086,1.15526,1.10963,1.26415,1.49657,1.43545,1.18323,1.10145,1.28222,1.12878,1.09639,1.25753,1.18293,1.14563,1.30432,1.51666,1.82233,1.44316,1.43092,1.20312,1.13356,1.32045,1.08139,0.842333,1.17483,1.29675,1.40204,1.45469,1.52534,1.47201,1.44534,1.18817,1.10392,1.32779,1.48406,1.4957,1.50152,1.46009,1.59455,1.55094,1.4848,1.45173,1.54603,1.52668,1.18451,0.842333,1.10833,1.01967,1.04183,1.18592,1.12496,1.09448,1.25657,1.41867,1.22189,1.22189,1.22189,1.22189,1.22189,1.22189,1.22189,1.22189,1.22189,1.22189,1.22189,1.22189,1.22189,1.22189,1.22189,1.22189,1.22189,1.22189,1.22189,1.22189,1.22189,1.22189,1.22189,1.22189,1.22189,1.22189,1.22189,4,4,3
1.41867,1.33,1.55167,1.24133,1.7955,1.42975,1.40204,1.32169,1.21501,1.29467,1.11284,1.15492,1.15379,1.13106,1.1197,1.31352,1.27742,1.25938,1.11736,1.06851,1.28792,1.15379,1.0424,1.00887,0.925599,0.842333,0.842333,0.953167,1.00858,0.903292,0.798,0.886667,1.01967,1.10833,1.48517,1.49625,1.45746,1.1499,0.842333,1.35217,1.36325,1.25796,1.33831,1.15682,1.26558,1.31996,1.12548,1.22774,1.10154,1.01627,1.17313,1.07423,1.35728,1.34364,1.33682,1.33341,1.13221,1.2976,1.1143,1.11132,1.39799,1.31966,1.48,1.24983,1.02392,0.798,1.197,1.44083,1.40758,1.61262,1.27181,1.10141,1.3487,1.38368,1.37901,1.4875,1.58609,1.54671,1.43835,1.33984,1.29059,1.28813,1.13173,1.43037,1.35802,1.38834,1.1375,0.886667,1.24133,1.01967,0.798,0.842333,0.953167,1.51842,1.44637,1.41035,1.37018,1.57176,1.40654,1.61211,1.55972,1.50733,1.24215,1.24215,1.24215,1.24215,1.24215,1.24215,1.24215,1.24215,1.24215,1.24215,1.24215,1.24215,1.24215,1.24215,1.24215,1.24215,1.24215,1.24215,1.24215,1.24215,1.24215,1.24215,1.24215,1.24215,1.24215,1.24215,1.24215,1.24215,1.24215,1.24215,1.24215,2,1,0
1.10833,1.35217,1.34108,1.37987,1.66527,1.29814,1.6244,1.3442,1.29277,1.46655,1.53128,1.3863,1.33599,1.44383,1.43125,1.51362,1.39964,1.51999,1.69099,1.311,1.3205,1.34742,1.31654,1.41194,1.30447,1.1399,1.07978,1.49306,1.3672,1.5481,1.43905,1.31802,1.45701,1.39351,1.25092,1.29046,1.44323,1.14278,0.842333,0.9975,0.986417,0.936542,0.886667,0.842333,0.798,0.931,1.10833,1.33,1.48517,1.29675,1.33554,1.42144,1.10972,0.798,0.842333,0.842333,0.842333,0.886667,1.04183,1.20808,1.22471,1.36602,1.34801,1.51634,1.44534,1.12167,0.798,1.04183,0.919917,0.798,0.886667,0.886667,0.886667,1.10833,1.41867,1.41867,1.15267,0.886667,0.798,1.04183,1.25242,1.24687,1.28844,1.30922,1.34178,1.29155,1.42161,1.37581,1.50807,1.3747,1.28585,1.41876,1.37438,1.30786,1.36326,1.25796,1.22748,1.27874,1.26004,1.36152,1.32359,1.37113,1.41867,1.24266,1.24266,1.24266,1.24266,1.24266,1.24266,1.24266,1.24266,1.24266,1.24266,1.24266,1.24266,1.24266,1.24266,1.24266,1.24266,1.24266,1.24266,1.24266,1.24266,1.24266,1.24266,1.24266,1.24266,1.24266,1.24266,1.24266,1.24266,1.24266,1.24266,0,1,0
1.41867,1.44083,1.34108,1.44637,1.41035,1.43668,1.31684,1.32342,1.26021,1.27294,1.25714,1.31573,1.27853,1.37077,1.30605,1.29586,1.24643,1.24388,1.22044,1.27522,1.43561,1.24981,1.44507,1.25453,1.22577,1.25572,1.22636,1.23385,1.30409,1.27271,1.23486,1.34893,1.29513,1.4899,1.36562,1.41431,1.30565,1.20699,1.24633,1.37683,1.33125,1.48579,1.58523,1.34678,1.29406,1.31203,1.25451,1.33659,1.28896,1.35381,1.51924,1.33595,1.33298,1.33149,1.28641,1.37471,1.26369,1.45201,1.34667,1.44917,1.34525,1.38196,1.28948,1.37624,1.30879,1.38589,1.55745,1.33289,1.28711,1.39722,1.31928,1.32464,1.26082,1.29541,1.26837,1.34352,1.24809,1.24471,1.19869,1.35301,1.31934,1.369,1.283,1.41733,1.30717,1.51808,1.40188,1.4546,1.41447,1.3944,1.31787,1.43477,1.55972,1.35619,1.2766,1.3698,1.30557,1.36212,1.41867,1.34087,1.34087,1.34087,1.34087,1.34087,1.34087,1.34087,1.34087,1.34087,1.34087,1.34087,1.34087,1.34087,1.34087,1.34087,1.34087,1.34087,1.34087,1.34087,1.34087,1.34087,1.34087,1.34087,1.34087,1.34087,1.34087,1.34087,1.34087,1.34087,1.34087,1.34087,1.34087,1.34087,1.34087,10,4,7
1.33,1.50733,1.35217,1.49625,1.45746,1.4824,1.29536,1.44568,1.34351,1.24809,1.46638,1.44252,1.18676,1.10321,1.23877,1.30655,1.47344,1.37956,1.19961,1.35347,1.3639,1.41345,1.17223,1.14028,1.23514,1.1274,1.33953,1.20177,1.35455,1.43094,1.44697,1.49932,1.52549,1.36125,1.47862,1.51514,1.37824,1.48712,1.18689,0.886667,0.9975,1.03075,1.06954,1.62094,1.34247,1.77957,1.44395,1.65298,1.51365,1.53266,1.54216,1.63558,1.41629,1.39531,1.38482,1.33524,1.50996,1.61948,1.45257,1.45779,1.28306,1.3287,1.28501,1.28534,1.219,1.5405,1.43525,1.13879,0.842333,1.15267,1.28567,1.463,1.28567,1.30783,1.29675,1.33554,1.33277,1.24272,1.19769,1.50768,1.28584,1.48525,1.23029,1.34665,1.36049,1.63341,1.32654,1.5056,1.30697,1.49582,1.25774,1.2717,1.25652,1.24893,1.28946,1.44273,1.596,1.35559,1.35559,1.35559,1.35559,1.35559,1.35559,1.35559,1.35559,1.35559,1.35559,1.35559,1.35559,1.35559,1.35559,1.35559,1.35559,1.35559,1.35559,1.35559,1.35559,1.35559,1.35559,1.35559,1.35559,1.35559,1.35559,1.35559,1.35559,1.35559,1.35559,1.35559,1.35559,1.35559,1.35559,1.35559,1.35559,0,0,0
1.28567,1.197,1.2635,1.11942,0.980875,0.842333,1.08617,1.07508,0.936542,0.798,1.01967,0.908833,0.798,0.886667,0.842333,0.798,1.30783,1.11942,1.06954,1.1776,1.07647,1.4249,1.51045,1.42023,1.46378,1.41906,1.41886,1.5961,1.41872,1.64036,1.21918,0.798,0.886667,1.24133,1.17483,1.27458,1.61262,1.38265,1.09032,0.798,0.9975,1.16375,1.31337,1.21085,1.33693,1.20046,0.999232,0.798,1.08617,1.23025,1.16929,1.27181,1.03491,0.798,0.931,1.17483,1.47408,1.31337,1.38819,1.20393,1.1118,1.19873,1.33087,1.2861,1.30805,1.58502,1.39101,1.33834,1.26767,1.1215,1.22575,1.01188,0.798,0.9975,1.23025,1.01412,0.798,0.798,1.064,1.1305,1.05292,1.16929,1.36048,1.27874,1.32654,1.52777,1.38455,1.33511,1.28822,1.22044,1.27522,1.19178,1.08356,1.14028,1.27947,1.14957,1.01812,0.886667,1.10833,1.08617,1.07508,1.22471,1.16652,1.13743,1.27805,1.17102,1.064,1.16601,1.16601,1.16601,1.16601,1.16601,1.16601,1.16601,1.16601,1.16601,1.16601,1.16601,1.16601,1.16601,1.16601,1.16601,1.16601,1.16601,1.16601,1.16601,1.16601,1.16601,1.16601,1.16601,1.16601,1.16601,1.16601,0,0,0
1.197,0.842333,1.01967,1.04183,1.05292,1.12496,1.16098,1.11249,1.19908,1.02071,0.842333,0.9975,1.00858,1.12496,1.18315,0.990573,0.798,0.953167,0.986417,1.02521,1.02244,1.08755,1.05361,1.10314,1.08357,1.02945,1.13539,1.0332,1.1151,1.15605,1.17652,1.00943,0.842333,0.908833,1.05292,1.14712,1.12773,1.11803,1.17968,1.03317,0.886667,1.10833,0.953167,0.798,0.886667,0.842333,0.798,0.9975,1.25242,1.62371,1.47685,1.38126,1.48863,1.52015,1.53591,1.27779,1.21523,1.20611,1.26806,1.09953,0.993098,0.886667,0.9975,0.986417,1.09171,1.12219,1.07093,1.48863,1.38715,1.35857,1.18912,1.12656,1.16178,1.06856,0.999778,1.12056,1.13661,0.989472,0.842333,0.931,0.975333,1.10833,0.9975,0.886667,0.9975,1.00858,0.969792,1.19423,1.32861,1.55097,1.30749,1.42958,1.44629,1.34381,1.29257,1.37779,1.61989,1.27545,1.21406,1.20553,1.02393,0.842333,0.8645,0.886667,1.01967,1.10833,1.10833,1.21917,1.03075,0.842333,0.9975,0.986417,1.06954,1.15267,1.10828,1.10828,1.10828,1.10828,1.10828,1.10828,1.10828,1.10828,1.10828,1.10828,1.10828,1.10828,1.10828,1.10828,1.10828,1.10828,1.10828,1.10828,1.10828,2,0,0
1.862,1.88417,1.56275,1.37987,1.26627,1.1873,1.12565,1.20566,1.13483,1.12158,1.20362,1.22248,1.20974,1.2477,1.15585,1.10993,1.24213,1.2639,1.23045,1.16939,1.16103,1.17901,1.25451,1.20359,1.26679,1.20973,1.15903,1.24452,1.17642,1.09805,1.23619,1.10576,0.951881,0.798,0.8645,1.03075,1.02521,1.1776,1.29814,1.2254,1.2112,1.2041,1.00105,0.798,0.842333,1.08617,1.07508,1.11387,0.978104,0.842333,0.798,1.28567,1.1305,1.11942,1.06954,1.2441,1.08755,1.09794,1.01447,1.08357,0.962951,0.842333,0.798,1.064,1.01967,1.1305,1.18592,1.23579,1.2164,1.29536,1.31268,1.23267,1.37,1.57167,1.4065,1.32392,1.14963,1.32848,1.21841,1.2077,1.11368,1.28834,1.24267,1.19767,1.0865,1.27475,1.25804,1.36052,1.23443,1.26005,1.29502,1.22385,1.21042,1.11504,1.17819,1.20976,1.22555,1.25561,1.27064,1.32249,1.23758,1.26162,1.11848,1.04691,1.07762,1.09298,1.14499,1.34833,1.55167,1.18266,1.18266,1.18266,1.18266,1.18266,1.18266,1.18266,1.18266,1.18266,1.18266,1.18266,1.18266,1.18266,1.18266,1.18266,1.18266,1.18266,1.18266,1.18266,1.18266,1.18266,1.18266,1.18266,1.18266,8,2,3
1.463,1.48517,1.67358,1.47962,1.62648,1.38957,1.69229,1.46681,1.50924,1.24229,1.04231,0.842333,1.28567,1.37433,1.21917,1.07508,1.31337,1.23302,1.01551,0.798,0.931,1.04183,0.919917,0.798,1.15267,1.2635,1.27458,1.12496,1.51565,1.48932,1.47616,1.18141,0.886667,1.1305,1.25242,1.15821,1.33277,1.10972,0.886667,1.17483,1.00858,0.842333,0.820167,0.798,0.798,0.953167,1.16375,1.20254,1.39927,1.23164,1.10348,1.08374,1.33987,1.1576,1.0443,1.32015,1.23641,1.10587,1.28444,1.32938,1.15236,1.26335,1.23017,1.08059,0.983627,0.886667,0.886667,0.886667,0.842333,0.798,0.842333,0.908833,1.20808,1.35771,1.12219,0.886667,0.931,1.08617,0.942083,0.798,1.04183,1.23025,1.14712,1.26073,1.42836,1.55652,1.50976,1.35338,1.12002,0.886667,0.886667,1.2635,1.40758,1.16929,1.07231,1.02382,1.24341,1.10937,1.46352,1.26376,1.58505,1.45752,1.65976,1.56138,1.463,1.17913,1.17913,1.17913,1.17913,1.17913,1.17913,1.17913,1.17913,1.17913,1.17913,1.17913,1.17913,1.17913,1.17913,1.17913,1.17913,1.17913,1.17913,1.17913,1.17913,1.17913,1.17913,1.17913,1.17913,1.17913,1.17913,1.17913,1.17913,10,2,0
1.10833,1.1305,1.54058,1.34662,1.29398,1.17899,1.16583,1.22575,1.16704,1.18202,1.25601,1.18217,1.16742,1.24871,1.06769,0.886667,1.08617,1.00858,1.05846,1.19423,1.19561,1.19631,1.21882,1.20791,1.22462,1.25514,1.13741,1.12287,1.20427,1.0898,1.12123,1.22562,1.18914,1.1709,1.25045,1.24589,1.22145,1.27572,1.10336,1.06151,1.17359,1.09663,1.14681,1.17191,1.14012,1.16856,1.22711,1.23422,1.19345,1.26172,1.22936,1.21318,1.24942,1.06805,0.886667,1.08617,1.03075,1.09171,1.21085,1.13743,1.16721,1.22644,1.16739,1.18219,1.2561,1.09355,1.14527,1.1933,1.06215,1.12958,1.18545,1.16906,1.18303,1.23435,1.08267,1.11767,1.1795,1.16608,1.15938,1.22252,1.25409,1.22555,1.27777,1.23739,1.21719,1.25143,1.06905,0.886667,1.08617,1.00858,1.10279,1.2164,1.1402,1.14643,1.19388,1.52794,1.42897,1.17999,1.16633,1.226,1.012,0.798,1.01967,0.9975,1.07508,1.20254,1.08894,1.1208,1.20323,1.13362,1.14314,1.15267,1.16379,1.16379,1.16379,1.16379,1.16379,1.16379,1.16379,1.16379,1.16379,1.16379,1.16379,1.16379,1.16379,1.16379,1.16379,1.16379,1.16379,1.16379,1.16379,1.16379,1.16379,8,2,0
0.886667,1.24133,1.197,1.3965,1.34108,1.37987,1.33277,1.39789,1.25311,1.26939,1.25536,1.33701,1.28917,1.26525,1.20896,1.00348,0.798,0.886667,0.842333,0.908833,1.23025,1.10279,1.30506,1.11803,1.35702,1.14401,1.32567,1.10617,0.886667,1.064,1.2635,1.25242,1.26904,1.25519,1.29259,1.22263,1.27632,1.19232,1.28333,1.24016,1.24075,1.26321,1.5626,1.49064,1.21082,1.22608,1.18937,1.23752,1.19509,1.32905,1.17436,1.25218,1.18026,1.16646,1.24823,1.42212,1.26522,1.38628,1.42464,1.53249,1.27608,1.23654,1.30544,1.36205,1.16869,1.33801,1.20101,1.15467,1.22017,1.29725,1.15846,1.28856,1.15411,1.21989,1.16411,1.22489,1.12228,1.22614,1.07857,1.20428,1.11198,1.28749,1.19791,1.37479,1.21939,1.6072,1.51293,1.3328,1.37573,1.1977,1.33035,1.17501,1.40767,1.30234,1.427,1.26767,1.321,1.21467,1.27233,1.16817,1.20475,1.20088,1.30977,1.23122,1.15267,1.24076,1.24076,1.24076,1.24076,1.24076,1.24076,1.24076,1.24076,1.24076,1.24076,1.24076,1.24076,1.24076,1.24076,1.24076,1.24076,1.24076,1.24076,1.24076,1.24076,1.24076,1.24076,1.24076,1.24076,1.24076,1.24076,1.24076,1.24076,10,5,4
1.596,1.68467,1.596,1.55167,1.28567,1.15267,1.33,1.08617,0.842333,1.44083,1.27458,1.32446,1.1499,1.10695,1.63964,1.39615,1.47391,1.33546,1.70956,1.43111,1.46922,1.22228,1.09881,1.2809,1.52712,1.67239,1.54553,1.52643,1.27305,1.12419,1.38226,1.48913,1.56473,1.5582,1.5106,1.19863,0.886667,0.908833,0.919917,1.23579,1.43806,1.45053,1.3681,1.32688,1.59444,1.44005,1.58453,1.5016,1.43797,1.42832,1.42349,1.35458,1.29796,1.18098,1.38849,1.35924,1.58846,1.43706,1.51653,1.4676,1.9308,1.47523,1.46912,1.15572,0.842333,1.10833,0.975333,0.842333,1.10833,1.08617,1.09725,1.63479,1.43806,1.11803,0.798,0.886667,1.28567,1.33,1.55167,1.48517,1.45192,1.19146,1.1499,1.28428,1.12981,1.0969,1.27995,1.26064,1.49482,1.41241,1.41554,1.2841,1.19622,1.32961,1.15247,1.1304,1.20803,1.28567,1.32409,1.32409,1.32409,1.32409,1.32409,1.32409,1.32409,1.32409,1.32409,1.32409,1.32409,1.32409,1.32409,1.32409,1.32409,1.32409,1.32409,1.32409,1.32409,1.32409,1.32409,1.32409,1.32409,1.32409,1.32409,1.32409,1.32409,1.32409,1.32409,1.32409,1.32409,1.32409,1.32409,1.32409,1.32409,4,2,0
1.463,1.1305,0.798,1.21917,1.23025,1.39096,1.49348,1.36741,1.10487,0.842333,0.886667,0.953167,1.11942,1.33554,1.53227,1.34247,1.4914,1.69887,1.62527,1.58847,1.37057,1.52762,1.36231,1.34615,1.42674,1.26754,1.12144,1.02622,1.20028,1.1543,1.26432,1.27499,1.39116,1.24975,1.48937,1.32102,1.48068,1.36101,1.279,1.371,1.37267,1.35133,1.3185,1.39075,1.16088,0.979438,0.798,1.08617,1.27458,1.30229,1.44915,1.41174,1.45954,1.41693,1.37347,1.26307,1.09703,0.99185,0.886667,0.798,0.842333,1.1305,1.20808,1.11387,1.5101,1.42005,1.19769,1.33035,1.13067,0.964337,0.798,0.798,1.10833,1.24133,1.44083,1.29675,1.22471,1.03352,0.842333,0.886667,1.064,1.1305,1.31892,1.19146,1.0169,0.842333,0.842333,0.842333,0.842333,1.08617,1.29675,1.11387,1.26627,1.14297,1.28082,1.15024,1.19579,1.35156,1.34078,1.29106,1.31053,1.20943,1.11455,1.20011,1.28567,1.21264,1.21264,1.21264,1.21264,1.21264,1.21264,1.21264,1.21264,1.21264,1.21264,1.21264,1.21264,1.21264,1.21264,1.21264,1.21264,1.21264,1.21264,1.21264,1.21264,1.21264,1.21264,1.21264,1.21264,1.21264,1.21264,1.21264,1.21264,8,1,0
0.798,0.886667,1.15267,0.9975,0.842333,1.197,0.9975,0.798,1.10833,1.21917,1.20808,1.33554,1.46577,1.28705,1.41936,1.15301,0.886667,1.064,0.931,0.798,1.1305,1.11942,1.09171,1.41035,1.25934,1.20601,1.31234,1.18817,1.17042,1.36104,1.12385,0.886667,1.17483,1.20808,1.22471,1.36602,1.34801,1.31684,1.45642,1.21588,1.0956,1.36797,1.08298,0.798,1.17483,1.23025,1.25796,1.75948,1.56691,1.47062,1.24514,1.1989,1.33095,1.35264,1.23049,1.39108,1.51571,1.33419,1.42076,1.50838,1.33052,1.37459,1.4853,1.25248,1.35774,1.49904,1.34802,1.42768,1.15717,0.886667,0.842333,0.975333,1.197,0.9975,0.798,0.953167,0.96425,0.969792,0.972562,0.885281,0.798,0.842333,0.886667,1.10833,0.975333,0.842333,1.21917,1.03075,0.842333,1.15267,1.01967,0.886667,1.21917,1.20808,1.49071,1.54335,1.30368,1.09517,0.886667,1.17483,1.45192,1.59046,1.59323,1.61678,1.38472,1.15267,1.18339,1.18339,1.18339,1.18339,1.18339,1.18339,1.18339,1.18339,1.18339,1.18339,1.18339,1.18339,1.18339,1.18339,1.18339,1.18339,1.18339,1.18339,1.18339,1.18339,1.18339,1.18339,1.18339,1.18339,1.18339,1.18339,1.18339,0,0,0
0.886667,1.08617,1.16375,1.11387,1.0446,1.5863,1.45815,1.41624,1.35095,1.14098,1.32416,1.23841,1.04037,0.842333,1.17483,1.20808,1.15821,1.15544,0.998885,0.842333,1.04183,1.18592,1.25796,1.09448,0.968406,0.842333,1.1305,1.42975,1.49071,1.45469,1.34801,1.11734,0.886667,0.8645,0.842333,1.10833,1.1305,1.00858,0.886667,0.886667,0.886667,0.886667,0.798,0.798,0.886667,1.197,1.197,1.01967,0.842333,0.975333,1.04183,1.29675,1.49071,1.43252,1.27043,1.14505,1.30402,1.20618,1.13509,1.65371,1.44752,1.16709,0.886667,0.842333,1.24133,1.48517,1.40758,1.16929,1.24965,1.02382,0.798,0.798,0.842333,0.842333,0.842333,1.1305,1.16375,1.13604,0.989187,0.842333,1.197,0.9975,0.798,0.798,1.15267,1.01967,0.886667,1.21917,1.11942,1.04737,1.29952,1.24826,1.08963,0.943815,0.798,0.886667,0.842333,0.798,0.931,1.064,1.24133,1.1305,1.00858,0.886667,0.8645,0.842333,1.15267,1.1305,1.09725,1.21362,1.33,1.09018,1.09018,1.09018,1.09018,1.09018,1.09018,1.09018,1.09018,1.09018,1.09018,1.09018,1.09018,1.09018,1.09018,1.09018,1.09018,1.09018,1.09018,1.09018,1.09018,1.09018,1.09018,4,2,3
0.975333,1.24133,1.33,1.3965,1.45192,1.52396,1.60431,1.53366,1.25449,1.18141,1.32221,1.23744,1.17289,1.42878,1.46805,1.46553,1.48643,1.51905,1.38019,1.44376,1.32038,1.48036,1.31651,1.43409,1.38204,1.51119,1.37626,1.39746,1.27507,1.34687,1.07243,0.798,1.48517,1.31892,1.41312,1.57106,1.51703,1.15752,0.798,1.10833,1.50733,1.48517,1.14158,0.798,1.24133,1.35217,1.42975,1.40204,1.43252,1.44776,1.49971,1.48136,1.53868,1.52301,1.5595,1.53342,1.49821,1.36977,1.48289,1.36211,1.41255,1.32694,1.39497,1.34032,1.46816,1.31041,1.29804,1.31402,1.38851,1.38142,1.46654,1.37611,1.53039,1.43019,1.55743,1.55455,1.53094,1.69647,1.6019,1.57678,1.56423,1.49145,1.56589,1.49228,1.54414,1.37057,1.43895,1.36231,1.45699,1.34916,1.38391,1.26829,1.15267,1.38689,1.38689,1.38689,1.38689,1.38689,1.38689,1.38689,1.38689,1.38689,1.38689,1.38689,1.38689,1.38689,1.38689,1.38689,1.38689,1.38689,1.38689,1.38689,1.38689,1.38689,1.38689,1.38689,1.38689,1.38689,1.38689,1.38689,1.38689,1.38689,1.38689,1.38689,1.38689,1.38689,1.38689,1.38689,1.38689,1.38689,1.38689,1.38689,1.38689,4,1,1
1.15267,1.01967,0.886667,1.28567,1.28567,1.04183,0.798,1.01967,1.35217,1.29675,1.42421,1.33277,1.06539,0.798,0.842333,0.820167,0.798,0.975333,0.953167,1.00858,1.12496,0.961479,0.798,1.01967,1.35217,1.27458,1.47962,1.36048,1.07924,0.798,1.01967,1.28567,1.24133,1.197,1.10833,1.17483,1.07508,1.06954,1.13327,1.4533,1.70198,1.36083,1.36758,1.12712,0.886667,1.064,1.01967,1.064,1.15267,1.064,1.08617,1.11942,0.958708,0.798,1.197,1.064,1.1305,0.96425,0.798,1.04183,0.96425,0.886667,0.886667,0.842333,0.798,0.9975,1.25242,1.24687,1.39927,1.3203,1.52465,1.40516,1.45625,1.32662,1.52781,1.38457,1.15779,1.06656,1.15395,0.975973,0.798,1.01967,0.9975,1.00858,1.16929,1.42698,1.33416,1.06608,0.798,1.01967,0.908833,0.798,0.9975,0.942083,0.886667,0.9975,0.919917,0.842333,1.064,1.35217,1.29675,1.20254,1.2441,1.48655,1.34178,1.06989,0.798,1.15267,1.35217,1.27458,1.45746,1.64033,1.11935,1.11935,1.11935,1.11935,1.11935,1.11935,1.11935,1.11935,1.11935,1.11935,1.11935,1.11935,1.11935,1.11935,1.11935,1.11935,1.11935,1.11935,1.11935,1.11935,1.11935,2,1,0
1.37433,1.37433,1.1305,0.886667,1.01967,1.1305,1.18592,1.39096,1.27181,1.41174,1.3487,1.36152,1.39009,1.53738,1.41152,1.43726,1.42796,1.44548,1.32124,1.36995,1.28348,1.30674,1.07454,0.842333,1.01967,1.21917,1.27458,1.30229,1.33831,1.42282,1.33208,1.41971,1.33052,1.39676,1.34121,1.33561,1.37714,1.42007,1.2642,1.34143,1.33572,1.37719,1.39793,1.45263,1.34698,1.42716,1.35641,1.45404,1.30335,1.31668,1.279,1.28234,1.30617,1.27375,1.27971,1.37135,1.26201,1.31817,1.25759,1.29379,1.28973,1.37636,1.17585,1.03126,0.886667,1.1305,1.18592,1.25796,1.16098,1.26766,1.21016,1.31441,1.18921,1.28177,1.30589,1.38444,1.31289,1.34361,1.27031,1.34449,1.22641,1.25604,1.22652,1.30043,1.20438,1.31152,1.23209,1.30321,1.27227,1.3233,1.26015,1.29508,1.22387,1.25477,1.20372,1.22253,1.29843,1.33638,1.28886,1.30943,1.33,1.28675,1.28675,1.28675,1.28675,1.28675,1.28675,1.28675,1.28675,1.28675,1.28675,1.28675,1.28675,1.28675,1.28675,1.28675,1.28675,1.28675,1.28675,1.28675,1.28675,1.28675,1.28675,1.28675,1.28675,1.28675,1.28675,1.28675,1.28675,1.28675,1.28675,1.28675,1.28675,4,1,2
1.01967,0.975333,1.064,1.064,1.15267,1.064,1.1305,1.05292,1.12496,1.05015,1.12357,1.09379,1.12323,1.09361,1.14531,1.06032,1.12866,1.052,1.14666,1.061,1.129,1.07433,1.15783,1.08875,1.14287,1.0591,1.12805,1.05169,1.12435,1.04984,1.10125,1.06046,1.0844,1.0077,1.12452,1.04992,1.14563,1.06048,1.12874,1.05204,1.12452,1.07209,1.13455,1.05494,1.14814,1.0839,1.14045,1.08006,1.13853,1.05693,1.1048,1.04007,1.11853,1.02477,1.08872,1.03202,1.11451,1.04492,1.12096,1.07031,1.13366,1.07666,1.11466,1.06717,1.13208,1.05371,1.12535,1.05034,1.14584,1.06059,1.15096,1.06315,1.13007,1.0527,1.10268,1.03901,1.14017,1.05775,1.14954,1.06244,1.15189,1.06361,1.15247,1.0639,1.15262,1.04181,1.1194,1.06954,1.13327,1.0543,1.14782,1.06158,1.12929,1.05231,1.14682,1.06108,1.10687,1.0411,1.11905,1.04719,1.1221,1.04871,1.12286,1.02693,1.0898,1.0104,1.1037,0.995183,0.886667,0.908833,1.20808,1.18037,1.01135,0.842333,0.886667,0.9975,0.986417,1.06954,1.00027,1.1208,1.24133,1.08285,1.08285,1.08285,1.08285,1.08285,1.08285,1.08285,1.08285,1.08285,1.08285,1.08285,1.08285,2,0,0
0.798,1.08617,1.23025,1.16929,0.983646,0.798,1.10833,0.953167,0.798,1.064,0.975333,0.886667,1.15267,1.41867,1.463,1.57383,1.89525,1.45746,1.4824,1.51703,1.46785,1.39892,1.71913,1.61323,1.44945,1.45622,1.28228,1.39481,1.3624,1.4127,1.41568,1.68318,1.39575,1.73971,1.40186,1.43243,1.46988,1.73244,1.39822,1.71878,1.39139,1.44936,1.45618,1.45959,1.35046,1.38456,1.35728,1.41014,1.39224,1.67145,1.36773,1.41536,1.43918,1.42892,1.4238,1.6429,1.37562,1.08681,0.798,0.931,1.17483,1.29675,1.31337,1.41035,1.39234,1.29467,1.04634,0.798,0.953167,1.18592,1.34662,1.36048,1.43391,1.42629,1.53331,1.49815,1.54708,1.74887,1.40644,1.39038,1.42669,1.44485,1.43176,1.44738,1.45519,1.14876,0.842333,0.953167,1.18592,1.28012,1.3494,1.29536,1.42352,1.37676,1.35338,1.33,1.33635,1.33635,1.33635,1.33635,1.33635,1.33635,1.33635,1.33635,1.33635,1.33635,1.33635,1.33635,1.33635,1.33635,1.33635,1.33635,1.33635,1.33635,1.33635,1.33635,1.33635,1.33635,1.33635,1.33635,1.33635,1.33635,1.33635,1.33635,1.33635,1.33635,1.33635,1.33635,1.33635,1.33635,1.33635,1.33635,1.33635,18,14,9
1.95067,1.463,1.1305,0.798,1.24133,1.33,1.463,1.463,1.75117,1.47408,1.55721,1.5101,1.53089,1.49694,1.87897,1.44932,1.45616,1.14925,0.842333,1.21917,1.38542,1.51287,1.48794,1.5198,1.38057,1.39962,1.09881,0.798,1.15267,1.33,1.44083,1.45192,1.65696,1.51565,1.62232,1.52049,1.49175,1.45521,1.48127,1.5608,1.86657,1.48745,1.49739,1.50236,1.52701,1.49501,1.16867,0.842333,0.9975,1.58492,1.39096,1.49348,1.47824,1.49279,1.52223,1.84728,1.47781,1.18224,0.886667,0.886667,1.21917,1.18592,1.39096,1.27181,1.65557,1.40412,1.81039,1.45936,1.50551,1.52859,1.51796,1.55698,1.50999,1.154,0.798,1.15267,0.975333,0.798,1.197,1.33,1.463,1.48517,1.80658,1.45746,1.57106,1.5392,1.6341,1.48205,1.62769,1.47885,1.33,1.39936,1.39936,1.39936,1.39936,1.39936,1.39936,1.39936,1.39936,1.39936,1.39936,1.39936,1.39936,1.39936,1.39936,1.39936,1.39936,1.39936,1.39936,1.39936,1.39936,1.39936,1.39936,1.39936,1.39936,1.39936,1.39936,1.39936,1.39936,1.39936,1.39936,1.39936,1.39936,1.39936,1.39936,1.39936,1.39936,1.39936,1.39936,1.39936,1.39936,1.39936,1.39936,4,4,0
0.931,0.9975,1.11942,0.980875,0.842333,0.886667,1.28567,1.6625,1.38542,1.42421,1.4436,1.4533,1.50248,1.46058,1.17362,0.886667,1.1305,1.07508,1.06954,1.28844,1.46439,1.37503,1.10868,0.842333,1.064,1.01967,1.064,1.15267,1.01967,0.886667,1.064,0.953167,0.842333,1.08617,0.942083,0.798,1.08617,1.18592,1.30229,1.47131,1.40066,1.14366,0.886667,1.08617,1.05292,1.10279,1.32723,1.39511,1.38472,1.15786,1.11093,1.22047,1.12007,1.1142,1.24427,1.3758,1.2864,1.3082,1.23043,1.16938,1.27186,1.03493,0.798,1.04183,1.07508,1.09171,1.23302,1.08201,1.07301,1.17934,1.299,1.248,1.289,1.28733,1.22,1.25283,1.15842,1.13338,1.20952,1.29193,1.24446,1.1099,1.15345,1.19739,1.30803,1.16385,1.11392,1.1998,1.22056,1.18662,1.28047,1.2609,1.18462,1.25731,1.29365,1.24533,1.28766,1.10933,1.10883,1.19725,1.26362,1.20815,1.31341,1.1887,1.14852,1.23926,1.1073,0.974815,0.842333,1.16996,1.16996,1.16996,1.16996,1.16996,1.16996,1.16996,1.16996,1.16996,1.16996,1.16996,1.16996,1.16996,1.16996,1.16996,1.16996,1.16996,1.16996,1.16996,1.16996,1.16996,1.16996,1.16996,1.16996,0,0,0
0.842333,1.21917,1.27458,1.08062,0.886667,0.842333,0.842333,0.842333,0.798,1.064,0.931,0.798,1.15267,1.08617,0.942083,0.798,0.886667,1.17483,0.986417,0.798,0.798,0.798,0.798,1.197,1.04183,0.886667,0.798,0.798,0.798,0.842333,1.33,1.37433,1.2635,1.31892,1.08062,0.842333,0.886667,0.975333,0.908833,0.842333,1.1305,1.03075,0.936542,0.842333,0.798,0.842333,0.886667,0.886667,0.953167,0.942083,1.15821,0.978104,0.798,1.15267,1.30783,1.34108,1.06954,0.798,0.842333,1.28567,1.2635,1.11942,1.15821,1.2441,1.35355,1.12011,0.886667,0.886667,0.886667,1.15267,1.04183,0.986417,1.15821,1.08894,1.14297,1.21432,1.02833,0.842333,0.842333,0.842333,0.842333,0.842333,0.842333,0.8645,0.886667,0.842333,1.17483,1.18592,0.991958,0.798,1.197,1.064,1.04183,0.942083,0.842333,1.1305,0.96425,0.798,0.798,0.798,1.15267,1.10833,0.9975,0.886667,1.15267,1.064,1.24133,1.064,0.886667,1.08617,1.09725,1.10279,1.23856,1.19561,1.12981,1.25207,1.2467,1.11102,0.975333,1.00757,1.00757,1.00757,1.00757,1.00757,1.00757,1.00757,1.00757,1.00757,1.00757,1.00757,1.00757,1.00757,1.00757,4,0,1
1.15267,0.798,1.064,1.04183,0.919917,0.798,0.820167,0.842333,0.798,0.842333,0.886667,1.08617,1.05292,0.925458,0.798,0.820167,0.842333,0.975333,0.886667,0.798,0.9975,0.942083,0.886667,1.064,0.975333,0.886667,0.842333,0.842333,0.842333,0.908833,0.875583,0.842333,0.842333,1.17483,1.34108,1.18037,1.03352,0.886667,0.975333,0.908833,0.842333,1.28567,1.24133,1.463,1.28567,1.44083,1.40758,1.10279,0.798,0.8645,0.875583,0.886667,0.953167,1.27458,1.23579,1.37156,1.35078,1.27389,1.08028,0.886667,1.1305,1.11942,1.02521,0.933771,0.842333,0.9975,0.942083,0.886667,0.953167,0.986417,1.09171,1.07785,1.04876,1.05638,0.971523,0.886667,0.886667,0.886667,0.886667,0.798,1.197,1.30783,1.07508,0.842333,1.08617,1.00858,1.12496,1.07231,0.935156,0.798,0.975333,0.908833,0.842333,1.04183,1.05292,1.05846,1.06123,1.32861,1.08547,0.842333,0.842333,1.08617,1.03075,0.936542,0.842333,1.04183,0.986417,1.15821,1.35494,1.29814,1.44707,1.4107,1.32602,1.08418,0.842333,1.17483,0.986417,0.798,1.01711,1.01711,1.01711,1.01711,1.01711,1.01711,1.01711,1.01711,1.01711,1.01711,1.01711,1.01711,1.01711,1.01711,1.01711,0,0,0
1.41867,0.798,0.798,1.10833,1.064,0.931,0.798,0.798,1.064,0.931,0.798,0.798,0.908833,0.942083,1.26904,1.27735,1.05984,0.842333,1.17483,1.18592,1.36879,1.4824,1.42836,1.17968,1.03317,0.886667,0.886667,0.798,0.842333,0.842333,0.798,0.820167,0.842333,0.842333,0.798,1.064,1.30783,1.40758,1.47962,1.49348,1.45607,1.26004,1.05118,0.842333,0.842333,0.842333,0.931,0.9975,0.89775,0.798,0.798,0.886667,1.197,1.2635,1.23025,1.39096,1.44915,1.41174,1.17137,1.16202,1.13518,1.23259,1.05963,0.886667,0.798,0.975333,1.197,1.2635,1.23025,1.36879,1.19423,1.08478,1.05222,1.34628,1.07214,0.798,1.04183,1.00858,0.925458,0.842333,0.8645,0.886667,0.886667,1.10833,1.17483,1.38542,1.11387,0.842333,1.01967,0.953167,0.886667,1.01967,1.1305,0.96425,0.798,0.798,1.17483,1.29675,1.44637,1.32169,1.39234,1.09517,0.798,0.975333,0.931,0.886667,0.842333,0.842333,0.842333,0.8645,0.886667,1.10833,1.15267,0.9975,0.842333,0.842333,1.28567,1.04801,1.04801,1.04801,1.04801,1.04801,1.04801,1.04801,1.04801,1.04801,1.04801,1.04801,1.04801,1.04801,1.04801,1.04801,1.04801,2,0,0
0.931,0.908833,0.886667,0.798,0.886667,0.886667,0.953167,1.07508,1.29121,1.0446,0.798,1.17483,1.03075,0.886667,0.842333,0.798,0.975333,1.04183,0.942083,0.842333,0.953167,0.919917,0.886667,1.10833,0.953167,0.798,0.798,0.798,1.17483,1.31892,1.05846,0.798,1.10833,1.1305,1.27458,1.05846,0.842333,1.08617,0.942083,0.798,1.1305,0.96425,0.798,0.842333,0.886667,0.798,0.798,0.798,0.886667,0.842333,0.798,0.842333,1.197,1.064,0.931,0.798,0.886667,1.10833,1.24133,1.3965,1.47408,1.15821,0.842333,0.886667,0.931,0.931,1.21917,1.14158,0.991958,0.842333,0.798,1.08617,1.31892,1.10279,0.886667,0.886667,0.931,1.15267,1.30783,1.47408,1.44637,1.29952,1.09309,0.886667,1.10833,1.10833,1.01967,1.15267,1.15267,0.975333,0.798,0.820167,0.842333,0.842333,1.15267,1.01967,0.886667,0.886667,0.886667,0.842333,1.04183,0.96425,0.886667,1.10833,1.48517,1.31892,1.08062,0.842333,0.842333,0.842333,0.953167,1.14158,1.01412,0.886667,1.15267,1.3965,1.45192,1.50733,1.01108,1.01108,1.01108,1.01108,1.01108,1.01108,1.01108,1.01108,1.01108,1.01108,1.01108,1.01108,1.01108,1.01108,1.01108,2,1,0
0.886667,1.10833,1.3965,1.36325,1.41312,1.10556,0.798,0.842333,1.21917,1.38542,1.49071,1.14435,0.798,0.842333,1.21917,1.31892,1.21362,1.33831,1.06816,0.798,1.08617,1.03075,1.02521,1.2441,1.55305,1.46369,1.55201,1.44101,1.47417,1.49075,1.49904,1.52535,1.53851,1.45642,1.23804,1.12886,1.27376,1.43488,1.42677,1.46705,1.48719,1.49726,1.4358,1.60457,1.48945,1.21022,1.07061,0.956473,0.842333,0.798,1.21917,1.23025,1.34662,1.38265,1.42282,1.44291,1.51946,1.29173,1.3552,1.49777,1.52472,1.40519,1.41193,1.4153,1.52782,1.42891,1.51245,1.48773,1.49753,1.43593,1.3608,1.45623,1.48178,1.45022,1.45661,1.45981,1.50574,1.44003,1.45152,1.36859,1.43796,1.36181,1.43457,1.44879,1.16773,0.886667,1.08617,1.27458,1.39096,1.40481,1.38957,1.44845,1.43356,1.44828,1.30047,1.38174,1.463,1.31998,1.31998,1.31998,1.31998,1.31998,1.31998,1.31998,1.31998,1.31998,1.31998,1.31998,1.31998,1.31998,1.31998,1.31998,1.31998,1.31998,1.31998,1.31998,1.31998,1.31998,1.31998,1.31998,1.31998,1.31998,1.31998,1.31998,1.31998,1.31998,1.31998,1.31998,1.31998,1.31998,1.31998,1.31998,1.31998,24,11,14
1.10833,0.798,1.17483,1.36325,1.14712,1.10556,1.26211,1.22956,1.19111,1.39356,1.18444,1.12422,1.27144,1.03472,0.798,0.798,1.17483,1.31892,1.16929,1.33831,1.24549,1.28774,1.46404,1.21969,1.11968,1.3135,1.10009,0.886667,1.21917,1.05292,0.886667,1.15267,0.975333,0.798,0.820167,0.842333,0.8645,0.886667,1.01967,1.21917,1.45192,1.45746,1.23856,1.37295,1.28497,1.15232,1.39633,1.23016,1.01408,0.798,0.975333,1.28567,1.3965,1.38542,1.31337,1.43252,1.20393,1.08963,0.965982,0.842333,0.953167,1.23025,1.39096,1.44915,1.12357,0.798,1.10833,1.21917,1.16375,1.26904,1.21085,1.13743,1.32238,1.32619,1.30593,1.3623,1.16882,1.18291,1.03479,0.886667,0.798,0.9975,1.25242,1.13604,0.989187,0.842333,0.842333,0.842333,0.842333,1.01967,1.24133,1.17483,1.11942,1.40204,1.45469,1.41451,1.57176,1.53954,1.25744,1.29372,1.37836,1.08818,0.798,0.842333,1.197,1.21917,1.09725,1.36879,1.64033,1.15552,1.15552,1.15552,1.15552,1.15552,1.15552,1.15552,1.15552,1.15552,1.15552,1.15552,1.15552,1.15552,1.15552,1.15552,1.15552,1.15552,1.15552,1.15552,1.15552,1.15552,1.15552,1.15552,1.15552,6,3,3
1.15267,1.10833,1.17483,1.11942,1.73454,1.4436,1.1208,0.798,0.886667,1.04183,0.919917,0.798,1.01967,1.3965,1.29675,1.49071,1.54335,1.48101,1.40551,1.45642,1.39321,1.58327,1.4788,1.18273,0.886667,0.975333,0.908833,0.842333,0.9975,1.38542,1.37987,1.5101,1.37572,1.17553,1.14193,1.23596,1.03915,0.842333,1.08617,1.49625,1.34662,1.53781,1.34524,1.53712,1.41139,1.5037,1.41685,1.55076,1.48471,1.47386,1.55709,1.46571,1.35352,1.1866,1.0588,1.21657,1.36195,1.30164,1.55965,1.42266,1.62016,1.63025,1.59096,1.28315,1.24007,1.2407,1.24102,1.17468,1.11934,1.24684,1.13325,1.09863,1.12565,1.51599,1.42299,1.177,1.07617,1.13658,1.49929,1.50331,1.57182,1.84991,1.54562,1.39348,1.11791,0.842333,0.908833,1.09725,1.12496,1.24965,1.11249,1.06608,1.33104,1.28619,1.26376,1.56288,1.69027,1.42147,1.37573,1.10903,0.842333,1.27957,1.27957,1.27957,1.27957,1.27957,1.27957,1.27957,1.27957,1.27957,1.27957,1.27957,1.27957,1.27957,1.27957,1.27957,1.27957,1.27957,1.27957,1.27957,1.27957,1.27957,1.27957,1.27957,1.27957,1.27957,1.27957,1.27957,1.27957,1.27957,1.27957,1.27957,1.27957,16,6,6
0.931,1.04183,0.986417,1.29121,1.13327,1.03214,1.0259,1.02278,1.06556,1.06478,1.06439,1.17503,1.18601,1.12501,1.00584,0.886667,0.953167,0.919917,0.886667,0.908833,0.986417,1.15821,0.978104,0.798,0.9975,1.05292,0.947625,0.842333,0.908833,1.07508,1.11387,1.02244,1.08755,0.987109,0.886667,1.08617,1.18592,1.12496,1.07231,1.09032,0.944161,0.798,1.17483,0.986417,0.798,0.886667,0.908833,1.11942,1.26904,1.41035,1.48101,1.49417,1.32342,1.19371,1.08452,1.16293,1.13563,0.966815,0.798,0.886667,0.842333,0.798,0.886667,0.953167,0.96425,0.947625,1.11665,1.28982,1.06608,0.842333,0.842333,0.8645,0.886667,0.798,0.820167,0.842333,0.908833,0.919917,1.05846,1.10556,1.08478,0.963557,0.842333,1.064,0.975333,0.886667,1.21917,1.14158,1.01412,0.886667,1.15267,0.975333,0.798,1.10833,1.41867,1.41867,1.5295,1.62925,1.28012,1.32723,1.50595,1.30714,1.07474,0.842333,0.8645,0.886667,1.04183,1.11942,1.26904,1.18869,1.01551,0.842333,1.08617,1.29675,1.31337,1.33,1.05505,1.05505,1.05505,1.05505,1.05505,1.05505,1.05505,1.05505,1.05505,1.05505,1.05505,1.05505,1.05505,1.05505,1.05505,1.05505,1.05505,4,0,0
1.28567,1.33,1.48517,1.36325,1.43529,1.16098,0.886667,0.798,1.064,1.2635,1.18592,1.25796,1.02798,0.798,0.798,1.1305,1.45192,1.32446,1.32723,1.46161,1.32931,1.35182,1.23008,1.14704,1.28285,1.17343,1.22955,1.27977,1.30489,1.20661,1.2683,1.27699,1.17049,1.20591,1.11279,1.06623,1.22028,1.31947,1.30257,1.31629,1.38964,1.31549,1.30058,1.40396,1.34481,1.38174,1.11204,0.842333,0.798,1.1305,1.16375,1.13604,1.25519,1.33693,1.26696,1.38715,1.33641,1.2002,1.28727,1.21997,1.11982,1.24708,1.3107,1.27602,1.34734,1.40517,1.30109,1.31554,1.3671,1.21555,1.27278,1.43439,1.31569,1.34501,1.35967,1.3005,1.38175,1.53321,1.4316,1.4473,1.29998,1.31499,1.389,1.293,1.3115,1.29858,1.13696,1.25565,1.31499,1.25599,1.293,1.378,1.2875,1.33092,1.26396,1.18615,1.25807,1.27187,1.21227,1.2933,1.37815,1.30974,1.2977,1.28567,1.2585,1.2585,1.2585,1.2585,1.2585,1.2585,1.2585,1.2585,1.2585,1.2585,1.2585,1.2585,1.2585,1.2585,1.2585,1.2585,1.2585,1.2585,1.2585,1.2585,1.2585,1.2585,1.2585,1.2585,1.2585,1.2585,1.2585,1.2585,1.2585,24,7,12
1.24133,1.10833,1.2635,1.20808,1.15821,1.3771,1.28705,1.17553,1.47443,1.40221,1.25527,1.29264,1.08965,0.886667,0.931,0.886667,0.842333,0.798,0.798,1.1305,1.16375,1.29121,1.0446,0.798,0.886667,1.08617,1.31892,1.19146,1.06123,0.929615,0.798,0.842333,0.798,0.820167,0.842333,0.798,1.04183,1.38542,1.20254,1.3771,1.22055,1.29744,1.26939,1.18886,1.1486,1.26147,1.14057,1.16878,1.27156,1.34511,1.33756,1.26728,1.27647,1.1924,1.23903,1.10718,1.17426,1.31863,1.34648,1.22741,1.23437,1.03835,0.842333,0.842333,1.17483,1.05292,1.01412,1.2829,1.08478,0.886667,1.08617,1.14158,1.03629,1.09448,1.16791,1.13812,1.23406,1.08253,1.09543,1.16838,1.11619,1.04576,1.18788,1.19244,1.17255,1.29561,1.09114,0.886667,1.15267,1.064,1.01967,1.17483,1.09725,0.991958,0.886667,1.1305,1.00858,0.886667,1.04183,1.03075,1.18037,1.07785,1.11526,1.22263,1.14332,1.03716,1.20575,1.35654,1.16594,1.2923,1.42198,1.19866,0.975333,1.12078,1.12078,1.12078,1.12078,1.12078,1.12078,1.12078,1.12078,1.12078,1.12078,1.12078,1.12078,1.12078,1.12078,1.12078,1.12078,1.12078,1.12078,1.12078,1.12078,18,11,17
1.10833,1.10833,1.1305,1.25242,1.13604,1.14435,1.23718,1.19492,1.15163,1.24081,1.13024,1.09712,1.21356,1.20528,1.13464,1.25449,1.20358,1.15596,1.26514,1.14241,1.08104,1.22768,1.14584,1.12709,1.20638,1.11302,1.08851,1.20926,1.18096,1.12248,1.33707,1.4887,1.40935,1.28101,1.19467,1.26234,1.56217,1.49042,1.65404,1.55852,1.20043,0.842333,1.1305,1.00858,0.886667,1.10833,1.04183,1.05292,1.21362,1.18315,1.12357,1.24895,1.17864,1.12132,1.22566,1.167,1.13767,1.256,1.20433,1.15633,1.2875,1.10925,1.06446,1.24156,1.10845,1.08622,1.20811,1.11389,1.13328,1.23164,1.05915,0.886667,1.1305,0.986417,0.842333,0.975333,1.2635,1.29675,1.46854,1.4436,1.5863,1.50248,1.50491,1.52829,1.40698,1.41282,1.50441,1.63887,1.59527,1.50697,1.59582,1.50724,1.61812,1.58489,1.52395,1.49347,1.54474,1.50387,1.52777,1.51755,1.57894,1.4988,1.41867,1.25994,1.25994,1.25994,1.25994,1.25994,1.25994,1.25994,1.25994,1.25994,1.25994,1.25994,1.25994,1.25994,1.25994,1.25994,1.25994,1.25994,1.25994,1.25994,1.25994,1.25994,1.25994,1.25994,1.25994,1.25994,1.25994,1.25994,1.25994,1.25994,1.25994,4,4,3
1.33,1.33,1.15267,1.08617,1.20808,1.26904,1.27735,1.30368,1.33901,1.268,1.27683,1.30342,1.29454,1.0906,0.886667,1.17483,1.38542,1.13604,0.886667,1.15267,1.08617,1.20808,1.00304,0.798,1.10833,1.08617,1.09725,1.25796,1.05015,0.842333,1.10833,1.35217,1.38542,1.57937,1.29952,1.13743,1.12288,1.24861,1.04547,0.842333,1.08617,1.20808,1.55721,1.42144,1.42005,1.53019,1.4301,1.20271,1.08902,1.38685,1.18109,1.03388,0.886667,1.30783,1.31892,1.45746,1.3494,1.0737,0.798,1.04183,1.14158,1.12496,1.24965,1.40066,1.23233,1.34766,1.31667,1.23467,1.34883,1.20642,1.15737,1.22152,1.23143,1.01471,0.798,1.15267,1.08617,1.03075,1.04737,1.49902,1.43668,1.56067,1.57834,1.432,1.514,1.31117,1.36492,1.45829,1.34981,1.38424,1.40145,1.32139,1.3257,1.23918,1.12942,1.18538,1.14686,1.17193,1.2288,1.16857,1.11628,1.17881,1.3209,1.463,1.22328,1.22328,1.22328,1.22328,1.22328,1.22328,1.22328,1.22328,1.22328,1.22328,1.22328,1.22328,1.22328,1.22328,1.22328,1.22328,1.22328,1.22328,1.22328,1.22328,1.22328,1.22328,1.22328,1.22328,1.22328,1.22328,1.22328,1.22328,1.22328,6,4,6
1.197,1.1305,1.09725,1.25796,1.24965,1.13466,1.27666,1.17033,1.18367,1.16817,1.07175,1.00137,1.18785,1.17026,1.18363,1.25682,1.29341,1.20087,1.2876,1.2423,1.15315,1.24158,1.19712,1.13056,1.31895,1.28014,1.17207,1.25104,1.24618,1.26593,1.2758,1.1699,1.11695,1.22347,1.34324,1.24795,1.28898,1.30949,1.25324,1.29162,1.19998,1.13199,1.14233,1.23616,1.06142,0.886667,1.01967,1.064,1.197,1.1305,1.05292,1.50179,1.46023,1.43945,1.25172,1.1357,1.21068,1.04867,0.886667,1.064,1.04183,1.03075,1.15821,1.13327,1.09864,0.992651,0.886667,1.15267,1.10833,0.953167,0.798,0.798,1.10833,0.975333,0.842333,0.886667,0.908833,0.89775,0.886667,0.953167,1.03075,1.22471,1.14435,1.08201,1.22817,1.50075,1.41538,1.19535,1.06318,1.24092,1.01946,0.798,1.15267,1.1305,1.18592,1.28012,1.2164,1.1402,1.25727,1.13847,1.14557,1.25995,1.38364,1.26815,1.34341,1.27021,1.21144,1.27072,1.27819,1.25976,1.24133,1.159,1.159,1.159,1.159,1.159,1.159,1.159,1.159,1.159,1.159,1.159,1.159,1.159,1.159,1.159,1.159,1.159,1.159,1.159,1.159,1.159,1.159,14,7,9
1.10833,1.17483,1.16375,1.35771,1.14435,1.37018,1.21709,1.38438,1.29069,1.46551,1.30909,1.45254,1.16961,0.886667,1.064,1.2635,1.14158,1.03629,1.09448,1.30091,1.07162,0.842333,0.9975,1.29675,1.13604,1.38819,1.24826,1.39996,1.09898,0.798,0.975333,1.2635,1.31892,1.23579,1.32723,1.28428,1.17414,1.3629,1.27995,1.50448,1.32857,1.44012,1.18556,1.05828,0.99464,0.984987,1.17966,1.3435,1.22591,1.36662,1.10448,0.842333,0.975333,1.33,1.10833,0.886667,1.01967,1.28567,1.064,0.842333,0.975333,1.2635,1.07508,0.886667,1.04183,1.27458,1.08062,0.886667,0.842333,1.1305,1.18592,1.12496,1.29398,1.60016,1.35424,1.47512,1.13656,0.798,0.842333,0.886667,1.21917,1.67358,1.41312,1.39373,1.36186,1.25727,1.33797,1.71082,1.40957,1.48062,1.27231,1.23466,1.21583,1.20641,1.68937,1.39885,1.43093,1.60213,1.3774,1.46453,1.39727,1.33,1.21567,1.21567,1.21567,1.21567,1.21567,1.21567,1.21567,1.21567,1.21567,1.21567,1.21567,1.21567,1.21567,1.21567,1.21567,1.21567,1.21567,1.21567,1.21567,1.21567,1.21567,1.21567,1.21567,1.21567,1.21567,1.21567,1.21567,1.21567,1.21567,1.21567,1.21567,12,7,3
1.37433,1.463,1.35217,1.31892,1.34662,1.38265,1.42282,1.44291,1.47512,1.24739,1.3552,1.29827,1.15897,1.33315,1.35374,1.2532,1.31377,1.21105,1.15969,1.31135,1.40934,1.25884,1.31658,1.25679,1.18256,1.30061,1.22664,1.05665,0.886667,0.8645,0.842333,1.10833,1.197,1.15267,1.28567,1.30783,1.23025,1.28012,1.39373,1.2067,1.33485,1.46542,1.26471,1.34169,1.38018,1.28859,1.30929,1.36398,1.30266,1.36066,1.27883,1.21575,1.29504,1.37902,1.24368,1.37551,1.30842,1.40788,1.4576,1.1943,1.21782,1.27391,1.25762,1.20514,1.24541,1.24337,1.15368,1.28618,1.26375,1.25254,1.31344,1.38822,1.27044,1.36672,1.39269,1.25051,1.31242,1.29905,1.13719,1.25576,1.24855,1.22277,1.36505,1.30319,1.2501,1.33438,1.37652,1.22026,1.27513,1.36907,1.19437,1.28435,1.28501,1.28534,1.39634,1.4075,1.28008,1.32721,1.2621,1.14089,1.34628,1.55167,1.28449,1.28449,1.28449,1.28449,1.28449,1.28449,1.28449,1.28449,1.28449,1.28449,1.28449,1.28449,1.28449,1.28449,1.28449,1.28449,1.28449,1.28449,1.28449,1.28449,1.28449,1.28449,1.28449,1.28449,1.28449,1.28449,1.28449,1.28449,1.28449,1.28449,1.28449,2,1,1
1.064,1.10833,1.44083,1.25242,1.49071,1.27735,1.54751,1.35009,1.07404,0.798,0.953167,1.40758,1.25796,1.29398,1.42282,1.39858,1.38646,1.31389,1.36628,1.34814,1.3834,1.33454,1.33227,1.3533,1.27515,1.30258,1.27195,1.30098,1.09382,0.886667,1.1305,1.23025,1.25796,1.27181,1.30091,1.31545,1.30056,1.04928,0.798,0.886667,1.30783,1.20808,1.46854,1.28844,1.28705,1.35286,1.31926,1.32463,1.30515,1.29541,1.3127,1.29919,1.31459,1.3223,1.48131,1.27266,1.30133,1.36,1.32283,1.37075,1.30604,1.38452,1.53459,1.34363,1.55848,1.33341,1.3317,1.37519,1.35259,1.16396,1.24698,1.33282,1.33141,1.39721,1.38577,1.42438,1.35503,1.43118,1.33626,1.35529,1.32048,1.32524,1.32762,1.32881,1.32941,1.37404,1.50718,1.35209,1.54055,1.36877,1.59322,1.37294,1.35147,1.45157,1.36862,1.39364,1.31749,1.34591,1.37433,1.31078,1.31078,1.31078,1.31078,1.31078,1.31078,1.31078,1.31078,1.31078,1.31078,1.31078,1.31078,1.31078,1.31078,1.31078,1.31078,1.31078,1.31078,1.31078,1.31078,1.31078,1.31078,1.31078,1.31078,1.31078,1.31078,1.31078,1.31078,1.31078,1.31078,1.31078,1.31078,1.31078,1.31078,0,0,0
1.197,1.21917,1.23025,1.32446,1.23856,1.26211,1.22956,1.21328,1.22731,1.58899,1.39299,1.694,1.4455,1.29908,1.24804,1.24469,1.35384,1.25326,1.26946,1.34406,1.27053,1.30027,1.09347,0.886667,0.908833,0.89775,0.886667,1.04183,1.09725,1.14712,1.19423,1.26211,1.22956,1.25761,1.29381,1.26757,1.23228,1.12598,1.16149,1.20141,1.17704,1.20919,1.22526,1.21113,1.20406,1.24487,1.13227,1.16463,1.20298,1.11132,1.15416,1.21991,1.20846,1.2249,1.23311,1.28156,1.23928,1.24031,1.06349,0.886667,1.04183,1.07508,1.13604,1.18869,1.21501,1.18384,1.25692,1.18263,1.21198,1.38182,1.31158,1.27646,1.12589,1.16145,1.22356,1.21028,1.20364,1.24465,1.10999,1.17566,1.18633,1.12517,1.16108,1.22337,1.27669,1.21468,1.27234,1.279,1.26017,1.27292,1.05763,0.842333,1.04183,1.03075,1.11387,1.19977,1.19839,1.21986,1.2306,1.2803,1.26082,1.25107,1.0467,0.842333,1.04183,1.09725,1.16929,1.24133,1.19464,1.19464,1.19464,1.19464,1.19464,1.19464,1.19464,1.19464,1.19464,1.19464,1.19464,1.19464,1.19464,1.19464,1.19464,1.19464,1.19464,1.19464,1.19464,1.19464,1.19464,1.19464,1.19464,1.19464,1.19464,6,0,0
1.33,1.2635,1.29675,1.26904,1.23302,1.25934,1.07301,0.886667,1.10833,1.41867,1.37433,1.1305,0.886667,1.10833,1.15267,1.15267,1.24133,1.33,1.2635,1.34108,1.06954,0.798,1.064,1.33,1.35217,1.56275,1.44637,1.16652,0.886667,1.10833,1.04183,1.09725,1.23579,1.50456,1.41728,1.57314,1.40724,1.21345,1.16089,1.28978,1.13256,1.14261,1.28064,1.12799,1.14033,1.36816,1.19391,1.26196,1.49548,1.39057,1.16079,1.13456,1.23228,1.12597,1.13932,1.23466,1.08283,1.11775,1.22387,1.4321,1.38105,1.48853,1.43143,1.60238,1.46619,1.17643,0.886667,1.1305,0.96425,0.798,1.064,1.33,1.33,1.48517,1.38542,1.15821,1.13327,1.20947,1.11457,1.15578,1.24289,1.04261,0.842333,1.08617,1.34108,1.33554,1.48794,1.3203,1.34732,1.36083,1.45625,1.37096,1.48348,1.36241,1.4127,1.37135,1.43934,1.38467,1.46817,1.73158,1.41996,1.10833,1.24873,1.24873,1.24873,1.24873,1.24873,1.24873,1.24873,1.24873,1.24873,1.24873,1.24873,1.24873,1.24873,1.24873,1.24873,1.24873,1.24873,1.24873,1.24873,1.24873,1.24873,1.24873,1.24873,1.24873,1.24873,1.24873,1.24873,1.24873,1.24873,1.24873,1.24873,0,1,0
1.41867,1.37433,1.41867,1.30783,1.38542,1.42421,1.33277,1.37572,1.44153,1.31926,1.32463,1.37165,1.28432,1.32933,1.41833,1.30767,1.38533,1.44633,1.366,1.32583,1.43875,1.31787,1.30177,1.13855,1.16778,1.31539,1.36703,1.28201,1.35034,1.40667,1.324,1.327,1.35067,1.27383,1.30192,1.38246,1.26756,1.34311,1.38089,1.28895,1.28731,1.30865,1.20849,1.29141,1.33287,1.26494,1.38613,1.38023,1.26645,1.32039,1.34736,1.22785,1.32326,1.37096,1.23965,1.35132,1.385,1.26883,1.32158,1.32579,1.21706,1.31786,1.39043,1.29372,1.24536,1.22118,1.25342,1.31388,1.34411,1.24839,1.31136,1.36501,1.28101,1.34984,1.49508,1.32388,1.3491,1.40605,1.30153,1.31576,1.41155,1.32644,1.32822,1.32911,1.26306,1.31869,1.36868,1.26067,1.384,1.357,1.29917,1.35892,1.27796,1.21531,1.31699,1.34566,1.24916,1.37825,1.22112,1.064,1.32311,1.32311,1.32311,1.32311,1.32311,1.32311,1.32311,1.32311,1.32311,1.32311,1.32311,1.32311,1.32311,1.32311,1.32311,1.32311,1.32311,1.32311,1.32311,1.32311,1.32311,1.32311,1.32311,1.32311,1.32311,1.32311,1.32311,1.32311,1.32311,1.32311,1.32311,1.32311,1.32311,6,4,4
0.975333,0.975333,1.15267,1.08617,1.09725,1.05846,1.1499,1.15128,1.01897,0.886667,0.798,1.01967,1.1305,1.25242,1.20254,1.3106,1.36464,1.08132,0.798,0.842333,0.886667,1.064,0.931,0.798,1.064,1.15267,1.24133,1.064,0.886667,0.798,1.064,1.21917,1.00858,0.798,0.798,0.798,0.798,0.798,0.798,1.01967,1.17483,0.986417,0.798,0.886667,0.842333,0.798,0.798,0.798,1.15267,1.10833,1.30783,1.27458,1.25796,1.18315,1.34524,1.38195,1.26731,1.25432,1.24783,1.02291,0.798,1.10833,0.975333,0.842333,0.931,0.8645,0.798,0.975333,1.15267,1.10833,1.33,1.5295,1.56275,1.40204,1.38819,1.22609,1.32238,1.08236,0.842333,1.15267,1.04183,1.05292,0.925458,0.798,1.17483,1.34108,1.40204,1.47685,1.42559,1.3778,1.17657,1.07595,1.20297,1.04482,0.886667,1.10833,1.2635,1.29675,1.18037,1.10002,0.993344,0.886667,1.10833,1.17483,1.20808,1.22471,1.05569,0.886667,1.33,1.10833,0.886667,1.10833,1.08617,1.064,1.07974,1.07974,1.07974,1.07974,1.07974,1.07974,1.07974,1.07974,1.07974,1.07974,1.07974,1.07974,1.07974,1.07974,1.07974,1.07974,1.07974,1.07974,1.07974,8,3,2
1.28567,1.10833,1.21917,1.34108,1.66804,1.47685,1.38126,1.08963,0.798,0.9975,1.14158,1.39096,1.31615,1.32307,1.6147,1.45018,1.39009,1.38221,1.24527,1.28764,1.35315,1.29724,1.31362,1.34398,1.22616,1.23374,1.37054,1.2616,1.2958,1.53457,1.43228,1.49198,1.38882,1.27074,1.25604,1.20435,1.15634,1.24317,1.61909,1.40804,1.39119,1.80393,1.50046,1.39307,1.40587,1.27927,1.28247,1.55007,1.41787,1.3961,1.09705,0.798,1.01967,1.17483,1.47408,1.35771,1.29952,1.58076,1.36671,1.34836,1.73818,1.46759,1.39879,1.47523,1.38045,1.31089,1.56428,1.42497,1.17799,1.05449,1.03708,1.13921,1.25677,1.51505,1.35603,1.29868,1.38084,1.26675,1.29838,1.55802,1.39968,1.34267,1.51367,1.33317,1.28725,1.41946,1.28606,1.28586,1.1306,1.07513,1.20257,1.26628,1.07647,0.886667,1.08617,1.20808,1.49071,1.16652,0.842333,1.31257,1.31257,1.31257,1.31257,1.31257,1.31257,1.31257,1.31257,1.31257,1.31257,1.31257,1.31257,1.31257,1.31257,1.31257,1.31257,1.31257,1.31257,1.31257,1.31257,1.31257,1.31257,1.31257,1.31257,1.31257,1.31257,1.31257,1.31257,1.31257,1.31257,1.31257,1.31257,1.31257,1.31257,2,2,3
1.37433,0.886667,0.9975,1.18592,1.36879,1.2829,1.37295,1.26281,1.27424,1.30212,1.20523,1.15678,1.24339,1.30886,1.2086,1.35797,1.36615,1.25941,1.38337,1.31235,1.34334,1.4475,1.14492,0.842333,0.886667,0.842333,0.953167,0.89775,0.842333,0.842333,0.842333,1.21917,1.16375,1.11387,1.22194,1.29814,1.20323,1.31095,1.36481,1.25874,1.3387,1.31218,1.23243,1.23688,1.28344,1.12939,1.22969,1.23551,1.23842,1.32854,1.28494,1.26314,1.31873,1.3687,1.28285,1.37293,1.24063,1.26315,1.34091,1.09162,0.842333,0.886667,0.975333,1.01967,1.28567,1.10833,1.24133,1.30783,1.25242,1.13604,1.32169,1.12634,1.07301,1.22367,1.21033,1.15933,1.31117,1.12108,1.04821,1.1891,1.10439,1.06203,1.26251,1.20759,1.18013,1.27723,1.32578,1.26139,1.31786,1.50126,1.26047,1.02923,0.798,1.15267,1.15267,1.35217,1.16375,1.29121,1.39927,1.29814,1.38057,1.28878,1.33156,1.30861,1.05331,0.798,1.19756,1.19756,1.19756,1.19756,1.19756,1.19756,1.19756,1.19756,1.19756,1.19756,1.19756,1.19756,1.19756,1.19756,1.19756,1.19756,1.19756,1.19756,1.19756,1.19756,1.19756,1.19756,1.19756,1.19756,1.19756,1.19756,1.19756,8,3,2
1.197,1.44083,1.42975,1.57937,1.83152,1.49209,1.72138,1.52569,1.25051,1.02426,0.798,1.1305,1.29675,1.42421,1.42144,1.53089,1.51911,1.55755,1.33294,1.48664,1.51915,1.80141,1.34404,0.886667,0.8645,0.842333,1.463,1.33,1.75117,1.38542,1.57937,1.47685,1.46993,1.42213,1.37607,1.3752,1.37477,1.35238,1.42986,1.4021,1.78721,1.40344,1.47755,1.13778,0.798,1.33,1.35217,1.42975,1.44637,1.63202,1.43668,1.76017,1.45642,1.41538,1.12885,0.842333,1.17483,1.03075,0.886667,1.44083,1.25242,1.51287,1.26627,1.49764,1.54682,1.57141,1.67237,1.81152,1.59293,1.6388,1.52873,1.51803,1.53485,1.74276,1.49205,1.83219,1.47026,1.86563,1.46482,1.46391,1.52995,1.49648,1.19157,0.886667,0.886667,1.35217,1.40758,1.16929,1.11665,1.31199,1.14366,0.975333,1.38639,1.38639,1.38639,1.38639,1.38639,1.38639,1.38639,1.38639,1.38639,1.38639,1.38639,1.38639,1.38639,1.38639,1.38639,1.38639,1.38639,1.38639,1.38639,1.38639,1.38639,1.38639,1.38639,1.38639,1.38639,1.38639,1.38639,1.38639,1.38639,1.38639,1.38639,1.38639,1.38639,1.38639,1.38639,1.38639,1.38639,1.38639,1.38639,1.38639,1.38639,10,3,3
1.37433,1.24133,1.37433,1.2635,1.18592,1.28012,1.2164,1.1402,1.27943,1.21605,1.18436,1.30151,1.27142,1.18988,1.32644,1.15089,1.15178,1.35172,1.07486,0.798,1.064,0.931,0.798,0.798,0.798,0.953167,1.20808,1.15821,1.15544,1.30922,1.34178,1.24722,1.17778,1.25389,1.20328,1.39964,1.27615,1.21441,1.31654,1.2346,1.19363,1.32832,1.30699,1.20766,1.3575,1.38808,1.27037,1.34452,1.35943,1.25605,1.35952,1.27826,1.1933,1.32815,1.12957,1.11895,1.26881,1.21074,1.15954,1.33343,1.30955,1.20894,1.33597,1.31082,1.23174,1.34737,1.22785,1.19026,1.30446,1.1399,1.10195,1.26031,1.18432,1.14633,1.216,1.539,1.52317,1.16058,0.798,1.48517,1.31892,1.39096,1.60431,1.53366,1.29883,1.20358,1.35546,1.2984,1.22553,1.34427,1.24847,1.15623,1.26528,1.29764,1.20299,1.28866,1.44233,1.231,1.32483,1.10575,0.886667,1.10833,1.197,1.15267,1.10833,1.23062,1.23062,1.23062,1.23062,1.23062,1.23062,1.23062,1.23062,1.23062,1.23062,1.23062,1.23062,1.23062,1.23062,1.23062,1.23062,1.23062,1.23062,1.23062,1.23062,1.23062,1.23062,1.23062,1.23062,1.23062,1.23062,1.23062,1.23062,0,0,0
0.798,0.798,1.08617,1.36325,1.41312,1.4159,1.43945,1.53989,1.70095,1.49331,1.41165,1.45949,1.35041,1.25154,1.3351,1.37688,1.41994,1.4193,1.44115,1.31908,1.23587,1.19427,1.06263,1.01898,1.15233,0.997329,0.842333,1.1305,1.40758,1.41312,1.1499,0.886667,1.15267,0.9975,0.842333,1.15267,1.10833,1.10833,1.08617,1.18592,1.30229,1.44915,1.32307,1.2822,1.35043,1.36238,1.12453,0.886667,1.197,1.64033,1.24133,0.842333,0.975333,0.908833,0.842333,1.2635,1.38542,1.49071,1.60985,1.29259,1.3778,1.50907,1.5082,1.59643,1.57405,1.60719,1.22476,0.842333,0.798,1.1305,1.25242,1.33554,1.33277,1.39789,1.38611,1.38022,1.53244,1.43122,1.42494,1.44397,1.47565,1.46933,1.62133,1.52,1.31417,1.10042,0.886667,0.908833,0.919917,1.23579,1.46023,1.39511,1.56206,1.49036,1.14418,0.798,1.10833,0.975333,0.842333,0.975333,1.25018,1.25018,1.25018,1.25018,1.25018,1.25018,1.25018,1.25018,1.25018,1.25018,1.25018,1.25018,1.25018,1.25018,1.25018,1.25018,1.25018,1.25018,1.25018,1.25018,1.25018,1.25018,1.25018,1.25018,1.25018,1.25018,1.25018,1.25018,1.25018,1.25018,1.25018,1.25018,1.25018,0,0,0
1.33,1.197,0.9975,0.798,1.064,0.931,0.798,0.798,1.17483,1.03075,0.886667,1.08617,0.942083,0.798,1.064,1.064,1.24133,1.24133,1.197,1.21917,1.05292,0.886667,1.04183,1.27458,1.34662,1.18315,1.14574,1.0162,0.886667,0.931,0.908833,0.886667,1.064,1.01967,1.30783,1.16375,1.40204,1.16652,1.02659,0.886667,1.15267,1.33,1.15267,0.975333,0.798,1.064,1.064,1.01967,0.908833,0.798,0.931,1.04183,1.18592,1.25796,1.29398,1.42282,1.19908,0.998539,0.798,0.798,0.931,1.17483,1.07508,1.06954,1.28844,1.04322,0.798,0.886667,0.798,0.886667,0.886667,0.886667,0.886667,0.798,0.798,0.798,0.798,0.908833,1.05292,1.21362,1.05015,0.886667,1.1305,1.23025,1.25796,1.05015,0.842333,0.9975,1.18592,1.36879,1.2164,1.2732,1.0356,0.798,1.064,0.931,0.798,1.10833,0.953167,0.798,0.886667,1.15267,1.33,1.197,1.28567,1.57383,1.49625,1.14712,0.798,1.10833,1.04183,1.14158,0.969792,0.798,0.798,0.842333,0.886667,1.064,1.04339,1.04339,1.04339,1.04339,1.04339,1.04339,1.04339,1.04339,1.04339,1.04339,1.04339,1.04339,1.04339,1.04339,1.04339,10,5,5
1.24133,1.24133,1.15267,1.197,1.1305,1.23025,1.05846,0.886667,0.975333,1.10833,1.1305,1.18592,1.16929,1.22748,1.16791,1.18245,1.14539,1.14903,1.15085,1.10742,1.15221,1.19677,1.08605,1.16369,1.20251,1.15542,1.26488,1.34177,1.20289,1.22211,1.23172,1.05919,0.886667,1.01967,1.10833,1.10833,1.21917,1.27458,1.25796,1.29398,1.31199,1.23233,1.23683,1.28342,1.17371,1.22969,1.14684,1.23842,1.23988,1.28494,1.3518,1.3409,1.35762,1.23298,1.30365,1.25033,1.2015,1.26575,1.16487,1.29177,1.22222,1.18744,1.21439,1.22786,1.2346,1.2823,1.21748,1.14074,1.23537,1.19402,1.21768,1.27384,1.05809,0.842333,0.798,1.04183,0.96425,0.886667,1.01967,1.17483,1.18592,1.28012,1.26073,1.2732,1.3681,1.26038,1.36169,1.34585,1.24926,1.26746,1.34306,1.1592,1.3111,1.20972,1.29202,1.28885,1.35376,1.31971,1.23619,1.34959,1.18463,1.27948,1.26041,1.1622,1.29044,1.17722,1.34228,1.50733,1.20165,1.20165,1.20165,1.20165,1.20165,1.20165,1.20165,1.20165,1.20165,1.20165,1.20165,1.20165,1.20165,1.20165,1.20165,1.20165,1.20165,1.20165,1.20165,1.20165,1.20165,1.20165,1.20165,1.20165,1.20165,12,3,3
0.798,1.08617,1.25242,1.37987,1.22194,1.34247,1.33623,1.24445,1.22073,1.07586,1.13643,0.967216,0.798,1.17483,1.03075,0.886667,0.798,0.798,0.842333,0.886667,1.41867,1.33,1.15267,1.24133,1.33,1.41867,1.3965,1.34108,1.40204,1.41035,1.17068,1.20601,1.3345,1.39875,1.34221,1.38044,1.24439,1.39803,1.29751,1.24726,1.44379,1.3869,1.18112,1.23339,1.12653,1.25043,1.02422,0.798,0.820167,0.842333,0.798,1.1305,1.23025,1.05846,0.886667,1.197,1.35217,1.38542,1.37987,1.39927,1.40897,1.36948,1.10591,0.842333,0.820167,0.798,0.886667,1.21917,1.27458,1.03629,0.798,0.886667,0.886667,1.15267,1.01967,0.886667,0.798,0.975333,0.908833,0.842333,0.798,1.10833,1.24133,1.30783,1.27458,1.03629,0.798,0.798,0.886667,1.197,1.17483,1.27458,1.16929,0.983646,0.798,0.798,0.798,0.798,0.975333,0.886667,0.798,0.798,1.21917,1.27458,1.12496,1.13881,1.12357,1.11595,1.28948,1.35407,1.41867,1.11114,1.11114,1.11114,1.11114,1.11114,1.11114,1.11114,1.11114,1.11114,1.11114,1.11114,1.11114,1.11114,1.11114,1.11114,1.11114,1.11114,1.11114,1.11114,1.11114,1.11114,1.11114,14,4,1
1.33,0.798,0.798,1.064,0.953167,0.842333,1.08617,1.20808,1.31337,1.07785,0.842333,0.886667,0.886667,1.10833,1.2635,1.07508,0.886667,1.10833,1.21917,1.05292,0.886667,1.01967,1.2635,1.38542,1.31337,1.27735,1.21501,1.25034,1.51184,1.37658,1.26463,1.20865,1.26932,1.21099,1.0045,0.798,0.820167,0.842333,1.21917,1.00858,0.798,1.10833,1.17483,1.18592,1.16929,1.18315,1.12357,1.27112,1.16756,1.16011,1.24506,1.11019,0.998431,0.886667,0.908833,0.875583,0.842333,1.08617,0.942083,0.798,0.886667,0.798,1.064,1.1305,0.96425,0.798,0.931,0.8645,0.798,0.798,0.798,0.886667,1.17483,1.11942,1.13604,1.18869,1.12634,1.13951,1.19042,1.17154,1.20644,1.22389,1.23261,1.17047,1.2059,1.22362,1.14381,1.2369,1.06179,0.886667,1.21917,1.18592,0.991958,0.798,0.798,0.798,0.9975,1.05292,1.03629,1.47131,1.26766,1.14366,0.970831,0.798,0.842333,0.886667,0.953167,1.05292,0.991958,1.00581,1.12357,1.13812,1.18973,1.0382,0.886667,1.06241,1.06241,1.06241,1.06241,1.06241,1.06241,1.06241,1.06241,1.06241,1.06241,1.06241,1.06241,1.06241,1.06241,1.06241,1.06241,1.06241,1.06241,12,7,6
1.064,1.197,1.17483,1.18592,0.991958,0.798,0.798,0.798,0.798,0.798,0.798,0.931,1.15267,1.1305,1.16375,1.37987,1.22194,1.1873,1.03698,0.886667,0.798,0.842333,0.886667,0.798,0.842333,0.975333,1.28567,1.21917,1.11942,1.02521,1.0446,1.1208,1.3584,1.25553,1.15977,1.33355,1.15444,1.08705,1.29719,1.1806,1.1223,1.18182,1.12291,1.09345,1.16739,1.16003,1.17852,1.38726,1.09263,0.798,0.798,0.798,0.798,0.798,1.15267,0.975333,0.798,0.842333,0.886667,1.064,1.064,0.931,0.798,0.798,0.798,0.931,0.8645,0.798,1.10833,1.30783,1.05292,0.798,1.24133,1.28567,1.04183,0.798,0.953167,1.03075,1.04737,1.12219,1.02659,0.934464,0.842333,0.975333,0.886667,0.798,0.798,1.08617,1.60708,1.40204,1.32169,1.14851,1.15059,1.28463,1.08565,0.886667,1.08617,1.09725,1.12496,1.00581,0.886667,0.798,0.798,0.798,0.798,0.798,0.820167,0.842333,0.798,0.886667,0.842333,0.798,0.798,0.886667,1.01967,1.33,1.064,0.798,0.886667,0.842333,0.798,0.798,1.00734,1.00734,1.00734,1.00734,1.00734,1.00734,1.00734,1.00734,1.00734,1.00734,1.00734,14,4,1
1.33,1.33,1.33,1.21917,1.25242,1.22471,1.05569,0.886667,0.886667,0.886667,0.908833,1.00858,1.08062,1.29398,1.48932,1.36533,1.21466,1.11717,1.26792,1.25462,1.15931,0.978656,0.798,0.886667,0.886667,0.798,0.842333,0.886667,1.197,1.17483,1.16375,1.15821,1.15544,1.10972,1.19769,1.08651,1.16392,1.29129,1.04465,0.798,0.798,0.798,1.064,1.41867,1.3965,1.58492,1.39096,1.42698,1.46716,1.28774,1.06504,0.842333,1.197,1.28567,1.48517,1.23025,1.32446,1.30506,1.09586,0.886667,0.9975,1.16375,1.20254,1.22194,1.14297,1.21432,1.05049,0.886667,1.197,0.9975,0.798,1.10833,1.064,0.975333,0.886667,0.886667,0.886667,1.15267,1.24133,1.064,0.886667,1.01967,1.04183,1.18592,0.991958,0.798,1.10833,0.953167,0.798,1.17483,1.14158,1.14712,1.32723,1.19561,1.08547,1.2964,1.06937,0.842333,1.1305,1.20808,1.13604,1.47685,1.29259,1.3778,1.17657,1.05378,1.28056,1.19445,1.04056,0.886667,1.11806,1.11806,1.11806,1.11806,1.11806,1.11806,1.11806,1.11806,1.11806,1.11806,1.11806,1.11806,1.11806,1.11806,1.11806,1.11806,1.11806,1.11806,1.11806,1.11806,1.11806,1.11806,1.11806,16,5,3
1.41867,0.886667,0.798,1.01967,1.08617,1.16375,0.980875,0.798,1.064,0.931,0.798,1.01967,1.463,1.41867,1.10833,0.798,1.01967,1.15267,1.24133,1.28567,1.35217,1.11942,0.886667,1.10833,0.953167,0.798,1.04183,0.919917,0.798,0.798,0.820167,0.842333,1.1305,1.27458,1.03629,0.798,1.04183,0.919917,0.798,1.064,1.2635,1.03075,0.798,1.064,1.15267,0.975333,0.798,0.798,0.798,1.064,1.10833,0.953167,0.798,0.931,0.908833,0.886667,1.064,0.953167,0.842333,0.886667,0.908833,1.09725,1.25796,1.33831,1.37849,1.33208,1.30887,1.36377,1.25822,1.02811,0.798,1.01967,0.908833,0.798,1.17483,1.25242,1.29121,1.33277,1.15405,0.976026,0.798,1.15267,1.24133,1.17483,1.23025,1.05846,0.886667,1.10833,1.24133,1.33,1.24133,1.04183,0.842333,0.820167,0.798,1.01967,0.908833,0.798,1.01967,1.30783,1.45192,1.25796,1.02798,0.798,0.842333,0.886667,1.064,0.975333,0.886667,0.9975,1.31892,1.34662,1.37433,1.04648,1.04648,1.04648,1.04648,1.04648,1.04648,1.04648,1.04648,1.04648,1.04648,1.04648,1.04648,1.04648,1.04648,1.04648,1.04648,1.04648,1.04648,1.04648,1.04648,8,5,4
1.15267,1.21917,1.29675,1.33554,1.55444,1.30922,1.31961,1.3248,1.2609,1.16245,1.42356,1.28811,1.50856,1.30844,1.34139,1.40219,1.4991,1.37022,1.46094,1.35114,1.29624,1.42395,1.28831,1.37565,1.46366,1.286,1.39667,1.186,1.28017,1.39375,1.33971,1.44569,1.52084,1.35892,1.45529,1.39265,1.40566,1.47866,1.47083,1.22308,1.38737,1.31435,1.32218,1.41476,1.39454,1.45094,1.45697,1.41565,1.30633,1.429,1.3795,1.39908,1.45321,1.43594,1.53814,1.30107,1.35987,1.41143,1.10472,0.798,0.886667,0.908833,0.89775,0.886667,0.975333,1.30783,1.40758,1.36879,1.4159,1.41728,1.61747,1.34074,1.42404,1.37702,1.08751,0.798,0.975333,0.931,0.886667,0.886667,1.10833,1.1305,1.38542,1.22471,1.36602,1.32584,1.39442,1.14054,0.886667,0.798,0.798,1.17483,1.20808,1.31337,1.36602,1.32584,1.32792,1.37329,1.37381,1.30757,1.24133,1.28526,1.28526,1.28526,1.28526,1.28526,1.28526,1.28526,1.28526,1.28526,1.28526,1.28526,1.28526,1.28526,1.28526,1.28526,1.28526,1.28526,1.28526,1.28526,1.28526,1.28526,1.28526,1.28526,1.28526,1.28526,1.28526,1.28526,1.28526,1.28526,1.28526,1.28526,1.28526,16,7,7
0.931,1.15267,1.15267,1.15267,1.28567,1.35217,1.23025,1.23579,1.19423,1.19561,1.21847,1.11907,1.3132,1.14427,1.28147,1.35007,1.31787,1.2796,1.1718,1.2509,1.29045,1.33239,1.3312,1.3306,1.37463,1.26365,1.27466,1.30233,1.18316,1.30092,1.33762,1.28948,1.39841,1.18687,1.3471,1.20555,1.28994,1.2213,1.23132,1.23633,1.1945,1.28441,1.17421,1.00827,0.842333,0.953167,1.11942,1.22471,1.27735,1.34801,1.47201,1.31234,1.34333,1.381,1.31117,1.34275,1.35854,1.2556,1.31497,1.34465,1.47033,1.26716,1.32075,1.28104,1.23902,1.35101,1.18534,1.302,1.40467,1.23433,1.41517,1.21742,1.27371,1.21319,1.29376,1.22321,1.36527,1.25897,1.29449,1.35658,1.23245,1.32556,1.23911,1.32889,1.24078,1.01939,0.798,0.975333,1.064,1.28567,1.197,1.30783,1.23025,1.32446,1.23856,1.39511,1.31822,1.23545,1.37139,1.26203,1.40685,1.19109,1.17188,1.15267,1.25192,1.25192,1.25192,1.25192,1.25192,1.25192,1.25192,1.25192,1.25192,1.25192,1.25192,1.25192,1.25192,1.25192,1.25192,1.25192,1.25192,1.25192,1.25192,1.25192,1.25192,1.25192,1.25192,1.25192,1.25192,1.25192,1.25192,1.25192,1.25192,14,3,5
0.798,1.064,0.953167,0.842333,1.04183,1.18592,1.03629,0.886667,0.798,0.931,1.1305,1.03075,1.20254,1.28844,1.22055,1.14228,1.3248,1.3274,1.15137,0.974684,0.798,0.798,0.798,1.15267,0.975333,0.798,0.886667,1.10833,1.01967,1.08617,1.25242,1.24687,1.28844,1.35355,1.12011,0.886667,0.975333,1.15267,1.197,1.37433,1.21917,1.31892,1.14712,1.23856,1.23995,1.28497,1.17449,1.05274,1.12487,1.00577,0.886667,1.04183,1.18592,1.25796,1.09448,1.19007,1.23787,1.15093,1.19613,1.3074,1.27437,1.19135,1.23851,1.21775,1.18521,1.25761,1.07214,0.886667,1.064,1.197,1.197,1.28567,1.1305,1.11942,1.18037,1.14435,1.12634,1.16167,1.17934,1.166,1.15933,1.17817,1.20975,1.09254,1.16694,1.18197,1.21165,1.11566,1.15633,1.221,1.1425,1.14758,1.23879,1.1514,1.1077,1.26318,1.03059,0.798,0.931,1.064,1.24133,1.41867,1.10833,0.798,1.04183,0.919917,0.798,1.1305,1.34108,1.42421,1.1111,0.798,1.11544,1.11544,1.11544,1.11544,1.11544,1.11544,1.11544,1.11544,1.11544,1.11544,1.11544,1.11544,1.11544,1.11544,1.11544,1.11544,1.11544,1.11544,1.11544,1.11544,1.11544,14,2,0
0.975333,0.953167,1.14158,1.23579,1.1499,1.15128,1.32931,1.19665,1.13033,1.1415,1.19142,1.14987,1.30644,1.11872,0.980526,0.842333,0.931,0.953167,1.03075,1.06954,1.0446,1.14297,1.03698,1.11699,1.0905,1.07725,1.07062,1.06731,1.06566,1.02049,1.04225,1.00879,0.947729,0.886667,0.931,0.908833,0.886667,0.842333,0.798,0.953167,1.00858,1.05846,1.10556,1.04045,0.985724,1.0692,1.02226,1.02097,1.15332,0.975658,0.798,0.931,0.975333,1.04183,1.07508,1.40204,1.45469,1.48101,1.27251,1.07959,0.886667,0.953167,0.919917,0.886667,1.064,0.931,0.798,0.842333,0.908833,1.00858,1.16929,1.07231,1.02382,1.08824,1.07612,1.02573,1.17786,0.987932,0.798,0.886667,1.15267,1.24133,1.15267,1.24133,1.463,1.2635,1.20808,1.13604,1.16652,1.09309,1.03421,1.18211,1.36689,1.43711,1.47222,1.31244,1.16606,1.04853,1.12276,1.07122,0.978941,0.886667,1.24133,1.24133,1.01967,0.798,0.886667,1.30783,1.25242,1.15821,1.0446,1.16514,1.38057,1.42178,1.37589,1.33,1.08788,1.08788,1.08788,1.08788,1.08788,1.08788,1.08788,1.08788,1.08788,1.08788,1.08788,1.08788,1.08788,1.08788,1.08788,1.08788,1.08788,12,6,6
1.24133,1.08617,1.03075,1.15821,0.978104,0.798,1.064,0.9975,1.20808,1.13604,1.27735,1.23718,1.06192,0.886667,0.842333,0.798,1.064,0.931,0.798,0.798,0.798,0.798,1.04183,0.96425,0.886667,1.08617,1.09725,1.10279,1.4824,1.38403,1.09102,0.798,0.798,1.064,1.1305,1.25242,1.02521,0.798,1.10833,1.1305,1.00858,0.886667,0.8645,0.842333,1.04183,1.05292,0.947625,0.842333,0.842333,1.08617,1.51842,1.37987,1.1111,0.842333,0.798,0.886667,0.798,0.798,0.886667,1.10833,0.953167,0.798,0.886667,0.798,0.886667,1.01967,1.04183,1.00858,1.25796,1.05015,0.842333,1.48517,1.31892,1.47962,1.51565,1.51149,1.33208,1.06504,0.798,0.886667,1.064,0.953167,0.842333,0.798,0.798,0.798,0.798,0.798,0.953167,1.00858,1.03629,1.16098,1.40066,1.52049,1.33658,1.11162,0.886667,0.886667,1.10833,0.953167,0.798,1.10833,1.08617,1.03075,1.26904,1.54335,1.50318,1.61609,1.20704,0.798,0.798,1.1305,1.14158,1.32446,1.19423,1.064,1.0477,1.0477,1.0477,1.0477,1.0477,1.0477,1.0477,1.0477,1.0477,1.0477,1.0477,1.0477,1.0477,1.0477,1.0477,1.0477,1.0477,20,5,3
1.15267,1.197,1.197,1.197,1.30783,1.23025,1.45746,1.3494,1.51703,1.37918,1.22159,1.1428,1.14773,1.10587,1.1071,1.15205,1.41836,1.28551,1.46292,1.32996,1.48515,1.31891,1.14712,1.06123,1.15128,1.19631,1.17449,1.20791,1.22462,1.14431,1.14849,1.15058,1.10729,1.12998,1.09699,1.34649,1.24958,1.04596,0.842333,1.1305,1.23025,1.19146,1.26073,1.16236,1.15752,1.35459,1.51963,1.35831,1.38849,1.47008,1.37787,1.19877,1.13138,1.16419,1.15843,1.44371,1.34252,1.5136,1.37746,1.35373,1.2532,1.18077,1.27755,1.30377,1.05089,0.798,1.04183,1.09725,1.21362,1.22748,1.45607,1.30437,1.31718,1.32359,1.23813,1.28406,1.17403,0.986016,0.798,0.953167,1.00858,1.16929,1.24965,1.15682,1.24341,1.24237,1.24185,1.19726,1.2193,1.00865,0.798,0.931,0.8645,0.798,0.8645,0.875583,0.886667,1.08617,1.07508,1.20254,1.22194,1.2538,1.20323,1.20012,1.17639,1.23103,1.28567,1.1948,1.1948,1.1948,1.1948,1.1948,1.1948,1.1948,1.1948,1.1948,1.1948,1.1948,1.1948,1.1948,1.1948,1.1948,1.1948,1.1948,1.1948,1.1948,1.1948,1.1948,1.1948,1.1948,1.1948,1.1948,1.1948,18,7,3
1.24133,1.30783,1.27458,1.12496,0.961479,0.798,0.798,0.798,0.798,0.798,1.064,1.197,1.17483,1.20808,1.00304,0.798,0.842333,1.04183,1.23025,1.19146,1.2164,1.22886,1.21293,1.1828,1.21207,1.2267,1.21185,1.22659,1.25613,1.18223,1.21178,1.22656,1.36695,1.23764,1.35032,1.25149,1.20208,1.48771,1.32019,1.45809,1.32755,1.28444,1.26289,1.25211,1.26889,1.25511,1.15956,1.08961,1.25414,1.2034,1.24453,1.4646,1.2643,1.25282,1.20274,1.26637,1.18735,1.14784,1.19459,1.04063,0.886667,0.931,1.30783,1.11942,1.22471,1.01135,0.798,0.886667,1.064,1.3965,1.31892,1.23579,1.23856,1.28428,1.28497,1.39615,1.09708,0.798,0.886667,0.798,0.975333,1.15267,1.15267,1.28567,1.50733,1.37433,1.28567,1.1305,1.11942,1.13604,1.14435,1.14851,1.08409,1.11838,1.15769,1.19951,0.998756,0.798,0.798,1.01967,1.44083,1.36325,1.25796,1.24965,1.02382,0.798,0.798,0.798,0.798,0.886667,0.842333,0.798,1.13526,1.13526,1.13526,1.13526,1.13526,1.13526,1.13526,1.13526,1.13526,1.13526,1.13526,1.13526,1.13526,1.13526,1.13526,1.13526,1.13526,1.13526,1.13526,1.13526,1.13526,20,6,7
0.886667,1.21917,1.00858,0.798,1.15267,1.28567,1.41867,1.50733,1.37433,1.35217,1.36325,1.47962,1.36048,1.34524,1.42629,1.44464,1.47599,1.20349,1.35541,1.38704,1.29202,1.31101,1.27617,1.30309,1.36088,1.3676,1.3488,1.4724,1.3347,1.33235,1.33118,1.41925,1.33029,1.35231,1.47416,1.44641,1.60987,1.44777,1.52188,1.44811,1.12305,0.798,0.9975,1.27458,1.25796,1.02798,0.798,0.886667,1.28567,1.28567,1.44083,1.31892,1.25796,1.40481,1.36741,1.39304,1.40585,1.47876,1.40438,1.50019,1.41509,1.39471,1.53969,1.43485,1.29376,1.22321,1.23227,1.0373,0.842333,0.886667,0.842333,0.798,0.798,1.04183,1.27458,1.34662,1.36048,1.36741,1.30437,1.27285,1.39009,1.33788,1.37827,1.4428,1.3864,1.26953,1.25543,1.44788,1.16728,0.886667,0.798,0.798,0.798,1.08617,1.29675,1.04737,0.798,0.798,1.21917,1.40758,1.596,1.2539,1.2539,1.2539,1.2539,1.2539,1.2539,1.2539,1.2539,1.2539,1.2539,1.2539,1.2539,1.2539,1.2539,1.2539,1.2539,1.2539,1.2539,1.2539,1.2539,1.2539,1.2539,1.2539,1.2539,1.2539,1.2539,1.2539,1.2539,1.2539,1.2539,1.2539,1.2539,2,1,3
1.064,0.798,1.28567,1.21917,1.00858,0.798,1.10833,1.04183,0.919917,0.798,1.10833,1.17483,1.16375,1.29121,1.08894,0.886667,0.953167,0.919917,0.886667,0.886667,0.798,0.798,1.21917,1.31892,1.23579,1.32723,1.26211,1.03006,0.798,1.21917,1.23025,1.32446,1.3494,1.11803,0.886667,0.798,1.10833,0.953167,0.798,0.9975,1.18592,1.30229,1.22748,1.36741,1.4152,1.2396,1.37347,1.3074,1.4517,1.19135,1.34934,1.384,1.26834,1.2105,1.09292,1.25579,1.2929,1.20061,1.26531,1.12032,1.04783,0.967247,0.886667,0.953167,1.00858,1.32446,1.32723,1.37295,1.30714,1.2299,1.01395,0.798,1.10833,1.17483,1.25242,1.24687,1.33277,1.39789,1.40828,1.4578,1.3274,1.37303,1.44018,1.20776,1.22455,1.25511,1.02655,0.798,0.886667,1.064,0.931,0.798,1.1305,1.31892,1.23579,1.2829,1.17345,0.985724,0.798,1.064,1.15267,0.975333,0.798,1.064,1.33,1.28567,1.33,1.10833,0.886667,1.24133,1.13258,1.13258,1.13258,1.13258,1.13258,1.13258,1.13258,1.13258,1.13258,1.13258,1.13258,1.13258,1.13258,1.13258,1.13258,1.13258,1.13258,1.13258,1.13258,1.13258,1.13258,1.13258,1.13258,14,7,8
0.886667,0.842333,0.798,1.064,1.10833,1.08617,1.25242,1.29121,1.1776,1.2538,1.2254,1.10037,1.25952,1.25043,1.06855,0.886667,1.064,1.064,1.197,1.10833,1.1305,1.25242,1.06954,0.886667,1.1305,1.11942,0.980875,0.842333,1.04183,0.96425,0.886667,0.8645,0.842333,1.08617,1.07508,1.06954,1.15544,1.06539,1.06469,1.17518,1.20826,1.11396,1.22198,1.25382,1.11458,1.28879,1.59756,1.59678,1.66289,1.51861,1.33564,1.15549,1.17624,1.20879,1.13639,1.2997,1.24835,1.06751,0.886667,0.8645,0.842333,1.197,1.08617,1.00858,1.12496,1.13881,1.16791,1.22679,1.23406,1.1712,1.20626,1.20163,1.13282,1.23141,1.16987,1.16127,1.24563,1.19915,1.17591,1.27512,1.54639,1.34953,1.2511,1.17972,1.25486,1.22593,1.14496,1.21532,1.16182,1.17941,1.25471,1.13719,1.12276,1.22638,1.21169,1.02701,0.842333,0.931,0.975333,1.197,1.21917,1.14158,1.21362,1.05015,0.886667,1.1305,1.09725,1.08062,1.18315,1.28567,1.14149,1.14149,1.14149,1.14149,1.14149,1.14149,1.14149,1.14149,1.14149,1.14149,1.14149,1.14149,1.14149,1.14149,1.14149,1.14149,1.14149,1.14149,1.14149,1.14149,1.14149,1.14149,1.14149,12,3,7
1.24133,1.41867,1.41867,1.463,1.55167,1.37433,1.2635,1.18592,1.47962,1.47131,1.51149,1.59808,1.46404,1.13102,0.798,1.10833,0.953167,0.798,1.10833,0.953167,0.798,0.798,0.798,0.798,1.08617,1.34108,1.44637,1.49902,1.59184,1.54959,1.48413,1.14106,0.798,0.842333,1.21917,1.18592,1.12496,0.961479,0.798,0.886667,0.886667,0.886667,0.908833,0.986417,1.24687,1.46577,1.39789,1.23094,1.0588,0.886667,1.33,1.10833,0.886667,1.1305,1.40758,1.36879,1.39373,1.45053,1.12427,0.798,0.886667,1.24133,1.37433,1.44083,1.42975,1.51287,1.42144,1.37572,1.48586,1.45226,1.59063,1.50465,1.19566,0.886667,1.10833,1.04183,1.14158,1.41312,1.46023,1.43945,1.20739,1.0027,0.798,1.04183,1.29675,1.51287,1.42144,1.55305,1.41936,1.55201,1.19717,0.842333,1.01967,0.931,0.842333,1.1305,1.31892,1.41312,1.39373,1.49486,1.596,1.21566,1.21566,1.21566,1.21566,1.21566,1.21566,1.21566,1.21566,1.21566,1.21566,1.21566,1.21566,1.21566,1.21566,1.21566,1.21566,1.21566,1.21566,1.21566,1.21566,1.21566,1.21566,1.21566,1.21566,1.21566,1.21566,1.21566,1.21566,1.21566,1.21566,1.21566,1.21566,26,7,12
0.798,0.798,0.798,0.798,1.17483,1.16375,1.29121,1.3106,1.36464,1.30298,1.56033,1.4895,1.36541,1.08171,0.798,0.798,1.15267,1.064,0.931,0.798,0.908833,0.853417,0.798,0.886667,0.842333,0.798,1.01967,0.908833,0.798,0.798,0.842333,0.886667,0.842333,0.798,0.798,0.798,1.064,1.24133,1.44083,1.56275,1.31337,1.45469,1.21501,1.27251,1.16825,1.24913,1.4004,1.27653,1.0816,0.886667,0.9975,0.89775,0.798,0.886667,0.886667,0.886667,0.886667,0.886667,0.798,0.8645,1.09725,1.23579,1.3494,1.1402,1.2351,1.30472,1.38386,1.33476,1.68705,1.44202,1.54118,1.45776,1.37171,1.46169,1.37368,1.35184,1.47392,1.33546,1.0889,0.842333,0.886667,1.37433,1.37433,1.50733,1.24133,1.21917,1.23025,1.19146,1.30506,1.05153,0.798,0.798,0.798,0.798,0.798,0.908833,1.11942,1.31337,1.41035,1.41451,1.10626,0.798,0.886667,0.908833,1.18592,1.34662,1.38265,1.26766,1.15267,1.1093,1.1093,1.1093,1.1093,1.1093,1.1093,1.1093,1.1093,1.1093,1.1093,1.1093,1.1093,1.1093,1.1093,1.1093,1.1093,1.1093,1.1093,1.1093,1.1093,1.1093,1.1093,1.1093,1.1093,14,4,0
0.975333,1.1305,1.40758,1.30229,1.29398,1.35632,1.45399,1.3255,1.59375,1.30671,1.56219,1.40176,1.69838,1.42552,1.59943,1.39821,1.40844,1.36922,1.50478,1.35089,1.42911,1.44606,1.52103,1.46985,1.20042,1.11005,1.19786,1.48559,1.31913,1.32457,1.41595,1.12914,0.842333,0.842333,0.8645,0.886667,0.975333,1.3965,1.31892,1.41312,1.37156,1.57245,1.34039,1.4682,1.35476,1.45322,1.41377,1.50489,1.37311,1.63972,1.39619,1.67343,1.39088,1.38261,1.4228,1.5094,1.37537,1.41918,1.39676,1.42988,1.13611,0.842333,1.17483,1.25242,1.29121,1.3771,1.13189,0.886667,0.798,1.33,1.21917,1.36325,1.32446,1.3494,1.29536,1.42352,1.31026,1.38663,1.33615,1.39957,1.27612,1.36956,1.28328,1.37314,1.3959,1.60679,1.35756,1.43245,1.38122,1.64378,1.30956,1.45278,1.43572,1.64886,1.40076,1.34322,1.28567,1.33986,1.33986,1.33986,1.33986,1.33986,1.33986,1.33986,1.33986,1.33986,1.33986,1.33986,1.33986,1.33986,1.33986,1.33986,1.33986,1.33986,1.33986,1.33986,1.33986,1.33986,1.33986,1.33986,1.33986,1.33986,1.33986,1.33986,1.33986,1.33986,1.33986,1.33986,1.33986,1.33986,1.33986,1.33986,1.33986,10,5,2
1.28567,1.17483,1.23025,1.16929,1.20531,1.15682,1.17691,1.14262,1.21414,1.18341,1.30104,1.27118,1.36709,1.28205,1.28386,1.21826,1.20763,1.15798,1.22182,1.18725,1.28079,1.23889,1.32878,1.26289,1.27428,1.23564,1.23849,1.17341,1.22954,1.21327,1.31597,1.25648,1.40408,1.3227,1.41502,1.32818,1.28475,1.26304,1.27436,1.25784,1.33826,1.28979,1.3764,1.30887,1.31943,1.28038,1.26086,1.20676,1.20188,1.22161,1.2758,1.2364,1.37187,1.28443,1.32938,1.24103,1.26335,1.25234,1.35767,1.32167,1.4145,1.37225,1.46196,1.35165,1.31866,1.30216,1.31608,1.30087,1.35977,1.30055,1.33744,1.24505,1.26536,1.20901,1.20301,1.1335,1.18742,1.17004,1.27219,1.19026,1.37096,1.30615,1.45107,1.32404,1.28269,1.28418,1.41792,1.32963,1.55148,1.32991,1.37429,1.30781,1.25241,1.26904,1.32168,1.28151,1.41659,1.28463,1.30731,1.25216,1.24675,1.24404,1.24133,1.28091,1.28091,1.28091,1.28091,1.28091,1.28091,1.28091,1.28091,1.28091,1.28091,1.28091,1.28091,1.28091,1.28091,1.28091,1.28091,1.28091,1.28091,1.28091,1.28091,1.28091,1.28091,1.28091,1.28091,1.28091,1.28091,1.28091,1.28091,1.28091,1.28091,0,0,3
1.33,1.2635,1.18592,1.19146,1.1499,1.19561,1.17414,1.20774,1.2467,1.22185,1.20943,1.20321,1.20011,1.19855,1.19778,1.21955,1.25261,1.24697,1.24415,1.22058,1.20879,1.24723,1.22211,1.25389,1.24761,1.20014,1.28724,1.21995,1.23064,1.21382,1.24974,1.26771,1.21019,1.18143,1.23355,1.19311,1.19505,1.19603,1.19651,1.19676,1.19688,1.24127,1.21914,1.20807,1.20253,1.1776,1.1873,1.21432,1.18349,1.21241,1.18254,1.18977,1.19338,1.15086,1.17393,1.20763,1.20232,1.22182,1.16508,1.15887,1.11144,1.15422,1.08694,1.09764,1.08082,1.11674,1.11254,1.1326,1.14263,1.12548,1.13908,1.1237,1.13819,1.14543,1.12688,1.16194,1.1573,1.15498,1.15383,1.13108,1.11971,1.15835,1.15551,1.19842,1.24204,1.21952,1.20826,1.20263,1.19982,1.22057,1.20879,1.26939,1.2332,1.19293,1.21713,1.1849,1.21312,1.18289,1.21211,1.22672,1.25619,1.2266,1.32263,1.23765,1.23949,1.19608,1.19654,1.21894,1.1858,1.14707,1.10833,1.19545,1.19545,1.19545,1.19545,1.19545,1.19545,1.19545,1.19545,1.19545,1.19545,1.19545,1.19545,1.19545,1.19545,1.19545,1.19545,1.19545,1.19545,1.19545,1.19545,1.19545,1.19545,0,1,0
1.24133,1.17483,1.11942,1.15821,1.06677,1.15405,1.08686,1.1641,1.11405,1.15552,1.0876,1.09796,1.05882,1.12791,1.05162,1.12431,1.04982,1.12341,1.07154,1.1121,1.11022,1.17578,1.05339,1.12519,1.05026,1.0793,1.04948,1.10107,1.0382,1.13977,1.05755,1.14944,1.08455,1.18511,1.08022,1.20511,1.06806,1.13253,1.0761,1.07005,1.06702,1.08768,1.03151,1.06992,1.04479,1.1209,1.04811,1.14472,1.03786,1.1396,1.07963,1.13832,1.05682,1.10475,1.06221,1.08527,1.0303,1.11365,1.02233,1.13183,1.00925,0.886667,0.931,1.064,0.9975,1.05292,1.01412,1.06123,1.04045,1.09656,1.03595,1.11647,1.0459,1.09928,1.05948,1.10607,1.01854,1.0856,1.0083,1.08048,1.00574,1.0792,1.02727,1.08997,0.988317,0.886667,0.908833,1.03075,1.00304,1.07785,1.02659,1.06746,0.999232,1.09812,1.03672,1.11686,1.0461,1.12155,1.02627,1.11164,1.04349,1.05374,1.0367,1.07252,1.02393,1.06613,1.02073,1.0867,1.03102,1.09184,1.03359,1.07096,1.02315,1.06574,1.02054,1.04227,0.986634,1.04748,0.989242,1.04879,1.01206,1.17103,1.33,1.07248,1.07248,1.07248,1.07248,1.07248,1.07248,1.07248,1.07248,1.07248,1.07248,2,0,1
1.33,1.6625,1.38542,1.33554,1.15544,1.15405,1.59669,1.30818,1.29692,1.04746,0.798,1.44083,1.29675,1.60154,1.3106,1.29814,1.07023,0.842333,1.064,1.15267,1.15267,1.21917,1.03075,0.842333,1.44083,1.29675,1.26904,1.05569,0.842333,1.3965,1.20808,1.55721,1.3106,1.27597,1.05915,0.842333,1.35217,1.25242,1.60154,1.3771,1.35355,1.29744,1.15855,1.22211,1.01006,0.798,0.9975,1.05292,1.08062,1.18315,1.32307,1.2157,1.02902,0.842333,1.01967,1.1305,1.05292,1.10279,1.19423,1.04045,0.886667,1.2635,1.20808,1.57937,1.32169,1.32584,1.10626,0.886667,1.41867,1.197,1.61817,1.36325,1.39096,1.11665,0.842333,1.33,1.21917,1.60708,1.35771,1.67635,1.41451,1.37226,1.37329,1.57331,1.27432,1.0805,0.886667,1.01967,1.17483,1.03075,0.886667,1.41867,1.24133,1.24133,1.01967,0.798,1.04183,1.07508,1.11387,1.5766,1.27597,1.61332,1.95067,1.22139,1.22139,1.22139,1.22139,1.22139,1.22139,1.22139,1.22139,1.22139,1.22139,1.22139,1.22139,1.22139,1.22139,1.22139,1.22139,1.22139,1.22139,1.22139,1.22139,1.22139,1.22139,1.22139,1.22139,1.22139,1.22139,1.22139,1.22139,1.22139,1.22139,4,5,5
1.596,1.57383,1.71792,1.39096,1.67081,1.36741,1.37087,1.41693,1.3513,1.45148,1.70108,1.36037,1.67769,1.37084,1.30609,1.47321,1.37944,1.39905,1.38669,1.40268,1.65451,1.33709,1.62171,1.32069,1.28101,1.34984,1.29559,1.37929,1.33248,1.37557,1.59662,1.28598,1.28582,1.35224,1.29679,1.35773,1.3217,1.32585,1.32792,1.35113,1.5844,1.3242,1.28277,1.37288,1.32927,1.3518,1.31874,1.39087,1.7151,1.38955,1.35978,1.07889,0.798,1.064,1.35217,1.34108,1.46854,1.4436,1.47547,1.40273,1.10037,0.798,0.9975,0.919917,0.842333,1.04183,1.29675,1.31337,1.38819,1.33693,1.46646,1.6864,1.39737,1.31935,1.43551,1.33842,1.44504,1.63136,1.34768,1.67134,1.36767,1.637,1.32833,1.61733,1.3185,1.61242,1.33821,1.6666,1.3653,1.68015,1.39424,1.33995,1.46798,1.596,1.3847,1.3847,1.3847,1.3847,1.3847,1.3847,1.3847,1.3847,1.3847,1.3847,1.3847,1.3847,1.3847,1.3847,1.3847,1.3847,1.3847,1.3847,1.3847,1.3847,1.3847,1.3847,1.3847,1.3847,1.3847,1.3847,1.3847,1.3847,1.3847,1.3847,1.3847,1.3847,1.3847,1.3847,1.3847,1.3847,1.3847,1.3847,1.3847,4,1,3
1.24133,1.30783,1.20808,1.31337,1.23302,1.39234,1.33901,1.401,1.299,1.29233,1.26683,1.32058,1.23663,1.30548,1.25124,1.31279,1.23273,1.2592,1.20593,1.22363,1.18815,1.23691,1.17262,1.18481,1.12441,1.24937,1.20102,1.26551,1.36425,1.79046,1.4494,1.61137,1.44852,1.34492,1.49263,1.47781,1.38174,1.35587,1.34294,1.3143,1.23348,1.23741,1.17287,1.2071,1.17988,1.23278,1.17055,1.29461,1.24581,1.5539,1.28678,1.35273,1.34136,1.35785,1.29959,1.42563,1.35565,1.40932,1.4805,1.49391,1.45629,1.39315,1.31724,1.30145,1.24923,1.28961,1.19897,1.26449,1.20858,1.31362,1.23314,1.28157,1.23929,1.28464,1.19649,1.24108,1.17471,1.29669,1.20251,1.31059,1.27596,1.34731,1.38299,1.40083,1.29891,1.33662,1.24465,1.28732,1.24216,1.30825,1.25262,1.33565,1.24416,1.33141,1.28637,1.28602,1.21934,1.20817,1.18042,1.23304,1.28567,1.30111,1.30111,1.30111,1.30111,1.30111,1.30111,1.30111,1.30111,1.30111,1.30111,1.30111,1.30111,1.30111,1.30111,1.30111,1.30111,1.30111,1.30111,1.30111,1.30111,1.30111,1.30111,1.30111,1.30111,1.30111,1.30111,1.30111,1.30111,1.30111,1.30111,1.30111,1.30111,2,0,0
1.197,1.2635,1.34108,1.53504,1.29952,1.62509,1.32238,1.70302,1.36135,1.54517,1.28242,1.28404,1.06319,0.842333,1.48517,1.25242,1.71237,1.41035,1.34801,1.13951,1.12392,1.18263,1.01248,0.842333,1.01967,0.975333,1.01967,1.33,1.24133,1.21917,1.36325,1.56829,1.29398,1.26766,1.05499,0.842333,1.17483,1.20808,1.57937,1.32169,1.70268,1.38334,1.7335,1.42092,1.37546,1.08673,0.798,0.975333,0.908833,0.842333,1.04183,0.942083,0.842333,1.08617,0.986417,0.886667,1.10833,0.975333,0.842333,1.04183,1.00858,1.08062,1.18315,1.07924,1.09379,1.16756,1.02711,0.886667,1.37433,1.197,1.21917,1.05292,0.886667,1.1305,0.986417,0.842333,1.33,1.197,1.21917,1.11942,1.09171,1.21085,1.04876,0.886667,1.064,0.975333,0.886667,1.3965,1.20808,1.53504,1.29952,1.29259,1.1118,1.11007,1.66337,1.38585,1.33576,1.06688,0.798,1.30783,1.16375,1.18037,1.07785,1.04876,1.21155,1.37433,1.18347,1.18347,1.18347,1.18347,1.18347,1.18347,1.18347,1.18347,1.18347,1.18347,1.18347,1.18347,1.18347,1.18347,1.18347,1.18347,1.18347,1.18347,1.18347,1.18347,1.18347,1.18347,1.18347,1.18347,1.18347,1.18347,1.18347,0,0,0
1.064,1.04183,1.20808,1.04737,0.886667,1.1305,1.42975,1.42421,1.5766,1.47547,1.13673,0.798,1.10833,1.50733,1.44083,1.54058,1.50179,1.63756,1.46161,1.19631,1.15232,1.32983,1.44075,1.42971,1.57935,1.52118,1.64726,1.55513,1.6199,1.49712,1.59089,1.52695,1.60581,1.51224,1.66495,1.49748,1.5689,1.51595,1.53381,1.60924,1.55829,1.48848,1.2319,1.14795,1.34981,1.42857,1.44579,1.56523,1.44761,1.12281,0.798,1.10833,1.44083,1.45192,1.54612,1.4824,1.16236,0.842333,1.10833,1.08617,1.09725,1.28012,1.52673,1.56136,1.53435,1.49867,1.636,1.52734,1.18483,0.842333,1.15267,1.3965,1.40758,1.45746,1.52673,1.49486,1.58977,1.57072,1.49469,1.52318,1.51526,1.46696,1.48715,1.51941,1.4912,1.45494,1.41463,1.50532,1.50633,1.5955,1.48491,1.23012,1.01406,0.798,1.37886,1.37886,1.37886,1.37886,1.37886,1.37886,1.37886,1.37886,1.37886,1.37886,1.37886,1.37886,1.37886,1.37886,1.37886,1.37886,1.37886,1.37886,1.37886,1.37886,1.37886,1.37886,1.37886,1.37886,1.37886,1.37886,1.37886,1.37886,1.37886,1.37886,1.37886,1.37886,1.37886,1.37886,1.37886,1.37886,1.37886,1.37886,1.37886,2,0,0
1.41867,1.10833,0.798,0.9975,1.25242,1.33554,1.55444,1.26489,1.51911,1.42455,1.75411,1.47556,1.58011,1.25556,1.22628,1.38897,1.09349,0.798,1.01967,0.9975,1.03075,1.62371,1.38819,1.15959,1.15613,1.11007,1.4417,1.27502,1.28034,1.03917,0.798,1.1305,0.96425,0.798,1.33,1.21917,1.56275,1.33554,1.06677,0.798,0.931,1.596,1.37433,1.5295,1.38542,1.29121,1.08894,0.886667,1.21917,1.05292,0.886667,1.04183,1.14158,1.12496,1.53781,1.34524,1.64795,1.40031,1.40949,1.10374,0.798,1.10833,1.01967,1.04183,1.36325,1.28012,1.59323,1.37295,1.10764,0.842333,0.953167,0.89775,0.842333,0.975333,1.48517,1.29675,1.09171,0.886667,0.9975,1.14158,1.05846,1.06123,1.12911,1.03006,1.0692,1.37693,1.3313,1.30848,1.11974,1.1362,1.25527,1.07097,0.886667,0.8645,0.842333,0.975333,1.48517,1.25242,1.29121,1.08894,0.886667,1.1305,1.03075,1.06954,1.10833,1.17828,1.17828,1.17828,1.17828,1.17828,1.17828,1.17828,1.17828,1.17828,1.17828,1.17828,1.17828,1.17828,1.17828,1.17828,1.17828,1.17828,1.17828,1.17828,1.17828,1.17828,1.17828,1.17828,1.17828,1.17828,1.17828,1.17828,1.17828,4,0,0
1.15267,1.24133,1.2635,1.25242,1.29121,1.3771,1.26489,1.31961,1.14747,1.10574,1.17353,1.2961,1.26872,1.29936,1.33685,1.31126,1.29846,1.22556,1.23345,1.21522,1.18395,1.16831,1.24915,1.33391,1.24329,1.30881,1.34157,1.29145,1.31073,1.2317,1.17001,1.20567,1.26784,1.21025,1.27013,1.38873,1.2707,1.30035,1.29301,1.22284,1.25425,1.18129,1.12265,1.22632,1.25599,1.20433,1.26717,1.32075,1.25887,1.2501,1.20139,1.13269,1.20918,1.02576,0.842333,1.064,1.15267,1.1305,1.23025,1.34662,1.24965,1.28982,1.37641,1.28671,1.30835,1.27484,1.23592,1.26079,1.11806,1.09103,1.18835,1.17051,1.13942,1.25688,1.04961,0.842333,1.1305,1.45192,1.36879,1.2164,1.2067,1.24618,1.53192,1.38663,1.24748,1.15574,1.2207,1.25319,1.22509,1.23321,1.23727,1.19497,1.26248,1.07458,0.886667,1.08617,1.20808,1.18037,1.27735,1.28151,1.19492,1.26246,1.09673,1.08037,1.20518,1.22326,1.24133,1.22449,1.22449,1.22449,1.22449,1.22449,1.22449,1.22449,1.22449,1.22449,1.22449,1.22449,1.22449,1.22449,1.22449,1.22449,1.22449,1.22449,1.22449,1.22449,1.22449,1.22449,1.22449,1.22449,1.22449,1.22449,1.22449,6,5,9
1.64033,1.55167,1.44083,1.42975,1.37987,1.3771,1.30922,1.34178,1.31372,1.32186,1.37026,1.3723,1.39548,1.49574,1.36854,1.41577,1.41722,1.35144,1.31855,1.30211,1.31606,1.38953,1.3376,1.37813,1.42057,1.41962,1.44131,1.42999,1.46866,1.37716,1.35358,1.34179,1.31373,1.32186,1.30377,1.33905,1.29019,1.3101,1.25355,1.29177,1.20005,1.28719,1.19776,1.33038,1.19719,1.28576,1.24138,1.28569,1.21918,1.27459,1.21363,1.31615,1.25657,1.31545,1.32273,1.4372,1.36143,1.39005,1.42652,1.37826,1.3763,1.37532,1.37482,1.46325,1.35229,1.40764,1.34666,1.55999,1.35633,1.3875,1.29225,1.28896,1.28731,1.33082,1.28608,1.35237,1.25252,1.31343,1.21088,1.31477,1.21155,1.33728,1.2228,1.32074,1.2367,1.30552,1.25126,1.33496,1.22165,1.36449,1.30291,1.42729,1.42298,1.42082,1.50841,1.50787,1.4411,1.37433,1.34787,1.34787,1.34787,1.34787,1.34787,1.34787,1.34787,1.34787,1.34787,1.34787,1.34787,1.34787,1.34787,1.34787,1.34787,1.34787,1.34787,1.34787,1.34787,1.34787,1.34787,1.34787,1.34787,1.34787,1.34787,1.34787,1.34787,1.34787,1.34787,1.34787,1.34787,1.34787,1.34787,1.34787,1.34787,18,9,14
0.975333,1.463,1.35217,1.18592,1.10279,1.17206,1.02936,0.886667,1.10833,1.44083,1.36325,1.12496,0.886667,1.064,1.463,1.3965,1.51842,1.42421,1.55444,1.44222,1.56344,1.44672,1.21103,1.13751,1.25592,1.0713,0.886667,1.10833,1.41867,1.37433,1.61817,1.47408,1.13604,0.798,1.04183,1.49625,1.41312,1.5489,1.43945,1.51772,1.51253,1.5321,1.43105,1.11452,0.798,1.04183,1.31892,1.30229,1.05015,0.798,1.08617,0.96425,0.842333,1.064,0.975333,0.886667,1.08617,0.986417,0.886667,1.10833,1.37433,1.37433,1.1305,0.886667,1.10833,0.9975,0.886667,1.10833,1.48517,1.38542,1.55721,1.4436,1.49764,1.41382,1.46058,1.39529,1.49564,1.45716,1.63741,1.43937,1.20735,1.11351,1.24392,1.46429,1.39715,1.58524,1.45762,1.59331,1.55032,1.52883,1.42941,1.44621,1.3881,1.42555,1.42211,1.42039,1.46386,1.46343,1.28588,1.10833,1.27227,1.27227,1.27227,1.27227,1.27227,1.27227,1.27227,1.27227,1.27227,1.27227,1.27227,1.27227,1.27227,1.27227,1.27227,1.27227,1.27227,1.27227,1.27227,1.27227,1.27227,1.27227,1.27227,1.27227,1.27227,1.27227,1.27227,1.27227,1.27227,1.27227,1.27227,1.27227,1.27227,0,2,0
1.28567,1.15267,1.21917,1.16375,1.06954,1.2441,1.39789,1.36394,1.5243,1.44932,1.32316,1.14925,1.26179,1.05206,0.842333,1.064,0.975333,0.886667,1.10833,1.04183,1.07508,1.18037,1.07785,1.04876,1.12288,1.11561,1.1563,1.19882,1.24224,1.10879,1.24156,1.08628,0.964307,0.842333,0.842333,0.842333,1.064,0.953167,0.842333,1.08617,0.942083,0.798,0.842333,1.01967,0.9975,1.18592,1.19146,1.2164,1.2732,1.05777,0.842333,1.08617,0.986417,0.886667,1.10833,0.9975,0.886667,1.1305,1.36325,1.30229,1.09448,0.886667,1.1305,0.96425,0.798,1.01967,0.9975,0.986417,1.18037,1.05569,1.05984,1.19492,0.996461,0.798,0.842333,0.842333,0.842333,1.10833,0.9975,0.886667,1.1305,1.36325,1.39096,1.51565,1.44499,1.14366,0.842333,1.17483,1.38542,1.31337,1.14435,1.10418,1.19492,1.19596,1.17431,1.22999,1.147,1.06116,1.15125,1.17412,1.18556,1.25778,1.11656,1.15678,1.28772,1.10936,1.06451,1.19726,1.37446,1.35223,1.42978,1.33556,1.19978,1.064,1.11296,1.11296,1.11296,1.11296,1.11296,1.11296,1.11296,1.11296,1.11296,1.11296,1.11296,1.11296,1.11296,1.11296,1.11296,1.11296,1.11296,1.11296,1.11296,12,4,1
1.55167,1.463,1.1305,0.798,0.798,1.10833,1.35217,1.31892,1.32446,1.46023,1.39511,1.38472,1.09136,0.798,0.886667,1.1305,1.36325,1.32446,1.32723,1.10695,0.886667,0.842333,1.10833,1.064,0.931,0.798,1.08617,1.31892,1.25796,1.27181,1.03491,0.798,0.975333,1.197,1.3965,1.31892,1.34662,1.49348,1.38957,1.38195,1.13431,0.886667,0.798,1.08617,1.38542,1.35771,1.38819,1.55859,1.35563,1.34282,1.09257,0.842333,1.04183,1.20808,1.02521,0.842333,1.01967,1.17483,1.00858,0.842333,0.886667,1.15267,0.975333,0.798,0.886667,1.197,1.30783,1.34108,1.33554,1.4436,1.3868,1.4249,1.57695,1.34264,1.38065,1.51049,1.42025,1.35296,1.47448,1.38007,1.35504,1.09868,0.842333,0.798,1.15267,1.35217,1.34108,1.40204,1.47685,1.35909,1.34455,1.09344,0.842333,0.975333,1.197,0.9975,0.798,1.01967,1.21917,1.45192,1.30229,1.33831,1.06816,0.798,0.886667,1.24133,1.17668,1.17668,1.17668,1.17668,1.17668,1.17668,1.17668,1.17668,1.17668,1.17668,1.17668,1.17668,1.17668,1.17668,1.17668,1.17668,1.17668,1.17668,1.17668,1.17668,1.17668,1.17668,1.17668,1.17668,1.17668,1.17668,1.17668,14,2,1
1.463,1.15267,0.842333,0.798,1.24133,1.2635,1.40758,1.34662,1.38265,1.35632,1.43183,1.35875,1.47737,1.35935,1.49984,1.41492,1.70496,1.45098,1.39049,1.11641,0.842333,1.28567,1.30783,1.40758,1.39096,1.47131,1.42282,1.62024,1.40862,1.59098,1.41616,1.61691,1.40696,1.47931,1.42682,1.48924,1.40962,1.70231,1.42749,1.57824,1.47629,1.46964,1.48849,1.43141,1.42504,1.39969,1.36484,1.50259,1.34979,1.5394,1.45687,1.52643,1.47255,1.57861,1.4543,1.48082,1.40541,1.4342,1.42644,1.46688,1.39844,1.45289,1.39144,1.44939,1.32319,1.3931,1.29505,1.46769,1.31018,1.56392,1.35829,1.61015,1.42574,1.71037,1.43152,1.46943,1.46621,1.42027,1.41947,1.4634,1.3967,1.54068,1.34668,1.427,1.40067,1.43183,1.38092,1.37763,1.35381,1.38624,1.29162,1.197,1.40936,1.40936,1.40936,1.40936,1.40936,1.40936,1.40936,1.40936,1.40936,1.40936,1.40936,1.40936,1.40936,1.40936,1.40936,1.40936,1.40936,1.40936,1.40936,1.40936,1.40936,1.40936,1.40936,1.40936,1.40936,1.40936,1.40936,1.40936,1.40936,1.40936,1.40936,1.40936,1.40936,1.40936,1.40936,1.40936,1.40936,1.40936,1.40936,1.40936,1.40936,26,13,10
1.28567,1.1305,1.31892,1.30229,1.22748,1.34524,1.31545,1.18973,1.3707,1.10651,0.842333,1.1305,1.05292,1.03629,1.29398,1.31199,1.16583,1.49175,1.23354,1.14877,1.35022,1.07411,0.798,1.28567,1.064,0.842333,1.37433,1.2635,1.14158,1.30229,1.33831,1.20116,1.37641,1.30887,1.16427,1.35797,1.32182,1.19291,1.66045,1.22923,0.798,1.10833,1.15267,1.064,1.28567,1.1305,1.14158,1.41312,1.1499,0.886667,1.2635,1.27458,1.12496,1.33831,1.13466,1.14366,1.10383,1.10608,1.08504,1.36269,1.14684,1.17192,1.36179,1.30156,1.20495,1.37831,1.26549,1.20908,1.42471,1.11135,0.798,1.10833,1.01967,1.064,1.2635,1.07508,0.886667,1.55167,1.463,1.6625,1.25242,0.842333,1.197,1.10833,1.08617,1.05292,0.947625,0.842333,0.931,1.2635,1.05292,0.842333,1.463,1.30783,1.31892,1.08062,0.842333,1.1305,1.05292,1.10279,1.4159,1.10695,0.798,0.9975,0.919917,0.842333,1.01967,1.17105,1.17105,1.17105,1.17105,1.17105,1.17105,1.17105,1.17105,1.17105,1.17105,1.17105,1.17105,1.17105,1.17105,1.17105,1.17105,1.17105,1.17105,1.17105,1.17105,1.17105,1.17105,1.17105,1.17105,1.17105,1.17105,14,4,3
1.10833,1.37433,1.30783,1.29675,1.35771,1.27735,1.30368,1.40551,1.34559,1.31563,1.58881,1.39291,1.31712,1.34573,1.27136,1.27851,1.34859,1.3393,1.33465,1.55399,1.39766,1.386,1.51317,1.37725,1.30929,1.34181,1.24724,1.28862,1.46448,1.3529,1.31929,1.52414,1.38274,1.3342,1.28777,1.22022,1.25294,1.35797,1.32182,1.30374,1.4277,1.37885,1.31009,1.27571,1.23636,1.23884,1.26226,1.22963,1.25765,1.49332,1.3895,1.33758,1.59979,1.42056,1.35311,1.38589,1.29145,1.33289,1.46444,1.39722,1.31928,1.47981,1.42707,1.35637,1.34318,1.24793,1.2668,1.34273,1.22553,1.27777,1.34822,1.31694,1.32347,1.37107,1.3062,1.29593,1.24647,1.1109,1.17612,1.25306,1.20286,1.24426,1.42013,1.3529,1.34145,1.42439,1.35503,1.32035,1.28084,1.19459,1.24013,1.3294,1.28537,1.30768,1.45184,1.32442,1.32721,1.33,1.33365,1.33365,1.33365,1.33365,1.33365,1.33365,1.33365,1.33365,1.33365,1.33365,1.33365,1.33365,1.33365,1.33365,1.33365,1.33365,1.33365,1.33365,1.33365,1.33365,1.33365,1.33365,1.33365,1.33365,1.33365,1.33365,1.33365,1.33365,1.33365,1.33365,1.33365,1.33365,1.33365,1.33365,1.33365,2,0,1
1.64033,1.55167,1.50733,1.44083,1.74008,1.37987,1.75394,1.3868,1.40273,1.43287,1.7361,1.37788,1.42044,1.46389,1.46344,1.44106,1.74019,1.4021,1.74288,1.38127,1.42214,1.4204,1.7077,1.40802,1.47984,1.47142,1.48938,1.43186,1.73559,1.37763,1.75282,1.38624,1.42462,1.44381,1.74157,1.42495,1.33314,1.48674,1.49704,1.39135,1.47151,1.33425,1.55379,1.3089,1.62978,1.34689,1.38278,1.40072,1.67569,1.34768,1.42751,1.51175,1.50954,1.41977,1.46355,1.46328,1.46314,1.5074,1.4852,1.38543,1.40205,1.45469,1.41451,1.46092,1.41763,1.41815,1.35191,1.40745,1.36873,1.3937,1.36185,1.41242,1.63721,1.35061,1.36247,1.41273,1.37137,1.41718,1.10759,0.798,0.908833,1.40758,1.21362,1.29398,1.35632,1.34316,1.40308,1.67687,1.34827,1.2948,1.24133,1.44098,1.44098,1.44098,1.44098,1.44098,1.44098,1.44098,1.44098,1.44098,1.44098,1.44098,1.44098,1.44098,1.44098,1.44098,1.44098,1.44098,1.44098,1.44098,1.44098,1.44098,1.44098,1.44098,1.44098,1.44098,1.44098,1.44098,1.44098,1.44098,1.44098,1.44098,1.44098,1.44098,1.44098,1.44098,1.44098,1.44098,1.44098,1.44098,1.44098,1.44098,1.44098,6,7,5
1.15267,1.15267,1.08617,1.03075,1.26904,1.34385,1.07093,0.798,0.798,0.886667,1.08617,1.29675,1.09171,0.886667,0.798,0.798,0.798,1.08617,1.09725,1.36879,1.23856,1.32861,1.35147,1.45157,1.25779,1.24956,1.26761,1.21014,1.13707,0.967535,0.798,0.953167,1.16375,1.06954,1.2441,1.04322,0.842333,0.8645,0.886667,1.10833,1.41867,1.28567,1.35217,1.34108,1.33554,1.62094,1.4533,1.14782,0.842333,0.886667,0.886667,0.798,1.01967,1.01967,0.931,0.842333,1.04183,1.18592,1.16929,1.20531,1.11249,1.15474,1.13154,0.96477,0.798,1.10833,1.21917,1.27458,1.47962,1.38265,1.11249,0.842333,0.908833,0.853417,0.798,0.975333,0.9975,1.11942,0.958708,0.798,1.15267,1.37433,1.08617,0.798,1.1305,1.40758,1.19146,1.12773,1.38403,1.55652,1.46542,1.39771,1.14219,0.886667,1.197,1.17483,0.986417,0.798,1.24133,1.10833,1.2635,1.16375,1.29121,1.26627,1.1208,1.2919,1.26662,1.25398,1.24133,1.11807,1.11807,1.11807,1.11807,1.11807,1.11807,1.11807,1.11807,1.11807,1.11807,1.11807,1.11807,1.11807,1.11807,1.11807,1.11807,1.11807,1.11807,1.11807,1.11807,1.11807,1.11807,1.11807,1.11807,4,1,0
0.798,0.931,1.15267,1.08617,0.942083,0.798,1.10833,1.3965,1.69575,1.44637,1.38819,1.49209,1.21155,1.04911,0.886667,1.30783,1.29675,1.42421,1.15544,0.886667,0.8645,0.842333,0.953167,0.96425,0.925458,0.886667,0.798,0.798,1.17483,1.05292,1.34662,1.24965,1.11249,1.06608,1.04287,0.920436,0.798,0.975333,0.975333,1.17483,1.11942,1.46854,1.2441,1.28705,1.39719,1.18626,1.0808,0.939399,0.798,1.064,0.9975,0.919917,0.842333,1.1305,0.96425,0.798,0.975333,1.01967,1.28567,1.064,0.842333,0.931,0.886667,0.842333,0.975333,1.1305,1.16375,1.33554,1.06677,0.798,0.908833,1.00858,1.08062,1.47131,1.42282,1.11041,0.798,1.17483,1.34108,1.20254,1.02244,0.842333,0.975333,0.953167,1.23025,1.41312,1.2164,1.2067,1.00235,0.798,0.931,1.30783,1.56275,1.35771,1.10002,0.842333,0.931,0.886667,0.842333,0.798,1.10833,1.21917,1.23025,1.14712,1.19423,1.28428,1.35147,1.20774,1.26887,1.07777,0.886667,0.798,0.886667,1.08255,1.08255,1.08255,1.08255,1.08255,1.08255,1.08255,1.08255,1.08255,1.08255,1.08255,1.08255,1.08255,1.08255,1.08255,1.08255,1.08255,1.08255,1.08255,1.08255,4,4,1
0.798,0.798,0.798,0.798,0.798,0.953167,1.25242,1.33554,1.26627,1.1873,1.03698,0.886667,1.064,1.2635,1.34108,1.20254,1.26627,1.03214,0.798,0.798,0.798,0.798,0.798,0.886667,1.24133,1.30783,1.23025,1.36879,1.26073,1.16236,1.37918,1.13292,0.886667,1.21917,1.27458,1.16929,1.02798,0.886667,1.01967,0.9975,1.29675,1.15821,1.00027,0.842333,0.820167,0.798,0.798,0.798,0.798,0.842333,0.886667,0.798,0.9975,1.16375,0.980875,0.798,1.064,1.24133,1.24133,1.41867,1.37433,1.37433,1.2635,1.34108,1.15821,0.978104,0.798,1.10833,0.9975,0.886667,0.886667,1.17483,1.34108,1.22471,1.38819,1.35909,1.45538,1.50352,1.57193,1.4953,1.54565,1.41566,1.262,1.3625,1.12458,0.886667,0.798,1.197,1.01967,0.842333,0.953167,0.875583,0.798,1.10833,1.1305,1.27458,1.03629,0.798,0.798,1.15267,1.064,1.064,1.15267,1.37433,1.17483,1.03075,0.886667,1.197,1.33,1.28567,1.08617,0.886667,0.798,1.33,1.08756,1.08756,1.08756,1.08756,1.08756,1.08756,1.08756,1.08756,1.08756,1.08756,1.08756,1.08756,1.08756,1.08756,1.08756,1.08756,1.08756,1.08756,1.08756,0,3,2
1.50733,1.44083,1.29675,1.35771,1.34385,1.07093,0.798,1.1305,1.07508,0.936542,0.798,1.10833,1.21917,1.14158,1.34662,1.29398,1.04599,0.798,1.15267,1.1305,1.07508,1.22471,1.36602,1.21501,1.29467,1.35667,1.25467,1.22583,1.25575,1.33721,1.2006,1.3318,1.3309,1.24178,1.24156,1.33011,1.39656,1.23028,1.21364,1.29399,1.35633,1.2545,1.40308,1.36654,1.08227,0.798,1.08617,1.23025,1.21362,1.36048,1.41174,1.30437,1.40585,1.54526,1.41546,1.10673,0.798,0.886667,0.886667,0.886667,1.08617,1.05292,1.30229,1.22748,1.01274,0.798,0.798,1.08617,1.16375,1.09171,1.27735,1.23718,1.03976,0.842333,1.1305,1.18592,1.12496,1.27181,1.38957,1.20462,1.31164,1.32082,1.21458,1.38312,1.42306,1.15486,0.886667,1.1305,0.96425,0.798,1.10833,1.37433,1.30783,1.36325,1.39096,1.29398,1.31199,1.27666,1.126,1.27233,1.3455,1.24908,1.17871,1.29869,1.35868,1.41867,1.19617,1.19617,1.19617,1.19617,1.19617,1.19617,1.19617,1.19617,1.19617,1.19617,1.19617,1.19617,1.19617,1.19617,1.19617,1.19617,1.19617,1.19617,1.19617,1.19617,1.19617,1.19617,1.19617,1.19617,1.19617,1.19617,1.19617,10,8,4
0.975333,0.908833,0.842333,0.908833,1.49625,1.19146,0.886667,1.28567,1.41867,1.33,1.33,1.44083,1.34108,1.15821,0.978104,0.798,0.975333,1.08617,0.986417,0.886667,1.197,1.2635,1.29675,1.40204,1.47685,1.44776,1.41105,1.48136,1.67168,1.32351,1.50409,1.28404,1.28485,1.39609,1.56255,1.42411,1.55439,1.30919,1.4526,1.34697,1.47148,1.33424,1.50945,1.26456,1.31945,1.41339,1.48253,1.40626,1.4568,1.3934,1.47253,1.2461,1.48755,1.27577,1.56889,1.31644,1.50056,1.30444,1.36156,1.34578,1.29356,1.37828,1.39847,1.3199,1.59095,1.26098,1.20682,1.35708,1.60954,1.2481,0.886667,1.24133,1.3965,1.38542,1.60154,1.3771,1.37572,1.46369,1.52985,1.45209,1.52404,1.36052,1.47826,1.31546,1.25623,1.04928,0.842333,0.886667,1.01967,1.08617,0.986417,0.886667,0.798,0.975333,1.1305,1.23025,1.50179,1.19423,0.886667,1.28312,1.28312,1.28312,1.28312,1.28312,1.28312,1.28312,1.28312,1.28312,1.28312,1.28312,1.28312,1.28312,1.28312,1.28312,1.28312,1.28312,1.28312,1.28312,1.28312,1.28312,1.28312,1.28312,1.28312,1.28312,1.28312,1.28312,1.28312,1.28312,1.28312,1.28312,1.28312,1.28312,1.28312,14,6,4
1.15267,1.15267,1.2635,1.20808,1.18037,1.16652,1.29259,1.22263,1.36498,1.39182,1.42741,1.37871,1.35435,1.34218,1.42475,1.46604,1.66402,1.54134,1.48001,1.6045,1.51158,1.42079,1.15373,0.886667,0.931,0.908833,0.886667,0.975333,1.04183,1.25242,1.24687,1.2441,1.28705,1.21986,1.25276,1.20271,1.08902,1.12085,1.13676,0.967378,0.798,1.064,0.9975,0.942083,0.886667,0.931,0.8645,0.798,1.064,1.24133,1.24133,1.44083,1.29675,1.35771,1.38819,1.44776,1.47755,1.49244,1.32255,1.37061,1.32814,1.41774,1.4182,1.46277,1.57372,1.47403,1.13601,0.798,1.15267,0.975333,0.798,1.15267,1.35217,1.38542,1.51287,1.68744,1.50872,1.46369,1.46335,1.46317,1.48525,1.40763,1.16931,1.05016,1.23441,1.06054,0.886667,1.10833,1.21917,1.16375,1.29121,1.22194,1.0543,0.886667,1.01967,1.08617,1.25242,1.18037,1.01135,0.842333,1.1305,1.23025,1.33,1.22412,1.22412,1.22412,1.22412,1.22412,1.22412,1.22412,1.22412,1.22412,1.22412,1.22412,1.22412,1.22412,1.22412,1.22412,1.22412,1.22412,1.22412,1.22412,1.22412,1.22412,1.22412,1.22412,1.22412,1.22412,1.22412,1.22412,1.22412,1.22412,1.22412,20,5,2
1.33,1.35217,1.42975,1.11387,0.798,0.798,0.798,0.886667,0.842333,0.798,0.842333,0.886667,0.798,1.15267,1.28567,1.33,1.15267,1.10833,0.953167,0.798,0.886667,0.798,0.886667,1.21917,1.36325,1.43529,1.16098,0.886667,0.842333,0.975333,0.908833,0.842333,0.820167,0.798,1.197,1.33,1.5295,1.47408,1.13604,0.798,1.15267,0.9975,0.842333,1.1305,1.00858,0.886667,1.197,0.9975,0.798,1.064,0.931,0.798,0.886667,0.842333,0.798,0.798,0.798,0.798,1.10833,0.953167,0.798,1.10833,0.953167,0.798,1.064,0.931,0.798,0.886667,0.798,0.798,0.798,0.798,1.10833,1.17483,0.986417,0.798,1.01967,0.908833,0.798,1.08617,0.942083,0.798,0.886667,0.842333,0.798,1.17483,1.45192,1.41312,1.12773,0.842333,1.2635,1.42975,1.46854,1.53227,1.5198,1.4914,1.45503,1.39252,1.36126,1.38996,1.40431,1.50016,1.52591,1.51662,1.51198,1.15499,0.798,1.064,1.35217,1.38542,1.09171,0.798,1.05913,1.05913,1.05913,1.05913,1.05913,1.05913,1.05913,1.05913,1.05913,1.05913,1.05913,1.05913,1.05913,1.05913,1.05913,1.05913,1.05913,1.05913,1.05913,1.05913,1.05913,12,5,7
1.10833,0.953167,0.798,1.1305,1.00858,0.886667,0.842333,1.064,1.2635,1.29675,1.42421,1.1111,0.798,0.908833,0.853417,0.798,1.10833,1.21917,1.34108,1.09171,0.842333,0.953167,0.875583,0.798,0.798,0.798,1.064,1.197,1.21917,1.31892,1.56829,1.44915,1.47824,1.49279,1.50006,1.45936,1.39468,1.40667,1.324,1.194,0.996001,0.798,0.842333,0.8645,0.886667,1.01967,0.908833,0.798,0.886667,0.798,0.798,0.798,0.798,0.886667,0.975333,1.10833,1.28567,1.197,1.33,1.10833,0.886667,0.9975,1.25242,1.11387,0.955937,0.798,1.10833,1.41867,1.28567,1.1305,1.00858,0.886667,1.01967,0.908833,0.798,0.798,1.01967,0.908833,0.798,1.01967,1.04183,1.27458,1.05846,0.842333,0.9975,0.89775,0.798,0.798,0.798,0.886667,0.842333,0.798,0.798,1.064,1.28567,1.35217,1.31892,1.28012,1.03906,0.798,0.9975,0.919917,0.842333,0.798,1.064,0.953167,0.842333,0.886667,1.01967,1.15267,1.197,1.30783,1.36325,1.39096,1.22748,1.064,1.04595,1.04595,1.04595,1.04595,1.04595,1.04595,1.04595,1.04595,1.04595,1.04595,1.04595,1.04595,1.04595,1.04595,1.04595,1.04595,1.04595,4,1,3
0.798,1.15267,1.463,1.48517,1.56275,1.49071,1.25519,1.13743,1.45538,1.48136,1.51651,1.57842,1.54288,1.21477,0.886667,1.21917,1.00858,0.798,0.886667,1.17483,1.65142,1.37987,1.33277,1.06539,0.798,1.10833,1.3965,1.36325,1.12496,0.886667,1.197,0.9975,0.798,1.15267,1.3965,1.09725,0.798,0.798,1.10833,0.9975,0.886667,1.197,0.9975,0.798,1.064,1.35217,1.42975,1.55721,1.3106,1.09864,0.886667,1.15267,0.975333,0.798,1.08617,1.40758,1.36879,1.12773,0.886667,1.1305,1.03075,1.11387,1.26627,1.03214,0.798,1.1305,0.96425,0.798,1.15267,1.37433,1.33,1.15267,1.15267,1.28567,1.21917,1.18592,1.28012,1.52673,1.4727,1.13535,0.798,1.10833,0.9975,0.886667,1.15267,1.41867,1.3965,1.09725,0.798,0.798,0.798,1.01967,1.24133,1.463,1.3965,1.31892,1.23579,1.3494,1.0737,0.798,1.064,0.953167,0.842333,1.08617,1.33,1.15134,1.15134,1.15134,1.15134,1.15134,1.15134,1.15134,1.15134,1.15134,1.15134,1.15134,1.15134,1.15134,1.15134,1.15134,1.15134,1.15134,1.15134,1.15134,1.15134,1.15134,1.15134,1.15134,1.15134,1.15134,1.15134,1.15134,1.15134,2,0,0
1.15267,1.197,1.35217,1.51842,1.44637,1.25519,1.18176,1.32238,1.45919,1.43893,1.6283,1.56782,1.53757,1.52245,1.62573,1.61086,1.6256,1.49997,1.23765,1.19516,1.37341,1.48471,1.45169,1.59034,1.5045,1.55025,1.52879,1.6289,1.61245,1.60422,1.46711,1.35422,1.25344,1.44689,1.52144,1.47006,1.64386,1.53126,1.56363,1.51332,1.59899,1.531,1.60783,1.51325,1.73196,1.59748,1.68541,1.55204,1.19718,0.842333,1.17483,1.42975,1.42421,1.55444,1.48655,1.49694,1.47997,1.44932,1.45616,1.48175,1.49454,1.5231,1.49305,1.65536,1.58135,1.65517,1.58125,1.61079,1.51473,1.55536,1.48702,1.51934,1.49117,1.52142,1.51438,1.55519,1.48693,1.69663,1.55765,1.46599,1.4645,1.44158,1.47446,1.4909,1.49911,1.54756,1.41661,1.28567,1.48116,1.48116,1.48116,1.48116,1.48116,1.48116,1.48116,1.48116,1.48116,1.48116,1.48116,1.48116,1.48116,1.48116,1.48116,1.48116,1.48116,1.48116,1.48116,1.48116,1.48116,1.48116,1.48116,1.48116,1.48116,1.48116,1.48116,1.48116,1.48116,1.48116,1.48116,1.48116,1.48116,1.48116,1.48116,1.48116,1.48116,1.48116,1.48116,1.48116,1.48116,1.48116,1.48116,1.48116,1.48116,8,3,2
1.68467,1.463,1.15267,0.842333,0.842333,1.08617,1.29675,1.29121,1.3106,1.16514,1.00373,0.842333,1.064,1.15267,0.9975,0.842333,1.08617,1.42975,1.40204,1.36602,1.14851,0.995422,0.842333,1.064,1.35217,1.36325,1.32446,1.4159,1.28428,1.21847,1.05257,0.886667,0.886667,1.064,1.33,1.28567,1.197,1.1305,1.20808,1.13604,0.989187,0.842333,0.886667,1.01967,1.08617,1.09725,1.21362,1.16098,1.13466,1.18799,1.1925,1.21692,1.33996,1.33498,1.24382,1.35341,1.29737,1.29152,1.33293,1.33146,1.30856,1.43012,1.38006,1.28853,1.10976,1.02038,1.13086,1.23043,1.54621,1.39377,1.36189,1.27944,1.21606,1.25086,1.33476,1.26588,1.27577,1.10339,1.01719,1.12926,1.20747,1.2244,1.49887,1.39227,1.5828,1.4564,1.3932,1.4281,1.33472,1.31019,1.3201,1.30288,1.31644,1.41189,1.34878,1.33939,1.42336,1.31018,1.32009,1.30288,1.31644,1.34539,1.51503,1.33385,1.15267,1.22878,1.22878,1.22878,1.22878,1.22878,1.22878,1.22878,1.22878,1.22878,1.22878,1.22878,1.22878,1.22878,1.22878,1.22878,1.22878,1.22878,1.22878,1.22878,1.22878,1.22878,1.22878,1.22878,1.22878,1.22878,1.22878,1.22878,1.22878,2,0,0
0.886667,1.10833,1.17483,1.16375,1.24687,1.0446,0.842333,0.798,1.10833,1.04183,0.919917,0.798,1.10833,1.41867,1.33,1.37433,1.17483,1.16375,1.20254,1.13327,1.14297,1.30298,1.44949,1.34541,1.38204,1.13435,0.886667,0.798,1.064,0.931,0.798,0.798,1.08617,1.11942,1.13604,1.23302,1.19284,1.21709,1.27354,1.08011,0.886667,0.798,1.10833,1.04183,1.14158,1.28012,1.03906,0.798,1.064,0.931,0.798,1.04183,1.27458,1.21362,1.27181,1.12357,0.960786,0.798,1.064,1.21917,1.20808,1.24687,1.2441,1.24272,1.28636,1.04218,0.798,0.886667,1.1305,1.34108,1.29121,1.35494,1.16514,1.13673,1.2112,1.2706,1.25597,1.29298,1.37799,1.30966,1.31983,1.21408,1.18337,1.27885,1.59259,1.43913,1.27373,1.23537,1.28268,1.35067,1.296,1.313,1.49883,1.39225,1.38329,1.31231,1.25466,1.29233,1.17816,1.18758,1.23662,1.32765,1.30666,1.31833,1.45716,1.34925,1.33962,1.33,1.16946,1.16946,1.16946,1.16946,1.16946,1.16946,1.16946,1.16946,1.16946,1.16946,1.16946,1.16946,1.16946,1.16946,1.16946,1.16946,1.16946,1.16946,1.16946,1.16946,1.16946,1.16946,1.16946,1.16946,1.16946,8,2,3
1.41867,1.33,1.37433,1.24133,1.28567,1.35217,1.29675,1.22471,1.32169,1.14851,1.19492,1.30679,1.29623,1.24662,1.35481,1.3424,1.24754,1.3331,1.19855,1.19778,1.33039,1.15286,1.15276,1.33005,1.06402,0.798,1.10833,1.04183,1.11942,1.29121,1.08894,0.886667,1.197,1.50733,1.50733,1.68467,1.596,1.197,0.798,1.10833,0.9975,0.886667,1.1305,1.09725,1.16929,1.24965,1.11249,1.13258,1.27562,1.08114,0.886667,1.15267,1.064,1.15267,1.28567,1.17483,1.20808,1.49071,1.56552,1.49209,1.74355,1.60327,1.20064,0.798,1.10833,1.064,1.1305,1.29675,1.62371,1.54335,1.21501,0.886667,1.15267,1.064,1.15267,1.28567,1.04183,0.798,1.10833,1.55167,1.5295,1.16375,0.798,1.15267,0.975333,0.798,1.15267,1.463,1.50733,1.64033,1.57383,1.18592,0.798,1.1305,1.00858,0.886667,1.17483,1.56275,1.49071,1.76502,2.03933,1.23212,1.23212,1.23212,1.23212,1.23212,1.23212,1.23212,1.23212,1.23212,1.23212,1.23212,1.23212,1.23212,1.23212,1.23212,1.23212,1.23212,1.23212,1.23212,1.23212,1.23212,1.23212,1.23212,1.23212,1.23212,1.23212,1.23212,1.23212,1.23212,1.23212,1.23212,1.23212,0,0,0
1.15267,1.21917,1.23025,1.28012,1.03906,0.798,1.064,1.1305,1.14158,1.23579,1.2829,1.23995,1.28497,1.26315,1.20791,1.26896,1.23298,1.23716,1.28358,1.21812,1.27406,1.30203,1.24952,1.28976,1.30988,1.27561,1.34714,1.29423,1.33428,1.28781,1.2424,1.26404,1.25268,1.22484,1.25525,1.15963,1.11181,1.17657,1.20895,1.20298,1.26649,1.20958,1.18112,1.27773,1.2152,1.22827,1.2348,1.23807,1.28403,1.37352,1.35176,1.25221,1.20244,1.31055,1.29811,1.26972,1.34419,1.29276,1.22272,1.23202,1.12585,1.13926,1.19029,1.08281,1.18424,1.39012,1.09406,0.798,1.064,1.463,1.41867,1.197,1.15267,1.2635,1.07508,0.886667,1.1305,1.42975,1.69021,1.5101,1.39789,1.23094,1.1918,1.2609,1.18462,1.19081,1.28257,1.21762,1.18514,1.25757,1.11645,1.11239,1.2212,1.18693,1.21413,1.27207,1.07937,0.886667,1.10833,0.953167,0.798,1.10833,1.50733,1.463,1.41867,1.22182,1.22182,1.22182,1.22182,1.22182,1.22182,1.22182,1.22182,1.22182,1.22182,1.22182,1.22182,1.22182,1.22182,1.22182,1.22182,1.22182,1.22182,1.22182,1.22182,1.22182,1.22182,1.22182,1.22182,1.22182,1.22182,1.22182,1.22182,0,2,0
0.798,1.04183,1.31892,1.28012,1.3494,1.29536,1.31268,1.27701,1.32567,1.23917,1.28458,1.26296,1.34081,1.26891,1.27729,1.28148,1.28357,1.21812,1.25189,1.15795,1.22181,1.16507,1.2697,1.18902,1.28168,1.23934,1.30684,1.27408,1.30204,1.24952,1.28976,1.22121,1.27561,1.19197,1.34965,1.20683,1.26841,1.29921,1.35894,1.3223,1.32615,1.28374,1.2847,1.21869,1.25218,1.24675,1.35488,1.25377,1.38055,1.26661,1.34264,1.29199,1.31099,1.254,1.292,1.22233,1.27617,1.23658,1.26112,1.25123,1.29061,1.26597,1.27582,1.23641,1.26104,1.20685,1.26843,1.23271,1.30352,1.22809,1.25688,1.24911,1.26739,1.23219,1.23676,1.23905,1.30669,1.27401,1.32417,1.28275,1.35071,1.29602,1.31301,1.27717,1.28142,1.23921,1.26244,1.20755,1.26878,1.25505,1.33686,1.26693,1.29847,1.31423,1.27778,1.25956,1.25045,1.22372,1.25469,1.18151,1.25576,1.15988,1.24494,1.33,1.26347,1.26347,1.26347,1.26347,1.26347,1.26347,1.26347,1.26347,1.26347,1.26347,1.26347,1.26347,1.26347,1.26347,1.26347,1.26347,1.26347,1.26347,1.26347,1.26347,1.26347,1.26347,1.26347,1.26347,1.26347,1.26347,1.26347,1.26347,1.26347,20,6,8
1.37433,1.24133,1.35217,1.36325,1.25796,1.24965,1.02382,0.798,0.886667,1.10833,1.17483,1.20808,1.31337,1.05569,0.798,1.04183,0.96425,0.886667,1.21917,1.18592,1.03629,0.886667,1.04183,1.11942,1.29121,1.1776,1.16514,1.33623,1.06712,0.798,1.01967,1.04183,1.16375,1.26904,1.29952,1.18176,1.32238,1.34836,1.25051,1.35676,1.14388,1.30344,1.33889,1.22361,1.1438,1.28124,1.08395,0.886667,1.197,1.10833,1.1305,1.31892,1.23579,1.19423,1.30645,1.14089,1.10245,1.23839,1.06253,0.886667,1.04183,0.942083,0.842333,1.064,1.10833,1.15267,1.2635,1.11942,1.18037,1.38819,1.18176,1.10071,1.21536,1.36135,1.16834,1.2935,1.35608,1.21004,1.33652,1.11159,0.886667,1.10833,1.1305,1.09725,1.32446,1.19423,1.12911,1.22956,1.27978,1.17189,1.38394,1.24614,1.1329,1.25362,1.13664,1.23332,1.32599,1.328,1.21817,1.31842,1.34637,1.27169,1.36734,1.37084,1.23959,1.37346,1.39606,1.41867,1.17921,1.17921,1.17921,1.17921,1.17921,1.17921,1.17921,1.17921,1.17921,1.17921,1.17921,1.17921,1.17921,1.17921,1.17921,1.17921,1.17921,1.17921,1.17921,1.17921,1.17921,1.17921,1.17921,1.17921,1.17921,4,5,1
1.01967,1.08617,1.05292,1.14712,1.26073,1.1402,1.19077,1.26038,1.20652,1.13526,1.21046,1.0929,1.12278,1.22639,1.10086,1.08243,1.20622,1.00211,0.798,0.953167,0.986417,1.11387,1.13327,1.09864,1.08132,1.07266,0.979663,0.886667,0.842333,0.798,1.1305,1.00858,0.886667,0.798,0.798,1.064,1.01967,1.01967,1.24133,1.50733,1.44083,1.11942,0.798,1.10833,1.04183,1.00858,1.12496,0.961479,0.798,1.01967,0.953167,0.886667,1.10833,0.953167,0.798,0.931,0.8645,0.798,0.9975,0.919917,0.842333,0.798,1.21917,1.23025,1.05846,0.886667,1.197,1.04183,0.886667,1.10833,1.04183,0.986417,1.00304,0.900521,0.798,0.975333,0.9975,0.96425,1.12496,0.961479,0.798,0.975333,0.886667,0.798,1.01967,1.01967,1.064,1.08617,1.07508,1.02521,1.00027,0.899135,0.798,0.798,1.10833,1.04183,0.942083,0.842333,0.908833,0.986417,0.980875,0.933771,0.886667,1.04183,1.00858,1.03629,1.18315,1.03491,0.886667,0.886667,0.886667,0.886667,1.064,1.01967,1.01967,1.1305,0.96425,0.798,0.975333,1.15267,1.01054,1.01054,1.01054,1.01054,1.01054,1.01054,1.01054,1.01054,1.01054,1.01054,1.01054,1.01054,1.01054,18,7,6
1.064,1.08617,1.29675,1.13604,1.27735,1.17068,1.33901,1.135,1.32117,1.19258,1.34996,1.18481,1.12441,1.18287,1.25643,1.16022,1.33378,1.22105,1.23119,1.23626,1.34963,1.16248,1.29057,1.15512,1.37556,1.19761,1.35247,1.20824,1.40212,1.23306,1.14853,1.23926,1.2403,1.10782,1.32974,1.08604,0.842333,0.931,1.08617,1.07508,1.29121,1.08894,0.886667,0.953167,1.23025,1.10279,1.26073,1.2067,1.22402,1.16617,1.29242,1.13388,1.18761,1.1258,1.2279,1.12378,1.22689,1.18978,1.25989,1.11761,1.22381,1.12174,1.22587,1.1006,1.2153,1.18398,1.36783,1.17158,1.16212,1.24606,1.2437,1.15385,1.17542,1.11971,1.15836,1.08901,1.20951,1.07025,1.20013,1.08773,1.16453,1.0921,1.16672,1.13752,1.2116,1.15996,1.20065,1.13232,1.23116,1.16975,1.24987,1.15694,1.24347,1.06507,0.886667,0.953167,1.09725,1.16929,1.29398,1.13466,1.29883,1.09275,0.886667,1.01967,1.21917,1.14158,1.39096,1.22748,1.19007,1.15267,1.17702,1.17702,1.17702,1.17702,1.17702,1.17702,1.17702,1.17702,1.17702,1.17702,1.17702,1.17702,1.17702,1.17702,1.17702,1.17702,1.17702,1.17702,1.17702,1.17702,1.17702,1.17702,1.17702,8,3,4
0.886667,1.28567,1.197,1.08617,1.25242,1.37987,1.26627,1.34247,1.11457,0.886667,0.798,0.798,0.798,0.931,1.08617,1.16375,1.15821,1.06677,1.02105,1.04253,0.920263,0.798,0.886667,0.931,1.21917,1.18592,1.12496,1.27181,1.03491,0.798,0.908833,0.942083,0.958708,0.878354,0.798,1.01967,1.1305,1.14158,1.32446,1.2164,1.0072,0.798,0.798,1.01967,1.17483,0.986417,0.798,0.798,0.886667,1.2635,1.34108,1.29121,1.22194,1.1873,1.19215,1.15024,0.996288,0.842333,1.04183,1.09725,0.969792,0.842333,0.798,0.931,1.08617,1.07508,0.958708,0.842333,0.820167,0.798,0.886667,0.975333,1.15267,1.10833,1.2635,1.03075,0.798,0.9975,0.942083,0.886667,1.01967,1.08617,1.03075,0.914375,0.798,0.798,0.798,0.798,1.10833,1.1305,0.96425,0.798,0.798,0.931,0.9975,0.89775,0.798,0.798,0.798,1.197,1.1305,1.27458,1.08062,0.886667,0.842333,0.798,1.04183,0.96425,0.886667,0.886667,0.842333,0.842333,0.842333,1.28567,1.37433,1.463,1.28567,1.17483,1.09725,0.991958,0.886667,1.01193,1.01193,1.01193,1.01193,1.01193,1.01193,1.01193,1.01193,1.01193,1.01193,1.01193,1.01193,6,2,5
0.975333,0.886667,0.886667,0.886667,1.064,1.30783,1.47408,1.44637,1.21085,1.09309,1.14505,1.03802,1.05101,1.12401,1.27134,1.03467,0.798,0.798,0.886667,0.798,1.01967,0.908833,0.798,1.064,0.931,0.798,0.886667,0.886667,0.886667,0.886667,1.01967,0.908833,0.798,0.886667,0.975333,1.10833,0.953167,0.798,1.064,0.931,0.798,0.798,1.064,0.931,0.798,0.975333,1.10833,0.9975,0.886667,1.10833,0.9975,0.886667,1.064,0.975333,0.886667,1.197,0.9975,0.798,0.798,1.17483,1.23025,1.32446,1.4824,1.51703,1.44568,1.18834,1.08184,1.47192,1.44529,1.27681,1.03741,0.798,1.064,0.975333,0.886667,1.21917,1.00858,0.798,1.064,0.931,0.798,0.886667,0.842333,0.798,0.886667,0.842333,0.798,1.08617,0.942083,0.798,0.798,0.798,1.15267,1.197,1.04183,0.886667,1.30783,1.18592,1.21362,1.05015,0.886667,1.10833,0.953167,0.798,1.17483,1.29675,1.13604,1.01135,0.886667,0.8645,0.842333,0.886667,1.01967,1.064,1.10833,1.17483,1.00858,0.842333,1.064,1.01352,1.01352,1.01352,1.01352,1.01352,1.01352,1.01352,1.01352,1.01352,1.01352,1.01352,1.01352,1.01352,1.01352,14,7,5
0.886667,0.975333,0.9975,0.942083,0.886667,0.798,0.798,1.064,1.15267,1.064,1.01967,1.064,1.24133,1.197,1.2635,1.25242,1.15821,1.02244,0.886667,1.15267,1.15267,1.28567,1.2635,1.20808,1.18037,1.01135,0.842333,0.953167,0.919917,0.886667,0.886667,0.798,0.953167,1.14158,1.10279,1.26073,1.25103,1.15752,0.977758,0.798,0.886667,0.798,1.01967,0.9975,1.20808,1.31337,1.14435,1.21501,1.22817,1.27909,1.30454,1.31727,1.23497,1.32682,1.39491,1.27379,1.25756,1.33811,1.20106,1.2212,1.16476,1.33605,1.06702,0.798,0.886667,0.975333,1.10833,1.04183,1.25242,1.02521,0.798,0.798,0.886667,0.842333,0.798,0.798,1.04183,1.18592,1.30229,1.13881,1.23441,1.06054,0.886667,0.798,0.842333,0.908833,1.16375,0.980875,0.798,0.886667,0.931,1.08617,1.05292,1.14712,0.972562,0.798,0.886667,0.886667,0.886667,0.953167,1.09725,1.12496,1.00581,0.886667,0.931,1.04183,0.986417,0.914375,0.842333,1.08617,1.07508,1.20254,1.33277,1.39789,1.14228,0.886667,1.10833,1.33,1.05604,1.05604,1.05604,1.05604,1.05604,1.05604,1.05604,1.05604,1.05604,1.05604,1.05604,1.05604,1.05604,1.05604,1.05604,28,7,9
0.842333,0.798,0.842333,0.842333,0.842333,1.04183,1.27458,1.16929,1.02798,0.886667,0.798,0.842333,0.886667,1.04183,0.96425,0.886667,0.798,1.01967,1.08617,0.986417,0.886667,0.798,1.15267,1.1305,1.27458,1.03629,0.798,0.842333,0.886667,0.798,0.798,0.975333,1.1305,1.18592,1.30229,1.13881,1.14574,0.97187,0.798,0.886667,0.931,0.886667,0.842333,0.842333,0.842333,0.820167,0.798,0.842333,0.953167,1.05292,0.925458,0.798,0.953167,0.986417,0.892208,0.798,0.798,0.842333,0.886667,0.798,0.798,0.798,0.886667,0.798,0.931,0.953167,1.23025,1.01412,0.798,0.798,0.975333,1.08617,1.47408,1.40204,1.27735,1.25934,1.02867,0.798,1.01967,0.9975,1.25242,1.49071,1.45469,1.25934,1.20601,1.002,0.798,0.798,0.798,1.04183,0.96425,0.886667,0.842333,0.798,0.798,1.01967,1.17483,0.986417,0.798,0.908833,0.89775,0.886667,0.798,0.975333,1.15267,1.197,1.21917,1.36325,1.54612,1.4824,1.36186,1.07993,0.798,0.9975,1.18592,1.14712,1.1499,1.10695,1.17414,1.11907,1.064,0.996761,0.996761,0.996761,0.996761,0.996761,0.996761,0.996761,0.996761,0.996761,0.996761,0.996761,0.996761,20,11,6
0.886667,0.9975,1.25242,1.15821,1.13327,1.09864,1.10348,1.12808,1.14037,1.03569,1.04984,1.07909,1.20454,1.00127,0.798,0.798,0.798,0.886667,1.10833,1.1305,1.05292,1.03629,1.00581,1.03491,0.960786,0.886667,0.886667,0.886667,0.931,1.01967,1.17483,1.20808,1.35771,1.38819,1.40343,1.41105,1.39269,1.31701,1.36784,1.39325,1.22863,1.01331,0.798,0.798,0.798,1.04183,1.27458,1.34662,1.42698,1.33416,1.06608,0.798,0.798,0.886667,1.197,1.1305,1.23025,1.23579,1.30506,1.42836,1.35702,1.32134,1.19267,1.12834,1.2735,1.34608,1.16071,1.02369,0.886667,0.886667,1.197,1.04183,0.886667,0.886667,1.01967,1.04183,1.05292,1.12496,1.18315,1.25657,1.20462,1.17864,1.12132,1.09266,1.07833,1.1155,1.15625,1.33179,1.28656,1.04228,0.798,0.798,1.15267,1.30783,1.18592,1.21362,1.31615,1.23441,1.19354,1.21743,1.09638,1.23536,1.01668,0.798,0.842333,0.886667,0.886667,0.886667,0.9975,0.89775,0.798,1.04183,1.11942,1.29121,1.1776,1.064,1.09801,1.09801,1.09801,1.09801,1.09801,1.09801,1.09801,1.09801,1.09801,1.09801,1.09801,1.09801,1.09801,1.09801,1.09801,1.09801,1.09801,16,5,5
1.33,1.30783,1.36325,1.39096,1.13881,0.886667,0.842333,1.08617,1.36325,1.39096,1.44915,1.30091,1.04945,0.798,0.798,1.17483,1.25242,1.40204,1.38819,1.44776,1.38888,1.40377,1.36689,1.34844,1.36139,1.30136,1.40435,1.27851,1.21559,1.33929,1.24598,1.37666,1.309,1.27516,1.39125,1.29412,1.04606,0.798,0.886667,1.10833,0.953167,0.798,0.798,0.820167,0.842333,0.886667,1.197,1.35217,1.38542,1.15821,1.02244,0.886667,1.10833,0.9975,0.886667,0.886667,1.01967,1.2635,1.29675,1.35771,1.41035,1.37018,1.48309,1.53954,1.45694,1.6373,1.35065,1.27383,1.39058,1.36029,1.34514,1.49274,1.3227,1.17118,1.02893,0.886667,0.975333,0.886667,0.798,1.04183,1.31892,1.32446,1.4159,1.57245,1.36256,1.39061,1.09431,0.798,0.798,1.21917,1.23025,1.32446,1.37156,1.35078,1.36256,1.39061,1.31597,1.50032,1.37083,1.46125,1.35129,1.42931,1.20232,0.975333,1.2151,1.2151,1.2151,1.2151,1.2151,1.2151,1.2151,1.2151,1.2151,1.2151,1.2151,1.2151,1.2151,1.2151,1.2151,1.2151,1.2151,1.2151,1.2151,1.2151,1.2151,1.2151,1.2151,1.2151,1.2151,1.2151,1.2151,1.2151,1.2151,14,7,8
0.886667,0.798,1.08617,1.20808,1.00304,0.798,0.798,0.798,0.798,1.15267,1.3965,1.09725,0.798,1.064,0.975333,0.886667,0.886667,1.17483,1.34108,1.06954,0.798,0.975333,1.197,1.04183,0.886667,0.842333,0.798,1.064,1.41867,1.30783,1.34108,1.37987,1.28844,1.04322,0.798,0.975333,0.886667,0.798,0.953167,1.25242,1.04737,0.842333,0.908833,1.11942,0.958708,0.798,0.798,1.17483,0.986417,0.798,0.886667,1.01967,0.9975,0.942083,0.886667,1.10833,0.953167,0.798,1.01967,1.2635,1.38542,1.29121,1.0446,0.798,0.842333,0.886667,0.798,0.798,0.798,0.798,0.931,0.9975,0.89775,0.798,0.798,1.01967,1.1305,1.11942,1.00304,0.886667,0.798,0.798,1.15267,1.33,1.10833,0.886667,0.798,1.15267,1.01967,0.886667,0.798,1.197,0.9975,0.798,0.886667,0.9975,1.03075,1.04737,1.10002,1.01551,1.03976,1.09621,1.16877,1.02772,0.886667,1.197,1.37433,1.35217,1.29675,1.09171,0.886667,1.10833,0.953167,0.798,0.842333,0.798,0.931,1.04183,1.15267,1.00196,1.00196,1.00196,1.00196,1.00196,1.00196,1.00196,1.00196,1.00196,1.00196,1.00196,1.00196,1.00196,1.00196,12,9,9
1.41867,0.798,0.798,0.798,0.798,0.975333,0.975333,0.931,0.886667,0.886667,0.886667,1.064,1.08617,1.05292,1.08062,1.02798,0.935156,0.842333,1.08617,1.09725,1.12496,1.11665,1.28982,1.62024,1.36429,1.25848,1.24991,1.11262,1.17698,1.09832,1.21416,1.18341,1.12371,1.22685,1.12326,0.96063,0.798,0.886667,1.01967,1.04183,1.05292,0.947625,0.842333,0.8645,0.886667,0.953167,1.11942,1.04737,0.967021,0.886667,0.886667,0.886667,0.798,1.01967,1.10833,1.064,1.04183,1.03075,1.02521,1.00027,1.1208,1.1589,1.44395,1.38698,1.31415,1.47724,1.29279,1.40006,1.2542,1.0261,0.798,0.886667,0.8645,0.842333,1.01967,0.908833,0.798,0.886667,0.975333,1.10833,0.975333,0.842333,0.886667,0.798,0.798,0.886667,0.886667,0.886667,1.064,1.197,1.17483,1.11942,1.04737,1.16652,1.15959,1.06746,1.0214,1.08703,1.31935,1.28034,1.43817,1.38409,1.44571,1.36569,1.17051,1.11726,1.04629,0.922147,0.798,1.01967,0.953167,0.886667,0.975333,0.886667,0.798,0.975333,0.931,0.886667,0.798,1.04429,1.04429,1.04429,1.04429,1.04429,1.04429,1.04429,1.04429,1.04429,1.04429,1.04429,1.04429,1.04429,1.04429,8,2,2
0.886667,0.953167,1.09725,0.991958,0.886667,1.04183,1.00858,1.08062,1.16098,1.11249,1.08824,1.14262,1.01464,0.886667,1.064,1.10833,1.08617,1.23025,1.19146,1.0834,1.2067,1.11318,1.08859,1.2093,1.00365,0.798,1.01967,0.953167,0.886667,1.197,0.9975,0.798,0.9975,1.00858,1.14712,1.10556,0.951781,0.798,1.04183,0.919917,0.798,0.975333,1.064,1.10833,1.15267,1.10833,1.21917,1.23025,1.19146,1.1499,1.19561,0.996807,0.798,0.975333,0.886667,0.798,1.01967,0.908833,0.798,1.064,0.953167,0.842333,0.953167,1.00858,1.12496,1.16098,1.06816,1.06608,1.10937,0.99802,0.886667,1.04183,1.05292,1.14712,1.1499,1.23995,1.17414,1.25207,1.06937,0.886667,1.064,1.08617,1.11942,1.13604,1.23302,1.19284,1.23926,1.28463,1.17431,1.25216,1.06941,0.886667,1.41867,1.24133,1.24133,1.01967,0.798,1.01967,0.908833,0.798,1.01967,0.908833,0.798,1.01967,0.908833,0.798,1.01967,0.975333,1.04183,1.11942,1.09171,1.14435,1.17068,1.00651,0.842333,1.064,1.28567,1.04598,1.04598,1.04598,1.04598,1.04598,1.04598,1.04598,1.04598,1.04598,1.04598,1.04598,1.04598,1.04598,1.04598,1.04598,1.04598,18,5,5
1.24133,0.798,1.064,1.10833,1.04183,1.09725,1.25796,1.16098,1.17899,1.07716,1.20358,1.26679,1.07673,0.886667,0.842333,0.798,0.842333,0.8645,0.886667,0.886667,0.886667,0.798,0.798,0.908833,0.942083,0.870042,0.798,0.842333,0.886667,0.931,0.8645,0.798,0.8645,0.96425,1.01412,1.03906,1.05153,0.924766,0.798,1.08617,0.986417,0.886667,0.886667,0.842333,0.798,1.01967,1.04183,1.03075,1.22471,1.10002,1.03768,1.18384,0.990919,0.798,1.1305,1.00858,0.886667,0.886667,0.886667,0.798,1.01967,0.931,0.842333,0.798,0.798,0.798,0.886667,0.931,1.08617,1.09725,1.21362,1.13881,1.10141,1.17137,1.20635,1.00218,0.798,1.064,0.975333,0.886667,0.975333,0.886667,0.798,0.908833,0.942083,1.22471,1.32169,1.14851,1.06192,0.929961,0.798,1.064,0.931,0.798,0.798,1.10833,1.04183,0.96425,0.886667,0.886667,0.886667,1.197,1.08617,1.11942,1.24687,1.28844,1.08755,0.886667,0.842333,0.798,0.975333,1.1305,1.05292,1.19146,1.0834,1.11803,0.958016,0.798,0.798,0.798,0.975333,0.975333,0.975333,0.980165,0.980165,0.980165,0.980165,0.980165,0.980165,0.980165,0.980165,0.980165,0.980165,10,5,7
1.064,1.197,1.21917,1.29675,1.26904,1.29952,1.27043,1.30021,1.29294,1.26714,1.25424,1.20345,1.22239,1.23186,1.2366,1.23897,1.19582,1.19641,1.21887,1.2301,1.23572,1.19419,1.2621,1.20738,1.22436,1.21068,1.20384,1.24475,1.19871,1.26435,1.20851,1.22492,1.25529,1.24831,1.24482,1.24308,1.19787,1.26394,1.18613,1.21373,1.1832,1.21227,1.2268,1.18973,1.1712,1.1841,1.12405,1.18269,1.12335,1.13801,1.12317,1.18225,1.14529,1.25981,1.11757,1.22379,1.16606,1.15936,1.20035,1.17651,1.20892,1.18079,1.2554,1.2262,1.23377,1.19322,1.26161,1.20714,1.22424,1.23278,1.19273,1.21703,1.20701,1.17984,1.25492,1.24813,1.24473,1.24303,1.24218,1.19742,1.24155,1.19711,1.21922,1.18594,1.21364,1.18315,1.21224,1.18245,1.18973,1.1712,1.20627,1.17947,1.2104,1.18153,1.21143,1.27072,1.21169,1.31518,1.21176,1.35954,1.21177,1.20439,1.20069,1.19885,1.19792,1.19746,1.19723,1.197,1.21424,1.21424,1.21424,1.21424,1.21424,1.21424,1.21424,1.21424,1.21424,1.21424,1.21424,1.21424,1.21424,1.21424,1.21424,1.21424,1.21424,1.21424,1.21424,1.21424,1.21424,1.21424,1.21424,1.21424,1.21424,12,7,6
0.886667,0.886667,0.886667,0.798,0.975333,0.886667,0.798,0.886667,0.931,0.886667,0.842333,1.04183,1.14158,1.01412,0.886667,0.798,0.798,0.798,0.8645,0.96425,1.28012,1.26073,1.25103,1.33485,1.24376,1.44205,1.25302,1.44668,1.29967,1.071,0.842333,0.886667,1.01967,1.24133,1.30783,1.34108,1.37987,1.3106,1.36464,1.34732,1.44949,1.34541,1.42637,1.28952,1.39843,1.23121,1.01461,0.798,0.931,1.04183,1.23025,1.01412,0.798,0.842333,0.886667,1.01967,1.1305,1.00858,0.886667,0.798,1.08617,1.29675,1.26904,1.34385,1.20393,1.2448,1.30957,1.27545,1.30272,1.40503,1.30101,1.13817,0.968087,0.798,0.886667,1.10833,1.21917,1.31892,1.08062,0.842333,0.798,1.15267,1.24133,1.21917,1.23025,1.34662,1.18315,1.38957,1.16029,1.31164,1.32082,1.32541,1.06171,0.798,0.798,0.798,0.798,0.886667,0.886667,0.886667,0.842333,0.798,0.886667,0.886667,0.886667,0.886667,0.886667,0.842333,0.886667,0.886667,0.886667,0.798,0.798,0.798,0.798,0.886667,0.975333,1.064,1.06035,1.06035,1.06035,1.06035,1.06035,1.06035,1.06035,1.06035,1.06035,1.06035,1.06035,1.06035,1.06035,1.06035,1.06035,18,6,5
0.886667,0.886667,1.064,1.04183,1.09725,1.21362,1.00581,0.798,1.37433,1.30783,1.31892,1.05846,0.798,1.1305,1.05292,1.10279,1.2164,1.18453,1.1686,1.5153,1.44482,1.69774,1.4252,1.1116,0.798,1.10833,1.48517,1.38542,1.35771,1.47685,1.40343,1.45538,1.52569,1.38351,1.55626,1.48746,1.32006,1.12553,1.24993,1.62247,1.4319,1.71345,1.52172,1.42586,1.24493,1.24313,1.24223,1.30828,1.29697,1.33565,1.15549,1.19841,1.30854,1.0976,0.886667,1.15267,1.01967,0.886667,1.3965,1.31892,1.41312,1.5489,1.70545,1.47339,1.4017,1.52101,1.69151,1.46642,1.39821,1.14244,0.886667,0.842333,0.798,0.886667,0.886667,1.01967,0.908833,0.798,1.064,0.975333,0.886667,1.064,1.10833,1.197,1.2635,1.20808,1.22471,1.23302,1.01551,0.798,1.064,0.9975,1.11942,1.26904,1.12219,1.13743,1.23371,1.23752,1.1951,1.26255,1.03027,0.798,1.064,1.04183,1.01967,1.20236,1.20236,1.20236,1.20236,1.20236,1.20236,1.20236,1.20236,1.20236,1.20236,1.20236,1.20236,1.20236,1.20236,1.20236,1.20236,1.20236,1.20236,1.20236,1.20236,1.20236,1.20236,1.20236,1.20236,1.20236,1.20236,1.20236,1.20236,6,0,1
1.41867,1.197,1.197,1.08617,1.11942,1.26904,1.21085,1.24826,1.06746,0.886667,0.886667,0.842333,0.798,0.886667,0.842333,0.798,1.064,1.064,1.197,0.9975,0.798,0.820167,0.842333,0.820167,0.798,0.8645,0.942083,0.958708,0.922687,0.886667,0.975333,0.886667,0.798,0.886667,1.10833,1.15267,0.975333,0.798,0.798,0.798,0.886667,0.798,0.953167,1.25242,1.22471,1.36602,1.17068,1.25034,1.29017,1.04408,0.798,1.15267,0.975333,0.798,0.886667,0.931,0.975333,0.886667,0.798,1.15267,0.975333,0.798,0.842333,0.886667,0.798,0.975333,0.886667,0.798,0.798,0.931,1.28567,1.1305,1.27458,1.30229,1.22748,1.36741,1.32654,1.19527,1.26263,1.03032,0.798,0.886667,1.01967,0.908833,0.798,0.908833,0.875583,0.842333,0.908833,0.986417,0.936542,0.886667,0.886667,0.931,1.28567,1.04183,0.798,0.953167,0.986417,1.11387,1.35494,1.1208,0.886667,1.17483,1.20808,1.18037,1.25519,1.29259,1.1783,1.09898,1.08149,0.939745,0.798,0.886667,1.01967,0.953167,0.886667,0.842333,0.798,0.842333,0.886667,0.798,0.998577,0.998577,0.998577,0.998577,0.998577,0.998577,0.998577,0.998577,0.998577,0.998577,0.998577,12,3,4
0.886667,0.798,0.886667,1.15267,1.15267,0.975333,0.798,0.886667,1.197,1.197,0.9975,0.798,0.798,1.17483,1.25242,1.42421,1.33277,1.24272,1.02036,0.798,1.064,1.21917,1.29675,1.35771,1.47685,1.60293,1.42213,1.13223,0.842333,0.953167,0.942083,0.958708,1.14435,1.37018,1.26142,1.40654,1.32394,1.06097,0.798,0.820167,0.842333,0.9975,1.14158,1.05846,0.972562,0.886667,0.886667,1.064,1.1305,1.00858,0.886667,0.842333,0.798,0.798,1.08617,1.03075,1.13604,1.27735,1.03768,0.798,0.886667,0.842333,0.798,0.798,0.798,0.931,1.064,1.064,1.01967,1.1305,1.09725,1.08062,1.24965,1.04599,0.842333,0.820167,0.798,0.975333,0.975333,0.931,0.886667,0.842333,0.798,0.886667,1.01967,0.953167,0.886667,1.10833,0.953167,0.798,1.01967,0.908833,0.798,0.798,0.798,0.9975,1.16375,1.26904,1.54335,1.43668,1.27251,1.16825,1.13829,1.43365,1.51482,1.28941,1.04371,0.798,1.10833,1.197,0.9975,0.798,0.798,0.798,0.798,0.798,1.197,1.596,1.0395,1.0395,1.0395,1.0395,1.0395,1.0395,1.0395,1.0395,1.0395,1.0395,1.0395,1.0395,1.0395,1.0395,1.0395,18,7,12
1.24133,1.28567,1.24133,1.33,1.28567,1.17483,1.25242,1.33554,1.19977,1.26489,1.36394,1.2583,1.24982,1.33424,1.28779,1.26456,1.25295,1.24714,1.31074,1.27604,1.30302,1.31651,1.23459,1.23796,1.32831,1.19616,1.24091,1.30762,1.29664,1.29116,1.28841,1.30921,1.1866,1.28047,1.3274,1.24003,1.32935,1.32968,1.2855,1.35209,1.25238,1.24685,1.31059,1.3203,1.28082,1.39407,1.22904,1.27952,1.39343,1.27305,1.23502,1.32684,1.19542,1.17404,1.34069,1.33534,1.19967,1.26484,1.36392,1.25829,1.33848,1.24557,1.19912,1.30889,1.27511,1.21389,1.33844,1.33422,1.24344,1.28672,1.35269,1.25268,1.29134,1.222,1.18734,1.2365,1.23892,1.19579,1.30723,1.31861,1.23564,1.32715,1.23991,1.28496,1.30748,1.25224,1.22462,1.27731,1.23715,1.17274,1.29571,1.29069,1.22168,1.3645,1.28075,1.19454,1.3066,1.16314,1.18007,1.2772,1.21493,1.22813,1.23473,1.24133,1.27166,1.27166,1.27166,1.27166,1.27166,1.27166,1.27166,1.27166,1.27166,1.27166,1.27166,1.27166,1.27166,1.27166,1.27166,1.27166,1.27166,1.27166,1.27166,1.27166,1.27166,1.27166,1.27166,1.27166,1.27166,1.27166,1.27166,1.27166,1.27166,10,3,6
0.842333,0.842333,0.842333,0.8645,0.886667,1.01967,1.01967,1.08617,1.23025,1.25796,1.38265,1.40066,1.36533,1.43633,1.38317,1.26792,1.05512,0.842333,0.842333,1.15267,1.1305,1.05292,1.03629,0.939312,0.842333,0.842333,0.8645,0.886667,0.886667,0.8645,0.842333,0.798,0.886667,0.886667,0.798,0.798,0.798,0.798,1.37433,1.197,1.30783,1.38542,1.44637,1.45469,1.39234,1.09517,0.798,0.8645,0.96425,1.05846,0.928229,0.798,0.975333,1.2635,1.18592,1.36879,1.2829,1.39511,1.31822,1.12461,0.961306,0.798,0.9975,0.96425,0.925458,0.886667,0.842333,0.975333,0.9975,1.00858,1.01412,1.26073,1.38403,1.24618,1.22159,1.23146,1.3694,1.26103,1.38418,1.31276,1.38788,1.35894,1.43314,1.31507,1.56637,1.38168,1.13418,0.886667,0.9975,0.986417,0.892208,0.798,1.197,1.21917,1.14158,0.991958,0.842333,1.064,1.01967,0.953167,0.886667,0.798,1.064,1.24133,1.15267,0.9975,0.842333,1.04183,1.00858,1.30229,1.31615,1.50041,1.26004,1.27285,1.28567,1.09157,1.09157,1.09157,1.09157,1.09157,1.09157,1.09157,1.09157,1.09157,1.09157,1.09157,1.09157,1.09157,1.09157,1.09157,1.09157,1.09157,1.09157,8,7,5
0.886667,1.17483,1.20808,1.04737,0.886667,0.886667,0.886667,0.886667,1.08617,1.27458,1.23579,1.4824,1.2732,1.0356,0.798,0.953167,0.919917,0.886667,1.30783,1.18592,1.39096,1.36048,1.32307,1.0827,0.842333,1.064,1.04183,0.986417,1.11387,1.42144,1.30922,1.09794,0.886667,0.842333,0.8645,0.886667,1.08617,0.942083,0.798,1.10833,1.24133,1.24133,1.463,1.17483,0.886667,0.798,1.10833,1.37433,1.33,1.463,1.3965,1.56275,1.42421,1.19977,1.08755,1.14228,1.1253,1.09465,1.41183,1.28225,1.32829,1.41781,1.41824,1.46279,1.35206,1.11936,0.886667,1.10833,0.975333,0.842333,1.197,1.30783,1.31892,1.41312,1.37156,1.28428,1.57314,1.27424,1.36862,1.21631,1.33965,1.33483,1.57625,1.43096,1.15881,0.886667,0.842333,0.798,0.886667,0.798,0.798,0.798,0.798,0.975333,1.10833,1.15267,1.33,1.197,1.2635,1.29675,1.26904,1.36602,1.19284,1.23926,1.30679,1.2519,1.22445,1.197,1.15382,1.15382,1.15382,1.15382,1.15382,1.15382,1.15382,1.15382,1.15382,1.15382,1.15382,1.15382,1.15382,1.15382,1.15382,1.15382,1.15382,1.15382,1.15382,1.15382,1.15382,1.15382,1.15382,1.15382,1.15382,8,4,2
1.596,1.75117,1.45192,1.81212,1.43806,1.5392,1.34593,1.60397,1.37832,1.73099,1.3975,1.23075,1.10304,1.01702,1.12918,1.34042,1.35738,1.29936,1.46984,1.35559,1.52013,1.55806,1.55487,1.3316,1.3308,1.17523,1.05312,1.14722,1.01695,0.886667,1.37433,1.28567,1.33,1.33,1.57383,1.25242,1.13604,1.14435,1.08201,1.53851,1.43425,1.58163,1.76615,1.72541,1.57204,1.38452,1.46809,1.28821,1.59727,1.26414,1.65173,1.35787,1.60993,1.3148,1.54407,1.28187,1.0621,0.842333,0.953167,0.986417,1.40204,1.25519,1.13743,1.18938,1.59219,1.3946,1.53963,1.34615,1.11641,0.886667,0.975333,1.01967,0.908833,0.798,1.2635,1.18592,1.23579,1.2829,1.46161,1.24064,1.08582,0.986243,0.886667,1.463,1.21917,1.45192,1.28012,1.6154,1.56136,1.37918,1.24376,1.28688,1.06461,0.842333,0.8645,0.886667,0.798,1.30783,1.23025,1.15267,1.29494,1.29494,1.29494,1.29494,1.29494,1.29494,1.29494,1.29494,1.29494,1.29494,1.29494,1.29494,1.29494,1.29494,1.29494,1.29494,1.29494,1.29494,1.29494,1.29494,1.29494,1.29494,1.29494,1.29494,1.29494,1.29494,1.29494,1.29494,1.29494,1.29494,1.29494,1.29494,1.29494,0,1,2
0.798,0.798,1.1305,1.31892,1.43529,1.38265,1.37849,1.11041,0.842333,1.1305,1.11942,1.15821,1.26627,1.20947,1.13673,1.2777,1.43685,1.42776,1.17938,1.09952,1.30343,1.11721,1.13494,1.2768,1.1704,1.1172,1.26793,1.32113,1.41423,1.46078,1.41756,1.17428,1.09697,1.30215,1.13874,1.16787,1.29327,1.2008,1.17673,1.3642,1.45793,1.41613,1.26223,1.09662,1.21331,1.13865,1.14566,0.993997,0.842333,1.10833,0.953167,0.798,0.798,1.197,1.21917,1.38542,1.22471,1.07785,1.07093,1.15613,1.33173,1.5082,1.57427,1.38563,1.18048,1.12224,1.15962,1.64381,1.39824,1.45279,1.21406,1.13903,1.38968,1.38201,1.59984,1.42059,1.50829,1.15315,0.798,1.1305,1.03075,1.11387,1.3106,1.43114,1.40273,1.63237,1.54768,1.19501,0.842333,1.08617,0.96425,0.842333,1.1305,1.25242,1.53504,1.41035,1.79134,1.47201,1.17934,0.886667,0.798,1.04183,1.05292,1.064,1.21745,1.21745,1.21745,1.21745,1.21745,1.21745,1.21745,1.21745,1.21745,1.21745,1.21745,1.21745,1.21745,1.21745,1.21745,1.21745,1.21745,1.21745,1.21745,1.21745,1.21745,1.21745,1.21745,1.21745,1.21745,1.21745,1.21745,1.21745,1.21745,2,1,4
1.64033,1.6625,1.38542,1.18037,1.07785,0.98226,0.886667,0.975333,0.9975,1.07508,1.26904,1.27735,1.03768,0.798,0.953167,1.42975,1.24687,1.48794,1.36464,1.45815,1.26108,1.47287,1.31277,1.60955,1.27028,1.63264,1.30399,1.36133,1.34566,1.36,1.23417,1.54808,1.21737,0.886667,1.1305,1.18592,1.05846,1.30506,1.2067,1.55652,1.28809,1.66371,1.31952,1.61293,1.27196,1.36748,1.23791,1.59429,1.30698,1.62882,1.30208,1.38254,1.2676,1.58697,1.28115,1.66024,1.33995,1.73398,1.39899,1.65266,1.314,1.27767,1.28167,1.6605,1.31792,1.47912,1.29373,1.33403,1.19902,1.26451,1.16425,1.22496,1.21098,1.18182,1.03425,0.886667,0.931,1.197,1.1305,1.23025,1.16929,1.47131,1.20116,1.59808,1.28671,1.46352,1.30809,1.34121,1.26911,1.54339,1.21503,0.886667,1.01967,1.48517,1.25242,1.37987,1.1776,0.975333,1.29593,1.29593,1.29593,1.29593,1.29593,1.29593,1.29593,1.29593,1.29593,1.29593,1.29593,1.29593,1.29593,1.29593,1.29593,1.29593,1.29593,1.29593,1.29593,1.29593,1.29593,1.29593,1.29593,1.29593,1.29593,1.29593,1.29593,1.29593,1.29593,1.29593,1.29593,1.29593,1.29593,1.29593,1.29593,4,0,1
1.28567,0.886667,0.953167,1.47408,1.29121,1.35494,1.34247,1.31407,1.3442,1.71393,1.41113,1.76957,1.43895,1.40664,1.41265,1.37133,1.35066,1.07433,0.798,0.931,1.50733,1.30783,1.36325,1.34662,1.31615,1.30091,1.31545,1.32273,1.68103,1.35035,1.65051,1.31292,1.38796,1.29248,1.35557,1.34279,1.69106,1.42186,1.55327,1.3308,1.37473,1.35237,1.34118,1.33559,1.64313,1.30923,1.62995,1.32481,1.34957,1.31762,1.32381,1.3269,1.70529,1.38464,1.80065,1.45449,1.72475,1.41654,1.3511,1.36272,1.34636,1.31601,1.32301,1.21567,1.6275,1.36792,1.65929,1.38381,1.37907,1.35454,1.3201,1.30288,1.31644,1.34539,1.64803,1.35601,1.36517,1.32542,1.30554,1.27344,1.52339,1.24936,1.62218,1.36526,1.68013,1.4164,1.3732,1.39593,1.6068,1.31323,1.65412,1.38122,1.10833,1.38845,1.38845,1.38845,1.38845,1.38845,1.38845,1.38845,1.38845,1.38845,1.38845,1.38845,1.38845,1.38845,1.38845,1.38845,1.38845,1.38845,1.38845,1.38845,1.38845,1.38845,1.38845,1.38845,1.38845,1.38845,1.38845,1.38845,1.38845,1.38845,1.38845,1.38845,1.38845,1.38845,1.38845,1.38845,1.38845,1.38845,1.38845,1.38845,1.38845,0,0,0
1.41867,1.44083,1.40758,1.34662,1.29398,1.31199,1.05499,0.798,1.10833,1.3965,1.40758,1.50179,1.46023,1.57245,1.47339,1.15786,0.842333,1.10833,0.9975,0.886667,1.1305,1.42975,1.40204,1.58769,1.45884,1.19492,1.12946,1.27406,1.47937,1.42685,1.15676,0.886667,1.21917,1.49625,1.50179,1.4824,1.49486,1.4346,1.42663,1.59998,1.48716,1.16475,0.842333,1.1305,1.20808,1.29121,1.2441,1.30922,1.14228,1.21397,1.27199,1.38966,1.42633,1.46683,1.44275,1.40854,1.63527,1.54914,1.57257,1.51778,1.53473,1.4767,1.55851,1.51076,1.53121,1.45277,1.41355,1.39394,1.36197,1.39032,1.44883,1.41158,1.52596,1.45014,1.52307,1.47087,1.44477,1.45388,1.43628,1.4053,1.36765,1.32666,1.284,1.32916,1.26308,1.31871,1.14702,1.28284,1.23992,1.26279,1.20773,1.2467,1.17752,1.25376,1.20321,1.22227,1.24133,1.33487,1.33487,1.33487,1.33487,1.33487,1.33487,1.33487,1.33487,1.33487,1.33487,1.33487,1.33487,1.33487,1.33487,1.33487,1.33487,1.33487,1.33487,1.33487,1.33487,1.33487,1.33487,1.33487,1.33487,1.33487,1.33487,1.33487,1.33487,1.33487,1.33487,1.33487,1.33487,1.33487,1.33487,1.33487,1.33487,10,4,4
1.37433,1.41867,1.44083,1.60708,1.29121,1.4436,1.36464,1.59115,1.32758,1.41745,1.32939,1.61786,1.2966,1.62363,1.29948,1.66941,1.32237,1.61435,1.29484,1.62275,1.29904,1.64702,1.33334,1.33167,1.39734,1.36367,1.34683,1.44925,1.32313,1.39306,1.40586,1.41227,1.3933,1.56115,1.24607,1.28804,1.10952,1.37493,1.2638,1.27473,1.2802,1.28293,1.32863,1.55098,1.28532,1.57366,1.29666,1.29117,1.37708,1.39787,1.36394,1.6573,1.31632,1.65566,1.33766,1.59983,1.30975,1.58587,1.32494,1.6378,1.30657,1.27395,1.36848,1.32707,1.39504,1.47335,1.37951,1.62075,1.34238,1.58002,1.27768,1.43684,1.25042,1.33454,1.22144,1.38655,1.20311,1.31089,1.36478,1.32522,1.41628,1.66131,1.31832,1.65666,1.33816,1.31191,1.43179,1.62473,1.3222,1.5921,1.35022,1.60611,1.31289,1.23278,1.15267,1.40149,1.40149,1.40149,1.40149,1.40149,1.40149,1.40149,1.40149,1.40149,1.40149,1.40149,1.40149,1.40149,1.40149,1.40149,1.40149,1.40149,1.40149,1.40149,1.40149,1.40149,1.40149,1.40149,1.40149,1.40149,1.40149,1.40149,1.40149,1.40149,1.40149,1.40149,1.40149,1.40149,1.40149,1.40149,1.40149,1.40149,1.40149,8,4,0
1.55167,1.48517,1.18592,0.886667,0.886667,1.04183,1.09725,0.947625,0.798,0.953167,1.23025,1.30229,1.60431,1.24549,0.886667,1.064,1.17483,1.29675,1.15821,1.1776,1.2538,1.04807,0.842333,0.9975,1.45192,1.34662,1.13881,1.16791,1.02729,0.886667,0.798,1.3965,1.16375,1.46854,1.28844,1.42005,1.24203,1.37468,1.21934,1.452,1.258,1.05017,0.842333,0.9975,1.25242,1.22471,1.38819,1.22609,1.41105,1.23752,1.37243,1.28471,1.55119,1.26326,1.3853,1.26898,1.03349,0.798,0.798,0.798,1.08617,1.31892,1.23579,1.50456,1.26211,1.40689,1.19111,1.26056,1.16228,1.22397,1.21049,1.35891,1.18929,1.34831,1.20616,1.33458,1.15496,1.33114,1.10891,0.886667,0.9975,1.20808,1.20254,1.06677,1.30922,1.25311,1.40239,1.41053,1.30376,1.33905,1.15719,1.28793,1.10946,1.28623,1.15295,1.33014,1.1749,1.29679,1.15823,1.22195,1.12081,1.07024,0.934118,0.798,0.931,0.975333,0.886667,0.798,1.1793,1.1793,1.1793,1.1793,1.1793,1.1793,1.1793,1.1793,1.1793,1.1793,1.1793,1.1793,1.1793,1.1793,1.1793,1.1793,1.1793,1.1793,1.1793,1.1793,1.1793,1.1793,1.1793,1.1793,1.1793,0,0,0
1.15267,1.064,1.5295,1.29675,1.31337,1.07785,0.842333,1.064,1.064,1.10833,1.197,1.08617,1.11942,1.49071,1.27735,1.56968,1.29467,1.68917,1.37658,1.35329,1.11998,0.886667,1.08617,1.00858,1.12496,1.49348,1.32307,1.30437,1.36152,1.36793,1.3933,1.33948,1.35691,1.34345,1.07073,0.798,1.33,1.21917,1.23025,1.34662,1.51565,1.26766,1.56483,1.33658,1.59929,1.39815,1.65224,1.40245,1.56573,1.33703,1.55518,1.30959,1.5858,1.2584,1.5602,1.3786,1.66463,1.40865,1.36932,1.394,1.53933,1.2795,1.54858,1.32846,1.66173,1.45153,1.34643,1.07222,0.798,1.28567,1.197,1.3965,1.23025,1.41312,1.23856,1.50595,1.26281,1.60674,1.35754,1.63193,1.3923,1.51632,1.29016,1.50958,1.28679,1.57439,1.34136,1.66818,1.41042,1.59188,1.37227,1.26247,1.14107,1.41287,1.21627,1.01967,1.33076,1.33076,1.33076,1.33076,1.33076,1.33076,1.33076,1.33076,1.33076,1.33076,1.33076,1.33076,1.33076,1.33076,1.33076,1.33076,1.33076,1.33076,1.33076,1.33076,1.33076,1.33076,1.33076,1.33076,1.33076,1.33076,1.33076,1.33076,1.33076,1.33076,1.33076,1.33076,1.33076,1.33076,1.33076,1.33076,1.33076,0,0,1
1.197,1.197,1.197,1.17483,1.29675,1.09171,0.886667,0.953167,1.07508,1.09171,1.05569,0.993344,1.00651,1.03525,1.04963,1.03465,1.04932,0.990162,1.04925,0.990124,1.04923,0.990114,1.02706,1.02336,1.13235,1.07601,1.29167,1.04484,0.798,0.975333,1.10833,1.08617,1.18592,1.14712,1.17206,1.2067,1.22402,1.21051,1.18159,1.18929,1.21531,1.25049,1.29025,1.24362,1.22031,1.23082,1.21391,1.22762,1.25664,1.24899,1.28949,1.26541,1.25337,1.20302,1.22218,1.20959,1.24763,1.28881,1.30941,1.43054,1.3581,1.36622,1.28161,1.26147,1.2514,1.2907,1.28818,1.30909,1.16438,1.18069,1.23318,1.25942,1.27254,1.25694,1.24914,1.24523,1.26545,1.12039,1.1587,1.11135,1.15417,1.15342,1.19738,1.17502,1.18601,1.14717,1.14992,1.12913,1.18523,1.19111,1.21622,1.25095,1.26831,1.16615,1.11508,1.13387,1.1211,1.09255,1.10044,1.01572,1.06203,1.01868,1.08567,1.11917,1.13592,1.18863,1.17065,1.13949,1.14608,1.14937,1.17319,1.197,1.16349,1.16349,1.16349,1.16349,1.16349,1.16349,1.16349,1.16349,1.16349,1.16349,1.16349,1.16349,1.16349,1.16349,1.16349,1.16349,1.16349,1.16349,1.16349,1.16349,1.16349,4,2,0
1.41867,1.30783,1.36325,1.36879,1.26073,1.36186,1.5676,1.49313,1.1899,0.886667,1.15267,1.10833,1.10833,1.24133,1.28567,1.197,1.30783,1.58492,1.45746,1.32723,1.21778,1.29606,1.4017,1.27718,1.34792,1.49413,1.34556,1.38212,1.13439,0.886667,1.1305,0.986417,0.842333,1.10833,1.10833,1.1305,1.25242,1.26904,1.21085,1.09309,1.14505,1.23752,1.3946,1.45096,1.19098,1.12749,0.984912,0.842333,0.886667,1.37433,1.2635,1.36325,1.21362,1.16098,1.26766,1.25449,1.22575,1.30004,1.11552,1.08976,1.20988,1.07044,1.08939,1.23186,1.19226,1.17247,1.29557,1.26845,1.23272,1.30353,1.1616,1.15713,1.2879,1.10945,1.13106,1.29703,1.46868,1.42151,1.50875,1.46371,1.66286,1.51859,1.33563,1.26632,1.34249,1.38058,1.28879,1.33156,1.21995,1.20847,1.31357,1.54345,1.43673,1.6272,1.52293,1.2048,0.886667,1.10833,1.24133,1.21917,1.27458,1.23579,1.197,1.2547,1.2547,1.2547,1.2547,1.2547,1.2547,1.2547,1.2547,1.2547,1.2547,1.2547,1.2547,1.2547,1.2547,1.2547,1.2547,1.2547,1.2547,1.2547,1.2547,1.2547,1.2547,1.2547,1.2547,1.2547,1.2547,1.2547,1.2547,1.2547,1.2547,6,5,2
1.15267,1.30783,1.27458,1.47962,1.33831,1.40066,1.29883,1.64691,1.44412,1.47573,1.33636,1.48835,1.36484,1.36959,1.46063,1.46181,1.19641,1.15237,1.57369,1.40751,1.41309,1.17204,1.11802,1.37918,1.33242,1.41988,1.41927,1.55197,1.44098,1.82883,1.46858,1.66529,1.49764,1.48032,1.13916,0.798,1.1305,1.31892,1.25796,1.36048,1.12357,0.886667,1.24133,1.2635,1.34108,1.35771,1.38819,1.60293,1.3778,1.4204,1.35303,1.23068,1.36901,1.26084,1.36192,1.34596,1.40448,1.34507,1.40404,1.32268,1.70318,1.40575,1.41221,1.61494,1.3838,1.4234,1.3767,1.26468,1.38601,1.31367,1.211,1.4035,1.58842,1.52571,1.31702,1.23484,1.41542,1.46138,1.50652,1.37393,1.48496,1.31882,1.39091,1.31612,1.38956,1.58145,1.38922,1.42611,1.37806,1.26536,1.51935,1.24734,1.51034,1.42017,1.33,1.37383,1.37383,1.37383,1.37383,1.37383,1.37383,1.37383,1.37383,1.37383,1.37383,1.37383,1.37383,1.37383,1.37383,1.37383,1.37383,1.37383,1.37383,1.37383,1.37383,1.37383,1.37383,1.37383,1.37383,1.37383,1.37383,1.37383,1.37383,1.37383,1.37383,1.37383,1.37383,1.37383,1.37383,1.37383,1.37383,1.37383,1.37383,0,0,0
1.33,1.24133,1.30783,1.20808,1.18037,1.27735,1.25934,1.20601,1.31234,1.25467,1.22583,1.30008,1.11554,1.11194,1.24314,1.08707,1.0977,1.25818,1.18326,1.16796,1.29331,1.24516,1.22108,1.27554,1.12544,1.11688,1.22344,1.05505,0.886667,1.1305,1.07508,1.13604,1.25519,1.04876,0.842333,1.37433,1.21917,1.65142,1.40204,1.36602,1.12634,0.886667,1.15267,1.01967,0.886667,1.08617,0.986417,0.886667,1.10833,1.04183,1.11942,1.22471,1.14435,1.17068,1.29467,1.11284,1.11058,1.24246,1.0424,0.842333,1.08617,1.03075,1.09171,1.23302,1.10418,1.12842,1.25138,1.55669,1.46551,1.15392,0.842333,1.08617,1.00858,1.10279,1.2164,1.0072,0.798,1.08617,1.36325,1.21362,1.00581,0.798,1.04183,1.05292,1.12496,1.22748,1.21224,1.20462,1.28948,1.15457,1.17579,1.25289,1.13628,1.14447,1.2594,1.18387,1.16827,1.2713,1.23415,1.19341,1.28387,1.1961,1.19655,1.28544,1.08605,0.886667,1.10833,0.9975,0.886667,1.15267,1.15305,1.15305,1.15305,1.15305,1.15305,1.15305,1.15305,1.15305,1.15305,1.15305,1.15305,1.15305,1.15305,1.15305,1.15305,1.15305,1.15305,1.15305,1.15305,1.15305,1.15305,1.15305,1.15305,16,6,4
0.842333,1.1305,1.40758,1.41312,1.57106,1.49486,1.14643,0.798,1.08617,1.38542,1.40204,1.49902,1.45884,1.68259,1.48413,1.29623,1.15795,1.24397,1.44215,1.43041,1.53537,1.43269,1.31484,1.21159,1.24863,1.20065,1.15449,1.30875,1.45237,1.45769,1.59334,1.4395,1.25175,1.22438,1.27719,1.08193,0.886667,1.1305,1.31892,1.34662,1.58215,1.45607,1.12704,0.798,1.064,1.41867,1.37433,1.48517,1.45192,1.59046,1.4824,1.2732,1.14643,1.26038,1.02919,0.798,1.08617,1.38542,1.40204,1.65419,1.51426,1.20046,0.886667,1.15267,1.463,1.44083,1.47408,1.42421,1.48794,1.43114,1.53573,1.43287,1.64743,1.51088,1.61994,1.49714,1.63524,1.46045,1.37306,1.26286,1.29643,1.24672,1.19969,1.26485,1.07576,0.886667,1.08617,0.96425,0.842333,1.08617,1.00858,1.08062,1.16098,1.17899,1.14366,1.23683,1.12825,1.07396,1.01967,1.28826,1.28826,1.28826,1.28826,1.28826,1.28826,1.28826,1.28826,1.28826,1.28826,1.28826,1.28826,1.28826,1.28826,1.28826,1.28826,1.28826,1.28826,1.28826,1.28826,1.28826,1.28826,1.28826,1.28826,1.28826,1.28826,1.28826,1.28826,1.28826,1.28826,1.28826,1.28826,1.28826,1.28826,6,3,3
1.95067,2.01717,1.54058,1.67912,1.43806,1.49486,1.3681,1.61505,1.36169,1.74485,1.38226,1.28963,1.13248,1.43074,1.33604,1.64335,1.35368,1.63,1.43567,1.7375,1.42292,1.53163,1.38648,1.69074,1.4217,1.77485,1.44159,1.40796,1.12515,0.842333,1.50733,1.35217,1.49625,1.39096,1.75948,1.41174,1.76987,1.39477,1.73922,1.42378,1.46555,1.41994,1.64097,1.37465,1.68483,1.41875,1.59604,1.30785,1.54059,1.34663,1.38265,1.37849,1.66458,1.36429,1.70181,1.40507,1.76654,1.4596,1.5943,1.39565,1.67316,1.43508,1.38254,1.15677,1.15472,1.26453,1.11993,1.1363,1.65432,1.40349,1.43325,1.42596,1.55531,1.37616,1.66341,1.36371,1.67935,1.41601,1.68334,1.4845,1.42942,1.44621,1.67627,1.3923,1.38332,1.42316,1.79775,1.49737,1.197,1.47737,1.47737,1.47737,1.47737,1.47737,1.47737,1.47737,1.47737,1.47737,1.47737,1.47737,1.47737,1.47737,1.47737,1.47737,1.47737,1.47737,1.47737,1.47737,1.47737,1.47737,1.47737,1.47737,1.47737,1.47737,1.47737,1.47737,1.47737,1.47737,1.47737,1.47737,1.47737,1.47737,1.47737,1.47737,1.47737,1.47737,1.47737,1.47737,1.47737,1.47737,1.47737,1.47737,1.47737,0,0,0
0.975333,1.17483,1.03075,0.886667,0.842333,0.798,0.798,1.01967,1.28567,1.44083,1.34108,1.42421,1.42144,1.37572,1.39719,1.1641,1.20271,1.37719,1.30926,1.4083,1.45782,1.48257,1.47279,1.46789,1.39895,1.43097,1.40265,1.41066,1.17083,1.02875,0.886667,0.798,0.798,0.798,1.064,0.931,0.798,0.886667,0.798,0.886667,1.15267,0.975333,0.798,1.15267,0.975333,0.798,1.17483,1.27458,1.30229,1.36048,1.38957,1.35979,1.38923,1.40395,1.32264,1.32632,1.32816,1.41775,1.39604,1.42952,1.44626,1.12213,0.798,1.15267,1.37433,1.35217,1.20808,1.09171,1.29952,1.04876,0.798,1.1305,1.09725,1.01412,1.30506,1.42836,1.42352,1.11076,0.798,1.15267,0.9975,0.842333,1.21917,1.34108,1.37987,1.3771,1.44222,1.47478,1.13639,0.798,0.798,0.798,0.886667,0.886667,0.886667,1.197,1.28567,1.35217,1.07508,0.798,0.798,0.798,0.798,0.798,0.798,0.798,0.886667,1.17483,1.16375,1.15267,1.1369,1.1369,1.1369,1.1369,1.1369,1.1369,1.1369,1.1369,1.1369,1.1369,1.1369,1.1369,1.1369,1.1369,1.1369,1.1369,1.1369,1.1369,1.1369,1.1369,1.1369,1.1369,1.1369,0,0,0
1.10833,0.886667,1.28567,1.2635,1.25242,1.09171,1.12219,1.15959,1.1783,1.12115,1.22557,1.25562,1.20414,1.24491,1.06579,0.886667,1.10833,1.1305,1.16375,1.33554,1.35494,1.23164,1.30298,1.31649,1.25675,1.33771,1.11219,0.886667,0.842333,1.064,1.01967,0.908833,0.798,1.01967,0.931,0.842333,1.064,0.931,0.798,0.953167,1.11942,1.35771,1.25519,1.33693,1.35563,1.14332,1.19232,1.28333,1.17366,1.25183,1.24658,1.28829,1.26481,1.34174,1.20287,1.26643,1.07655,0.886667,1.08617,1.27458,1.14712,1.19423,1.30645,1.27389,1.19111,0.994556,0.798,1.08617,1.11942,1.13604,1.25519,1.20393,1.1783,1.18765,1.23666,1.19466,1.12933,1.141,1.05817,1.06108,1.06254,1.19627,1.30747,1.23007,1.19137,1.21635,1.16234,1.13534,1.2105,1.04858,0.886667,1.08617,1.00858,1.23579,1.23856,1.28428,1.12981,1.25207,1.1802,1.09993,1.1263,1.11732,1.17933,1.18816,1.14825,1.17262,1.20698,1.13549,1.16624,1.15946,1.15267,1.14662,1.14662,1.14662,1.14662,1.14662,1.14662,1.14662,1.14662,1.14662,1.14662,1.14662,1.14662,1.14662,1.14662,1.14662,1.14662,1.14662,1.14662,1.14662,1.14662,1.14662,1.14662,4,0,0
1.15267,1.15267,1.2635,1.20808,1.13604,1.27735,1.08201,0.886667,1.01967,0.953167,0.886667,1.08617,1.20808,1.15821,1.13327,1.23164,1.19215,1.28324,1.19579,1.19639,1.5957,1.32985,1.32992,1.15263,1.15265,1.26349,1.18591,1.16929,1.27181,1.16791,1.16029,1.24514,1.04374,0.842333,1.08617,1.03075,0.914375,0.798,1.08617,1.34108,1.22471,1.27735,1.14851,1.12842,1.22921,1.32394,1.21614,1.29523,1.40128,1.25481,1.2924,1.1782,1.16543,1.24772,1.02286,0.798,1.1305,1.03075,1.13604,1.21085,1.18176,1.14505,1.28186,1.21726,1.1628,1.29073,1.24387,1.1761,1.27522,1.03661,0.798,1.08617,1.18592,1.16929,1.00581,0.842333,1.04183,1.20808,1.20254,1.1776,1.20947,1.26973,1.16687,1.24843,1.31138,1.23203,1.28101,1.28334,1.17367,1.25183,1.31308,1.21071,1.27035,1.38884,1.24859,1.13413,1.23206,1.2367,1.28335,1.28451,1.19642,1.24104,1.32986,1.21909,1.27455,1.30227,1.2053,1.10833,1.17795,1.17795,1.17795,1.17795,1.17795,1.17795,1.17795,1.17795,1.17795,1.17795,1.17795,1.17795,1.17795,1.17795,1.17795,1.17795,1.17795,1.17795,1.17795,1.17795,1.17795,1.17795,1.17795,1.17795,1.17795,6,1,4
1.41867,1.44083,1.31892,1.39096,1.29398,1.37849,1.30991,1.31996,1.28064,1.32749,1.24008,1.30721,1.2521,1.29105,1.26619,1.32026,1.32513,1.34973,1.29553,1.33493,1.26597,1.25365,1.24749,1.22225,1.27612,1.34739,1.25003,1.37868,1.26567,1.32,1.30284,1.38292,1.33429,1.37648,1.26457,1.20862,1.02548,0.842333,0.9975,1.16375,1.15821,1.2441,1.19839,1.24203,1.21951,1.29692,1.20263,1.24415,1.22057,1.27529,1.19181,1.26091,1.20679,1.31273,1.25486,1.40326,1.30013,1.24857,1.17845,1.29856,1.29211,1.42189,1.30944,1.38622,1.38028,1.57681,1.3204,1.30303,1.38302,1.35651,1.34325,1.35879,1.32223,1.30395,1.11747,1.2459,1.31012,1.34223,1.31395,1.36631,1.30382,1.31691,1.30129,1.31564,1.27849,1.30424,1.29496,1.35681,1.32124,1.32562,1.34998,1.40649,1.34608,1.40454,1.36727,1.39297,1.38365,1.40116,1.38775,1.31454,1.24133,1.29717,1.29717,1.29717,1.29717,1.29717,1.29717,1.29717,1.29717,1.29717,1.29717,1.29717,1.29717,1.29717,1.29717,1.29717,1.29717,1.29717,1.29717,1.29717,1.29717,1.29717,1.29717,1.29717,1.29717,1.29717,1.29717,1.29717,1.29717,1.29717,1.29717,1.29717,1.29717,10,1,7
1.33,1.33,1.30783,1.36325,1.32446,1.4159,1.32861,1.44014,1.34074,1.35754,1.29943,1.40338,1.27803,1.39268,1.31701,1.36784,1.30458,1.31729,1.27931,1.37116,1.30624,1.38462,1.29081,1.31041,1.27587,1.3251,1.23888,1.12928,1.09664,1.23549,1.26058,1.40612,1.21289,1.36011,1.25639,1.33753,1.3116,1.3873,1.38082,1.28891,1.22079,1.34189,1.29161,1.35514,1.3204,1.43604,1.31652,1.38976,1.33771,1.37819,1.33193,1.33096,1.28615,1.33024,1.26362,1.36331,1.25799,1.31616,1.30091,1.38196,1.24515,1.33191,1.26445,1.36373,1.2582,1.3606,1.30097,1.27115,1.05674,0.842333,1.04183,1.18592,1.28012,1.39373,1.29536,1.35702,1.29917,1.35892,1.25579,1.33723,1.28928,1.37614,1.2644,1.31937,1.25818,1.36059,1.30096,1.35981,1.32274,1.32637,1.30602,1.38451,1.26859,1.34363,1.29248,1.42207,1.30954,1.3641,1.30272,1.24133,1.30729,1.30729,1.30729,1.30729,1.30729,1.30729,1.30729,1.30729,1.30729,1.30729,1.30729,1.30729,1.30729,1.30729,1.30729,1.30729,1.30729,1.30729,1.30729,1.30729,1.30729,1.30729,1.30729,1.30729,1.30729,1.30729,1.30729,1.30729,1.30729,1.30729,1.30729,1.30729,1.30729,0,0,0
1.596,1.61817,1.49625,1.52396,1.47131,1.44499,1.38749,1.33658,1.28896,1.24298,1.24216,1.21958,1.20829,1.22481,1.25524,1.29262,1.31131,1.32065,1.30316,1.36091,1.56712,1.3599,1.32278,1.10472,0.886667,1.1305,1.05292,1.05846,1.19423,1.19561,1.37364,1.48482,1.40741,1.10271,0.798,1.1305,1.31892,1.36879,1.43806,1.4062,1.21293,1.33797,1.37832,1.35416,1.36425,1.36929,1.41614,1.39524,1.51779,1.42389,1.57645,1.43106,1.44703,1.38851,1.35926,1.34463,1.40381,1.38907,1.49254,1.41127,1.5258,1.45007,1.6117,1.51518,1.68859,1.93046,1.54156,1.43578,1.47156,1.44511,1.36539,1.12603,0.886667,1.15267,1.28567,1.57383,1.36325,1.65696,1.38265,1.51149,1.44291,1.40862,1.45798,1.37182,1.39524,1.36262,1.34631,1.31599,1.32299,1.37083,1.28392,1.30696,1.27415,1.25774,1.22737,1.197,1.35546,1.35546,1.35546,1.35546,1.35546,1.35546,1.35546,1.35546,1.35546,1.35546,1.35546,1.35546,1.35546,1.35546,1.35546,1.35546,1.35546,1.35546,1.35546,1.35546,1.35546,1.35546,1.35546,1.35546,1.35546,1.35546,1.35546,1.35546,1.35546,1.35546,1.35546,1.35546,1.35546,1.35546,1.35546,1.35546,1.35546,10,4,4
0.798,1.064,0.975333,0.886667,1.10833,1.08617,0.986417,0.886667,1.10833,1.2635,1.27458,1.12496,0.961479,0.798,1.064,1.064,1.01967,1.21917,1.03075,0.842333,0.9975,0.89775,0.798,1.064,1.28567,1.28567,1.064,0.842333,0.842333,1.24133,1.2635,1.03075,0.798,0.886667,1.15267,1.2635,1.16375,1.29121,1.2441,1.30922,1.38611,1.44672,1.52136,1.47001,1.28917,1.30959,1.20896,1.26948,1.23324,1.23729,1.19498,1.30682,1.38491,1.09146,0.798,0.798,1.064,1.064,1.33,1.24133,1.01967,0.798,0.842333,0.908833,0.89775,0.886667,0.931,0.8645,0.798,1.08617,1.20808,1.31337,1.32169,1.32584,1.41659,1.46196,1.50681,1.46274,1.48504,1.49619,1.36876,1.30505,1.29536,1.26834,1.21051,1.40325,1.23363,1.32615,1.41674,1.4177,1.39602,1.40734,1.32434,1.438,1.3175,1.32375,1.39338,1.49469,1.30151,1.42659,1.33396,1.39848,1.36424,1.43579,1.47156,1.50733,1.18435,1.18435,1.18435,1.18435,1.18435,1.18435,1.18435,1.18435,1.18435,1.18435,1.18435,1.18435,1.18435,1.18435,1.18435,1.18435,1.18435,1.18435,1.18435,1.18435,1.18435,1.18435,1.18435,1.18435,1.18435,1.18435,1.18435,14,7,9
0.975333,0.886667,1.2635,1.11942,1.00304,0.886667,1.197,1.3965,1.38542,1.13604,0.886667,1.15267,0.975333,0.798,0.798,1.1305,1.36325,1.25796,1.38265,1.17899,1.03283,0.886667,0.842333,0.798,1.17483,1.03075,0.886667,1.197,1.01967,0.842333,0.798,1.197,1.30783,1.09725,0.886667,1.08617,1.20808,1.15821,1.02244,0.886667,0.842333,1.1305,0.96425,0.798,1.15267,1.1305,1.11942,1.15821,1.06677,1.06539,1.24203,1.28601,1.21934,1.40767,1.43533,1.31617,1.45608,1.21571,1.13985,1.34576,1.47088,1.46694,1.26547,1.20907,1.33603,1.28868,1.17634,1.31967,1.10317,0.886667,1.08617,0.986417,0.886667,0.842333,0.798,0.798,0.798,1.197,1.064,0.931,0.798,0.842333,0.886667,0.886667,0.8645,0.842333,1.17483,1.05292,1.08062,1.29398,1.04599,0.798,0.798,1.04183,1.05292,1.23579,1.2829,1.26211,1.29606,1.09136,0.886667,1.15267,1.01967,0.886667,1.17483,1.16375,1.18037,1.29952,1.13743,1.12288,1.10833,1.08735,1.08735,1.08735,1.08735,1.08735,1.08735,1.08735,1.08735,1.08735,1.08735,1.08735,1.08735,1.08735,1.08735,1.08735,1.08735,1.08735,1.08735,1.08735,1.08735,1.08735,1.08735,6,1,0
1.463,1.5295,1.42975,1.24687,1.02244,0.798,0.798,0.9975,1.25242,1.37987,1.2441,1.39789,1.14228,0.886667,0.842333,1.197,1.1305,0.96425,0.798,0.842333,0.886667,0.798,1.08617,1.07508,0.936542,0.798,0.9975,1.20808,1.04737,0.886667,0.886667,1.24133,1.01967,0.798,0.886667,1.21917,1.42975,1.26904,1.03352,0.798,0.798,0.975333,1.30783,1.09725,0.886667,0.798,1.197,1.2635,1.29675,1.09171,0.886667,0.798,1.01967,1.30783,1.40758,1.23579,1.46023,1.43945,1.31822,1.43495,1.53764,1.34515,1.38191,1.44462,1.36514,1.08157,0.798,0.842333,0.9975,1.25242,1.20254,1.39927,1.56414,1.53573,1.29987,1.04893,0.798,0.798,0.798,0.798,0.798,0.798,0.886667,0.886667,0.842333,0.798,0.842333,0.886667,1.1305,1.38542,1.31337,1.49902,1.41451,1.21709,1.36221,1.34611,1.22722,1.36728,1.34864,1.25065,1.33466,1.06633,0.798,1.15267,1.08617,1.16375,1.33554,1.22194,1.10833,1.11782,1.11782,1.11782,1.11782,1.11782,1.11782,1.11782,1.11782,1.11782,1.11782,1.11782,1.11782,1.11782,1.11782,1.11782,1.11782,1.11782,1.11782,1.11782,1.11782,1.11782,1.11782,1.11782,1.11782,12,5,4
1.01967,1.08617,1.03075,0.958708,0.886667,0.953167,1.18592,0.991958,0.798,0.798,0.798,0.908833,0.853417,0.798,0.886667,0.798,1.01967,1.24133,1.04183,0.842333,1.17483,1.00858,0.842333,0.798,0.886667,0.953167,0.875583,0.798,0.820167,0.842333,0.798,0.886667,0.842333,0.798,1.1305,1.29675,1.13604,1.25519,1.27043,1.18938,1.39269,1.51651,1.26809,1.05521,0.842333,0.842333,0.975333,0.953167,0.96425,0.925458,0.886667,0.842333,0.9975,1.09725,0.969792,0.842333,0.842333,0.931,1.17483,1.40758,1.12496,0.842333,1.08617,1.03075,1.18037,1.07785,0.937927,0.798,0.886667,0.953167,0.96425,1.01412,1.0834,1.2732,1.39027,1.49313,1.21207,1.07153,1.00127,0.9218,0.842333,1.21917,1.20808,1.13604,0.989187,0.842333,1.08617,1.25242,1.20254,1.08894,1.29814,1.04807,0.798,1.21917,1.07508,0.958708,0.842333,0.886667,1.24133,1.33,1.21917,1.31892,1.30229,1.22748,1.10141,1.03837,1.05118,0.968926,0.886667,1.04183,0.942083,0.842333,1.08617,0.96425,0.842333,1.10833,1.37433,1.0295,1.0295,1.0295,1.0295,1.0295,1.0295,1.0295,1.0295,1.0295,1.0295,1.0295,1.0295,1.0295,1.0295,1.0295,1.0295,4,1,4
1.197,1.2635,1.29675,1.31337,1.18869,1.23718,1.26142,1.31788,1.25744,1.36022,1.34511,1.20455,1.26728,1.29864,1.11482,1.17808,1.2762,1.21444,1.27222,1.32328,1.2823,1.10665,1.01883,1.15225,1.21896,1.00848,0.798,0.842333,1.064,1.28567,1.17483,1.29675,1.29121,1.15544,1.22055,1.09794,1.36914,1.43824,1.42845,1.29056,1.31028,1.34231,1.20315,1.24441,1.26504,1.18669,1.28051,1.41609,1.26221,1.11877,1.00272,0.886667,1.1305,1.18592,1.21362,1.36048,1.30091,1.20462,1.33381,1.0659,0.798,1.17483,1.09725,0.969792,0.842333,1.08617,1.07508,1.26904,1.32169,1.12634,1.27251,1.23475,1.30454,1.3616,1.30147,1.24923,1.22312,1.29873,1.2257,1.30001,1.44801,1.30034,1.33734,1.28933,1.11017,1.28658,1.15313,1.06423,1.21928,1.05297,0.886667,0.798,1.1305,1.25242,1.26904,1.34385,1.38126,1.20046,1.2874,1.3087,1.20852,1.29142,1.42155,1.44227,1.4083,1.37433,1.21549,1.21549,1.21549,1.21549,1.21549,1.21549,1.21549,1.21549,1.21549,1.21549,1.21549,1.21549,1.21549,1.21549,1.21549,1.21549,1.21549,1.21549,1.21549,1.21549,1.21549,1.21549,1.21549,1.21549,1.21549,1.21549,1.21549,6,2,2
1.064,1.01967,1.08617,1.16375,1.02521,0.886667,1.04183,0.919917,0.798,1.01967,0.953167,0.886667,1.064,1.04183,1.03075,1.11387,1.00027,0.886667,1.08617,1.00858,1.10279,1.19423,1.08478,1.07439,1.15786,1.02226,0.886667,1.064,1.1305,1.14158,1.21362,1.20531,1.13466,1.21016,1.02625,0.842333,1.04183,1.05292,1.12496,1.20531,1.09032,1.03283,1.13708,1.03404,1.02685,1.15626,1.0658,1.08707,1.18637,1.16952,1.16109,1.20121,1.30994,1.20914,1.2474,1.2887,1.17635,1.20884,1.22509,1.16671,1.22619,1.30026,1.22646,1.34473,1.07137,0.798,1.04183,0.942083,0.842333,1.15267,1.24133,1.2635,1.09725,1.05846,1.19423,0.996115,0.798,1.04183,1.05292,1.05846,1.12773,1.0072,0.886667,1.10833,1.10833,1.1305,1.20808,1.18037,1.16652,1.24826,1.06746,0.886667,1.064,1.10833,1.10833,1.197,1.17483,1.18592,1.21362,1.16098,1.15682,1.19908,1.19804,1.24185,1.24159,1.17496,1.23031,1.23582,1.21641,1.14021,1.14644,1.12738,1.16219,1.20176,1.24133,1.10605,1.10605,1.10605,1.10605,1.10605,1.10605,1.10605,1.10605,1.10605,1.10605,1.10605,1.10605,1.10605,1.10605,1.10605,1.10605,1.10605,1.10605,8,6,3
1.064,1.15267,1.04183,1.09725,1.19146,1.10556,1.12911,1.20739,1.15786,1.15526,1.22047,1.27523,1.21395,1.24981,1.13474,1.16587,1.2036,1.15597,1.15432,1.26433,1.36366,1.25816,1.31625,1.25662,1.18248,1.23407,1.19337,1.17302,1.25151,1.42375,1.28821,1.33127,1.30847,1.23057,1.30245,1.11673,1.0682,1.17693,1.45297,1.74615,1.38291,1.35645,1.07723,0.798,1.04183,1.20808,1.15821,1.2441,1.37572,1.26419,1.34143,1.40221,1.25527,1.29264,1.24482,1.15441,1.2422,1.1531,1.10855,1.21928,1.18597,1.12499,1.22749,1.14575,1.12704,1.27285,1.05759,0.842333,1.08617,0.96425,0.842333,0.842333,0.842333,0.798,1.064,0.9975,1.05292,1.19146,1.0834,1.11803,1.24618,1.22159,1.2093,1.24748,1.26657,1.23179,1.25873,1.2722,1.21243,1.24905,1.11219,1.11026,1.1758,1.09773,1.14737,1.23868,1.12917,1.14092,1.23546,1.14973,1.12903,1.22952,1.14676,1.17188,1.22877,1.14639,1.17169,1.22868,1.23501,1.083,0.931,1.17889,1.17889,1.17889,1.17889,1.17889,1.17889,1.17889,1.17889,1.17889,1.17889,1.17889,1.17889,1.17889,1.17889,1.17889,1.17889,1.17889,1.17889,1.17889,1.17889,1.17889,1.17889,4,1,1
1.37433,1.24133,1.37433,1.10833,0.842333,1.08617,1.00858,1.01412,1.2164,1.09586,1.0356,1.2493,1.09015,1.07707,1.2257,1.03402,0.842333,1.1305,1.42975,1.49071,1.60985,1.51426,1.1783,0.842333,1.37433,1.28567,1.21917,1.27458,1.41312,1.46023,1.50595,1.52881,1.60674,1.55704,1.46568,1.57518,1.49692,1.59079,1.54906,1.17353,0.798,1.1305,1.45192,1.43529,1.13881,0.842333,0.798,1.24133,1.35217,1.51842,1.51287,1.59877,1.53089,1.18661,0.842333,1.10833,0.9975,0.886667,1.10833,0.975333,0.842333,1.1305,1.45192,1.43529,1.18315,1.05707,1.30437,1.29502,1.33468,1.50967,1.46417,1.15325,0.842333,1.17483,1.05292,1.03629,1.33831,1.51149,1.44291,1.16479,0.886667,1.15267,1.04183,1.03075,1.26904,1.05569,0.842333,1.10833,0.953167,0.798,1.10833,1.44083,1.42975,1.13604,0.842333,1.15267,1.48517,1.42975,1.11387,0.798,0.798,0.820167,0.842333,0.798,1.463,1.20157,1.20157,1.20157,1.20157,1.20157,1.20157,1.20157,1.20157,1.20157,1.20157,1.20157,1.20157,1.20157,1.20157,1.20157,1.20157,1.20157,1.20157,1.20157,1.20157,1.20157,1.20157,1.20157,1.20157,1.20157,1.20157,1.20157,1.20157,6,1,0
1.596,1.33,1.3965,1.36325,1.25796,1.44915,1.56691,1.27112,1.43356,1.13795,0.842333,1.21917,1.00858,0.798,0.953167,1.25242,1.06954,0.886667,0.953167,1.49625,1.50179,1.50456,1.46161,1.21847,1.34074,1.3797,1.37702,1.46434,1.48584,1.31925,1.43546,1.16106,0.886667,0.953167,0.89775,0.842333,1.10833,1.28567,1.17483,1.11942,1.29121,1.35494,1.16514,1.3584,1.2112,1.0711,1.06755,1.30961,1.1868,0.992402,0.798,1.37433,1.50733,1.33,1.33,1.30783,1.18592,1.34662,1.18315,1.14574,1.32654,1.3726,1.30697,1.45148,1.47941,1.29387,1.4006,1.14363,0.886667,0.798,0.798,0.798,0.842333,0.975333,1.2635,1.20808,1.09171,1.32169,1.05984,0.798,1.15267,1.01967,0.886667,1.17483,1.07508,1.18037,1.32169,1.28151,1.46092,1.48413,1.1854,0.886667,0.798,1.15267,1.1305,1.09725,1.36879,1.10556,0.842333,1.17483,1.38542,1.18037,1.36602,1.10418,0.842333,1.19039,1.19039,1.19039,1.19039,1.19039,1.19039,1.19039,1.19039,1.19039,1.19039,1.19039,1.19039,1.19039,1.19039,1.19039,1.19039,1.19039,1.19039,1.19039,1.19039,1.19039,1.19039,1.19039,1.19039,1.19039,1.19039,1.19039,1.19039,6,3,3
1.33,1.35217,1.20808,1.26904,1.21085,1.24826,1.22263,1.07682,1.04824,1.23345,1.10439,1.2172,1.09627,1.21313,1.1829,1.25645,1.24889,1.31161,1.27647,1.2589,1.27228,1.32331,1.23799,1.28399,1.28483,1.30742,1.29654,1.3576,1.3438,1.31473,1.34453,1.33727,1.31147,1.38723,1.24778,1.31106,1.2762,1.34743,1.29438,1.37869,1.28785,1.28676,1.28621,1.30811,1.25255,1.29128,1.1998,1.2649,1.20878,1.31373,1.21103,1.29268,1.22267,1.18767,1.17017,1.05058,1.10163,1.17148,1.11774,1.22387,1.18827,1.25913,1.18373,1.3012,1.22693,1.3228,1.23773,1.3282,1.30693,1.27413,1.30207,1.36037,1.23435,1.30434,1.25067,1.246,1.288,1.309,1.27517,1.30258,1.24979,1.24556,1.26561,1.27564,1.21415,1.31641,1.19021,1.30444,1.20638,1.20169,1.28801,1.28684,1.24192,1.30813,1.20823,1.26911,1.23306,1.25936,1.27251,1.32342,1.26021,1.27294,1.23497,1.10515,0.975333,1.25319,1.25319,1.25319,1.25319,1.25319,1.25319,1.25319,1.25319,1.25319,1.25319,1.25319,1.25319,1.25319,1.25319,1.25319,1.25319,1.25319,1.25319,1.25319,1.25319,1.25319,1.25319,1.25319,1.25319,1.25319,1.25319,1.25319,1.25319,12,5,9
1.55167,1.30783,1.45192,1.59046,1.5489,1.52811,1.45122,1.25761,1.27164,1.21215,1.29324,1.31162,1.71981,1.45841,1.43854,1.4286,1.26847,1.3879,1.18162,1.12281,1.31507,1.2117,1.16002,1.28934,1.2875,1.22009,1.31938,1.25819,1.18326,1.38963,1.60365,1.51116,1.17675,0.842333,1.1305,1.00858,0.886667,1.197,1.01967,0.842333,1.15267,1.01967,0.886667,1.197,1.50733,1.48517,1.56275,1.49071,1.47685,1.46993,1.46646,1.44257,1.56362,1.53547,1.3884,1.4257,1.55518,1.39826,1.40846,1.43573,1.4937,1.45618,1.39309,1.29505,1.35686,1.34343,1.27021,1.36661,1.2153,1.18399,1.30133,1.53733,1.478,1.271,1.234,1.32633,1.32817,1.26258,1.31846,1.39073,1.31603,1.36735,1.23784,1.21742,1.34021,1.09127,0.842333,1.10833,1.10833,1.17483,1.38542,1.31337,1.16652,1.29259,1.59946,1.4869,1.29762,1.29164,1.28567,1.31565,1.31565,1.31565,1.31565,1.31565,1.31565,1.31565,1.31565,1.31565,1.31565,1.31565,1.31565,1.31565,1.31565,1.31565,1.31565,1.31565,1.31565,1.31565,1.31565,1.31565,1.31565,1.31565,1.31565,1.31565,1.31565,1.31565,1.31565,1.31565,1.31565,1.31565,1.31565,1.31565,1.31565,14,5,4
1.197,1.08617,1.11942,1.18037,1.43252,1.33693,1.55513,1.4204,1.1092,0.798,1.01967,0.931,0.842333,1.04183,1.03075,1.09171,1.01135,1.41451,1.30576,1.47304,1.35719,1.49876,1.37005,1.59386,1.4176,1.1078,0.798,1.01967,0.975333,1.04183,1.14158,1.05846,1.0834,1.16236,1.49002,1.34351,1.44759,1.36663,1.50348,1.37241,1.5507,1.39602,1.09701,0.798,1.04183,1.31892,1.30229,1.38265,1.31199,1.38749,1.31441,1.38871,1.29285,1.42226,1.30963,1.51932,1.35816,1.38841,1.31487,1.38894,1.31513,1.54423,1.39278,1.11756,0.842333,1.04183,0.986417,1.04737,1.14435,1.01551,0.886667,1.064,1.33,1.28567,1.37433,1.30783,1.42975,1.33554,1.48794,1.36464,1.52465,1.36083,1.50058,1.34879,1.42806,1.31253,1.45427,1.3478,1.51623,1.35662,1.09947,0.842333,1.01967,0.975333,1.08617,1.16375,1.44637,1.32169,1.52534,1.49417,1.30125,1.10833,1.25176,1.25176,1.25176,1.25176,1.25176,1.25176,1.25176,1.25176,1.25176,1.25176,1.25176,1.25176,1.25176,1.25176,1.25176,1.25176,1.25176,1.25176,1.25176,1.25176,1.25176,1.25176,1.25176,1.25176,1.25176,1.25176,1.25176,1.25176,1.25176,1.25176,1.25176,18,8,12
1.24133,1.2635,1.54058,1.43529,1.16098,0.886667,1.08617,1.00858,1.10279,1.19423,1.08478,1.16306,1.22436,1.56535,1.40334,1.58834,1.437,1.67167,1.50083,1.19375,0.886667,1.08617,0.96425,0.842333,1.064,1.48517,1.38542,1.42421,1.28844,1.57522,1.43044,1.15855,0.886667,1.10833,1.04183,1.11942,1.20254,1.59877,1.44222,1.62994,1.4578,1.15007,0.842333,1.064,1.01967,1.08617,1.20808,1.09171,1.14435,1.23718,1.01759,0.798,1.064,1.35217,1.34108,1.55721,1.4436,1.1208,0.798,1.01967,0.931,0.842333,1.064,1.463,1.37433,1.55167,1.41867,1.10833,0.798,1.064,1.37433,1.33,1.10833,0.886667,1.08617,1.45192,1.36879,1.57106,1.42836,1.13535,0.842333,1.08617,0.986417,0.886667,1.08617,1.03075,1.13604,1.21085,1.46993,1.3778,1.64207,1.3087,1.09768,0.886667,1.10833,1.01967,1.10833,1.197,1.55167,1.41867,1.61817,1.81767,1.21991,1.21991,1.21991,1.21991,1.21991,1.21991,1.21991,1.21991,1.21991,1.21991,1.21991,1.21991,1.21991,1.21991,1.21991,1.21991,1.21991,1.21991,1.21991,1.21991,1.21991,1.21991,1.21991,1.21991,1.21991,1.21991,1.21991,1.21991,1.21991,1.21991,1.21991,8,5,1
1.10833,1.17483,1.05292,1.03629,1.09448,1.16791,1.09379,1.12323,1.13795,1.14531,1.14899,1.21733,1.1185,1.20208,1.24387,1.0431,0.842333,0.9975,1.09725,1.12496,1.16098,0.97949,0.798,1.04183,1.16375,1.11387,1.13327,1.14297,1.14782,1.17241,1.09604,1.10219,1.14959,1.06246,1.0854,1.16337,1.46835,1.35484,1.51975,1.35838,1.49936,1.32601,1.15067,1.01867,0.886667,0.886667,0.886667,1.064,0.975333,0.886667,0.9975,0.96425,0.947625,1.13881,1.23441,1.19354,1.08443,1.07422,1.04694,1.0333,1.00432,1.03416,1.09341,0.967873,0.842333,0.820167,0.798,0.953167,0.986417,1.04737,1.14435,1.28151,1.19492,1.04079,0.886667,1.463,1.35217,1.23025,1.03629,0.842333,0.886667,1.21917,1.16375,1.00304,0.842333,1.01967,0.975333,0.931,0.886667,1.24133,1.197,1.37433,1.596,1.30783,1.23025,1.05846,0.886667,1.01967,0.975333,1.01967,1.064,1.41867,1.2635,1.47408,1.69021,1.42144,1.50872,1.30853,1.65176,1.22488,0.798,0.8645,0.931,1.11641,1.11641,1.11641,1.11641,1.11641,1.11641,1.11641,1.11641,1.11641,1.11641,1.11641,1.11641,1.11641,1.11641,1.11641,1.11641,1.11641,1.11641,1.11641,1.11641,0,0,0
1.463,1.463,1.3965,1.42975,1.37987,1.39927,1.3868,1.46923,1.44395,1.43131,1.42499,1.42183,1.35375,1.38621,1.33594,1.42164,1.37582,1.41941,1.3747,1.39669,1.34118,1.42425,1.35496,1.43115,1.44707,1.45504,1.43685,1.42776,1.40105,1.43202,1.38101,1.33334,1.243,1.37517,1.39692,1.40779,1.41323,1.48245,1.40622,1.43461,1.42664,1.44482,1.40958,1.41412,1.39423,1.45078,1.39039,1.47103,1.44485,1.43176,1.44738,1.45519,1.43693,1.47213,1.42323,1.44312,1.43089,1.42478,1.37739,1.42019,1.35293,1.40797,1.36898,1.46032,1.4395,1.49558,1.45712,1.48223,1.40611,1.41239,1.34903,1.40601,1.39017,1.40442,1.38938,1.42619,1.35593,1.4538,1.3919,1.44962,1.41197,1.43749,1.42808,1.46771,1.48752,1.47526,1.46913,1.5104,1.4867,1.51918,1.49109,1.47705,1.463,1.42185,1.42185,1.42185,1.42185,1.42185,1.42185,1.42185,1.42185,1.42185,1.42185,1.42185,1.42185,1.42185,1.42185,1.42185,1.42185,1.42185,1.42185,1.42185,1.42185,1.42185,1.42185,1.42185,1.42185,1.42185,1.42185,1.42185,1.42185,1.42185,1.42185,1.42185,1.42185,1.42185,1.42185,1.42185,1.42185,1.42185,1.42185,1.42185,1.42185,0,0,1
1.41867,0.798,1.1305,1.05292,1.08062,1.22748,1.21224,1.18245,1.32273,1.5702,1.4501,1.12405,0.798,1.064,1.064,1.1305,1.25242,1.15821,1.15544,1.48655,1.36394,1.3913,1.40499,1.38966,1.42633,1.46683,1.48708,1.45287,1.30277,1.20555,1.28994,1.33214,1.22024,1.27512,1.28039,1.19436,1.26218,1.14092,1.12463,1.22731,1.30082,1.24891,1.28946,1.30973,1.27553,1.30277,1.38288,1.26777,1.32105,1.59153,1.46076,1.52838,1.47352,1.5791,1.52105,1.64719,1.57726,1.6753,1.72432,1.43849,1.40641,1.43471,1.29369,1.35618,1.40959,1.30329,1.36098,1.36766,1.238,1.30616,1.56192,1.49029,1.65398,1.55849,1.33341,1.24304,1.33085,1.35259,1.25263,1.35781,1.34391,1.24829,1.33348,1.33174,1.26437,1.31935,1.34684,1.27192,1.32313,1.19356,1.17312,1.27372,1.4792,1.4046,1.14563,0.886667,1.10833,1.15267,1.197,1.31558,1.31558,1.31558,1.31558,1.31558,1.31558,1.31558,1.31558,1.31558,1.31558,1.31558,1.31558,1.31558,1.31558,1.31558,1.31558,1.31558,1.31558,1.31558,1.31558,1.31558,1.31558,1.31558,1.31558,1.31558,1.31558,1.31558,1.31558,1.31558,1.31558,1.31558,1.31558,1.31558,1.31558,6,2,3
