1,2,3,4,5,6,7,8,9,10,11,12,13,14,15,16,17,18,19,20,21,22,23,24,25,26,27,28,29,30,31,32,33,34,35,36,37,38,39,40,41,42,43,44,45,46,47,48,49,50,51,52,53,54,55,56,57,58,59,60,61,62,63,64,65,66,67,68,69,70,71,72,73,74,75,76,77,78,79,80,81,82,83,84,85,86,87,88,89,90,91,92,93,94,95,96,97,98,99,100,101,102,103,104,105,106,107,108,109,110,111,112,113,114,115,116,117,118,119,120,121,122,123,124,125,126,127,128,129,130,131,132,133,stress_score,anxiety_score,depression_score
1.33,1.08617,0.842333,1.30783,1.34108,1.37987,1.39927,1.56414,1.6244,1.36637,1.43685,1.44993,1.14613,0.842333,1.15267,1.04183,1.09725,1.16929,0.983646,0.798,1.04183,1.18592,1.08062,1.05015,1.36741,1.43737,1.47235,1.48984,1.40992,1.12613,0.842333,0.842333,0.842333,0.842333,0.8645,0.886667,1.04183,1.14158,0.991958,0.842333,0.975333,0.9975,1.07508,1.00304,1.07785,1.09309,1.30021,1.11561,1.17847,1.29857,1.07045,0.842333,1.08617,1.00858,1.12496,1.22748,1.01274,0.798,0.886667,1.04183,1.14158,1.03629,1.02798,1.22332,1.25449,1.04841,0.842333,0.842333,0.842333,0.908833,1.03075,0.958708,0.886667,1.55167,1.30783,1.49625,1.34662,1.09448,0.842333,1.21917,1.03075,0.842333,1.04183,1.47408,1.29121,1.53227,1.43114,1.77957,1.37745,1.44239,1.27536,1.05885,0.842333,0.975333,1.30783,1.27458,1.30229,1.22748,1.10141,0.97187,0.842333,0.842333,0.953167,1.18592,1.14712,1.12773,1.2067,1.11318,1.01967,1.13114,1.13114,1.13114,1.13114,1.13114,1.13114,1.13114,1.13114,1.13114,1.13114,1.13114,1.13114,1.13114,1.13114,1.13114,1.13114,1.13114,1.13114,1.13114,1.13114,1.13114,1.13114,1.13114,1.13114,6,2,0
1.197,1.28567,1.55167,1.44083,1.20808,1.18037,1.29952,1.18176,1.18938,1.43702,1.38351,1.33459,1.06629,0.798,1.50733,1.33,1.10833,0.886667,1.08617,1.16375,1.02521,0.886667,1.24133,1.37433,1.35217,1.23025,1.14712,1.1499,0.996115,0.842333,1.1305,1.40758,1.32446,1.17206,1.11803,1.04668,1.16617,1.11509,0.956544,0.798,0.886667,1.37433,1.28567,1.04183,0.798,0.975333,1.17483,0.986417,0.798,1.01967,0.908833,0.798,1.1305,1.29675,1.51287,1.39927,1.5863,1.45815,1.83741,1.47287,1.8891,1.49872,1.79119,1.44976,1.47855,1.53727,1.74397,1.60349,1.51108,1.15454,0.798,1.1305,0.96425,0.798,1.2635,1.34108,1.26904,1.03352,0.798,1.10833,0.953167,0.798,1.10833,1.08617,1.11942,1.26904,1.07785,0.886667,0.931,0.886667,0.842333,1.1305,1.25242,1.29121,1.42144,1.66389,1.36394,1.21397,1.02815,0.842333,1.04183,1.25242,1.26904,1.28567,1.19265,1.19265,1.19265,1.19265,1.19265,1.19265,1.19265,1.19265,1.19265,1.19265,1.19265,1.19265,1.19265,1.19265,1.19265,1.19265,1.19265,1.19265,1.19265,1.19265,1.19265,1.19265,1.19265,1.19265,1.19265,1.19265,1.19265,1.19265,1.19265,0,0,1
0.798,0.842333,1.10833,1.1305,1.31892,1.23579,1.37156,1.32861,1.41797,1.28532,1.44066,1.36316,1.43525,1.42696,1.46715,1.33207,1.50837,1.33052,1.06426,0.798,1.33,1.197,1.55167,1.30783,1.23025,1.01412,0.798,0.953167,0.875583,0.798,0.9975,0.919917,0.842333,0.975333,0.931,0.886667,1.04183,0.919917,0.798,1.01967,0.908833,0.798,0.9975,0.96425,1.05846,1.17206,0.985031,0.798,0.9975,0.96425,1.03629,1.11665,1.02382,1.04391,1.14262,1.01464,0.886667,0.9975,0.942083,0.886667,1.08617,1.29675,1.57937,1.32169,1.17068,1.02867,0.886667,0.842333,0.798,0.953167,1.45192,1.30229,1.05015,0.798,0.886667,1.37433,1.24133,1.21917,1.00858,0.798,0.798,0.798,0.931,1.3965,1.23025,1.23579,1.3494,1.56136,1.35702,1.25484,1.02642,0.798,1.33,1.24133,1.55167,1.30783,1.29675,1.40204,1.32169,1.43668,1.62717,1.36775,1.65921,1.38377,1.24605,1.06636,0.886667,1.41867,1.2635,1.10833,1.1352,1.1352,1.1352,1.1352,1.1352,1.1352,1.1352,1.1352,1.1352,1.1352,1.1352,1.1352,1.1352,1.1352,1.1352,1.1352,1.1352,1.1352,1.1352,1.1352,1.1352,1.1352,1.1352,4,4,0
1.41867,1.55167,1.37433,1.48517,1.29675,1.37987,1.3106,1.29814,1.33623,1.28878,1.17639,1.29753,1.18076,1.34405,1.31486,1.43326,1.24863,1.31148,1.27641,1.32537,1.26119,1.40643,1.36821,1.37127,1.35064,1.29598,1.35733,1.49883,1.39225,1.36112,1.3234,1.21586,1.2951,1.24605,1.26586,1.2536,1.31396,1.32198,1.45899,1.50533,1.3955,1.40708,1.30204,1.33819,1.33409,1.28771,1.44186,1.58543,1.43555,1.64877,1.46722,1.33211,1.13156,1.05344,1.08089,1.00594,1.07931,1.24899,1.06783,0.886667,0.908833,0.89775,0.886667,0.908833,0.853417,0.798,1.064,0.9975,1.07508,1.13604,0.967021,0.798,1.2635,1.34108,1.06954,0.798,1.10833,1.61817,1.47408,1.44637,1.12219,0.798,1.35217,1.34108,1.37987,1.5766,1.47547,1.20323,1.22228,1.29831,1.20332,1.20016,1.33158,1.06479,0.798,1.50733,1.37433,1.08617,0.798,1.17483,1.55167,1.25062,1.25062,1.25062,1.25062,1.25062,1.25062,1.25062,1.25062,1.25062,1.25062,1.25062,1.25062,1.25062,1.25062,1.25062,1.25062,1.25062,1.25062,1.25062,1.25062,1.25062,1.25062,1.25062,1.25062,1.25062,1.25062,1.25062,1.25062,1.25062,1.25062,1.25062,1.25062,4,2,5
1.01967,1.10833,1.17483,1.25242,1.35771,1.25519,1.42559,1.3113,1.07682,0.842333,0.9975,0.89775,0.798,0.886667,1.2635,1.23025,1.50179,1.32723,1.57245,1.31822,1.39061,1.38247,1.35624,1.32095,1.36981,1.32774,1.06287,0.798,0.842333,0.820167,0.798,0.953167,1.36325,1.21362,1.24965,1.35632,1.56483,1.35875,1.14487,1.03794,1.13964,1.38998,1.31566,1.52233,1.38183,1.71058,1.45379,1.28106,1.1282,1.20693,1.26847,1.03323,0.798,1.2635,1.23025,1.45746,1.26073,1.42836,1.33485,1.50976,1.33121,1.66311,1.40789,1.10294,0.798,0.953167,1.18592,1.21362,1.27181,1.25657,1.02729,0.798,0.798,0.798,0.798,0.886667,1.33,1.1305,1.27458,1.30229,1.49348,1.27874,1.3487,1.31718,1.30143,1.38221,1.35611,1.34305,1.31436,1.27785,1.34826,1.29479,1.0464,0.798,0.842333,1.04183,1.18592,1.16929,1.29398,1.35632,1.27666,1.43633,1.33883,1.31225,1.28567,1.21154,1.21154,1.21154,1.21154,1.21154,1.21154,1.21154,1.21154,1.21154,1.21154,1.21154,1.21154,1.21154,1.21154,1.21154,1.21154,1.21154,1.21154,1.21154,1.21154,1.21154,1.21154,1.21154,1.21154,1.21154,1.21154,1.21154,1.21154,10,11,8
1.15267,0.886667,1.01967,1.24133,1.24133,1.37433,1.2635,1.40758,1.32446,1.63756,1.37295,1.70614,1.45157,1.61245,1.40473,1.58903,1.39301,1.64967,1.42334,1.70917,1.43092,1.71296,1.41065,1.52549,1.33908,1.57837,1.36552,1.32559,1.28346,1.24023,1.77278,1.48489,1.71778,1.41306,1.54886,1.37293,1.5953,1.37398,1.83966,1.51833,1.4685,1.17758,0.886667,1.5295,1.38542,1.09171,0.798,0.9975,1.42975,1.31337,1.69852,1.42559,1.79896,1.52015,1.20341,0.886667,1.04183,1.54058,1.39096,1.13881,0.886667,1.08617,0.942083,0.798,1.01967,1.30783,1.05292,0.798,1.1305,1.00858,0.886667,1.44083,1.31892,1.56829,1.38265,1.64449,1.42074,1.75221,1.45244,1.74588,1.47144,1.64455,1.42078,1.10939,0.798,1.01967,1.55167,1.37433,1.15267,1.15267,1.17483,1.60708,1.42421,1.24133,1.34277,1.34277,1.34277,1.34277,1.34277,1.34277,1.34277,1.34277,1.34277,1.34277,1.34277,1.34277,1.34277,1.34277,1.34277,1.34277,1.34277,1.34277,1.34277,1.34277,1.34277,1.34277,1.34277,1.34277,1.34277,1.34277,1.34277,1.34277,1.34277,1.34277,1.34277,1.34277,1.34277,1.34277,1.34277,1.34277,1.34277,1.34277,1.34277,10,4,3
1.15267,1.17483,1.11942,1.22471,1.21085,1.24826,1.22263,1.14332,1.14799,1.106,1.12933,1.11883,1.15792,1.13312,1.1429,1.14778,1.19456,1.15145,1.15206,1.13019,1.11926,1.13597,1.16648,1.11524,1.13395,1.14331,1.14799,1.15033,1.1515,1.10775,1.13021,1.11927,1.13597,1.12215,1.18174,1.14504,1.21535,1.18401,1.257,1.227,1.18983,1.28208,1.26171,1.18502,1.16884,1.13859,1.18996,1.19348,1.21741,1.18504,1.16885,1.20509,1.22321,1.21011,1.13705,1.18919,1.1266,1.13963,1.12398,1.13832,1.1455,1.10475,1.17304,1.09635,1.12451,1.13859,1.18996,1.17131,1.20632,1.1795,1.14391,1.19262,1.17265,1.16266,1.15766,1.15516,1.17608,1.18654,1.32477,1.15005,1.19569,1.15201,1.21884,1.20792,1.26896,1.18865,1.14849,1.12841,1.09621,1.12444,1.11638,1.11236,1.13251,1.09826,1.14763,1.10581,1.15141,1.15204,1.17452,1.16359,1.15813,1.11106,1.08753,1.1201,1.11422,1.11127,1.13197,1.12015,1.15858,1.15562,1.24281,1.19774,1.15267,1.16168,1.16168,1.16168,1.16168,1.16168,1.16168,1.16168,1.16168,1.16168,1.16168,1.16168,1.16168,1.16168,1.16168,1.16168,1.16168,1.16168,1.16168,1.16168,1.16168,0,2,0
1.197,1.2635,1.40758,1.41312,1.37156,1.43945,1.45122,1.19111,1.06106,1.12903,1.18518,1.03592,0.886667,1.44083,1.29675,1.31337,1.10002,0.886667,1.1305,1.14158,1.14712,1.2829,1.17345,1.14089,1.14678,1.01672,0.886667,0.842333,0.798,0.798,1.10833,1.21917,1.31892,1.12496,1.13881,1.36741,1.2157,1.18418,1.25709,1.27138,1.21202,1.00501,0.798,0.9975,1.25242,1.22471,1.38819,1.33693,1.3778,1.44257,1.29762,1.40247,1.23324,1.19295,1.06198,1.10732,1.12999,0.963997,0.798,0.798,1.10833,1.17483,0.986417,0.798,0.886667,1.24133,1.15267,1.2635,1.29675,1.31337,1.25519,1.29259,1.3113,1.23198,1.32532,1.15033,1.12933,1.274,1.34633,1.1165,0.886667,1.01967,1.197,1.17483,1.20808,1.31337,1.27735,1.25934,1.44984,1.14609,0.842333,1.1305,1.00858,0.886667,1.21917,1.27458,1.08062,0.886667,1.064,1.197,1.064,1.10833,1.2635,1.03075,0.798,1.28567,1.28567,1.2635,1.24133,1.15889,1.15889,1.15889,1.15889,1.15889,1.15889,1.15889,1.15889,1.15889,1.15889,1.15889,1.15889,1.15889,1.15889,1.15889,1.15889,1.15889,1.15889,1.15889,1.15889,1.15889,1.15889,1.15889,1.15889,4,1,3
1.064,1.1305,1.11942,1.13604,1.01135,0.886667,0.886667,1.17483,1.09725,1.21362,1.20531,1.04599,0.886667,1.01967,0.908833,0.798,0.953167,1.18592,1.47962,1.24965,1.02382,0.798,0.798,1.10833,0.975333,0.842333,0.886667,1.064,1.17483,1.03075,0.886667,0.798,1.01967,0.9975,0.89775,0.798,1.01967,1.064,1.21917,1.00858,0.798,1.01967,0.908833,0.798,1.33,1.21917,1.31892,1.14712,1.10556,1.23995,1.37364,1.35182,1.49608,1.41304,1.12769,0.842333,1.064,1.1305,0.986417,0.842333,1.01967,1.24133,1.17483,1.25242,1.06954,0.886667,0.842333,0.886667,0.953167,1.11942,1.09171,0.944854,0.798,0.8645,0.83125,0.798,1.08617,1.00858,1.05846,1.12773,1.02936,1.11318,1.33242,1.30905,1.29736,1.35801,1.12234,0.886667,0.842333,1.064,0.953167,0.842333,1.01967,0.908833,0.798,0.842333,0.886667,0.953167,1.07508,1.00304,0.967021,0.88251,0.798,0.842333,1.04183,1.40758,1.39096,1.51565,1.42282,1.57591,1.38646,1.46906,1.46603,1.46452,1.463,1.07099,1.07099,1.07099,1.07099,1.07099,1.07099,1.07099,1.07099,1.07099,1.07099,1.07099,1.07099,1.07099,1.07099,1.07099,1.07099,1.07099,1.07099,4,3,1
1.41867,1.44083,1.42975,1.49071,1.43252,1.53643,1.45538,1.50352,1.4611,1.43988,1.47361,1.44614,1.4324,1.42553,1.4221,1.39822,1.34194,1.33597,1.31082,1.40908,1.36954,1.48277,1.47288,1.66744,1.49872,1.72469,1.48301,1.78334,1.49017,1.72042,1.45871,1.61602,1.49518,1.45692,1.54863,1.46148,1.52874,1.49587,1.47944,1.55988,1.48928,1.58697,1.48065,1.73783,1.46741,1.57604,1.54169,1.74618,1.47159,1.46729,1.55381,1.50841,1.50787,1.4411,1.42988,1.46861,1.44364,1.56415,1.46924,1.68779,1.48673,1.69653,1.4911,1.47705,1.44786,1.38893,1.35946,1.3669,1.37062,1.43897,1.40665,1.45699,1.46,1.528,1.4955,1.61225,1.51546,1.46706,1.4872,1.4751,1.49122,1.49927,1.48114,1.4499,1.43428,1.42648,1.37824,1.33,1.48815,1.48815,1.48815,1.48815,1.48815,1.48815,1.48815,1.48815,1.48815,1.48815,1.48815,1.48815,1.48815,1.48815,1.48815,1.48815,1.48815,1.48815,1.48815,1.48815,1.48815,1.48815,1.48815,1.48815,1.48815,1.48815,1.48815,1.48815,1.48815,1.48815,1.48815,1.48815,1.48815,1.48815,1.48815,1.48815,1.48815,1.48815,1.48815,1.48815,1.48815,1.48815,1.48815,1.48815,1.48815,2,3,0
0.886667,1.04183,1.23025,1.30229,1.38265,1.31199,1.43183,1.35875,1.41087,1.3926,1.40564,1.41215,1.34891,1.38379,1.42339,1.42103,1.50852,1.33059,1.30813,1.25256,1.33562,1.35497,1.47549,1.46924,1.39962,1.38698,1.35849,1.47724,1.44796,1.43331,1.51466,1.31149,1.38725,1.35862,1.10048,0.842333,1.064,1.2635,1.45192,1.39096,1.51565,1.48932,1.58699,1.90183,1.52725,1.25129,1.17981,1.25491,1.51412,1.57723,1.60878,1.20339,0.798,1.2635,1.03075,0.798,1.197,1.44083,1.14158,0.842333,1.197,1.41867,1.61817,1.58492,1.21362,0.842333,1.44083,1.36325,1.43529,1.20531,1.13466,1.40966,1.14816,0.886667,0.842333,0.798,1.197,1.33,1.1305,1.18592,1.30229,1.24965,1.22332,1.27666,1.23683,1.23908,1.12937,1.29619,1.22443,1.36588,1.59177,1.63822,1.24028,0.842333,1.17483,1.09725,1.14712,1.19423,1.24133,1.28873,1.28873,1.28873,1.28873,1.28873,1.28873,1.28873,1.28873,1.28873,1.28873,1.28873,1.28873,1.28873,1.28873,1.28873,1.28873,1.28873,1.28873,1.28873,1.28873,1.28873,1.28873,1.28873,1.28873,1.28873,1.28873,1.28873,1.28873,1.28873,1.28873,1.28873,1.28873,1.28873,1.28873,2,2,1
1.995,1.463,1.21917,1.00858,0.798,0.9975,1.23025,1.01412,0.798,1.08617,1.07508,1.09171,1.16652,1.09309,1.12288,1.27077,1.10089,1.06028,1.15081,1.15174,0.974868,0.798,0.908833,1.25242,1.40204,1.10002,0.798,0.886667,0.931,0.9975,1.20808,1.22471,1.14435,1.19284,1.17276,1.16271,1.31286,1.18843,1.21488,1.67144,1.50072,1.39319,1.2951,1.17955,1.29911,1.18155,1.16711,1.24856,1.24494,1.13231,1.31982,1.54658,1.48262,1.67231,1.45682,1.12741,0.798,0.8645,0.96425,1.12496,1.27181,1.03491,0.798,0.886667,1.10833,1.48517,1.42975,1.46854,1.19977,1.13189,1.38611,1.62405,1.41053,1.12643,0.842333,1.01967,1.15267,1.1305,1.23025,1.14712,1.23856,1.23995,1.24064,1.21882,1.47391,1.40196,1.43248,1.38124,1.37779,1.11006,0.842333,1.064,1.3965,1.34108,1.18037,1.05569,1.12634,1.07301,1.04634,1.4985,1.28125,1.34996,1.31781,1.14657,1.32695,1.50733,1.19801,1.19801,1.19801,1.19801,1.19801,1.19801,1.19801,1.19801,1.19801,1.19801,1.19801,1.19801,1.19801,1.19801,1.19801,1.19801,1.19801,1.19801,1.19801,1.19801,1.19801,1.19801,1.19801,1.19801,1.19801,1.19801,1.19801,0,1,0
1.50733,1.48517,1.42975,1.51287,1.3771,1.22055,1.45261,1.14747,0.842333,1.08617,1.38542,1.13604,0.886667,1.064,1.15267,0.975333,0.798,1.197,1.28567,1.37433,1.35217,1.36325,1.43529,1.42698,1.42282,1.37641,1.48621,1.49677,1.56855,1.60444,1.55589,1.35428,1.16481,1.13657,1.29978,1.47006,1.4222,1.53126,1.29763,1.06998,0.842333,1.08617,0.942083,0.798,1.08617,0.942083,0.798,1.01967,0.908833,0.798,0.886667,0.975333,1.04183,0.919917,0.798,0.931,1.197,1.2635,1.31892,1.36879,1.37156,1.35078,1.07439,0.798,0.842333,0.820167,0.798,0.886667,1.10833,1.33,1.3965,1.11942,0.842333,0.798,0.798,0.798,0.953167,0.875583,0.798,0.798,0.798,0.9975,1.05292,1.03629,0.983646,1.13466,1.03283,0.981914,1.22246,1.47573,1.42503,1.46618,1.44242,1.45271,1.16969,0.886667,0.886667,0.9975,0.96425,0.969792,1.1499,0.973948,0.798,0.908833,0.853417,0.798,1.10833,0.953167,0.798,1.01967,1.24133,1.12262,1.12262,1.12262,1.12262,1.12262,1.12262,1.12262,1.12262,1.12262,1.12262,1.12262,1.12262,1.12262,1.12262,1.12262,1.12262,1.12262,1.12262,1.12262,1.12262,1.12262,1.12262,10,7,9
1.15267,1.28567,1.2635,1.38542,1.37987,1.3106,1.07647,0.842333,0.842333,0.8645,0.886667,0.842333,1.064,1.3965,1.40758,1.41312,1.3494,1.4062,1.39027,1.42663,1.51132,1.39849,1.38641,1.46904,1.42169,1.44234,1.40834,1.36917,1.32742,1.37304,1.32935,1.32968,1.39634,1.42967,1.69017,1.51008,1.42004,1.35285,1.31926,1.3468,1.2719,1.27878,1.21572,1.20636,1.13518,1.18826,1.17046,1.2059,1.22362,1.23247,1.2369,1.37212,1.28456,1.39595,1.09697,0.798,1.04183,1.11942,1.15821,1.15544,1.10972,1.19769,1.17518,1.20826,1.20263,1.22198,1.27599,1.303,1.27216,1.32325,1.26012,1.29506,1.22386,1.2991,1.24805,1.17819,1.36493,1.3918,1.2944,1.3787,1.28785,1.30892,1.34163,1.33581,1.33291,1.35362,1.60781,1.38024,1.15562,1.17631,1.23099,1.21399,1.24983,1.28992,1.19912,1.1759,1.25295,1.20281,1.22207,1.20954,1.26977,1.34422,1.41867,1.26981,1.26981,1.26981,1.26981,1.26981,1.26981,1.26981,1.26981,1.26981,1.26981,1.26981,1.26981,1.26981,1.26981,1.26981,1.26981,1.26981,1.26981,1.26981,1.26981,1.26981,1.26981,1.26981,1.26981,1.26981,1.26981,1.26981,1.26981,1.26981,1.26981,24,17,25
1.01967,1.15267,1.2635,1.16375,1.15821,1.22194,1.23164,1.23648,1.28324,1.26229,1.22964,1.27982,1.12758,1.14012,1.23506,1.1717,1.16218,1.24609,1.22155,1.18711,1.28072,1.12803,1.16251,1.24626,1.22163,1.18715,1.25857,1.20562,1.17914,1.23241,1.05954,0.886667,1.10833,1.064,1.17483,1.25242,1.24687,1.19977,1.30922,1.16444,1.11422,1.22211,1.05439,0.886667,1.15267,1.064,1.08617,1.23025,1.16929,1.22748,1.32307,1.10487,0.886667,1.10833,1.08617,1.14158,1.25796,1.22748,1.21224,1.29329,1.11214,1.08807,1.27554,1.0811,0.886667,1.1305,1.18592,1.14712,1.26073,1.25103,1.20185,1.26592,1.1428,1.14773,1.23887,1.2401,1.19638,1.28536,1.28551,1.26342,1.29671,1.18036,1.14434,1.23717,1.21709,1.20704,1.26852,1.27709,1.23705,1.30569,1.25135,1.22417,1.29925,1.13729,1.14498,1.25966,1.13966,1.1905,1.26025,1.25079,1.26823,1.32128,1.17047,1.16157,1.24579,1.15489,1.17595,1.25297,1.18065,1.10833,1.18788,1.18788,1.18788,1.18788,1.18788,1.18788,1.18788,1.18788,1.18788,1.18788,1.18788,1.18788,1.18788,1.18788,1.18788,1.18788,1.18788,1.18788,1.18788,1.18788,1.18788,1.18788,1.18788,6,0,0
0.975333,1.10833,1.33,1.33,1.50733,1.35217,1.40758,1.45746,1.32723,1.46161,1.32931,1.48482,1.40741,1.45737,1.65969,1.38401,1.46784,1.37675,1.44204,1.40819,1.52426,1.42713,1.51157,1.48728,1.51947,1.46907,1.4882,1.38693,1.42497,1.39965,1.09883,0.798,1.04183,1.23025,1.30229,1.24965,1.53366,1.45399,1.4585,1.39425,1.49512,1.5234,1.51536,1.55568,1.53151,1.45292,1.52446,1.62673,1.41187,1.43743,1.40588,1.36794,1.4598,1.48357,1.42895,1.64548,1.3104,1.36454,1.3251,1.37188,1.37311,1.30722,1.45161,1.54597,1.39365,1.49483,1.41241,1.52637,1.40602,1.43451,1.58175,1.81054,1.50377,1.46122,1.66161,1.4958,1.56807,1.6042,1.48927,1.5648,1.46957,1.51062,1.30948,1.38624,1.24729,1.31081,1.2539,1.40279,1.29989,1.35928,1.16731,1.13782,1.10833,1.41035,1.41035,1.41035,1.41035,1.41035,1.41035,1.41035,1.41035,1.41035,1.41035,1.41035,1.41035,1.41035,1.41035,1.41035,1.41035,1.41035,1.41035,1.41035,1.41035,1.41035,1.41035,1.41035,1.41035,1.41035,1.41035,1.41035,1.41035,1.41035,1.41035,1.41035,1.41035,1.41035,1.41035,1.41035,1.41035,1.41035,1.41035,1.41035,1.41035,2,4,0
1.33,1.463,1.48517,1.42975,1.51287,1.48794,1.5198,1.4249,1.11145,0.798,1.08617,0.942083,0.798,1.10833,1.463,1.30783,1.05292,0.798,0.798,0.820167,0.842333,0.8645,0.886667,1.10833,1.04183,0.919917,0.798,1.17483,1.23025,1.25796,1.31615,1.30091,1.38195,1.53331,1.47599,1.46949,1.53275,1.49787,1.14794,0.798,1.01967,0.953167,0.886667,0.886667,1.1305,1.23025,1.14712,1.12773,1.16236,1.15752,1.13292,1.25363,1.02581,0.798,1.10833,1.28567,1.37433,1.44083,1.42975,1.62371,1.52119,1.20393,0.886667,1.24133,1.28567,1.37433,1.33,1.24133,1.3965,1.38542,1.42421,1.42144,1.44222,1.38611,1.55755,1.48811,1.43122,1.49144,1.14472,0.798,0.886667,0.8645,0.842333,1.064,0.975333,0.886667,1.1305,1.45192,1.36879,1.1499,1.12911,1.25172,1.11353,1.04443,1.32022,1.39161,1.3608,1.36757,1.37095,1.41698,1.32915,1.10791,0.886667,0.975333,1.19836,1.19836,1.19836,1.19836,1.19836,1.19836,1.19836,1.19836,1.19836,1.19836,1.19836,1.19836,1.19836,1.19836,1.19836,1.19836,1.19836,1.19836,1.19836,1.19836,1.19836,1.19836,1.19836,1.19836,1.19836,1.19836,1.19836,1.19836,1.19836,0,0,1
1.15267,1.15267,1.15267,1.15267,1.15267,1.15267,1.21917,1.20808,1.26904,1.23302,1.25934,1.33901,1.35667,1.34333,1.29233,1.289,1.26517,1.27542,1.23621,1.30527,1.2733,1.30165,1.33799,1.31183,1.27658,1.28112,1.26123,1.29561,1.29064,1.31032,1.34233,1.314,1.322,1.23733,1.23933,1.21817,1.25192,1.18012,1.25506,1.22603,1.23368,1.19317,1.21725,1.22929,1.23531,1.17182,1.20658,1.15746,1.22156,1.23145,1.30289,1.20561,1.26781,1.27674,1.23687,1.2391,1.26238,1.22969,1.25768,1.22734,1.23434,1.26,1.25067,1.22383,1.25475,1.27021,1.25577,1.20422,1.24494,1.2653,1.25332,1.31383,1.25541,1.35921,1.30027,1.3373,1.31148,1.32074,1.28104,1.30552,1.33993,1.33496,1.28815,1.33124,1.30845,1.31923,1.34678,1.36056,1.25661,1.35981,1.32274,1.3707,1.26168,1.29584,1.24642,1.24388,1.19827,1.19764,1.19732,1.19716,1.21925,1.29679,1.35773,1.41867,1.26451,1.26451,1.26451,1.26451,1.26451,1.26451,1.26451,1.26451,1.26451,1.26451,1.26451,1.26451,1.26451,1.26451,1.26451,1.26451,1.26451,1.26451,1.26451,1.26451,1.26451,1.26451,1.26451,1.26451,1.26451,1.26451,1.26451,1.26451,1.26451,2,3,1
1.33,1.35217,1.51842,1.51287,1.4436,1.14297,0.842333,1.1305,1.38542,1.40204,1.34385,1.35909,1.32238,1.32619,1.28376,1.32905,1.30736,1.31868,1.25784,1.31609,1.25654,1.29327,1.2673,1.18782,1.23674,1.01737,0.798,1.2635,1.38542,1.44637,1.47685,1.40343,1.45538,1.45919,1.35026,1.38446,1.35723,1.38795,1.31464,1.32232,1.25966,1.27266,1.16833,1.227,1.23417,1.37075,1.12871,0.886667,1.1305,0.96425,0.798,1.3965,1.34108,1.55721,1.48794,1.49764,1.54682,1.48274,1.56154,1.4901,1.60955,1.53628,1.56614,1.53674,1.45553,1.39277,1.29488,1.29028,1.17714,1.25357,1.18095,1.36631,1.34815,1.56074,1.46754,1.4431,1.34222,1.33611,1.53255,1.43128,1.33631,1.28882,1.35374,1.2532,1.1586,1.3108,1.07657,0.842333,1.197,1.41867,1.463,1.50733,1.5295,1.54058,1.52396,1.51565,1.50733,1.33027,1.33027,1.33027,1.33027,1.33027,1.33027,1.33027,1.33027,1.33027,1.33027,1.33027,1.33027,1.33027,1.33027,1.33027,1.33027,1.33027,1.33027,1.33027,1.33027,1.33027,1.33027,1.33027,1.33027,1.33027,1.33027,1.33027,1.33027,1.33027,1.33027,1.33027,1.33027,1.33027,1.33027,1.33027,1.33027,4,3,1
1.95067,2.03933,1.70683,1.96175,1.60154,1.68744,1.53089,1.76294,1.50214,1.77074,1.5282,1.8281,1.53472,1.54319,1.52526,1.53846,1.67807,1.54837,1.74952,1.62842,1.61221,1.51544,1.71089,1.25444,0.798,0.842333,1.17483,1.47408,1.51287,1.5101,1.55305,1.53019,1.51876,1.62388,1.54344,1.56972,1.53853,1.50076,1.50405,1.48352,1.49543,1.52355,1.49327,1.58897,1.50382,1.35041,1.25154,1.3351,1.22172,1.20936,1.62435,1.45501,1.725,1.48317,1.49525,1.14663,0.798,1.08617,1.03075,1.11387,1.4436,1.3868,1.66873,1.49937,1.90235,1.57184,1.82775,1.55671,1.64286,1.55293,1.4858,1.18623,0.886667,1.21917,1.03075,0.842333,1.37433,1.33,1.75117,1.51842,1.53504,1.21085,0.886667,1.33,1.3965,1.38542,1.26904,1.15267,1.4564,1.4564,1.4564,1.4564,1.4564,1.4564,1.4564,1.4564,1.4564,1.4564,1.4564,1.4564,1.4564,1.4564,1.4564,1.4564,1.4564,1.4564,1.4564,1.4564,1.4564,1.4564,1.4564,1.4564,1.4564,1.4564,1.4564,1.4564,1.4564,1.4564,1.4564,1.4564,1.4564,1.4564,1.4564,1.4564,1.4564,1.4564,1.4564,1.4564,1.4564,1.4564,1.4564,1.4564,1.4564,0,0,0
1.37433,1.10833,0.842333,0.798,1.08617,1.25242,1.37987,1.4436,1.4533,1.16998,0.886667,1.197,1.35217,1.40758,1.41312,1.37156,1.08478,0.798,1.1305,1.05292,0.969792,0.886667,1.197,1.30783,1.09725,0.886667,1.15267,1.01967,0.886667,0.8645,0.842333,0.798,1.197,1.2635,1.36325,1.43529,1.47131,1.48932,1.14366,0.798,0.886667,1.15267,1.30783,1.40758,1.47962,1.44915,1.16791,0.886667,1.17483,1.00858,0.842333,1.1305,1.45192,1.50179,1.4824,1.42836,1.11318,0.798,1.08617,1.05292,0.969792,0.886667,1.37433,1.44083,1.42975,1.55721,1.48794,1.47547,1.13673,0.798,1.3965,1.31892,1.41312,1.39373,1.49486,1.45677,1.21605,1.18436,1.21285,1.07192,1.02363,1.19898,1.37532,1.397,1.40783,1.59058,1.48246,1.18456,0.886667,1.10833,1.08617,1.18592,1.25796,1.20531,1.11249,1.42074,1.37537,1.41919,1.41893,1.37446,1.21923,1.064,1.20581,1.20581,1.20581,1.20581,1.20581,1.20581,1.20581,1.20581,1.20581,1.20581,1.20581,1.20581,1.20581,1.20581,1.20581,1.20581,1.20581,1.20581,1.20581,1.20581,1.20581,1.20581,1.20581,1.20581,1.20581,1.20581,1.20581,1.20581,1.20581,1.20581,1.20581,2,1,0
1.41867,0.842333,1.1305,1.09725,1.03629,1.20531,1.00166,0.798,1.15267,1.41867,1.3965,1.23025,1.10279,1.23856,1.50595,1.41797,1.50699,1.48499,1.4075,1.41308,1.10554,0.798,0.886667,0.842333,0.798,1.064,1.44083,1.34108,1.06954,0.798,0.798,0.8645,0.83125,0.798,0.798,0.798,1.1305,0.96425,0.798,1.15267,1.35217,1.38542,1.09171,0.798,0.886667,0.886667,0.886667,1.15267,1.10833,1.10833,1.2635,1.03075,0.798,0.886667,1.15267,1.24133,1.10833,0.9975,0.886667,0.842333,0.798,1.10833,0.953167,0.798,1.1305,1.27458,1.25796,1.07231,0.886667,0.842333,1.15267,1.5295,1.47408,1.53504,1.58769,1.48101,1.56067,1.48967,1.21033,1.09283,1.21142,1.00471,0.798,1.1305,1.36325,1.32446,1.50456,1.48378,1.56206,1.51253,1.44343,1.47538,1.42486,1.4661,1.53105,1.43052,1.46893,1.53246,1.54207,1.48037,1.13918,0.798,1.064,1.1305,0.96425,0.798,1.15629,1.15629,1.15629,1.15629,1.15629,1.15629,1.15629,1.15629,1.15629,1.15629,1.15629,1.15629,1.15629,1.15629,1.15629,1.15629,1.15629,1.15629,1.15629,1.15629,1.15629,1.15629,1.15629,1.15629,1.15629,1.15629,1.15629,8,1,4
1.15267,1.04183,1.18592,0.991958,0.798,0.886667,0.886667,0.886667,0.953167,1.05292,1.05846,1.10556,0.951781,0.798,1.21917,1.00858,0.798,0.798,0.842333,0.886667,1.33,1.33,1.33,1.463,1.48517,1.42975,1.24687,1.02244,0.798,0.975333,0.886667,0.798,0.9975,0.89775,0.798,1.10833,0.953167,0.798,1.08617,1.07508,1.02521,1.13327,1.00997,0.886667,0.886667,0.886667,0.798,0.953167,0.875583,0.798,0.975333,0.886667,0.798,1.01967,0.908833,0.798,0.798,0.798,1.064,0.975333,0.886667,1.10833,1.24133,1.08617,1.14158,1.25796,1.13881,1.16791,1.31545,1.10106,0.886667,1.01967,0.908833,0.798,1.197,1.3965,1.38542,1.11387,0.842333,0.975333,0.953167,1.07508,1.15821,1.13327,1.03214,1.00373,0.900867,0.798,1.064,0.975333,0.886667,1.197,1.24133,1.197,1.04183,0.886667,0.798,1.15267,0.9975,0.842333,0.908833,1.03075,0.914375,0.798,0.931,0.953167,1.07508,1.20254,1.0446,0.886667,1.01967,0.908833,0.798,0.931,0.975333,1.04183,1.11942,1.18037,1.24133,1.01388,1.01388,1.01388,1.01388,1.01388,1.01388,1.01388,1.01388,1.01388,1.01388,1.01388,1.01388,1.01388,1.01388,10,7,9
1.41867,1.1305,0.842333,0.886667,0.931,1.04183,1.09725,0.947625,0.798,0.931,0.8645,0.798,1.17483,1.29675,1.04737,0.798,1.064,0.975333,0.886667,0.886667,1.21917,1.25242,1.42421,1.4436,1.1208,0.798,1.04183,1.20808,1.33554,1.1111,0.886667,0.886667,0.975333,0.886667,0.798,0.798,0.798,0.842333,0.886667,0.798,0.798,0.886667,1.15267,1.01967,0.886667,0.886667,0.842333,0.798,0.975333,0.886667,0.798,1.15267,1.33,1.44083,1.47408,1.13604,0.798,0.886667,0.842333,0.798,1.01967,1.28567,1.33,1.17483,0.986417,0.798,0.798,0.798,1.064,1.01967,1.01967,1.04183,1.18592,1.30229,1.27181,1.38957,1.09379,0.798,0.975333,1.21917,1.42975,1.11387,0.798,0.798,1.17483,1.27458,1.43529,1.16098,0.886667,0.798,0.842333,0.886667,1.21917,1.07508,1.02521,1.28844,1.08755,0.886667,0.798,0.842333,0.886667,1.10833,0.953167,0.798,0.886667,1.197,0.9975,0.798,0.798,0.798,0.798,1.10833,1.15267,0.975333,0.798,1.064,1.33,1.01674,1.01674,1.01674,1.01674,1.01674,1.01674,1.01674,1.01674,1.01674,1.01674,1.01674,1.01674,1.01674,1.01674,1.01674,1.01674,2,1,1
1.50733,1.41867,1.463,1.21917,1.00858,0.798,0.798,0.842333,0.886667,0.908833,1.34108,1.11387,0.886667,0.886667,0.886667,0.9975,1.14158,1.45746,1.23856,1.08478,0.941391,0.798,0.798,0.798,0.798,1.08617,1.16375,1.24687,1.02244,0.798,0.886667,0.886667,0.886667,1.37433,1.197,1.35217,1.25242,1.42421,1.55444,1.44222,1.45261,1.34697,1.24982,1.46724,1.28779,1.59706,1.30836,1.47435,1.26917,1.34392,1.35913,1.43323,1.29295,1.31147,1.4094,1.2367,1.01735,0.798,1.064,1.17483,1.51842,1.44637,1.45469,1.12634,0.798,0.886667,1.2635,1.14158,1.25796,1.33831,1.06816,0.798,0.886667,1.21917,1.20808,1.09171,1.03352,1.18176,1.25588,1.11561,0.956803,0.798,0.886667,0.9975,1.07508,1.24687,1.19977,1.39789,1.27528,1.43564,1.38282,1.13474,0.886667,1.2635,1.07508,0.886667,0.953167,1.20808,1.09171,1.29952,1.18176,1.25588,1.18211,1.34472,1.20436,1.22285,1.16559,1.10833,1.15458,1.15458,1.15458,1.15458,1.15458,1.15458,1.15458,1.15458,1.15458,1.15458,1.15458,1.15458,1.15458,1.15458,1.15458,1.15458,1.15458,1.15458,1.15458,1.15458,1.15458,1.15458,1.15458,1.15458,1.15458,14,5,2
0.886667,0.953167,0.89775,0.842333,1.04183,0.96425,0.886667,0.886667,0.886667,0.975333,0.931,0.886667,0.798,1.01967,1.28567,1.21917,1.27458,1.30229,1.09448,0.886667,0.842333,0.798,0.842333,0.886667,0.842333,0.931,1.064,1.17483,0.986417,0.798,0.908833,1.07508,1.09171,0.989187,0.886667,0.842333,0.886667,0.953167,1.27458,1.21362,1.05015,0.886667,0.798,0.798,0.975333,1.197,1.197,1.17483,1.03075,0.886667,0.842333,0.798,0.798,0.798,0.8645,0.853417,0.842333,1.1305,0.96425,0.798,0.798,0.886667,0.842333,0.798,0.886667,0.931,1.37433,1.08617,0.798,0.798,0.798,0.798,1.064,1.064,0.975333,0.886667,0.842333,0.798,1.01967,0.908833,0.798,0.886667,0.886667,0.886667,0.886667,0.842333,0.798,0.842333,0.842333,1.15267,1.44083,1.16375,0.886667,0.798,0.886667,0.931,1.15267,0.9975,0.842333,1.15267,1.064,1.3965,1.29675,1.04737,0.798,1.10833,1.10833,1.04183,1.23025,1.28012,1.03906,0.798,0.798,0.798,0.842333,0.886667,0.886667,0.886667,0.8645,0.842333,0.820167,0.798,1.01967,0.908833,0.798,0.957423,0.957423,0.957423,0.957423,0.957423,0.957423,0.957423,0.957423,8,5,2
1.064,1.10833,1.197,1.197,1.41867,1.15267,0.886667,0.798,0.886667,1.064,1.37433,1.28567,1.17483,0.986417,0.798,0.798,1.10833,1.21917,1.00858,0.798,1.15267,1.35217,1.34108,1.37987,1.4436,1.34247,1.11457,0.886667,0.798,0.886667,1.01967,1.197,1.48517,1.45192,1.16929,0.886667,1.10833,1.21917,1.09725,1.10279,1.30506,1.36186,1.07993,0.798,0.886667,1.01967,1.17483,1.25242,1.06954,0.886667,1.15267,1.1305,1.14158,0.991958,0.842333,0.798,0.798,0.842333,1.01967,1.28567,1.197,1.21917,1.05292,0.886667,0.798,0.908833,0.853417,0.798,0.886667,0.953167,0.89775,0.842333,1.1305,1.00858,0.886667,0.886667,0.842333,0.798,0.886667,1.064,1.08617,1.34108,1.20254,1.3106,1.14297,1.23648,1.19458,1.04062,0.886667,0.931,0.8645,0.798,0.798,0.798,1.15267,1.064,1.064,1.33,1.30783,1.18592,1.03629,0.886667,0.798,1.15267,1.30783,1.11942,1.20254,1.35494,1.1873,1.16998,1.00616,0.842333,0.798,1.04183,1.28567,1.06365,1.06365,1.06365,1.06365,1.06365,1.06365,1.06365,1.06365,1.06365,1.06365,1.06365,1.06365,1.06365,1.06365,1.06365,1.06365,1.06365,1.06365,12,6,3
0.975333,1.17483,1.38542,1.31337,1.05569,0.798,0.798,0.798,0.9975,1.31892,1.34662,1.31615,1.45607,1.1492,0.842333,0.798,1.197,1.37433,1.37433,1.15267,1.064,0.931,0.798,0.798,1.01967,0.953167,0.886667,0.798,0.8645,0.986417,1.22471,1.05569,0.886667,1.15267,1.064,1.08617,1.34108,1.06954,0.798,0.798,0.842333,0.886667,1.10833,1.1305,1.09725,1.25796,1.11665,1.09032,1.27666,1.126,1.05067,1.146,0.972,0.798,1.04183,1.00858,0.991958,1.16098,1.15682,1.06608,1.22021,1.18644,1.12522,0.961609,0.798,0.886667,1.08617,0.96425,0.842333,1.064,1.17483,1.05292,1.28012,1.23856,1.10695,1.35147,1.14124,1.08045,1.18306,1.03486,0.886667,1.1305,1.09725,1.10279,1.26073,1.16236,1.11318,1.26592,1.1428,1.14773,1.19453,1.12927,1.14097,1.21332,1.18299,1.16783,1.24891,1.24512,1.17673,1.25336,1.29168,1.13351,1.23175,1.01488,0.798,1.08617,0.96425,0.842333,0.886667,1.064,1.01967,1.197,1.21917,1.14158,1.064,1.08279,1.08279,1.08279,1.08279,1.08279,1.08279,1.08279,1.08279,1.08279,1.08279,1.08279,1.08279,1.08279,1.08279,1.08279,1.08279,1.08279,1.08279,8,3,1
1.41867,1.28567,1.64033,1.2635,0.886667,1.064,1.17483,1.16375,1.20254,1.26627,1.2538,1.24757,1.22228,1.20964,1.24765,1.20016,1.37591,1.17562,1.43015,1.24707,1.5767,1.34252,1.62443,1.29988,1.51444,1.28922,1.61994,1.27547,1.48007,1.40503,1.41185,1.10493,0.798,1.08617,0.942083,0.798,0.886667,0.931,1.01967,0.975333,0.886667,0.798,0.798,0.798,1.01967,0.953167,0.886667,1.01967,1.1305,0.96425,0.798,0.842333,0.886667,0.798,0.820167,0.842333,0.908833,0.942083,0.870042,0.798,0.975333,0.886667,0.798,0.798,0.798,0.908833,1.31892,1.19146,1.46023,1.35078,1.65072,1.3352,1.7316,1.37563,1.59665,1.37466,1.59616,1.30791,1.60712,1.3134,1.6542,1.3591,1.63272,1.37052,1.1286,0.886667,0.886667,1.35217,1.23025,1.16929,0.983646,0.798,1.3965,1.25242,1.13604,1.01135,0.886667,1.01967,0.908833,0.798,0.886667,0.931,0.9975,0.942083,0.886667,0.9975,1.34108,1.33554,1.33,1.14682,1.14682,1.14682,1.14682,1.14682,1.14682,1.14682,1.14682,1.14682,1.14682,1.14682,1.14682,1.14682,1.14682,1.14682,1.14682,1.14682,1.14682,1.14682,1.14682,1.14682,1.14682,1.14682,1.14682,8,3,1
1.33,1.37433,1.08617,0.798,0.953167,1.11942,0.958708,0.798,0.842333,1.10833,1.1305,1.16375,1.22471,1.32169,1.25934,1.27251,1.41209,1.26021,1.27294,1.05764,0.842333,0.798,1.04183,1.25242,1.20254,1.22194,1.1873,1.14782,1.21674,1.22904,1.19085,1.26043,1.20655,1.20177,1.28805,1.33119,1.17543,1.25271,1.20269,1.15551,1.24276,1.33071,1.21952,1.25259,1.3578,1.25523,1.24828,1.13397,1.18765,1.21449,1.22791,1.16812,1.24906,1.35603,1.27652,1.23676,1.39421,1.25127,1.26847,1.21057,1.20378,1.22256,1.29845,1.20339,1.24453,1.37593,1.28647,1.3304,1.3302,1.1971,1.26355,1.36327,1.25797,1.27182,1.30091,1.07162,0.842333,1.3965,1.27458,1.12496,1.09448,1.21224,1.18245,1.07889,1.18228,1.30047,1.18224,1.34478,1.31523,1.23395,1.23764,1.08432,1.18499,1.16883,1.20508,1.06804,1.17685,1.23126,1.1698,1.27207,1.3232,1.1936,1.2618,1.27373,1.2132,1.29377,1.46705,1.64033,1.21004,1.21004,1.21004,1.21004,1.21004,1.21004,1.21004,1.21004,1.21004,1.21004,1.21004,1.21004,1.21004,1.21004,1.21004,1.21004,1.21004,1.21004,1.21004,1.21004,1.21004,1.21004,1.21004,1.21004,1.21004,12,8,7
1.463,1.28567,1.41867,1.10833,0.798,1.17483,1.07508,1.09171,1.32169,1.37018,1.21709,1.38438,1.42369,1.26601,1.56401,1.46917,1.31092,1.38696,1.31415,1.27774,1.3482,1.38343,1.26805,1.34336,1.31451,1.27792,1.37046,1.32806,1.26253,1.36277,1.21338,1.20519,1.3341,1.35421,1.23127,1.32497,1.34965,1.25116,1.37925,1.39896,1.25364,1.31399,1.25549,1.18191,1.34462,1.31515,1.21174,1.40387,1.41127,1.23763,1.32815,1.39558,1.25195,1.31314,1.38807,1.22604,1.38885,1.40376,1.27821,1.39277,1.49439,1.27919,1.3046,1.36163,1.27932,1.39332,1.56116,1.33475,1.42104,1.53069,1.40818,1.39126,1.31629,1.34531,1.42632,1.11216,0.798,1.10833,1.24133,1.1305,1.27458,1.08062,0.886667,0.842333,1.21917,1.05292,0.886667,0.842333,1.1305,1.36325,1.32446,1.39373,1.1402,0.886667,0.886667,1.21917,1.03075,0.842333,0.931,1.197,1.24133,1.28567,1.25994,1.25994,1.25994,1.25994,1.25994,1.25994,1.25994,1.25994,1.25994,1.25994,1.25994,1.25994,1.25994,1.25994,1.25994,1.25994,1.25994,1.25994,1.25994,1.25994,1.25994,1.25994,1.25994,1.25994,1.25994,1.25994,1.25994,1.25994,1.25994,1.25994,1.25994,16,6,11
1.596,1.55167,1.41867,1.463,1.30783,1.40758,1.34662,1.42698,1.35632,1.40966,1.41416,1.50508,1.39537,1.51785,1.37959,1.4878,1.36457,1.50245,1.43839,1.5837,1.47901,1.16067,0.842333,1.04183,1.00858,1.03629,1.11665,1.00166,0.886667,1.10833,0.975333,0.842333,1.1305,1.31892,1.28012,1.06123,0.842333,0.842333,1.28567,1.2635,1.05292,0.842333,1.064,1.463,1.35217,1.07508,0.798,1.04183,0.919917,0.798,0.842333,1.30783,1.27458,1.03629,0.798,1.04183,0.942083,0.842333,1.04183,0.986417,1.02521,1.13327,0.965635,0.798,1.01967,1.37433,1.28567,1.04183,0.798,1.064,1.3965,1.36325,1.08062,0.798,0.9975,0.942083,0.886667,1.08617,0.942083,0.798,0.9975,1.34108,1.29121,1.0446,0.798,1.01967,1.48517,1.38542,1.15821,1.08894,1.1873,0.992651,0.798,1.04183,1.40758,1.28012,1.0834,0.886667,1.064,0.975333,0.886667,1.04183,0.986417,1.09171,1.14435,1.01551,0.886667,1.064,1.28567,1.50733,1.13592,1.13592,1.13592,1.13592,1.13592,1.13592,1.13592,1.13592,1.13592,1.13592,1.13592,1.13592,1.13592,1.13592,1.13592,1.13592,1.13592,1.13592,1.13592,1.13592,1.13592,1.13592,1.13592,0,0,0
1.33,1.197,1.24133,1.01967,0.798,1.01967,1.3965,1.31892,1.19146,1.10556,1.17345,1.22956,1.10245,1.19406,1.23986,1.2406,1.26313,1.11923,1.06945,1.15539,0.998862,0.842333,1.064,1.04183,1.05292,1.16929,1.18315,1.10141,1.2157,1.25068,1.15734,1.2215,1.36442,1.25854,1.2721,1.32322,1.17144,1.22855,1.27928,1.12731,1.18432,1.27933,1.19383,1.19541,1.35137,1.18552,1.23559,1.17196,1.07365,1.17966,1.12183,1.09291,1.16712,1.2264,1.12303,1.20435,1.28934,1.1545,1.22009,1.40804,1.25819,1.27193,1.3453,1.22682,1.23407,1.28204,1.12869,1.20718,1.26859,1.16629,1.22598,1.27799,1.171,1.20616,1.15725,1.08846,1.18706,1.52453,1.42727,1.51163,1.35432,1.43082,1.40258,1.41062,1.34814,1.58291,1.41212,1.21589,1.09561,1.19064,1.01649,0.842333,1.064,1.3965,1.34108,1.09171,0.842333,1.064,1.064,1.01967,1.15267,1.1305,1.07508,1.15821,1.3106,1.20947,1.2919,1.24445,1.197,1.201,1.201,1.201,1.201,1.201,1.201,1.201,1.201,1.201,1.201,1.201,1.201,1.201,1.201,1.201,1.201,1.201,1.201,1.201,1.201,1.201,1.201,1.201,1.201,20,5,9
1.24133,1.1305,1.18592,1.28012,1.4159,1.21778,1.31822,1.39061,1.33814,1.40057,1.45395,1.30331,1.33882,1.40091,1.25462,1.38098,1.13382,0.886667,0.798,1.1305,0.96425,0.798,0.798,1.064,1.24133,1.21917,1.27458,1.45746,1.30506,1.36186,1.19077,0.994383,0.798,1.17483,1.27458,1.19146,1.26073,1.31753,1.27943,1.34905,1.09569,0.842333,0.886667,1.15267,1.3965,1.34108,1.37987,1.5101,1.35355,1.34178,1.38022,1.26644,1.03222,0.798,0.798,1.04183,1.20808,1.49071,1.32169,1.43668,1.42767,1.31234,1.40983,1.23692,1.23913,1.2624,1.40703,1.27985,1.28276,1.08471,0.886667,0.931,1.197,1.41867,1.30783,1.34108,1.37987,1.22194,1.29814,1.4914,1.29987,1.35927,1.14513,1.0159,0.886667,1.17483,1.00858,0.842333,0.886667,1.1305,1.23025,1.23579,1.37156,1.39511,1.31822,1.39061,1.09431,0.798,0.842333,1.17483,1.34108,1.31337,1.34385,1.44776,1.55167,1.21337,1.21337,1.21337,1.21337,1.21337,1.21337,1.21337,1.21337,1.21337,1.21337,1.21337,1.21337,1.21337,1.21337,1.21337,1.21337,1.21337,1.21337,1.21337,1.21337,1.21337,1.21337,1.21337,1.21337,1.21337,1.21337,1.21337,1.21337,4,0,0
1.463,1.463,1.463,1.37433,1.41867,1.1305,0.842333,1.1305,1.38542,1.42421,1.39927,1.14297,0.886667,0.798,1.30783,1.27458,1.36879,1.52673,1.51703,1.49002,1.65384,1.46975,1.22254,1.09894,1.1923,1.28332,1.43966,1.29616,1.09141,0.886667,1.24133,1.44083,1.67358,1.50179,1.90356,1.50595,1.46231,1.15232,0.842333,1.04183,1.25242,1.62371,1.38819,1.49209,1.36671,1.72519,1.3281,1.15171,1.04136,1.11918,1.37976,1.37704,1.39786,1.09793,0.798,0.931,0.8645,0.798,1.17483,0.986417,0.798,0.886667,1.064,1.5295,1.40758,1.43529,1.55998,1.51149,1.46508,1.81871,1.37485,1.46326,1.37446,1.75123,1.36328,1.76781,1.43807,1.18454,1.19077,1.19388,1.06244,1.10755,1.13011,1.31872,1.39086,1.33826,1.11247,0.886667,0.798,0.798,1.2635,1.42975,1.44637,1.34385,1.22609,1.10071,1.25969,1.09535,1.07967,1.064,1.27332,1.27332,1.27332,1.27332,1.27332,1.27332,1.27332,1.27332,1.27332,1.27332,1.27332,1.27332,1.27332,1.27332,1.27332,1.27332,1.27332,1.27332,1.27332,1.27332,1.27332,1.27332,1.27332,1.27332,1.27332,1.27332,1.27332,1.27332,1.27332,1.27332,1.27332,1.27332,1.27332,4,0,2
0.975333,1.08617,1.07508,1.18037,1.18869,1.12634,1.25034,1.2015,1.13275,1.25354,1.2031,1.13355,1.27611,1.21439,1.13919,1.3011,1.13822,1.10111,1.21555,1.18411,1.14622,1.26028,1.22864,1.14632,1.28249,1.30625,1.18512,1.25756,1.29378,1.22322,1.32095,1.21464,1.11715,1.22358,1.27679,1.14823,1.23911,1.35106,1.2297,1.30201,1.38251,1.28975,1.28771,1.39752,1.20859,1.24713,1.28857,1.19845,1.26422,1.34145,1.20272,1.26636,1.38685,1.33626,1.31096,1.45348,1.32524,1.30545,1.33989,1.22411,1.27706,1.30353,1.25026,1.3123,1.40982,1.25907,1.3167,1.43419,1.31559,1.34496,1.40398,1.25616,1.27091,1.47779,1.24873,1.31153,1.47593,1.33647,1.37757,1.08778,0.798,0.886667,1.1305,1.34108,1.24687,1.3106,1.40897,1.23648,1.32758,1.41745,1.30723,1.34078,1.06939,0.798,0.842333,1.17483,1.05292,1.01412,1.23856,1.01828,0.798,1.064,1.24133,1.10833,1.24133,1.37433,1.23062,1.23062,1.23062,1.23062,1.23062,1.23062,1.23062,1.23062,1.23062,1.23062,1.23062,1.23062,1.23062,1.23062,1.23062,1.23062,1.23062,1.23062,1.23062,1.23062,1.23062,1.23062,1.23062,1.23062,1.23062,1.23062,1.23062,8,0,1
0.886667,1.15267,1.08617,1.09725,1.23579,1.12773,1.16236,1.26835,1.09967,1.104,1.26134,1.05183,0.842333,1.1305,1.05292,1.08062,1.24965,1.13466,1.12149,1.27008,1.16704,1.15985,1.31143,1.14338,1.10369,1.23901,1.08501,1.09667,1.25767,1.1165,1.11242,1.28771,1.22019,1.14209,1.28038,1.19436,1.15135,1.30717,1.11909,1.13588,1.2551,1.11522,1.11178,1.26522,1.16461,1.13647,1.29974,1.1597,1.15618,1.26526,1.1203,1.15865,1.28866,1.10983,1.10908,1.26387,1.54077,1.47972,1.67086,1.5891,1.26005,1.13986,1.27926,1.17163,1.13998,1.25716,1.18275,1.16771,1.29319,1.11209,1.13238,1.27552,1.08109,0.886667,1.15267,1.064,1.10833,1.28567,1.15267,1.10833,1.28567,1.10833,1.08617,1.27458,1.47962,1.49348,1.56691,1.55929,1.64414,1.57574,1.67454,1.92343,1.56022,1.60028,1.46514,1.53057,1.43028,1.49098,1.47699,1.51433,1.51083,1.50908,1.61904,1.729,1.25641,1.25641,1.25641,1.25641,1.25641,1.25641,1.25641,1.25641,1.25641,1.25641,1.25641,1.25641,1.25641,1.25641,1.25641,1.25641,1.25641,1.25641,1.25641,1.25641,1.25641,1.25641,1.25641,1.25641,1.25641,1.25641,1.25641,1.25641,1.25641,8,4,8
1.15267,1.33,1.064,0.798,0.975333,1.50733,1.35217,1.36325,1.54612,1.77056,1.50595,1.46231,1.13015,0.798,1.064,1.064,1.10833,1.21917,1.07508,1.09171,1.12219,1.04876,1.16721,1.22644,1.21172,1.13786,1.30043,1.11572,1.15636,1.19885,1.24226,1.06446,0.886667,0.842333,0.798,0.820167,0.842333,1.04183,1.16375,1.02521,0.886667,1.15267,1.08617,1.07508,1.29121,1.0446,0.798,1.10833,1.44083,1.36325,1.59046,1.46023,1.12911,0.798,1.064,0.931,0.798,1.15267,0.975333,0.798,1.10833,1.1305,1.18592,1.23579,1.30506,1.25103,1.29052,1.19942,1.17605,1.34169,1.15851,1.11126,1.28713,1.13123,1.11978,1.29139,1.1777,1.12085,1.26976,1.56588,1.53661,1.61064,1.44815,1.14524,0.842333,1.197,1.01967,0.842333,1.08617,1.11942,1.11387,1.3106,1.54197,1.52465,1.67116,1.54491,1.21579,0.886667,1.1305,1.09725,1.12496,1.20531,1.13466,1.12149,1.22575,1.33,1.17188,1.17188,1.17188,1.17188,1.17188,1.17188,1.17188,1.17188,1.17188,1.17188,1.17188,1.17188,1.17188,1.17188,1.17188,1.17188,1.17188,1.17188,1.17188,1.17188,1.17188,1.17188,1.17188,1.17188,1.17188,1.17188,1.17188,4,1,1
1.01967,1.08617,1.38542,1.20254,1.2441,1.33139,1.46369,1.30818,1.27476,1.10288,1.01694,1.5503,1.32932,1.06366,0.798,0.975333,1.35217,1.27458,1.28012,1.03906,0.798,0.798,1.08617,1.31892,1.28012,1.50456,1.35078,1.38472,1.4682,1.48776,1.45322,1.59111,1.34972,1.53936,1.39035,1.42667,1.334,1.48717,1.27558,1.50229,1.39398,1.31766,1.05783,0.798,1.30783,1.29675,1.26904,1.10002,1.08201,0.984339,0.886667,0.798,1.15267,1.35217,1.56275,1.26904,1.25519,1.40343,1.30021,1.42594,1.3558,1.43157,1.26995,1.05614,0.842333,0.798,1.1305,1.00858,0.886667,0.931,1.1305,1.18592,1.19146,1.32723,1.46161,1.32931,1.24099,1.13033,1.075,1.15817,1.08892,1.14296,1.56898,1.31649,1.54491,1.30446,1.49456,1.27928,1.28247,1.3949,1.51762,1.37948,1.1109,0.842333,0.842333,1.064,0.931,0.798,1.24133,1.33,1.28567,1.15267,1.01967,1.22148,1.22148,1.22148,1.22148,1.22148,1.22148,1.22148,1.22148,1.22148,1.22148,1.22148,1.22148,1.22148,1.22148,1.22148,1.22148,1.22148,1.22148,1.22148,1.22148,1.22148,1.22148,1.22148,1.22148,1.22148,1.22148,1.22148,1.22148,1.22148,1.22148,0,0,2
1.10833,1.1305,1.14158,1.28012,1.12773,1.11803,1.22402,1.21051,1.18159,1.25579,1.27073,1.2117,1.29302,1.13417,1.12125,1.24779,1.1559,1.13212,1.27539,1.1032,1.0171,1.10705,1.26286,1.4516,1.30213,1.3604,1.4117,1.26002,1.33934,1.42334,1.31017,1.36442,1.16988,1.16127,1.31214,1.14373,1.12603,1.27235,1.19034,1.1715,1.31725,1.12413,1.1384,1.27853,1.5481,1.48338,1.22936,1.16885,1.27159,1.38946,1.27106,1.3227,1.39285,1.25059,1.2903,1.19931,1.19816,1.28625,1.37462,1.26364,1.29682,1.31341,1.23304,1.32585,1.28359,1.21813,1.3184,1.61237,1.53768,1.74417,1.58142,1.27838,1.19336,1.30601,1.09634,0.886667,1.15267,1.50733,1.463,1.24133,1.17483,1.29675,1.20254,1.1776,1.29814,1.2919,1.22228,1.29831,1.33632,1.26666,1.29833,1.31417,1.21125,1.29279,1.46656,1.30961,1.38631,1.42465,1.26649,1.29825,1.24762,1.22231,1.197,1.26961,1.26961,1.26961,1.26961,1.26961,1.26961,1.26961,1.26961,1.26961,1.26961,1.26961,1.26961,1.26961,1.26961,1.26961,1.26961,1.26961,1.26961,1.26961,1.26961,1.26961,1.26961,1.26961,1.26961,1.26961,1.26961,1.26961,1.26961,1.26961,1.26961,2,1,3
1.37433,1.35217,1.56275,1.44637,1.69852,1.53643,1.25588,1.20427,1.31147,1.1434,1.14803,1.23902,1.24018,1.17425,1.22996,1.23565,1.21632,1.29533,1.31266,1.2105,1.27025,1.58829,1.48131,1.27266,1.21266,1.31566,1.16767,1.11583,1.22292,1.56462,1.42515,1.66574,1.49787,1.39177,1.25005,1.26786,1.29893,1.2258,1.30007,1.15987,1.08977,1.20988,1.22561,1.1448,1.28174,1.19503,1.12952,1.20759,1.24663,1.15531,1.24266,1.33066,1.286,1.33017,1.55175,1.35221,1.36327,1.32447,1.23857,1.30645,1.31823,1.27978,1.30489,1.33961,1.24614,1.2659,1.18712,1.16989,1.22778,1.27889,1.19361,1.26181,1.1629,1.15778,1.24389,1.55295,1.44147,1.3414,1.2692,1.27743,1.17072,1.18386,1.2791,1.50405,1.41702,1.55085,1.46259,1.55146,1.41856,1.28562,1.21914,1.29674,1.2247,1.18868,1.23718,1.08409,1.11838,1.20202,1.28818,1.19826,1.28629,1.37433,1.29566,1.29566,1.29566,1.29566,1.29566,1.29566,1.29566,1.29566,1.29566,1.29566,1.29566,1.29566,1.29566,1.29566,1.29566,1.29566,1.29566,1.29566,1.29566,1.29566,1.29566,1.29566,1.29566,1.29566,1.29566,1.29566,1.29566,1.29566,1.29566,1.29566,1.29566,4,1,2
0.798,0.8645,0.919917,1.19146,1.1499,1.19561,1.17414,1.34074,1.2467,1.22185,1.14293,1.32513,1.21673,1.09603,1.12435,1.27151,1.05692,0.842333,0.842333,1.04183,1.29675,1.20254,1.2441,1.24272,1.24203,1.59635,1.59617,1.48525,1.23029,1.19148,1.12774,1.25104,1.22402,1.38784,1.24809,1.06738,0.886667,1.01967,1.1305,1.23025,1.21362,1.20531,1.28982,1.17691,1.27562,1.34714,1.18341,1.1237,1.24902,1.17868,1.077,1.18134,1.167,1.15983,1.22275,1.14338,1.19235,1.32768,1.32884,1.24075,1.35188,1.2966,1.3133,1.41032,1.32583,1.26141,1.31787,1.1466,1.21613,1.2509,1.35695,1.18831,1.25915,1.02858,0.798,0.953167,1.16375,1.00304,0.842333,0.975333,1.17483,1.00858,0.842333,0.908833,1.16375,1.29121,1.0446,0.798,1.064,1.33,1.2635,1.27458,1.30229,1.24965,1.28982,1.13258,1.05396,1.01464,1.19449,1.01841,0.842333,0.886667,1.17483,1.20808,1.09171,1.25519,1.33693,1.3778,1.41867,1.17174,1.17174,1.17174,1.17174,1.17174,1.17174,1.17174,1.17174,1.17174,1.17174,1.17174,1.17174,1.17174,1.17174,1.17174,1.17174,1.17174,1.17174,1.17174,1.17174,1.17174,1.17174,1.17174,1.17174,2,4,2
1.197,0.9975,0.798,0.842333,0.886667,0.908833,1.09725,0.969792,0.842333,0.953167,1.00858,1.08062,1.20531,1.11249,1.04391,0.943122,0.842333,0.975333,1.2635,1.40758,1.32446,1.10556,0.886667,0.8645,0.842333,1.064,1.28567,1.064,0.842333,1.08617,0.986417,0.886667,1.08617,0.986417,0.886667,1.01967,0.975333,1.15267,1.064,1.10833,1.2635,1.03075,0.798,0.886667,0.798,0.842333,0.886667,1.1305,1.07508,1.09171,1.29952,1.40343,1.14505,0.886667,1.24133,1.10833,1.10833,1.33,1.1305,1.16375,1.33554,1.1776,1.0543,1.25865,1.09483,1.03508,1.38204,1.15652,1.06593,1.26446,1.2529,1.15845,1.04472,1.01003,1.19218,1.39409,1.09605,0.798,1.24133,1.35217,1.45192,1.54612,1.57106,1.6057,1.20185,0.798,0.931,1.24133,1.463,1.1305,0.798,0.975333,0.931,0.886667,0.798,1.10833,0.975333,0.842333,1.15267,1.41867,1.35217,1.07508,0.798,1.1305,1.40758,1.16929,1.18315,1.16791,1.38195,1.53331,1.18782,0.842333,1.09763,1.09763,1.09763,1.09763,1.09763,1.09763,1.09763,1.09763,1.09763,1.09763,1.09763,1.09763,1.09763,1.09763,1.09763,1.09763,1.09763,1.09763,1.09763,1.09763,1.09763,6,3,3
1.55167,1.37433,1.15267,1.30783,1.11942,1.09171,1.25519,1.09309,1.03421,1.20427,1.5553,1.37615,1.17574,1.18637,1.47985,1.49359,1.3453,1.13815,1.23407,1.3707,1.15085,0.996593,0.842333,0.931,1.04183,1.14158,1.16929,1.13881,1.23441,1.23787,1.15093,1.24047,1.08573,1.0527,1.21352,1.13876,1.07921,1.18244,1.21189,1.07144,1.13422,1.20994,1.11481,1.33324,1.10995,0.886667,1.10833,1.01967,1.10833,1.21917,1.20808,1.15821,1.19977,1.35355,1.23094,1.28047,1.28307,1.1292,1.1631,1.20222,1.24394,1.2648,1.2309,1.19178,1.21656,1.22895,1.12431,1.22715,1.07908,1.0937,1.16752,1.16009,1.08988,1.25427,1.20347,1.11157,1.24295,1.21998,1.09765,1.28033,1.12783,1.07375,1.15754,1.13294,1.03197,1.13665,1.14466,1.01566,0.886667,0.953167,0.96425,1.16929,1.07231,1.11249,1.53158,1.43079,1.33606,1.17786,1.1431,1.32522,1.06161,0.798,1.08617,1.03075,1.04737,1.23302,1.03768,0.842333,1.21917,1.07508,0.931,1.16504,1.16504,1.16504,1.16504,1.16504,1.16504,1.16504,1.16504,1.16504,1.16504,1.16504,1.16504,1.16504,1.16504,1.16504,1.16504,1.16504,1.16504,1.16504,1.16504,1.16504,1.16504,4,3,1
1.37433,1.33,1.30783,1.36325,1.25796,1.38265,1.31199,1.05499,0.798,0.886667,1.197,1.17483,1.31892,1.36879,1.5489,1.39511,1.53989,1.41278,1.41572,1.39503,1.29601,1.33517,1.39909,1.29804,1.35836,1.29984,1.42576,1.31138,1.47586,1.31426,1.3443,1.33715,1.31141,1.29854,1.31427,1.29997,1.35932,1.30033,1.3595,1.36691,1.45929,1.43898,1.45099,1.47916,1.40458,1.45596,1.59248,1.37257,1.17395,1.03031,0.886667,1.10833,0.9975,0.886667,1.1305,1.23025,1.39096,1.27181,1.25657,1.29329,1.35598,1.20999,1.24783,1.17808,1.20971,1.18119,1.21126,1.20413,1.22273,1.16553,1.24777,1.17805,1.23186,1.19226,1.23896,1.19582,1.32941,1.35187,1.2966,1.13597,1.07782,0.937909,0.798,0.9975,1.14158,1.08062,1.00581,1.16791,1.02729,0.886667,0.842333,1.1305,1.25242,1.31337,1.36602,1.34801,1.38334,1.35667,1.38767,1.42533,1.46633,1.42033,1.37433,1.25945,1.25945,1.25945,1.25945,1.25945,1.25945,1.25945,1.25945,1.25945,1.25945,1.25945,1.25945,1.25945,1.25945,1.25945,1.25945,1.25945,1.25945,1.25945,1.25945,1.25945,1.25945,1.25945,1.25945,1.25945,1.25945,1.25945,1.25945,1.25945,1.25945,6,1,5
1.463,1.44083,1.42975,1.55721,1.4436,1.49764,1.39165,1.44949,1.43408,1.47071,1.46685,1.50926,1.4418,1.47456,1.42445,1.35506,1.3647,1.36951,1.43842,1.38421,1.42361,1.48764,1.45315,1.50241,1.46054,1.48394,1.3848,1.37957,1.35478,1.32023,1.34728,1.36081,1.38974,1.44853,1.41143,1.59238,1.50553,1.41776,1.39605,1.42952,1.3576,1.32163,1.39232,1.36116,1.34558,1.49296,1.50014,1.45941,1.4612,1.4621,1.39605,1.42953,1.37976,1.35488,1.34244,1.29189,1.31094,1.34264,1.40282,1.34424,1.38145,1.62173,1.56453,1.53593,1.43297,1.40365,1.36682,1.34841,1.36137,1.45652,1.52626,1.47246,1.57856,1.52078,1.49189,1.43311,1.38156,1.42228,1.46481,1.4639,1.50778,1.50756,1.48528,1.54064,1.50182,1.43808,1.38404,1.37919,1.35459,1.36446,1.3694,1.0837,0.798,1.41988,1.41988,1.41988,1.41988,1.41988,1.41988,1.41988,1.41988,1.41988,1.41988,1.41988,1.41988,1.41988,1.41988,1.41988,1.41988,1.41988,1.41988,1.41988,1.41988,1.41988,1.41988,1.41988,1.41988,1.41988,1.41988,1.41988,1.41988,1.41988,1.41988,1.41988,1.41988,1.41988,1.41988,1.41988,1.41988,1.41988,1.41988,1.41988,1.41988,14,6,3
1.10833,0.798,1.01967,1.30783,1.31892,1.32446,1.2829,1.48378,1.40689,1.47928,1.47114,1.28974,1.3542,1.4751,1.35822,1.41061,1.12647,0.842333,0.798,1.04183,1.29675,1.37987,1.42144,1.10972,0.798,0.842333,1.1305,1.34108,1.33554,1.3771,1.10972,0.842333,0.842333,1.10833,1.35217,1.34108,1.35771,1.14435,1.08201,0.940005,0.798,0.975333,1.064,1.01967,1.2635,1.49625,1.28012,1.37156,1.35078,1.31822,1.25761,1.29381,1.3119,1.25445,1.20356,1.44411,1.36489,1.43611,1.38306,1.37869,1.42085,1.37542,1.37488,1.21944,1.20822,1.18044,1.36605,1.19286,1.26143,1.45088,1.23527,1.28264,1.04032,0.798,0.886667,1.08617,1.23025,1.16929,1.22748,1.25657,1.16029,1.24514,1.2654,1.2312,1.4801,1.18338,0.886667,1.1305,1.14158,1.25796,1.29398,1.48932,1.43183,1.58041,1.72121,1.5256,1.20614,0.886667,0.931,0.886667,0.842333,0.820167,0.798,1.1305,1.463,1.21303,1.21303,1.21303,1.21303,1.21303,1.21303,1.21303,1.21303,1.21303,1.21303,1.21303,1.21303,1.21303,1.21303,1.21303,1.21303,1.21303,1.21303,1.21303,1.21303,1.21303,1.21303,1.21303,1.21303,1.21303,1.21303,1.21303,1.21303,0,0,0
1.064,1.35217,1.18592,1.25796,1.42698,1.17899,1.12149,1.27008,1.30004,1.09335,0.886667,0.953167,1.27458,1.03629,0.798,0.798,0.886667,0.953167,1.09725,1.03629,1.18315,1.36741,1.12704,0.886667,1.21917,1.36325,1.14712,1.10556,1.04045,1.18522,1.21328,1.09431,1.05699,1.23783,1.23958,1.10746,1.39606,1.40736,1.30218,1.33826,1.31196,1.16581,1.38091,1.08945,0.798,1.1305,1.07508,0.936542,0.798,1.28567,1.04183,0.798,1.04183,1.27458,1.21362,1.13881,1.23441,1.3487,1.20635,1.31251,1.32125,1.14829,1.43865,1.11832,0.798,0.842333,0.886667,1.1305,1.23025,1.10279,1.06123,1.21778,1.25172,1.0692,0.886667,1.15267,1.44083,1.29675,1.26904,1.16652,1.29259,1.22263,1.12115,1.09257,1.21129,1.00464,0.798,0.908833,0.942083,1.02521,1.02244,1.30922,1.29744,1.29155,1.42161,1.46447,1.2199,1.29712,1.13623,1.03361,1.02664,1.20049,1.44258,1.18679,1.39139,1.18336,1.21235,1.33767,1.1565,1.06592,0.975333,1.15039,1.15039,1.15039,1.15039,1.15039,1.15039,1.15039,1.15039,1.15039,1.15039,1.15039,1.15039,1.15039,1.15039,1.15039,1.15039,1.15039,1.15039,1.15039,1.15039,1.15039,1.15039,16,7,7
0.798,1.10833,1.10833,1.08617,1.03075,1.22471,1.16652,1.31476,1.21155,1.04911,0.886667,0.798,0.798,0.798,0.975333,0.9975,1.09725,0.947625,0.798,0.798,0.9975,1.14158,1.14712,1.12773,1.2732,1.14643,1.01655,0.886667,0.798,0.931,1.17483,1.25242,1.15821,1.08894,1.2538,1.1589,1.28878,1.04339,0.798,0.798,0.798,0.798,0.798,0.886667,1.01967,1.21917,1.34108,1.15821,1.15544,1.28705,1.17553,1.07543,1.04755,0.922774,0.798,0.798,0.975333,1.15267,1.33,1.17483,1.20808,1.31337,1.32169,1.19284,1.15059,1.28463,1.12998,1.05266,1.05833,1.438,1.251,1.2905,1.19942,1.28687,1.17544,1.25272,1.33569,1.19985,1.13192,1.09796,1.25831,1.18332,1.12366,1.27116,1.03458,0.798,0.798,0.908833,1.05292,1.32446,1.06123,0.798,1.10833,1.21917,1.38542,1.13604,0.886667,1.064,1.04183,1.05292,1.23579,1.2829,1.26211,1.20739,1.31303,1.43235,1.11517,0.798,0.931,1.17483,1.23025,1.10279,1.0834,1.064,1.09207,1.09207,1.09207,1.09207,1.09207,1.09207,1.09207,1.09207,1.09207,1.09207,1.09207,1.09207,1.09207,1.09207,1.09207,1.09207,1.09207,1.09207,1.09207,8,5,2
0.798,0.820167,0.842333,0.9975,0.89775,0.798,1.08617,0.942083,0.798,0.842333,0.820167,0.798,0.9975,0.96425,1.03629,1.20531,1.48932,1.36533,1.1925,0.995249,0.798,1.01967,1.21917,1.36325,1.34662,1.40481,1.45607,1.3487,1.29502,1.51201,1.39884,1.16492,1.00363,0.842333,1.17483,1.11942,1.06954,1.0446,1.07647,1.07023,1.04495,1.09881,0.948404,0.798,1.064,1.30783,1.07508,0.842333,0.842333,0.975333,0.931,0.886667,0.798,1.24133,1.28567,1.37433,1.33,1.3965,1.31892,1.52396,1.42698,1.37849,1.35424,1.25346,1.33606,1.3552,1.45343,1.25872,1.27219,1.38976,1.29338,1.33386,1.3541,1.47505,1.44686,1.36626,1.5033,1.39448,1.25141,1.44587,1.52094,1.4698,1.44423,1.40928,1.19231,1.06165,1.06283,1.21858,1.45162,1.39081,1.51557,1.28979,1.06606,0.842333,0.908833,0.942083,0.958708,1.10002,1.23718,1.15059,1.28463,1.28515,1.32974,1.32987,1.2191,1.27455,1.33,1.17876,1.17876,1.17876,1.17876,1.17876,1.17876,1.17876,1.17876,1.17876,1.17876,1.17876,1.17876,1.17876,1.17876,1.17876,1.17876,1.17876,1.17876,1.17876,1.17876,1.17876,1.17876,1.17876,1.17876,1.17876,1.17876,10,5,4
1.15267,0.842333,0.9975,0.89775,0.798,1.30783,1.05292,0.798,0.886667,0.908833,1.07508,0.936542,0.798,0.798,0.886667,1.064,0.931,0.798,1.01967,0.931,0.842333,1.08617,0.942083,0.798,1.21917,1.14158,1.10279,1.19423,1.04045,0.886667,1.10833,1.1305,1.11942,1.31337,1.23302,1.19284,1.32792,1.24029,1.15215,1.32974,1.1747,0.986352,0.798,0.798,0.798,1.15267,1.064,1.08617,1.31892,1.19146,1.17206,1.2732,1.1686,1.16063,1.31182,1.21007,1.07054,1.1116,1.13213,0.965067,0.798,0.798,0.798,1.01967,1.1305,1.00858,0.886667,1.08617,1.03075,1.24687,1.02244,0.798,1.01967,1.04183,1.05292,1.12496,1.13881,1.10141,1.2822,1.1731,1.11855,1.26861,1.0333,0.798,0.9975,1.07508,0.980875,0.886667,0.931,1.04183,1.23025,1.16929,1.16098,1.28982,1.17691,1.18696,1.16981,1.11691,1.00179,0.886667,0.9975,1.07508,1.11387,1.26627,1.20947,1.2919,1.04495,0.798,0.798,0.886667,1.15267,1.17483,1.31892,1.21362,1.18315,1.15267,1.06019,1.06019,1.06019,1.06019,1.06019,1.06019,1.06019,1.06019,1.06019,1.06019,1.06019,1.06019,1.06019,1.06019,1.06019,1.06019,1.06019,14,3,1
0.798,0.798,1.1305,1.29675,1.06954,0.842333,0.798,1.17483,1.34108,1.46854,1.53227,1.3868,1.4914,1.1447,0.798,0.886667,1.21917,1.00858,0.798,0.798,1.10833,1.35217,1.27458,1.39096,1.09448,0.798,0.798,1.197,1.01967,0.842333,0.798,0.975333,0.886667,0.798,0.798,0.798,0.886667,0.886667,0.886667,0.798,1.17483,1.36325,1.43529,1.11665,0.798,0.798,0.798,0.842333,0.798,0.798,0.842333,0.886667,1.10833,1.17483,1.34108,1.06954,0.798,0.798,0.798,0.798,0.886667,0.798,0.798,0.886667,1.01967,0.931,0.842333,1.08617,0.986417,0.886667,1.04183,0.919917,0.798,1.17483,1.03075,0.886667,0.798,0.842333,0.798,0.798,1.04183,1.14158,1.05846,1.2829,1.06261,0.842333,0.886667,0.8645,0.842333,1.15267,1.01967,0.886667,1.28567,1.41867,1.37433,1.463,1.35217,1.49625,1.47962,1.18315,0.886667,0.798,0.798,0.842333,0.9975,0.942083,0.886667,0.886667,0.886667,0.798,0.798,0.842333,0.8645,0.886667,1.197,1.04183,0.886667,1.01967,0.908833,0.798,0.886667,0.999203,0.999203,0.999203,0.999203,0.999203,0.999203,0.999203,0.999203,0.999203,0.999203,0.999203,0.999203,18,4,5
1.064,1.01967,1.2635,1.14158,1.14712,1.3494,1.36186,1.19077,1.30472,1.31736,1.16851,1.36009,1.36721,1.23777,1.39472,1.38453,1.2021,1.04438,0.886667,0.798,0.908833,1.16375,1.24687,1.15544,1.26489,1.12011,1.11422,1.28861,1.17631,1.12015,1.31374,1.1667,1.07102,0.93451,0.798,0.886667,0.842333,0.798,0.931,0.9975,0.89775,0.798,0.842333,0.886667,0.798,0.798,0.798,1.01967,0.953167,0.886667,0.886667,0.9975,1.07508,1.29121,1.13327,1.1208,1.13673,1.10037,1.08218,1.38343,1.17938,1.12169,1.29234,1.17817,1.14325,1.25879,1.18356,1.25678,1.33772,1.1787,1.09918,1.23676,1.06171,0.886667,1.15267,1.08617,1.20808,1.31337,1.05569,0.798,1.15267,1.10833,1.04183,1.00858,0.903292,0.798,0.798,0.798,0.820167,0.842333,0.820167,0.798,0.798,0.798,0.798,0.798,0.842333,0.8645,0.886667,0.842333,0.798,1.08617,1.03075,1.13604,1.32169,1.19284,1.12842,1.29571,1.04686,0.798,1.15267,0.975333,0.798,0.931,1.01967,1.08617,0.96425,0.842333,1.05371,1.05371,1.05371,1.05371,1.05371,1.05371,1.05371,1.05371,1.05371,1.05371,1.05371,1.05371,1.05371,1.05371,1.05371,6,2,0
1.24133,1.5295,1.42975,1.11387,0.798,0.798,0.798,1.01967,1.21917,1.11942,0.958708,0.798,0.842333,0.886667,0.798,0.886667,1.33,1.3965,1.36325,1.43529,1.29398,1.13466,1.27666,1.34766,1.4275,1.66692,1.58712,1.32556,1.21695,1.51731,1.31282,1.16624,1.15946,1.11173,1.1322,1.4971,1.25838,1.53802,1.32318,1.41526,1.32829,1.41781,1.28524,1.37412,1.13039,0.886667,0.886667,1.15267,1.15267,0.975333,0.798,0.908833,0.942083,1.18037,1.21085,1.09309,1.03421,0.916107,0.798,0.798,0.798,0.798,1.064,0.931,0.798,0.798,1.08617,1.05292,1.01412,0.972562,0.973948,1.01897,1.04149,1.05274,0.969705,0.886667,0.953167,1.36325,1.32446,1.4824,1.6057,1.62302,1.34351,1.20375,1.48854,1.43144,1.13689,0.842333,0.886667,0.975333,0.9975,0.942083,0.886667,1.15267,1.10833,1.08617,1.16375,1.11387,1.26627,1.3203,1.32515,1.37191,1.21795,1.00798,0.798,1.10833,1.10833,1.30783,1.05292,0.798,1.13446,1.13446,1.13446,1.13446,1.13446,1.13446,1.13446,1.13446,1.13446,1.13446,1.13446,1.13446,1.13446,1.13446,1.13446,1.13446,1.13446,1.13446,1.13446,1.13446,1.13446,1.13446,1.13446,12,5,3
1.064,1.2635,1.25242,1.06954,0.886667,1.10833,0.953167,0.798,0.842333,0.886667,1.064,0.975333,0.886667,1.01967,1.064,1.01967,1.04183,1.14158,1.10279,1.19423,1.30645,1.14089,1.10245,1.03889,1.07361,1.11314,1.22157,1.00978,0.798,1.1305,1.05292,1.01412,1.2164,1.11803,1.09102,1.14401,1.0375,1.05075,0.946543,0.842333,0.953167,1.18592,0.991958,0.798,1.10833,0.953167,0.798,1.08617,1.07508,1.09171,1.14435,1.08201,1.16167,1.2015,1.08842,1.05404,0.970354,0.886667,1.01967,1.04183,1.05292,1.08062,1.24965,1.11249,1.11041,1.22021,1.1421,1.19172,1.17219,1.1181,1.11321,1.17727,1.03197,0.886667,1.10833,1.064,1.064,1.197,1.1305,1.11942,1.26904,1.12219,1.11526,1.0453,1.01032,1.12582,1.13925,1.05729,1.03848,1.09557,1.03545,1.13839,1.27853,1.12693,1.0733,1.09082,0.988741,0.886667,1.08617,1.03075,1.00304,1.01135,1.05984,1.15059,1.21813,1.1854,1.16903,1.20518,1.00159,0.798,0.975333,0.953167,1.03075,1.11387,1.13327,1.00997,0.886667,1.15267,1.41867,1.07016,1.07016,1.07016,1.07016,1.07016,1.07016,1.07016,1.07016,1.07016,1.07016,1.07016,1.07016,1.07016,1.07016,24,11,16
1.24133,1.064,0.886667,0.798,1.10833,0.953167,0.798,0.798,0.975333,0.886667,0.798,1.01967,0.953167,0.886667,0.953167,0.875583,0.798,0.975333,1.24133,1.37433,1.30783,1.09725,0.886667,1.04183,0.96425,0.886667,0.798,0.975333,1.24133,1.28567,1.3965,1.42975,1.40204,1.49902,1.39234,1.33901,1.3345,1.28792,1.35329,1.27515,1.45774,1.2387,1.01835,0.798,1.064,1.15267,0.9975,0.842333,0.886667,0.842333,0.798,1.064,1.35217,1.25242,1.26904,1.27735,1.32584,1.30576,1.09621,0.886667,0.886667,1.1305,1.23025,1.23579,1.2829,1.35078,1.38472,1.1357,0.886667,0.842333,1.21917,1.18592,1.25796,1.24965,1.37849,1.35424,1.43079,1.35823,1.43278,1.33706,1.2892,1.26526,1.34197,1.33598,1.06699,0.798,0.886667,1.28567,1.2635,1.42975,1.29121,1.3106,1.3203,1.41382,1.32758,1.43962,1.34048,1.24657,1.28829,1.26481,1.34174,1.33587,1.39943,1.18738,0.992692,0.798,1.01967,1.21917,1.41867,1.15591,1.15591,1.15591,1.15591,1.15591,1.15591,1.15591,1.15591,1.15591,1.15591,1.15591,1.15591,1.15591,1.15591,1.15591,1.15591,1.15591,1.15591,1.15591,1.15591,1.15591,1.15591,1.15591,1.15591,0,0,0
0.886667,0.798,0.8645,0.96425,1.05846,1.2829,1.35078,1.42906,1.2022,1.02226,0.842333,1.10833,1.35217,1.25242,1.44637,1.34385,1.11526,0.886667,0.798,0.798,0.798,1.01967,0.931,0.842333,1.04183,0.919917,0.798,1.15267,1.33,1.35217,1.07508,0.798,0.798,0.931,0.953167,1.09725,1.10279,1.03906,1.09586,1.0356,1.00547,1.1234,0.9607,0.798,0.975333,0.886667,0.798,0.975333,0.975333,1.01967,1.1305,1.03075,1.09171,1.25519,1.02659,0.798,1.10833,0.9975,0.886667,1.10833,1.064,1.04183,1.20808,1.15821,1.08894,1.16514,1.18107,1.12253,1.2706,1.0343,0.798,0.798,1.04183,1.03075,0.958708,0.886667,1.15267,1.01967,0.886667,0.975333,0.886667,0.798,0.798,0.798,0.798,1.01967,0.975333,1.01967,1.04183,0.919917,0.798,0.798,0.798,0.886667,1.08617,0.942083,0.798,1.01967,0.9975,1.03075,1.09171,0.967021,0.842333,0.820167,0.798,0.798,0.798,0.798,0.798,0.8645,0.83125,0.798,0.975333,0.886667,0.798,1.33,1.2635,1.56275,1.44637,1.33,1.0063,1.0063,1.0063,1.0063,1.0063,1.0063,1.0063,1.0063,1.0063,1.0063,1.0063,1.0063,1.0063,0,0,0
1.15267,1.197,1.24133,1.28567,1.2635,1.29675,1.35771,1.25519,1.02659,0.798,1.064,1.197,1.24133,1.28567,1.30783,1.36325,1.25796,1.02798,0.798,1.01967,1.197,1.2635,1.34108,1.33554,1.46577,1.44222,1.43044,1.38022,1.35511,1.36472,1.43603,1.25001,1.06834,0.886667,1.10833,1.30783,1.27458,1.34662,1.36048,1.38957,1.22679,1.10106,1.08253,1.20626,1.3568,1.3434,1.3367,1.35552,1.38709,1.44721,1.43294,1.1598,0.886667,0.908833,1.14158,1.23579,1.26073,1.36186,1.39027,1.3823,1.35615,1.38741,1.38087,1.33327,1.2873,1.37515,1.41908,1.37454,1.61827,1.2968,1.29123,1.35495,1.32031,1.34732,1.11699,0.886667,0.975333,1.463,1.21917,1.27458,1.36879,1.3494,1.3397,1.33485,1.35459,1.09846,0.842333,0.908833,1.09725,1.28012,1.23856,1.32861,1.32931,1.32965,1.19683,1.04175,0.886667,1.41867,1.21917,1.27458,1.30229,1.31615,1.33,1.24961,1.24961,1.24961,1.24961,1.24961,1.24961,1.24961,1.24961,1.24961,1.24961,1.24961,1.24961,1.24961,1.24961,1.24961,1.24961,1.24961,1.24961,1.24961,1.24961,1.24961,1.24961,1.24961,1.24961,1.24961,1.24961,1.24961,1.24961,1.24961,1.24961,4,0,0
1.064,0.798,0.798,1.15267,1.04183,1.18592,1.16929,1.29398,1.17899,1.29883,1.22575,1.36654,1.1931,1.35022,1.25144,1.33505,1.24386,1.3756,1.26413,1.3414,1.29137,1.28852,1.08759,0.886667,1.15267,1.10833,1.2635,1.25242,1.29121,1.2441,1.30922,1.16444,1.33589,1.15561,1.37581,1.2199,1.31928,1.08081,0.842333,0.9975,1.20808,1.09171,1.23302,1.17068,1.31684,1.19042,1.30454,1.13994,1.23497,1.14948,1.23974,1.10754,1.28527,1.1303,1.31882,1.19141,1.03904,0.886667,0.798,1.15267,1.15267,1.24133,1.15267,1.2635,1.20808,1.31337,1.23302,1.41451,1.21709,1.38438,1.20202,1.35468,1.16501,1.2475,1.15575,1.24288,1.15344,1.28605,1.21936,1.29685,1.18042,1.29954,1.18177,1.25589,1.15994,1.3558,1.2099,1.33645,1.26673,1.38703,1.18118,1.23342,1.10438,1.21719,1.20709,1.31288,1.14411,1.28139,1.17269,1.27351,1.14659,1.2383,1.17331,1.20732,1.1135,1.28825,1.13179,0.964895,0.798,1.19736,1.19736,1.19736,1.19736,1.19736,1.19736,1.19736,1.19736,1.19736,1.19736,1.19736,1.19736,1.19736,1.19736,1.19736,1.19736,1.19736,1.19736,1.19736,1.19736,1.19736,1.19736,1.19736,1.19736,0,0,0
1.064,1.17483,1.29675,1.29121,1.42144,1.42005,1.10903,0.798,1.08617,1.20808,1.04737,0.886667,1.197,1.35217,1.20808,1.04737,0.886667,1.08617,1.07508,1.06954,1.15544,1.10972,1.13119,1.34143,1.38005,1.13336,0.886667,0.798,1.064,0.975333,0.886667,1.1305,1.09725,1.12496,1.27181,1.03491,0.798,0.798,0.798,1.04183,1.18592,1.08062,1.07231,1.20116,1.17691,1.12046,1.26956,1.43278,1.47006,1.44436,1.40935,1.10367,0.798,1.15267,0.9975,0.842333,1.08617,0.942083,0.798,0.820167,0.842333,0.886667,1.17483,1.20808,1.35771,1.29952,1.04876,0.798,0.798,1.30783,1.23025,1.05846,0.886667,0.798,1.064,1.01967,0.9975,1.18592,1.12496,1.09448,1.25657,1.11595,1.04564,0.921822,0.798,1.064,1.197,1.04183,0.886667,1.10833,1.1305,1.09725,1.30229,1.11665,1.04599,1.27666,1.392,1.095,0.798,0.798,1.24133,1.28567,1.35217,1.07508,0.798,1.24133,1.24133,1.44083,1.36325,1.36879,1.37433,1.10395,1.10395,1.10395,1.10395,1.10395,1.10395,1.10395,1.10395,1.10395,1.10395,1.10395,1.10395,1.10395,1.10395,1.10395,1.10395,1.10395,1.10395,1.10395,1.10395,1.10395,1.10395,0,0,0
1.41867,1.15267,0.886667,0.886667,0.8645,0.842333,0.953167,0.919917,0.886667,0.798,0.842333,0.886667,0.798,1.30783,1.20808,1.33554,1.2441,1.02105,0.798,0.798,1.10833,1.24133,1.50733,1.33,1.064,0.798,0.886667,1.15267,1.15267,1.33,1.30783,1.05292,0.798,0.798,1.15267,1.15267,1.28567,1.17483,1.36325,1.25796,1.07231,0.886667,0.798,1.10833,1.1305,1.23025,1.14712,1.26073,1.16236,1.02452,0.886667,0.798,0.842333,0.886667,0.886667,1.064,0.931,0.798,0.9975,0.942083,0.886667,1.01967,0.908833,0.798,0.886667,0.886667,0.886667,1.33,1.28567,1.5295,1.38542,1.35771,1.38819,1.46993,1.35563,1.56448,1.33641,1.0672,0.798,0.798,1.15267,1.08617,1.23025,1.16929,1.24965,1.15682,1.28774,1.17587,1.03127,0.886667,0.886667,0.842333,0.798,0.931,0.8645,0.798,0.798,0.798,0.798,0.886667,0.975333,0.908833,0.842333,0.975333,0.886667,0.798,0.842333,0.886667,0.798,0.886667,0.842333,0.798,0.886667,0.908833,1.03075,1.04737,0.922687,0.798,1.24133,1.03076,1.03076,1.03076,1.03076,1.03076,1.03076,1.03076,1.03076,1.03076,1.03076,1.03076,1.03076,1.03076,1.03076,0,0,0
0.886667,0.886667,0.886667,1.1305,0.96425,0.798,1.01967,0.908833,0.798,1.08617,0.942083,0.798,1.15267,1.01967,0.886667,1.21917,1.09725,1.08062,1.20531,1.04599,0.886667,1.17483,1.03075,0.886667,1.01967,1.08617,1.07508,1.06954,1.00027,1.07647,1.20323,1.00062,0.798,0.886667,0.842333,0.798,1.064,1.08617,0.986417,0.886667,0.975333,1.10833,1.33,1.064,0.798,1.197,1.04183,0.886667,1.1305,1.07508,1.15821,1.26627,1.09864,1.14782,1.30541,1.07387,0.842333,1.17483,1.07508,1.11387,1.28844,1.04322,0.798,0.931,0.8645,0.798,1.10833,0.975333,0.842333,1.08617,0.986417,0.886667,1.197,1.30783,1.16375,0.980875,0.798,0.798,0.886667,1.15267,1.2635,1.11942,1.22471,1.32169,1.14851,1.28359,1.15163,1.19648,1.26324,1.03062,0.798,1.064,0.931,0.798,1.01967,0.908833,0.798,1.064,0.975333,0.886667,1.10833,1.04183,1.11942,1.31337,1.12219,1.18176,1.21155,1.33727,1.13414,1.2099,1.15912,1.11156,1.19861,1.13131,1.14199,1.15267,1.04611,1.04611,1.04611,1.04611,1.04611,1.04611,1.04611,1.04611,1.04611,1.04611,1.04611,1.04611,1.04611,1.04611,1.04611,1.04611,1.04611,0,0,0
0.975333,1.24133,1.2635,1.42975,1.42421,1.1111,0.798,0.886667,0.8645,0.842333,1.064,0.931,0.798,1.04183,1.27458,1.34662,1.40481,1.41174,1.10487,0.798,0.886667,0.842333,0.798,1.064,1.3965,1.36325,1.08062,0.798,1.064,1.33,1.30783,1.38542,1.33554,1.06677,0.798,1.064,1.064,1.064,1.197,1.10833,1.08617,1.16375,0.980875,0.798,0.886667,1.17483,1.29675,1.49071,1.41035,1.10418,0.798,1.10833,0.9975,0.886667,1.10833,0.953167,0.798,1.064,0.931,0.798,0.886667,0.842333,0.798,1.10833,0.953167,0.798,1.064,1.33,1.30783,1.36325,1.39096,1.47131,1.42282,1.15474,0.886667,1.15267,1.1305,1.14158,1.23579,1.1499,1.01828,0.886667,1.24133,1.33,1.30783,1.31892,1.41312,1.4159,1.46161,1.39581,1.0969,0.798,1.08617,1.25242,1.33554,1.3771,1.37572,1.46369,1.37468,1.21934,1.14167,1.23583,1.06125,0.886667,0.886667,1.24133,1.33,1.463,1.596,1.13268,1.13268,1.13268,1.13268,1.13268,1.13268,1.13268,1.13268,1.13268,1.13268,1.13268,1.13268,1.13268,1.13268,1.13268,1.13268,1.13268,1.13268,1.13268,1.13268,1.13268,1.13268,1.13268,1.13268,0,0,1
1.01967,0.975333,0.908833,0.842333,0.798,1.01967,1.28567,1.44083,1.14158,0.842333,0.931,0.953167,1.07508,1.13604,1.32169,1.05984,0.798,0.886667,0.798,1.01967,0.953167,0.886667,1.15267,1.33,1.28567,1.04183,0.798,0.842333,0.886667,0.931,0.953167,1.09725,1.28012,1.12773,1.11803,1.15752,1.06642,1.19821,1.08677,1.18622,1.25811,1.29405,1.31203,1.36535,1.28117,1.23909,1.01854,0.798,1.064,1.01967,0.953167,0.886667,0.798,1.15267,1.33,1.1305,1.03075,1.06954,1.02244,1.13189,1.31961,1.43564,1.27199,1.41183,1.43741,1.40587,1.6561,1.53738,1.25636,1.02718,0.798,1.37433,1.17483,0.986417,0.798,1.01967,1.1305,0.96425,0.798,0.798,1.04183,0.919917,0.798,0.842333,0.886667,0.798,0.886667,0.886667,0.886667,0.886667,0.886667,1.17483,1.25242,1.29121,1.0446,0.798,1.01967,0.953167,0.886667,1.01967,0.975333,1.064,0.931,0.798,0.798,0.798,0.798,0.798,0.842333,0.886667,0.798,1.10833,1.1305,1.36325,1.16929,0.975333,1.04986,1.04986,1.04986,1.04986,1.04986,1.04986,1.04986,1.04986,1.04986,1.04986,1.04986,1.04986,1.04986,1.04986,1.04986,1.04986,1.04986,0,0,2
0.798,0.886667,0.798,0.908833,1.03075,1.22471,1.14435,1.32584,1.32792,1.41763,1.48465,1.45166,1.3465,1.07225,0.798,1.15267,1.15267,1.10833,1.35217,1.31892,1.41312,1.1499,0.886667,0.798,0.798,0.798,0.886667,0.908833,0.853417,0.798,0.931,1.21917,1.31892,1.28012,1.2164,1.38403,1.17968,0.988841,0.798,1.10833,1.17483,1.07508,1.24687,1.13327,1.23164,1.36948,1.12808,0.886667,0.798,0.886667,0.842333,0.798,0.798,0.931,0.9975,0.986417,0.892208,0.798,0.798,0.975333,1.24133,1.10833,1.33,1.463,1.3965,1.27458,1.03629,0.798,1.01967,0.931,0.842333,1.08617,1.20808,1.18037,1.25519,1.15959,0.978797,0.798,0.886667,1.15267,1.28567,1.2635,1.11942,1.00304,0.886667,1.064,1.1305,1.09725,0.991958,0.886667,0.798,0.842333,0.886667,0.975333,0.886667,0.798,0.975333,0.886667,0.798,0.975333,0.975333,0.975333,0.886667,0.798,0.886667,1.01967,0.908833,0.798,1.064,0.931,0.798,0.798,0.798,1.01967,1.01967,0.953167,0.886667,0.886667,0.886667,0.886667,1.02864,1.02864,1.02864,1.02864,1.02864,1.02864,1.02864,1.02864,1.02864,1.02864,1.02864,1.02864,1.02864,10,3,6
0.886667,1.04183,0.986417,1.04737,1.14435,1.28151,1.21709,1.09621,1.03577,1.18289,0.990443,0.798,0.975333,0.975333,0.9975,1.25242,1.24687,1.28844,1.04322,0.798,1.064,0.975333,0.886667,1.04183,0.96425,0.886667,1.24133,1.197,1.2635,1.25242,1.24687,1.02244,0.798,0.975333,0.931,0.886667,1.21917,1.23025,1.05846,0.886667,0.886667,1.01967,0.953167,0.886667,1.01967,0.975333,1.04183,1.11942,1.35771,1.16652,0.98226,0.798,1.04183,0.919917,0.798,1.01967,0.975333,1.064,1.41867,1.21917,1.16375,0.980875,0.798,1.01967,0.931,0.842333,0.953167,0.942083,1.04737,1.38819,1.20393,1.15613,1.04357,1.07595,1.20297,1.00049,0.798,0.842333,0.886667,0.908833,1.34108,1.20254,1.1776,1.03214,0.886667,1.01967,0.908833,0.798,1.01967,0.908833,0.798,0.908833,1.03075,1.09171,1.12219,0.960094,0.798,0.886667,0.842333,0.798,0.975333,0.908833,0.842333,0.908833,0.942083,0.958708,1.01135,0.94901,0.886667,1.064,0.931,0.798,0.975333,0.9975,1.07508,1.20254,1.3106,1.23164,1.01482,0.798,1.02063,1.02063,1.02063,1.02063,1.02063,1.02063,1.02063,1.02063,1.02063,1.02063,1.02063,1.02063,1.02063,0,0,2
0.798,0.798,0.931,1.10833,1.17483,1.34108,1.37987,1.3106,1.1873,1.16998,1.00616,0.842333,1.04183,1.14158,1.19146,1.17206,1.2067,1.04668,0.886667,1.1305,1.14158,1.14712,1.1499,1.19561,1.17414,1.18557,1.25779,1.16089,1.22328,1.25447,1.22574,1.27787,1.08227,0.886667,1.10833,1.1305,1.25242,1.29121,1.13327,1.14297,1.14782,1.01724,0.886667,1.064,1.24133,1.197,1.197,1.21917,1.18592,0.991958,0.798,0.798,0.975333,0.975333,1.10833,1.41867,1.33,1.41867,1.10833,0.798,1.01967,1.08617,1.16375,1.22471,1.18869,1.12634,1.31684,1.41209,1.41538,1.28402,1.17401,1.22984,1.01392,0.798,0.798,0.975333,1.15267,1.10833,1.17483,0.986417,0.798,1.08617,1.05292,1.01412,1.12773,1.18453,1.12427,1.13847,0.968233,0.798,0.820167,0.842333,0.798,0.798,1.10833,1.08617,1.07508,1.02521,0.955937,0.886667,1.08617,1.07508,1.06954,1.15544,1.24272,1.15336,1.21951,1.00876,0.798,0.953167,1.14158,1.10279,1.26073,1.0737,0.886667,1.09329,1.09329,1.09329,1.09329,1.09329,1.09329,1.09329,1.09329,1.09329,1.09329,1.09329,1.09329,1.09329,1.09329,1.09329,1.09329,1.09329,1.09329,0,0,0
0.798,0.953167,1.07508,1.11387,1.15544,1.15405,1.24203,1.28601,1.08634,0.886667,1.08617,0.942083,0.798,0.842333,0.886667,1.01967,1.1305,1.05292,1.05846,1.19423,1.26211,1.16306,1.15786,1.42126,1.22047,1.2309,1.05878,0.886667,1.01967,1.21917,1.14158,1.01412,0.886667,0.931,1.064,0.931,0.798,0.908833,0.853417,0.798,0.975333,0.886667,0.798,0.975333,0.908833,0.842333,1.21917,1.03075,0.842333,1.1305,0.96425,0.798,1.064,0.975333,0.886667,0.975333,0.931,0.886667,0.886667,0.886667,1.064,1.15267,0.975333,0.798,1.064,0.931,0.798,0.886667,0.886667,0.886667,1.08617,0.942083,0.798,1.01967,1.08617,1.07508,1.24687,1.02244,0.798,0.798,0.798,0.953167,1.40758,1.23579,1.19423,0.996115,0.798,0.886667,0.8645,0.842333,1.04183,0.96425,0.886667,1.08617,0.96425,0.842333,1.08617,1.16375,1.06954,1.15544,0.976719,0.798,0.820167,0.842333,0.953167,1.36325,1.19146,1.17206,1.0072,0.842333,1.24133,1.01967,0.798,1.064,0.953167,0.842333,0.9975,1.00858,1.10279,1.197,1.0028,1.0028,1.0028,1.0028,1.0028,1.0028,1.0028,1.0028,1.0028,1.0028,1.0028,1.0028,1.0028,4,0,0
0.975333,1.21917,1.29675,1.35771,1.29952,1.40343,1.47755,1.33727,1.33364,1.11015,0.886667,1.30783,1.27458,1.32446,1.37156,1.39511,1.40689,1.63445,1.37139,1.30636,1.09651,0.886667,1.15267,0.975333,0.798,0.886667,1.15267,1.30783,1.45192,1.43529,1.11665,0.798,1.10833,0.9975,0.886667,1.1305,1.00858,0.886667,0.842333,0.798,0.886667,1.15267,1.28567,1.3965,1.42975,1.29121,1.08894,0.886667,1.01967,0.9975,1.03075,1.18037,1.34385,1.31476,1.05638,0.798,1.15267,1.41867,1.3965,1.49625,1.45746,1.3494,1.38403,1.42352,1.50976,1.50855,1.75177,1.40789,1.45761,1.1278,0.798,0.798,0.798,0.798,0.886667,1.17483,1.20808,1.40204,1.14435,0.886667,0.798,1.064,1.28567,1.2635,1.45192,1.34662,1.07231,0.798,0.886667,1.197,1.30783,1.31892,1.28012,1.4159,1.10695,0.798,0.798,1.10833,1.21917,1.05292,0.886667,0.886667,1.15267,1.28567,1.21917,1.15267,1.16845,1.16845,1.16845,1.16845,1.16845,1.16845,1.16845,1.16845,1.16845,1.16845,1.16845,1.16845,1.16845,1.16845,1.16845,1.16845,1.16845,1.16845,1.16845,1.16845,1.16845,1.16845,1.16845,1.16845,1.16845,1.16845,1.16845,12,0,4
0.798,0.9975,1.20808,1.31337,1.29952,1.40343,1.41105,1.10452,0.798,0.886667,0.886667,0.886667,0.9975,1.03075,0.914375,0.798,1.064,0.931,0.798,1.064,0.931,0.798,1.1305,1.18592,1.28012,1.06123,0.842333,0.953167,0.875583,0.798,0.798,0.798,0.953167,1.23025,1.23579,1.39373,1.38403,1.22402,1.05534,0.886667,1.48517,1.31892,1.28012,1.0834,0.886667,1.21917,1.00858,0.798,0.798,0.798,0.798,0.908833,1.29675,1.22471,1.14435,0.971177,0.798,0.798,0.886667,0.842333,0.798,0.798,1.10833,1.197,1.17483,1.29675,1.09171,0.886667,0.842333,0.798,0.931,0.953167,0.89775,0.842333,0.820167,0.798,1.064,1.28567,1.04183,0.798,0.798,0.798,0.842333,0.886667,1.08617,0.942083,0.798,0.798,0.798,1.01967,1.04183,0.919917,0.798,0.886667,1.24133,1.24133,1.15267,1.33,1.24133,1.197,1.04183,0.886667,0.842333,0.9975,0.986417,1.09171,1.29952,1.07093,0.842333,1.21917,1.05292,0.886667,1.17483,0.986417,0.798,0.798,0.798,0.798,0.798,1.00303,1.00303,1.00303,1.00303,1.00303,1.00303,1.00303,1.00303,1.00303,1.00303,1.00303,1.00303,1.00303,1.00303,4,0,0
0.975333,1.10833,1.08617,1.23025,1.28012,1.26073,1.11803,1.26835,1.03317,0.798,0.798,1.15267,0.9975,0.842333,1.08617,0.986417,0.886667,0.886667,0.886667,1.17483,1.23025,1.08062,0.939312,0.798,0.798,0.886667,0.798,0.975333,0.975333,0.9975,1.18592,1.12496,1.00581,0.886667,1.197,1.1305,1.27458,1.21362,1.09448,0.94624,0.798,0.842333,0.908833,1.03075,1.04737,1.23302,1.10418,1.30576,1.11838,1.26852,1.16626,0.982131,0.798,0.798,1.10833,1.30783,1.27458,1.23579,1.23856,1.28428,1.30714,1.2299,1.23562,1.01681,0.798,0.798,1.04183,1.14158,1.10279,1.26073,1.16236,1.20185,1.04426,0.886667,0.842333,0.798,0.886667,1.04183,1.16375,1.20254,1.00027,0.798,0.798,0.798,0.953167,1.16375,1.15821,1.19977,1.22055,1.23094,1.28047,1.34957,1.29545,1.06889,0.842333,0.798,1.064,1.197,1.08617,0.942083,0.798,1.15267,1.08617,0.942083,0.798,0.886667,0.886667,0.886667,0.798,0.798,0.886667,1.064,1.08617,1.29675,1.18037,1.16652,1.15959,1.15267,1.04813,1.04813,1.04813,1.04813,1.04813,1.04813,1.04813,1.04813,1.04813,1.04813,1.04813,1.04813,1.04813,1.04813,1.04813,4,0,0
0.931,0.886667,0.798,0.842333,0.886667,1.01967,0.9975,0.89775,0.798,0.798,0.798,0.842333,0.886667,0.886667,0.931,0.9975,1.03075,1.00304,1.03352,1.00443,0.945547,0.886667,0.798,0.798,0.798,0.798,0.842333,0.886667,1.064,0.931,0.798,0.931,0.953167,0.89775,0.842333,0.8645,0.886667,1.15267,0.975333,0.798,0.798,0.798,0.798,0.798,0.931,0.8645,0.798,0.886667,0.886667,0.886667,0.886667,0.886667,0.9975,1.03075,1.04737,1.01135,0.904677,0.798,0.886667,0.886667,0.975333,0.931,0.886667,0.798,0.886667,0.975333,0.931,0.886667,0.886667,0.886667,0.886667,0.842333,0.798,0.798,0.798,1.064,0.975333,0.886667,0.886667,0.886667,0.886667,0.886667,0.886667,0.798,0.8645,0.875583,0.886667,0.842333,0.798,0.908833,0.919917,0.881125,0.842333,1.01967,0.953167,0.886667,0.842333,0.953167,1.03075,1.18037,1.01135,0.842333,0.842333,0.842333,0.886667,1.15267,0.9975,0.842333,0.908833,0.919917,1.12496,1.02798,0.957323,0.886667,0.798,0.953167,1.14158,1.10279,0.950396,0.798,0.798,0.798,0.820167,0.842333,0.975333,0.886667,0.798,1.01967,1.24133,0.907561,0.907561,0.907561,0.907561,0,0,0
0.886667,0.886667,0.798,0.975333,0.908833,0.842333,0.886667,0.842333,0.798,0.798,0.798,0.798,0.798,0.886667,0.842333,0.798,0.842333,0.886667,1.01967,0.908833,0.798,0.886667,0.886667,0.886667,0.886667,0.886667,0.886667,0.886667,0.9975,1.16375,1.24687,1.02244,0.798,1.01967,1.17483,1.11942,1.31337,1.18869,1.34801,1.18384,1.16825,1.20479,1.31173,1.05486,0.798,0.9975,0.89775,0.798,0.798,1.17483,1.09725,1.23579,1.1499,1.19561,1.35147,1.11907,0.886667,0.798,0.886667,0.886667,1.01967,1.08617,1.11942,1.31337,1.10002,0.886667,0.931,0.8645,0.798,1.10833,0.9975,0.886667,1.10833,1.30783,1.20808,1.69021,1.48794,1.43114,1.18107,1.0782,0.9381,0.798,0.820167,0.842333,0.886667,0.886667,0.931,0.8645,0.798,0.798,0.798,1.01967,0.975333,0.886667,0.798,0.798,0.798,1.064,0.931,0.798,0.798,0.886667,1.10833,1.01967,1.04183,1.00858,0.991958,0.894979,0.798,0.798,0.886667,0.798,0.798,1.064,0.953167,0.842333,0.908833,0.942083,0.958708,1.03352,0.98226,0.89013,0.798,0.974221,0.974221,0.974221,0.974221,0.974221,0.974221,0.974221,0.974221,0.974221,0.974221,12,1,0
1.064,1.28567,1.24133,1.33,1.33,1.28567,1.35217,1.42975,1.37987,1.35494,1.27597,1.39165,1.27216,1.38975,1.31554,1.3671,1.30422,1.22844,1.32355,1.34894,1.38381,1.3569,1.38778,1.09289,0.798,0.798,1.01967,1.21917,1.29675,1.18037,1.21085,1.27043,1.21155,1.31511,1.32255,1.32628,1.35031,1.34015,1.37941,1.44337,1.34235,1.07018,0.798,0.886667,1.197,1.2635,1.38542,1.24687,1.02244,0.798,0.842333,1.17483,1.25242,1.29121,1.33277,1.28705,1.28636,1.33035,1.28584,1.35225,1.34113,1.33556,1.42145,1.33139,1.08686,0.842333,0.886667,1.064,0.931,0.798,0.798,0.798,0.798,1.064,1.28567,1.08617,0.886667,0.975333,0.931,0.886667,0.798,1.17483,1.18592,1.28012,1.30506,1.05153,0.798,0.798,1.15267,1.197,1.17483,1.34108,1.29121,1.3771,1.26489,1.38611,1.18072,0.989361,0.798,1.10833,1.17483,1.20808,1.02521,0.842333,0.798,0.798,0.798,1.10833,1.41867,1.16323,1.16323,1.16323,1.16323,1.16323,1.16323,1.16323,1.16323,1.16323,1.16323,1.16323,1.16323,1.16323,1.16323,1.16323,1.16323,1.16323,1.16323,1.16323,1.16323,1.16323,1.16323,1.16323,1.16323,0,0,0
1.33,0.798,0.975333,0.975333,1.1305,1.23025,1.14712,1.10556,0.951781,0.798,1.01967,1.08617,0.986417,0.886667,1.01967,0.975333,0.975333,0.886667,0.798,0.886667,1.15267,1.28567,1.30783,1.09725,0.886667,0.798,1.064,1.197,0.9975,0.798,0.886667,0.886667,0.886667,0.842333,0.798,0.886667,0.908833,0.986417,1.15821,1.15544,0.976719,0.798,1.08617,0.96425,0.842333,1.01967,0.908833,0.798,1.01967,0.908833,0.798,1.01967,1.08617,1.00858,0.947625,0.886667,0.798,0.975333,0.886667,0.798,0.8645,0.83125,0.798,1.1305,1.05292,0.969792,0.886667,0.798,0.886667,0.842333,0.798,0.886667,0.886667,0.886667,0.798,0.798,0.798,0.886667,0.842333,0.798,1.15267,1.30783,1.09725,0.886667,1.01967,0.908833,0.798,0.798,0.798,1.01967,0.9975,0.89775,0.798,1.04183,0.96425,0.886667,0.886667,0.886667,1.15267,1.28567,1.04183,0.798,0.798,0.842333,0.886667,1.1305,1.00858,0.886667,1.01967,0.908833,0.798,1.10833,1.17483,0.986417,0.798,0.798,0.842333,1.04183,0.96425,0.886667,1.21917,1.55167,0.95889,0.95889,0.95889,0.95889,0.95889,0.95889,0.95889,0.95889,0.95889,0.95889,0.95889,0,0,0
0.798,1.10833,1.04183,1.05292,1.30229,1.18315,1.12357,1.31545,1.27839,1.21553,1.36143,1.30138,1.18269,1.21201,1.02717,0.842333,1.08617,1.11942,1.09171,1.32169,1.12634,1.16167,1.31234,1.07733,0.842333,1.064,0.975333,0.886667,1.10833,1.24133,1.1305,1.23025,1.36879,1.2164,1.31753,1.25727,1.16063,1.20098,1.26549,1.12041,1.26954,1.29977,1.18188,1.32244,1.28189,1.21728,1.27364,1.21315,1.09424,1.30079,1.18239,1.16753,1.33743,1.37805,1.19886,1.3531,1.29721,1.18061,1.2553,1.24832,1.11183,1.35391,1.34196,1.20298,1.37732,1.39799,1.18666,1.30267,1.139,1.1015,1.30442,1.13987,1.14627,1.30464,1.27298,1.21283,1.31575,1.14554,1.10477,1.21738,1.09636,1.12451,1.31592,1.25646,1.16023,1.33378,1.24322,1.19795,1.35264,1.11965,0.886667,1.15267,1.10833,1.10833,1.2635,1.25242,1.20254,1.00027,0.798,0.798,0.886667,1.10833,0.9975,0.886667,1.1305,1.18592,1.16929,0.983646,0.798,0.798,1.064,1.16705,1.16705,1.16705,1.16705,1.16705,1.16705,1.16705,1.16705,1.16705,1.16705,1.16705,1.16705,1.16705,1.16705,1.16705,1.16705,1.16705,1.16705,1.16705,1.16705,1.16705,1.16705,2,0,3
1.24133,0.798,0.886667,0.842333,0.798,1.04183,0.919917,0.798,1.01967,0.953167,0.886667,1.064,0.975333,0.886667,1.064,0.931,0.798,1.01967,0.953167,0.886667,1.08617,1.03075,1.06954,1.1776,1.07647,1.1589,1.17795,1.05448,1.10357,1.17245,0.985226,0.798,1.01967,0.975333,1.04183,1.11942,1.04737,1.05569,1.17068,0.984339,0.798,1.01967,0.908833,0.798,1.01967,0.953167,0.886667,1.01967,1.04183,1.09725,1.16929,1.20531,1.15682,1.19908,1.08721,1.11994,1.18063,0.989317,0.798,1.01967,1.04183,1.09725,1.16929,1.16098,1.15682,1.19908,1.13154,1.16427,1.2028,1.08907,1.14303,1.21435,1.00618,0.798,0.975333,1.064,1.10833,1.21917,1.14158,1.16929,1.20531,1.09032,1.14366,1.21466,1.11717,1.15708,1.31004,1.05402,0.798,1.04183,1.07508,1.11387,1.19977,1.15405,1.17553,1.18626,1.19163,1.17215,1.20674,1.09104,1.12185,1.20376,1.11171,1.15436,1.24218,1.13092,1.16396,1.20265,1.17766,1.16516,1.22541,1.12254,1.1376,1.58847,1.3484,1.2727,1.197,1.07739,1.07739,1.07739,1.07739,1.07739,1.07739,1.07739,1.07739,1.07739,1.07739,1.07739,1.07739,1.07739,1.07739,1.07739,1.07739,4,0,1
1.33,1.41867,1.5295,1.38542,1.49071,1.14435,0.798,0.886667,0.798,0.975333,1.44083,1.29675,1.13604,1.01135,0.886667,0.842333,0.798,0.798,0.798,0.886667,0.8645,0.842333,0.9975,0.89775,0.798,1.10833,0.953167,0.798,0.975333,0.886667,0.798,0.886667,0.975333,0.886667,0.798,0.886667,0.886667,0.886667,0.798,0.798,0.886667,0.886667,0.975333,0.953167,1.03075,0.914375,0.798,0.886667,1.01967,1.10833,1.10833,1.15267,1.10833,1.04183,1.07508,1.02521,1.2441,1.06539,0.886667,1.01967,0.9975,1.11942,1.18037,0.989187,0.798,1.10833,1.04183,0.96425,0.886667,0.953167,1.09725,0.991958,0.886667,0.798,0.798,0.798,0.842333,0.886667,0.886667,0.8645,0.842333,1.08617,1.11942,0.958708,0.798,0.842333,0.886667,0.886667,0.842333,0.798,0.975333,1.01967,1.04183,0.919917,0.798,0.798,0.798,0.842333,0.886667,0.798,0.975333,0.886667,0.798,0.798,0.798,1.10833,0.953167,0.798,0.931,1.10833,0.9975,0.886667,0.798,0.798,0.798,0.931,0.953167,1.09725,1.45746,1.43806,1.3397,1.06885,0.798,0.9667,0.9667,0.9667,0.9667,0.9667,0.9667,0.9667,0.9667,0.9667,0.9667,4,1,3
0.886667,0.842333,0.798,1.064,1.33,1.41867,1.10833,0.798,0.798,0.886667,0.798,0.798,0.798,0.798,0.798,1.197,1.2635,1.07508,0.886667,0.798,1.064,0.931,0.798,1.064,1.33,1.30783,1.05292,0.798,1.15267,0.975333,0.798,0.798,1.01967,1.28567,1.30783,1.29675,1.42421,1.19977,1.30922,1.18661,1.2583,1.22765,1.23449,1.14925,1.12879,1.14073,1.10236,1.14968,1.08467,1.163,1.1135,1.19958,1.17613,1.1644,1.29153,1.3551,1.07655,0.798,0.798,0.798,0.798,0.798,0.975333,0.9975,1.07508,0.980875,0.886667,0.798,1.064,0.975333,0.886667,1.15267,1.35217,1.20808,1.09171,0.944854,0.798,0.798,1.197,1.17483,1.16375,1.40204,1.10002,0.798,0.798,1.064,1.10833,1.04183,0.919917,0.798,1.197,1.2635,1.05292,0.842333,0.798,0.798,0.886667,0.842333,0.798,0.975333,1.01967,0.908833,0.798,0.931,1.1305,0.986417,0.842333,1.15267,1.01967,0.886667,1.197,1.41867,1.41867,1.10833,0.798,0.886667,0.975333,1.03187,1.03187,1.03187,1.03187,1.03187,1.03187,1.03187,1.03187,1.03187,1.03187,1.03187,1.03187,1.03187,1.03187,1.03187,1.03187,0,0,0
0.886667,1.24133,1.17483,1.16375,1.33554,1.5101,1.28705,1.57453,1.3636,1.23596,1.03915,0.842333,1.3965,1.23025,1.23579,1.4159,1.32861,1.50664,1.39615,1.54041,1.70121,1.3826,1.3563,1.40965,1.36983,1.39425,1.33996,1.44581,1.65391,1.38112,1.59939,1.35386,1.31976,1.41355,1.32744,1.37305,1.35153,1.3851,1.42405,1.37702,1.30918,1.45259,1.34696,1.42715,1.11257,0.798,0.886667,1.064,1.30783,1.27458,1.39096,1.31615,1.32307,1.2822,1.32827,1.2848,1.3074,1.0527,0.798,0.931,0.8645,0.798,0.886667,1.064,1.21917,1.49625,1.28012,1.17206,0.985031,0.798,1.28567,1.21917,1.18592,1.36879,1.30506,1.4062,1.32377,1.41555,1.30627,1.4068,1.32407,1.3492,1.31743,1.34588,1.24928,1.28964,1.22115,1.27558,1.21412,1.29423,1.26778,1.29889,1.27011,1.34439,1.24853,1.35576,1.29855,1.31427,1.45514,1.25957,1.064,1.27627,1.27627,1.27627,1.27627,1.27627,1.27627,1.27627,1.27627,1.27627,1.27627,1.27627,1.27627,1.27627,1.27627,1.27627,1.27627,1.27627,1.27627,1.27627,1.27627,1.27627,1.27627,1.27627,1.27627,1.27627,1.27627,1.27627,1.27627,1.27627,1.27627,1.27627,1.27627,0,0,0
0.975333,1.17483,1.07508,1.11387,1.1776,1.1208,0.959401,0.798,0.8645,1.00858,1.03629,1.09448,0.990573,0.886667,0.931,1.04183,1.07508,1.11387,1.08894,1.16514,1.11457,1.22228,1.25398,1.24765,1.37749,1.35375,1.34187,1.38027,1.42164,1.10982,0.798,0.798,0.842333,0.886667,0.798,1.28567,1.197,1.2635,1.29675,1.33554,1.28844,1.33139,1.15336,1.15301,1.15284,1.21925,1.16379,1.2469,1.19978,1.33139,1.1977,1.21951,1.27476,1.34671,1.36052,1.43393,1.2933,1.35598,1.29866,1.403,1.3,1.315,1.27817,1.39275,1.27271,1.12402,0.96101,0.798,1.15267,1.15267,1.33,1.197,1.2635,1.18592,1.25796,1.16098,1.28982,1.17691,1.25346,1.20306,1.33303,1.15418,1.33076,1.28605,1.41886,1.33009,1.15271,0.975357,0.798,1.064,1.21917,1.27458,1.32446,1.39373,1.38403,1.49002,1.43217,1.46975,1.37771,1.46469,1.39734,1.09767,0.798,0.798,1.17483,1.20808,1.26904,1.33,1.18753,1.18753,1.18753,1.18753,1.18753,1.18753,1.18753,1.18753,1.18753,1.18753,1.18753,1.18753,1.18753,1.18753,1.18753,1.18753,1.18753,1.18753,1.18753,1.18753,1.18753,1.18753,1.18753,1.18753,1.18753,8,5,1
0.798,0.886667,0.798,0.798,1.10833,1.15267,1.33,1.28567,1.3965,1.27458,1.30229,1.27181,1.30091,1.31545,1.30056,1.35961,1.07881,0.798,0.798,0.798,0.798,0.798,0.886667,0.842333,0.798,1.10833,1.37433,1.35217,1.47408,1.64587,1.33277,1.28705,1.39719,1.3636,1.43546,1.4714,1.35637,1.43185,1.29226,1.31113,1.32056,1.36962,1.39414,1.42857,1.33495,1.37681,1.30907,1.4082,1.32477,1.41605,1.39519,1.1631,0.980548,0.798,1.01967,1.21917,1.31892,1.41312,1.37156,1.39511,1.31822,1.43495,1.11647,0.798,0.886667,1.064,0.931,0.798,0.798,0.975333,1.21917,1.25242,1.35771,1.29952,1.35909,1.34455,1.40377,1.34472,1.31519,1.36693,1.41497,1.37248,1.48424,1.40712,1.36856,1.08328,0.798,0.798,0.798,0.798,0.798,0.798,0.798,1.15267,1.28567,1.3965,1.40758,1.41312,1.4159,1.32861,1.39581,1.45157,1.39079,1.36039,1.38953,1.41867,1.20352,1.20352,1.20352,1.20352,1.20352,1.20352,1.20352,1.20352,1.20352,1.20352,1.20352,1.20352,1.20352,1.20352,1.20352,1.20352,1.20352,1.20352,1.20352,1.20352,1.20352,1.20352,1.20352,1.20352,1.20352,1.20352,1.20352,6,0,1
1.15267,0.9975,0.842333,1.197,1.35217,1.34108,1.15821,1.1111,1.04322,1.23094,1.10314,1.03924,0.918618,0.798,0.798,1.1305,0.96425,0.798,0.798,0.798,0.798,0.798,1.15267,0.975333,0.798,1.15267,1.1305,1.05292,0.925458,0.798,0.798,0.798,1.064,0.931,0.798,1.15267,1.064,1.064,1.30783,1.23025,1.05846,0.886667,0.798,0.798,0.886667,1.197,0.9975,0.798,0.842333,0.886667,0.798,0.842333,0.886667,0.886667,0.886667,0.798,0.975333,1.04183,1.23025,1.10279,1.0834,1.22886,1.01343,0.798,1.10833,0.9975,0.886667,0.975333,0.886667,0.798,0.798,0.798,0.798,0.886667,0.842333,0.798,0.798,0.798,1.10833,0.953167,0.798,0.931,0.8645,0.798,0.798,0.798,0.842333,0.886667,1.15267,0.975333,0.798,1.10833,0.953167,0.798,0.886667,0.842333,0.798,1.17483,1.03075,0.886667,1.197,1.17483,1.11942,1.26904,1.07785,0.886667,1.2635,1.03075,0.798,0.886667,0.886667,0.798,0.798,1.1305,1.31892,1.41312,1.50456,1.41728,1.52881,1.51807,1.15804,0.798,0.886667,0.986141,0.986141,0.986141,0.986141,0.986141,0.986141,0.986141,0.986141,0.986141,0.986141,12,8,6
1.24133,1.37433,1.41867,1.15267,0.886667,0.931,0.9975,1.25242,1.20254,1.3106,1.34247,1.11457,0.886667,0.798,1.01967,0.908833,0.798,0.886667,1.15267,1.28567,1.37433,1.3965,1.09725,0.798,0.798,0.798,0.798,0.798,0.798,0.798,0.798,0.798,0.798,0.798,0.798,0.886667,1.15267,0.975333,0.798,0.798,0.886667,0.842333,0.820167,0.798,0.798,0.798,0.798,0.798,0.798,0.798,0.886667,0.8645,0.842333,0.886667,0.842333,0.798,0.798,0.798,0.798,0.886667,0.798,1.1305,0.96425,0.798,0.798,0.886667,0.798,1.15267,0.975333,0.798,0.886667,1.21917,1.27458,1.03629,0.798,0.798,0.886667,0.798,1.01967,0.908833,0.798,1.10833,1.2635,1.07508,0.886667,0.798,0.842333,0.886667,0.798,1.15267,1.21917,1.31892,1.41312,1.1499,0.886667,0.798,1.15267,1.30783,1.05292,0.798,0.886667,0.931,0.8645,0.798,0.886667,0.842333,0.798,0.975333,0.886667,0.798,1.08617,0.986417,0.886667,1.01967,0.908833,0.798,1.064,1.3965,1.49625,1.41312,1.33,0.967244,0.967244,0.967244,0.967244,0.967244,0.967244,0.967244,0.967244,0.967244,0.967244,0.967244,0.967244,8,1,1
0.975333,1.15267,1.01967,0.886667,0.842333,0.886667,1.197,1.08617,1.16375,1.33554,1.19977,1.22055,1.29744,1.35805,1.25536,1.20401,1.26701,1.0325,0.798,0.886667,0.798,1.064,1.04183,1.00858,1.25796,1.13881,1.01274,0.886667,0.798,1.15267,1.2635,1.16375,1.29121,1.26627,1.2538,1.11457,0.956284,0.798,1.10833,1.28567,1.2635,1.03075,0.798,0.798,1.064,1.064,1.01967,1.17483,1.09725,1.21362,1.36048,1.43391,1.38195,1.13431,0.886667,0.798,0.820167,0.842333,0.8645,0.886667,1.10833,0.953167,0.798,1.01967,1.04183,1.25242,1.11387,1.22194,1.14297,0.970484,0.798,0.842333,0.886667,0.842333,0.798,0.908833,1.29675,1.26904,1.12219,1.04876,0.967714,0.886667,0.798,0.886667,1.04183,0.919917,0.798,0.798,0.798,1.01967,0.908833,0.798,0.798,0.798,1.01967,1.197,1.2635,1.25242,1.06954,0.886667,0.886667,0.798,0.798,0.798,0.798,0.798,1.15267,0.975333,0.798,0.798,0.842333,0.886667,0.798,0.842333,0.886667,1.15267,1.064,1.1305,1.00858,0.886667,0.975333,1.01714,1.01714,1.01714,1.01714,1.01714,1.01714,1.01714,1.01714,1.01714,1.01714,1.01714,1.01714,10,5,5
1.33,0.798,1.04183,1.23025,1.19146,1.30506,1.2732,1.34593,1.07197,0.798,1.1305,1.14158,1.10279,1.26073,1.3397,1.06885,0.798,0.886667,1.064,1.28567,1.064,0.842333,0.820167,0.798,0.886667,1.197,1.1305,1.27458,1.30229,1.24965,1.24549,1.02174,0.798,0.798,0.886667,1.10833,1.17483,1.20808,1.33554,1.22194,1.0543,0.886667,0.886667,0.886667,0.842333,0.798,0.798,0.886667,1.064,0.931,0.798,1.064,1.24133,1.01967,0.798,0.886667,0.798,1.04183,0.96425,0.886667,0.798,0.798,1.10833,1.08617,1.25242,1.06954,0.886667,0.842333,0.798,0.886667,0.798,0.931,1.17483,1.25242,1.20254,1.3771,1.17622,1.25311,1.33589,1.06694,0.798,1.064,1.15267,1.197,1.28567,1.08617,0.886667,0.886667,0.886667,1.04183,0.96425,0.886667,0.798,0.975333,1.197,1.35217,1.42975,1.24687,1.15544,1.33139,1.06469,0.798,1.1305,1.09725,1.08062,1.20531,1.00166,0.798,0.886667,0.886667,1.10833,1.24133,1.28567,1.04183,0.798,1.41867,1.05104,1.05104,1.05104,1.05104,1.05104,1.05104,1.05104,1.05104,1.05104,1.05104,1.05104,1.05104,1.05104,1.05104,1.05104,1.05104,1.05104,18,4,1
0.886667,1.197,1.37433,1.33,1.41867,1.24133,1.30783,1.07508,0.842333,1.064,1.10833,0.953167,0.798,1.197,1.08617,0.96425,0.842333,1.2635,1.05292,0.842333,1.04183,1.16375,1.00304,0.842333,0.975333,0.953167,0.919917,0.886667,1.463,1.57383,1.36325,1.45746,1.70406,1.25103,0.798,0.886667,0.908833,0.986417,1.00304,1.32169,1.17068,0.984339,0.798,0.8645,0.89775,1.22471,1.03352,0.842333,0.798,0.886667,1.21917,1.09725,1.36879,1.32723,1.41728,1.17414,0.98607,0.798,0.8645,1.11942,1.24687,1.1111,1.08755,0.942776,0.798,0.798,0.798,0.798,0.886667,0.886667,0.886667,0.798,1.08617,1.16375,0.980875,0.798,0.9975,1.18592,1.23579,1.32723,1.37295,1.08547,0.798,0.798,0.820167,0.842333,0.798,1.064,0.931,0.798,0.798,0.798,0.798,0.886667,0.798,1.15267,1.28567,1.197,1.24133,1.28567,1.17483,1.27458,1.03629,0.798,0.886667,0.886667,0.886667,0.908833,0.853417,0.798,0.931,0.908833,0.886667,0.975333,1.08617,1.05292,1.01967,1.03374,1.03374,1.03374,1.03374,1.03374,1.03374,1.03374,1.03374,1.03374,1.03374,1.03374,1.03374,1.03374,1.03374,1.03374,1.03374,16,9,4
1.50733,1.197,0.886667,0.798,0.842333,0.953167,1.05292,1.05846,1.0169,1.17345,1.11872,1.42386,1.24393,1.10963,1.04248,0.964575,0.886667,0.886667,1.10833,1.1305,1.18592,1.32446,1.23856,1.10695,1.21847,1.3629,1.21345,1.00573,0.798,1.04183,1.09725,1.25796,1.20531,1.17899,1.29883,1.18141,1.25571,1.29285,1.37793,1.30963,1.40848,1.28057,1.03929,0.798,0.886667,0.886667,0.886667,0.842333,0.798,0.798,0.886667,1.064,1.15267,1.28567,1.30783,1.09725,0.886667,0.886667,1.197,1.08617,1.07508,1.15821,1.19977,1.22055,1.27528,1.0588,0.842333,0.798,0.886667,1.197,1.30783,1.14158,0.969792,0.798,0.798,0.798,0.798,0.798,0.798,0.975333,1.24133,1.15267,0.975333,0.798,0.798,0.953167,1.14158,1.05846,1.1499,1.15128,1.06331,1.24099,1.10816,0.95308,0.798,0.953167,1.20808,1.22471,1.21085,1.00443,0.798,0.798,0.886667,1.08617,1.20808,1.13604,1.18869,1.03768,0.886667,0.842333,0.798,0.798,0.975333,1.17483,1.11942,1.04737,0.922687,0.798,0.798,1.05217,1.05217,1.05217,1.05217,1.05217,1.05217,1.05217,1.05217,1.05217,1.05217,1.05217,1.05217,1.05217,1.05217,26,12,13
1.24133,1.37433,1.21917,1.40758,1.21362,1.31615,1.32307,1.23787,1.01793,0.798,0.798,1.10833,1.17483,1.29675,1.26904,1.32169,1.32584,1.41659,1.37329,1.39598,1.45166,1.39083,1.36041,1.38954,1.4041,1.32272,1.32636,1.32818,1.35126,1.36279,1.39073,1.4047,1.38952,1.40409,1.36705,1.34852,1.29493,1.26813,1.29907,1.22587,1.25577,1.24855,1.28927,1.17664,1.29765,1.22516,1.32191,1.37029,1.39448,1.31791,1.34612,1.33806,1.1567,0.977348,0.798,1.15267,1.33,1.064,0.798,0.798,1.15267,1.33,1.37433,1.30783,1.36325,1.34662,1.38265,1.31199,1.36533,1.28116,1.03958,0.798,0.798,1.10833,1.30783,1.40758,1.36879,1.3494,1.36186,1.4346,1.29363,1.31182,1.32091,1.41412,1.32773,1.32886,1.26293,1.31863,1.25782,1.33824,1.28979,1.26556,1.38645,1.09222,0.798,0.798,1.064,1.17483,1.29675,1.26904,1.29952,1.27043,1.24133,1.2522,1.2522,1.2522,1.2522,1.2522,1.2522,1.2522,1.2522,1.2522,1.2522,1.2522,1.2522,1.2522,1.2522,1.2522,1.2522,1.2522,1.2522,1.2522,1.2522,1.2522,1.2522,1.2522,1.2522,1.2522,1.2522,1.2522,1.2522,1.2522,1.2522,12,4,1
0.975333,0.886667,1.15267,1.10833,1.197,0.9975,0.798,0.886667,1.197,1.17483,1.29675,1.13604,1.25519,1.04876,0.842333,0.842333,0.842333,0.798,1.08617,1.27458,1.43529,1.31615,1.41174,1.45954,1.39477,1.14072,0.886667,0.931,0.908833,0.886667,1.10833,1.04183,1.18592,1.08062,0.939312,0.798,0.798,0.798,0.798,0.798,0.886667,1.197,1.35217,1.29675,1.04737,0.798,0.798,0.953167,1.18592,1.16929,1.29398,1.40066,1.09933,0.798,0.931,1.04183,1.00858,1.21362,1.02798,0.842333,0.798,1.01967,1.08617,1.29675,1.06954,0.842333,0.9975,1.25242,1.29121,1.35494,1.3868,1.2254,1.05603,0.886667,0.842333,0.798,0.798,0.798,0.798,0.798,0.798,0.798,0.886667,0.975333,1.24133,1.2635,1.07508,0.886667,0.798,0.798,0.798,0.886667,0.886667,0.886667,1.1305,1.05292,0.925458,0.798,0.798,0.798,0.798,1.197,0.9975,0.798,1.01967,1.24133,1.064,0.886667,0.953167,1.27458,1.21362,1.36048,1.45607,1.12704,0.798,0.8645,1.14158,1.41867,1.03172,1.03172,1.03172,1.03172,1.03172,1.03172,1.03172,1.03172,1.03172,1.03172,1.03172,1.03172,1.03172,1.03172,1.03172,6,2,5
0.798,0.886667,0.975333,1.064,0.931,0.798,1.064,1.064,1.10833,1.1305,1.23025,1.19146,1.30506,1.31753,1.1021,0.886667,0.842333,0.798,0.798,0.798,0.798,0.798,1.064,1.10833,1.08617,1.20808,1.24687,1.15544,1.15405,0.976026,0.798,0.798,0.886667,0.975333,1.01967,1.17483,1.09725,1.03629,1.18315,1.03491,0.886667,0.842333,0.798,0.798,0.798,0.798,0.886667,0.9975,1.11942,1.00304,0.886667,1.064,0.975333,0.886667,1.15267,1.197,1.17483,0.986417,0.798,0.798,0.886667,1.15267,0.975333,0.798,1.01967,0.908833,0.798,0.798,0.798,0.886667,0.975333,1.1305,0.96425,0.798,1.064,0.975333,0.886667,0.842333,0.798,0.798,0.798,1.10833,1.1305,1.20808,1.04737,0.886667,0.798,0.798,0.798,0.798,0.798,0.798,0.798,0.798,0.798,0.798,0.953167,1.07508,1.13604,1.18869,1.21501,1.27251,1.38992,1.22696,1.14548,1.19341,1.01787,0.842333,1.01967,0.931,0.842333,1.064,1.01967,1.064,1.10833,0.9975,0.886667,1.35217,1.31892,1.36879,1.12773,0.886667,0.886667,0.987636,0.987636,0.987636,0.987636,0.987636,0.987636,0.987636,0.987636,0.987636,0.987636,8,4,4
1.24133,1.28567,1.463,1.48517,1.36325,1.12496,0.886667,1.197,1.21917,1.14158,1.25796,1.20531,1.13466,1.27666,1.17033,1.11717,1.33442,1.22137,1.18702,1.28068,1.28317,1.10709,1.21854,1.1856,1.10264,1.30498,1.22883,1.12425,1.22712,1.18989,1.03828,0.886667,0.798,0.798,0.798,0.798,0.886667,0.908833,1.07508,1.02521,1.08894,1.20947,1.0924,1.0782,0.9381,0.798,0.798,0.886667,1.15267,1.10833,1.04183,1.18592,1.21362,1.09448,1.25657,1.20462,1.06781,1.28757,1.22012,1.05339,0.886667,1.01967,1.08617,1.11942,1.15821,1.15544,1.24272,1.15336,1.10868,1.13067,1.053,1.1915,0.994751,0.798,1.064,1.24133,1.24133,1.064,0.886667,0.886667,0.886667,1.35217,1.27458,1.36879,1.30506,1.0737,0.842333,0.953167,0.942083,1.22471,1.12219,1.13743,1.27805,1.25969,1.16185,1.15726,1.24363,1.10948,1.24191,1.24162,1.10848,1.26357,1.25245,1.11389,1.17761,1.12081,1.13674,1.3442,1.3371,1.42222,1.33178,1.24133,1.13271,1.13271,1.13271,1.13271,1.13271,1.13271,1.13271,1.13271,1.13271,1.13271,1.13271,1.13271,1.13271,1.13271,1.13271,1.13271,1.13271,1.13271,1.13271,1.13271,1.13271,8,2,1
1.28567,1.15267,1.197,1.21917,1.27458,1.25796,1.16098,1.22332,1.27666,1.08166,0.886667,1.15267,1.064,1.1305,1.16375,1.22471,1.18869,1.25934,1.25034,1.2015,1.26575,1.23138,1.23635,1.28318,1.12926,1.18529,1.30198,1.07216,0.842333,1.04183,1.14158,1.10279,1.2164,1.1402,1.1686,1.20497,1.26748,1.21007,1.2257,1.27785,1.19309,1.26155,1.11844,1.13555,1.23278,1.01539,0.798,1.08617,1.07508,1.11387,1.22194,1.00997,0.798,1.064,1.064,1.08617,1.03075,0.958708,0.886667,1.08617,0.96425,0.842333,0.9975,0.986417,1.15821,1.19977,1.17622,1.18661,1.2583,1.29415,1.17908,1.29887,1.22577,1.12272,1.18203,1.16735,1.16001,1.28934,1.17667,1.16467,1.22517,1.18892,1.17079,1.29473,1.13503,1.18818,1.21476,1.02855,0.842333,1.08617,0.942083,0.798,1.064,1.01967,1.15267,1.24133,1.197,1.1305,1.23025,1.05846,0.886667,1.15267,0.975333,0.798,0.975333,0.886667,0.798,1.04183,0.96425,0.886667,1.10833,1.33,1.12032,1.12032,1.12032,1.12032,1.12032,1.12032,1.12032,1.12032,1.12032,1.12032,1.12032,1.12032,1.12032,1.12032,1.12032,1.12032,1.12032,1.12032,1.12032,1.12032,1.12032,14,4,5
0.886667,1.064,1.17483,1.14158,1.21362,1.22748,1.12357,1.13812,1.16756,1.24878,1.17856,1.25428,1.29214,1.2224,1.23187,1.2366,1.2168,1.25123,1.15762,1.15514,1.24257,1.24195,1.21948,1.31907,1.2802,1.21643,1.27322,1.30161,1.22714,1.30074,1.18237,1.16752,1.24876,1.28938,1.22102,1.27551,1.32492,1.23879,1.2844,1.26287,1.20777,1.22455,1.16644,1.15955,1.20044,1.22089,1.23111,1.32489,1.28311,1.21789,1.29611,1.26872,1.25503,1.24818,1.20042,1.15438,1.24219,1.24176,1.24155,1.28577,1.35222,1.29678,1.31339,1.29953,1.20393,1.28913,1.11007,1.08703,1.16418,1.22492,1.21096,1.29265,1.22266,1.232,1.23666,1.106,1.12933,1.18533,1.14683,1.10542,1.21771,1.18519,1.16893,1.27163,1.16782,1.16024,1.24512,1.06589,0.886667,1.10833,1.04183,1.16375,1.24687,1.19977,1.17622,1.20878,1.13639,1.10019,1.19293,1.1728,1.16273,1.24637,1.15518,1.15392,1.26413,1.11973,1.09187,1.1666,0.9823,0.798,1.19853,1.19853,1.19853,1.19853,1.19853,1.19853,1.19853,1.19853,1.19853,1.19853,1.19853,1.19853,1.19853,1.19853,1.19853,1.19853,1.19853,1.19853,1.19853,1.19853,1.19853,1.19853,1.19853,6,3,3
0.975333,1.08617,1.23025,1.19146,1.0169,0.842333,1.17483,1.34108,1.33554,1.3771,1.22055,1.09794,1.0588,1.28307,1.08487,0.886667,0.798,0.975333,0.975333,0.886667,0.798,1.10833,1.197,1.3965,1.45192,1.25796,1.02798,0.798,1.10833,1.17483,1.23025,1.28012,1.39373,1.31753,1.32377,1.19388,1.04027,0.886667,1.197,1.04183,0.886667,1.064,1.24133,1.064,0.886667,0.798,1.01967,0.908833,0.798,0.931,1.197,1.04183,0.886667,1.01967,1.2635,1.34108,1.33554,1.33277,1.33139,1.39719,1.18626,1.12513,1.09457,1.16795,1.38197,1.42249,1.22108,1.31987,1.39144,1.33855,1.42294,1.46514,1.3089,1.31945,1.05873,0.798,0.886667,1.15267,1.08617,1.09725,1.25796,1.20531,1.17899,1.25449,1.38091,1.28896,1.30948,1.36407,1.25837,1.29418,1.40076,1.32105,1.36986,1.08393,0.798,0.908833,1.16375,0.980875,0.798,0.798,1.064,1.197,1.21917,1.20808,1.44637,1.29952,1.04876,0.798,0.798,0.975333,1.14111,1.14111,1.14111,1.14111,1.14111,1.14111,1.14111,1.14111,1.14111,1.14111,1.14111,1.14111,1.14111,1.14111,1.14111,1.14111,1.14111,1.14111,1.14111,1.14111,1.14111,1.14111,1.14111,6,1,0
1.15267,1.04183,1.11942,1.26904,1.21085,1.15959,1.26696,1.20982,1.18124,1.29995,1.04898,0.798,1.10833,1.44083,1.42975,1.11387,0.798,1.10833,1.04183,1.07508,1.22471,1.18869,1.17068,1.31684,1.05742,0.798,1.10833,0.953167,0.798,1.10833,1.01967,1.08617,1.25242,1.15821,1.1776,1.27597,1.03698,0.798,1.10833,1.50733,1.463,1.21917,1.18592,1.30229,1.22748,1.23441,1.37087,1.59427,1.50647,1.59557,1.50712,1.55156,1.52945,1.51839,1.46853,1.55443,1.48655,1.67427,1.4578,1.1279,0.798,1.10833,1.35217,1.40758,1.45746,1.43806,1.11803,0.798,0.886667,0.842333,0.798,1.01967,1.04183,1.14158,1.39096,1.09448,0.798,1.064,0.975333,0.886667,0.886667,0.886667,0.886667,1.15267,1.463,1.48517,1.54058,1.43529,1.11665,0.798,1.064,0.931,0.798,1.15267,0.975333,0.798,1.064,1.064,1.10833,1.2635,1.16375,1.11387,1.2441,1.10972,1.13119,1.15267,1.1679,1.1679,1.1679,1.1679,1.1679,1.1679,1.1679,1.1679,1.1679,1.1679,1.1679,1.1679,1.1679,1.1679,1.1679,1.1679,1.1679,1.1679,1.1679,1.1679,1.1679,1.1679,1.1679,1.1679,1.1679,1.1679,1.1679,4,5,2
0.798,1.01967,1.24133,1.10833,1.1305,1.31892,1.05846,0.798,1.10833,0.953167,0.798,1.10833,1.08617,1.11942,1.22471,1.23302,1.19284,1.26142,1.16271,1.26852,1.29926,1.31463,1.27798,1.25966,1.33916,1.24591,1.39879,1.14273,0.886667,1.08617,1.03075,1.09171,1.03352,1.09309,1.07855,1.22644,1.07872,0.982693,0.886667,0.908833,1.05292,1.19146,1.06123,1.26211,1.25172,1.24653,1.0666,0.886667,0.886667,0.886667,1.10833,1.197,1.1305,1.27458,1.03629,0.798,0.886667,1.10833,0.9975,0.886667,0.842333,1.17483,1.29675,1.22471,1.36602,1.43668,1.29467,1.37884,1.31008,1.23138,1.28069,1.26101,1.29551,1.31275,1.38788,1.22594,1.23364,1.23748,1.23941,1.32904,1.15219,1.15243,1.35205,1.38536,1.18034,1.25517,1.02659,0.798,0.886667,1.10833,1.15267,1.15267,1.33,1.33,1.197,1.2635,1.25242,1.29121,1.28844,1.22055,1.23094,1.14747,0.972736,0.798,1.10833,0.975333,0.842333,1.17483,1.34108,1.06954,0.798,1.1393,1.1393,1.1393,1.1393,1.1393,1.1393,1.1393,1.1393,1.1393,1.1393,1.1393,1.1393,1.1393,1.1393,1.1393,1.1393,1.1393,1.1393,1.1393,1.1393,1.1393,1.1393,10,4,3
0.975333,1.197,1.064,1.10833,1.17483,1.38542,1.20254,1.26627,1.3203,1.32515,1.23891,1.41745,1.32939,1.28536,1.08602,0.886667,0.886667,1.10833,1.17483,1.20808,1.26904,1.38819,1.22609,1.34455,1.38161,1.26714,1.38724,1.26995,1.10048,1.25957,1.11745,1.13506,1.27686,1.03743,0.798,0.886667,1.1305,1.31892,1.28012,1.26073,1.11803,1.00235,0.886667,1.064,1.15267,1.15267,0.975333,0.798,0.798,0.975333,1.21917,1.14158,1.19146,0.994729,0.798,0.886667,0.975333,0.886667,0.798,0.886667,0.975333,1.01967,0.908833,0.798,1.04183,1.09725,1.14712,1.30506,1.22886,1.14643,1.30472,1.09569,0.886667,1.04183,1.05292,1.12496,1.24965,1.40066,1.29883,1.35875,1.47737,1.31502,1.32251,1.28192,1.21729,1.20715,1.37941,1.33254,1.28694,1.17547,0.986734,0.798,1.1305,1.09725,1.16929,1.33831,1.20116,1.30991,1.31996,1.08114,0.842333,0.886667,1.15267,0.975333,0.798,1.10833,1.24133,1.197,1.30783,1.31892,1.33,1.14006,1.14006,1.14006,1.14006,1.14006,1.14006,1.14006,1.14006,1.14006,1.14006,1.14006,1.14006,1.14006,1.14006,1.14006,1.14006,1.14006,1.14006,1.14006,1.14006,1.14006,1.14006,4,3,2
1.41867,1.37433,1.197,1.04183,0.886667,0.798,1.10833,1.21917,1.36325,1.36879,1.43806,1.4727,1.13535,0.798,0.798,0.886667,1.064,0.975333,0.886667,0.842333,0.798,0.886667,1.10833,1.08617,1.29675,1.13604,1.03352,1.27043,1.03421,0.798,0.886667,0.931,1.08617,1.31892,1.05846,0.798,1.10833,0.953167,0.798,0.975333,0.931,0.886667,1.01967,0.931,0.842333,0.842333,1.04183,1.00858,0.925458,0.842333,1.04183,1.05292,0.947625,0.842333,1.17483,1.03075,0.886667,0.886667,0.842333,0.798,0.886667,0.842333,0.798,0.886667,0.886667,0.886667,0.886667,1.197,1.33,1.33,1.24133,1.01967,0.798,0.798,0.798,0.798,0.798,1.064,1.15267,1.01967,0.886667,0.886667,0.798,0.886667,1.04183,0.96425,0.886667,0.886667,0.886667,0.886667,0.931,0.908833,0.886667,1.08617,0.942083,0.798,0.842333,0.886667,1.01967,1.2635,1.34108,1.18037,0.989187,0.798,1.10833,1.30783,1.31892,1.08062,0.842333,1.1305,1.00858,0.886667,0.798,1.10833,1.08617,0.942083,0.798,0.8645,0.875583,0.886667,1.197,0.997958,0.997958,0.997958,0.997958,0.997958,0.997958,0.997958,0.997958,0.997958,0.997958,0.997958,0.997958,6,1,0
0.931,1.2635,1.40758,1.45746,1.52673,1.51703,1.55652,1.17726,0.798,0.886667,0.798,0.798,1.17483,1.34108,1.06954,0.798,0.798,0.975333,0.931,0.886667,1.01967,0.908833,0.798,1.1305,0.96425,0.798,0.798,0.842333,0.886667,0.842333,0.798,0.798,0.842333,0.886667,0.798,1.17483,1.34108,1.15821,0.978104,0.798,1.10833,0.953167,0.798,0.886667,0.886667,0.798,0.798,0.798,0.798,0.798,0.886667,0.842333,0.798,0.886667,0.886667,0.886667,0.842333,0.798,0.886667,1.15267,0.975333,0.798,0.798,1.10833,0.953167,0.798,0.798,1.197,1.33,1.41867,1.41867,1.15267,0.886667,0.798,1.15267,0.975333,0.798,0.798,0.798,0.886667,0.975333,0.886667,0.798,1.15267,0.975333,0.798,0.798,0.798,0.798,1.197,1.01967,0.842333,0.8645,0.886667,0.798,0.798,0.798,0.798,0.798,0.798,0.798,0.798,0.886667,0.842333,0.798,0.798,0.886667,0.798,0.886667,0.842333,0.798,0.886667,0.842333,0.798,0.8645,0.83125,0.798,0.798,0.798,0.798,1.50733,0.938972,0.938972,0.938972,0.938972,0.938972,0.938972,0.938972,0.938972,0.938972,0.938972,0.938972,0.938972,0,0,0
1.463,1.35217,1.23025,1.05846,0.886667,1.04183,1.09725,1.21362,1.18315,1.16791,1.24895,1.35598,1.18782,1.08158,0.984122,0.886667,1.01967,1.197,1.17483,1.31892,1.19146,1.3494,1.22886,1.32377,1.14955,1.26194,1.11864,1.29082,1.17741,1.29804,1.18102,1.38851,1.20409,1.15621,1.06577,1.13139,1.18636,1.21385,1.20542,1.26771,1.21019,1.42526,1.11163,0.798,0.953167,1.16375,1.09171,1.18869,1.12634,1.27251,1.14609,1.03854,0.940438,0.842333,1.197,1.35217,1.14158,1.34662,1.20531,1.35632,1.25449,1.49175,1.23354,1.3926,1.25047,1.26807,1.21037,1.27018,1.23359,1.32613,1.2394,1.3512,1.29627,1.35747,1.2329,1.32578,1.19489,1.24028,1.24081,1.46274,1.21903,1.11935,0.958675,0.798,0.886667,0.931,1.15267,1.15267,0.975333,0.798,0.886667,1.15267,1.15267,1.28567,1.2635,1.54058,1.23579,1.19423,1.21778,1.22956,1.16895,1.38247,1.09024,0.798,1.01967,1.33,1.15267,1.24133,1.33,1.18334,1.18334,1.18334,1.18334,1.18334,1.18334,1.18334,1.18334,1.18334,1.18334,1.18334,1.18334,1.18334,1.18334,1.18334,1.18334,1.18334,1.18334,1.18334,1.18334,1.18334,1.18334,1.18334,1.18334,0,2,0
2.03933,1.6625,1.49625,1.43529,1.29398,1.40066,1.29883,1.31441,1.27787,1.41477,1.30589,1.16278,1.06905,1.11086,0.95443,0.798,1.01967,1.21917,1.20808,1.31337,1.36602,1.34801,1.25034,1.02417,0.798,0.886667,0.842333,0.798,0.798,1.197,1.30783,1.31892,1.39096,1.36048,1.38957,1.47062,1.31164,1.05482,0.798,1.04183,1.20808,1.22471,1.32169,1.30368,1.42767,1.534,1.38767,1.42533,1.26683,1.25408,1.35854,1.3221,1.41472,1.35019,1.49526,1.39046,1.09423,0.798,1.064,1.24133,1.21917,1.36325,1.34662,1.42698,1.44499,1.40966,1.34766,1.4275,1.37875,1.37654,1.30894,1.3638,1.56857,1.31628,1.27881,1.48174,1.47237,1.35685,1.29909,1.35888,1.36661,1.32614,1.3059,1.31795,1.23531,1.23832,1.30633,1.2295,1.27975,1.30487,1.4061,1.36805,1.12736,0.886667,1.064,1.197,1.197,1.21917,1.25242,1.26904,1.27735,1.28567,1.269,1.269,1.269,1.269,1.269,1.269,1.269,1.269,1.269,1.269,1.269,1.269,1.269,1.269,1.269,1.269,1.269,1.269,1.269,1.269,1.269,1.269,1.269,1.269,1.269,1.269,1.269,1.269,1.269,1.269,1.269,6,2,0
0.886667,0.953167,1.03075,1.02521,1.06677,1.06539,1.15336,1.10868,1.24151,1.08625,1.14163,1.14715,1.14991,1.15129,1.32931,1.10799,0.886667,1.01967,1.35217,1.16375,1.37987,1.19977,1.44222,1.27528,1.47997,1.27199,1.38966,1.249,1.356,1.23217,1.34758,1.20579,1.29006,1.17703,1.25352,1.18092,1.2333,1.19298,1.21716,1.20708,1.06904,1.08869,1.29801,1.13667,1.2555,1.15975,1.33354,1.1766,1.34197,1.22515,1.34408,1.20404,1.31135,1.18768,1.30317,1.16142,1.26788,1.16594,1.33664,1.13382,1.23191,1.12579,1.09489,1.07945,1.13822,1.05678,1.14906,1.06219,1.1296,1.0968,1.16907,1.16087,1.22327,1.1658,1.33657,1.17812,1.36489,1.19228,1.34981,1.18474,1.2352,1.19393,1.2398,1.12973,1.2077,1.13585,1.16643,1.18171,1.21152,1.15993,1.13413,0.988232,0.842333,0.931,1.17483,1.11942,1.26904,1.18869,1.39234,1.18384,1.34559,1.22696,1.47798,1.27099,1.43349,1.24875,1.42237,1.19885,0.975333,1.19565,1.19565,1.19565,1.19565,1.19565,1.19565,1.19565,1.19565,1.19565,1.19565,1.19565,1.19565,1.19565,1.19565,1.19565,1.19565,1.19565,1.19565,1.19565,1.19565,1.19565,1.19565,1.19565,1.19565,2,2,0
1.862,0.886667,0.886667,0.886667,0.931,0.886667,0.842333,0.886667,1.35217,1.20808,1.53504,1.25519,1.38126,1.20046,1.39823,1.18678,1.45789,1.23878,1.46172,1.24069,1.39618,1.23009,1.39088,1.11661,0.842333,0.931,1.37433,1.17483,1.45192,1.23579,1.39373,1.18453,1.45677,1.23822,1.48361,1.25164,1.02482,0.798,0.953167,1.18592,1.19146,1.4159,1.21778,1.49556,1.27978,1.52656,1.20661,0.886667,0.931,0.908833,0.886667,1.28567,1.21917,1.38542,1.20254,1.35494,1.20947,1.40273,1.23337,1.48118,1.22826,1.38996,1.22698,1.34499,1.18233,1.38916,1.20442,1.42237,1.19885,1.39743,1.16421,1.31361,1.16664,1.40349,1.16724,1.51462,1.28931,1.46482,1.24224,1.28612,1.19723,1.28578,1.13056,1.31895,1.14714,1.26074,1.1402,1.25727,1.09413,1.27857,1.12695,1.42798,1.11299,0.798,1.1305,1.31892,1.12496,1.36048,1.14574,0.97187,0.798,0.886667,1.30783,1.729,1.22277,1.22277,1.22277,1.22277,1.22277,1.22277,1.22277,1.22277,1.22277,1.22277,1.22277,1.22277,1.22277,1.22277,1.22277,1.22277,1.22277,1.22277,1.22277,1.22277,1.22277,1.22277,1.22277,1.22277,1.22277,1.22277,1.22277,1.22277,1.22277,6,3,1
0.798,1.064,0.931,0.798,1.04183,1.05292,1.12496,0.961479,0.798,1.01967,0.975333,1.064,1.17483,1.05292,1.08062,1.20531,1.06816,1.06608,1.55271,1.37485,1.30809,1.09738,0.886667,1.463,1.28567,1.37433,1.21917,1.40758,1.36879,1.32723,1.06261,0.798,1.064,0.975333,0.886667,1.44083,1.27458,1.28012,1.37156,1.61678,1.38472,1.3352,1.08876,0.842333,1.04183,0.986417,1.06954,1.5101,1.30922,1.29744,1.06989,0.842333,1.197,1.24133,1.24133,1.08617,1.11942,1.24687,1.42144,1.68605,1.41936,1.68501,1.46317,1.39659,1.14163,0.886667,1.48517,1.29675,1.24687,1.1111,1.10972,1.17553,1.14193,1.1473,1.21648,1.16241,1.13537,1.60952,1.38109,1.44421,1.43144,1.69105,1.42186,1.70843,1.43055,1.40244,1.47705,1.40353,1.38893,1.38163,1.40015,1.63107,1.3697,1.32769,1.08501,0.842333,1.197,1.2635,1.07508,0.886667,0.798,1.064,0.931,0.798,1.197,1.20942,1.20942,1.20942,1.20942,1.20942,1.20942,1.20942,1.20942,1.20942,1.20942,1.20942,1.20942,1.20942,1.20942,1.20942,1.20942,1.20942,1.20942,1.20942,1.20942,1.20942,1.20942,1.20942,1.20942,1.20942,1.20942,1.20942,1.20942,2,4,0
1.596,1.68467,1.463,1.77333,1.33,0.886667,0.8645,0.842333,1.08617,0.942083,0.798,0.9975,0.919917,0.842333,1.08617,1.03075,1.00304,1.14435,1.08201,1.09517,1.14609,1.03854,1.05127,1.16847,1.11623,1.06795,1.22114,1.07607,1.0922,1.29977,1.07105,0.842333,1.48517,1.29675,1.75671,1.43252,1.40343,1.10071,0.798,1.01967,0.9975,0.986417,1.53504,1.38819,1.29259,1.20046,1.13223,1.34195,1.24731,1.42165,1.10983,0.798,1.15267,0.975333,0.798,1.3965,1.25242,1.29121,1.15544,1.04322,1.20878,1.13639,1.03369,1.35918,1.38892,1.31513,1.1674,1.13787,1.30043,1.07138,0.842333,1.48517,1.27458,1.83429,1.38265,1.35632,1.21016,1.18141,1.30004,1.07119,0.842333,1.064,0.953167,0.842333,1.08617,1.11942,1.02521,1.22194,1.09864,1.08132,1.62683,1.30108,1.31554,1.14544,1.06038,1.17303,1.02985,0.886667,1.21917,1.00858,0.798,0.908833,1.00858,1.08062,1.02798,1.06816,1.50941,1.37537,1.24133,1.16188,1.16188,1.16188,1.16188,1.16188,1.16188,1.16188,1.16188,1.16188,1.16188,1.16188,1.16188,1.16188,1.16188,1.16188,1.16188,1.16188,1.16188,1.16188,1.16188,1.16188,1.16188,1.16188,1.16188,20,2,1
1.28567,1.15267,1.064,1.10833,1.17483,1.20808,1.26904,1.23302,1.01551,0.798,1.01967,0.908833,0.798,0.820167,0.842333,0.886667,1.04183,1.38542,1.26904,1.12219,1.02659,1.08963,0.943815,0.798,0.975333,0.908833,0.842333,0.9975,0.942083,0.886667,0.975333,0.9975,1.03075,1.13604,1.01135,0.886667,1.01967,0.931,0.842333,0.9975,1.03075,0.980875,1.06677,0.998885,1.05361,1.1253,1.02815,1.04608,1.09937,1.01519,1.03959,1.09613,0.991398,0.886667,1.064,0.953167,0.842333,1.04183,1.18592,1.21362,1.11665,1.06816,1.08824,1.07612,1.07006,1.13353,1.0101,0.886667,0.9975,0.96425,0.947625,1.07231,1.04599,0.944161,0.842333,1.24133,1.24133,1.35217,1.29675,1.33554,1.33277,1.33139,1.57453,1.2971,1.62388,1.34394,1.5143,1.42215,1.28741,1.06487,0.842333,1.064,1.30783,1.27458,1.43529,1.33831,1.53366,1.43183,1.44741,1.32221,1.41477,1.37239,1.35119,1.3406,1.35746,1.2994,1.2482,1.2226,1.0768,1.02607,1.11153,1.0656,1.0648,1.064,1.11349,1.11349,1.11349,1.11349,1.11349,1.11349,1.11349,1.11349,1.11349,1.11349,1.11349,1.11349,1.11349,1.11349,1.11349,1.11349,1.11349,1.11349,1.11349,6,2,2
0.931,0.9975,1.00858,1.14712,1.23856,1.35078,1.34039,1.64553,1.37693,1.7303,1.37498,1.68499,1.3745,1.52958,1.31896,1.30231,1.07232,0.842333,1.41867,1.28567,1.729,1.37433,1.5295,1.31892,1.74562,1.36048,1.19007,1.37087,1.26177,1.02988,0.798,1.33,1.15267,1.064,1.01967,1.08617,1.49625,1.32446,1.63756,1.30645,1.09656,0.886667,0.953167,1.56275,1.31337,1.12219,1.22609,1.10071,0.949357,0.798,0.908833,1.14158,0.969792,0.798,1.50733,1.28567,1.41867,1.10833,0.798,1.463,1.24133,1.30783,1.05292,0.798,0.820167,0.842333,0.931,1.463,1.28567,1.64033,1.35217,1.78442,1.44637,1.52119,1.38126,1.13396,0.886667,0.9975,1.47408,1.22471,1.07785,1.18176,1.07855,1.00477,1.16739,1.11569,1.71051,1.36509,1.43621,1.38311,1.09055,0.798,0.953167,1.23025,1.01412,0.798,1.1305,0.96425,0.798,1.15267,1.28567,1.30783,1.14158,0.975333,1.21395,1.21395,1.21395,1.21395,1.21395,1.21395,1.21395,1.21395,1.21395,1.21395,1.21395,1.21395,1.21395,1.21395,1.21395,1.21395,1.21395,1.21395,1.21395,1.21395,1.21395,1.21395,1.21395,1.21395,1.21395,1.21395,1.21395,1.21395,1.21395,6,3,2
1.10833,1.064,1.28567,1.064,0.842333,1.15267,0.9975,0.842333,1.10833,1.17483,1.16375,1.35771,1.23302,1.19284,1.26142,1.25138,1.17986,1.23276,1.25921,1.18377,1.52289,1.16044,0.798,1.10833,1.1305,1.11942,1.22471,1.27735,1.19284,1.26142,1.31788,1.23527,1.28264,1.30632,1.22949,1.32408,1.23837,1.17335,1.31818,1.08025,0.842333,1.10833,1.24133,1.21917,1.29675,1.31337,1.21085,1.38126,1.3113,1.18765,1.28099,1.28333,1.19583,1.26292,1.25212,1.2024,1.3992,1.2316,1.1478,1.3054,1.1182,1.11327,1.53197,1.29798,1.38049,1.26658,1.20962,1.40281,1.14474,0.886667,1.1305,0.986417,0.842333,1.1305,0.986417,0.842333,1.21917,1.05292,0.886667,0.8645,0.842333,0.953167,1.11942,1.09171,1.12219,1.29259,1.22263,1.16548,1.33641,1.17804,1.16535,1.71318,1.41075,1.34821,1.22827,1.19047,1.26023,1.25078,1.17956,1.32128,1.12614,1.11724,1.20145,1.17706,1.16486,1.15267,1.1845,1.1845,1.1845,1.1845,1.1845,1.1845,1.1845,1.1845,1.1845,1.1845,1.1845,1.1845,1.1845,1.1845,1.1845,1.1845,1.1845,1.1845,1.1845,1.1845,1.1845,1.1845,1.1845,1.1845,1.1845,1.1845,1.1845,2,0,0
1.33,1.33,1.37433,1.37433,1.463,1.75117,1.40758,1.41312,1.43806,1.29536,1.24618,1.33242,1.50855,1.41927,1.1308,0.842333,1.1305,1.38542,1.35771,1.47685,1.73593,1.42213,1.37607,1.1757,1.16418,1.29142,1.44371,1.38686,1.53576,1.45505,1.61419,1.4721,1.62271,1.47636,1.42535,1.39984,1.38709,1.38071,1.46619,1.75276,1.43055,1.38027,1.4438,1.36474,1.4582,1.74877,1.42855,1.37928,1.15514,1.1539,1.30845,1.36356,1.23595,1.30514,1.67224,1.36812,1.32689,1.10678,0.886667,1.15267,1.30783,1.31892,1.45746,1.72623,1.41728,1.75047,1.4294,1.40187,1.47677,1.38122,1.46644,1.70855,1.43061,1.73497,1.44382,1.38691,1.42495,1.37748,1.37591,1.37512,1.48556,1.69595,1.40214,1.36607,1.39237,1.36118,1.41209,1.39321,1.51677,1.40122,1.09961,0.798,1.01967,1.24133,1.38977,1.38977,1.38977,1.38977,1.38977,1.38977,1.38977,1.38977,1.38977,1.38977,1.38977,1.38977,1.38977,1.38977,1.38977,1.38977,1.38977,1.38977,1.38977,1.38977,1.38977,1.38977,1.38977,1.38977,1.38977,1.38977,1.38977,1.38977,1.38977,1.38977,1.38977,1.38977,1.38977,1.38977,1.38977,1.38977,1.38977,1.38977,1.38977,0,0,0
1.10833,1.1305,1.58492,1.34662,1.71515,1.41174,1.37087,1.2396,1.19613,1.26307,1.40737,1.30218,1.36043,1.23438,1.17136,1.29501,1.48984,1.38775,1.20371,1.15602,1.26518,1.27542,1.19188,1.30527,1.09597,0.886667,1.10833,1.1305,1.11942,1.26904,1.27735,1.17068,1.27251,1.38992,1.24913,1.31173,1.2322,1.17027,1.56047,1.31223,1.40978,1.52506,1.42753,1.4231,1.28788,1.33111,1.37489,1.26378,1.76239,1.39103,1.33835,1.26767,1.188,1.259,1.38317,1.24575,1.31004,1.47519,1.31393,1.34413,1.1819,1.10078,1.19322,1.21728,1.18497,1.34615,1.40458,1.30079,1.31539,1.30053,1.20443,1.37805,1.46486,1.3531,1.31938,1.23602,1.32735,1.55034,1.3515,1.51808,1.31321,1.16644,1.24822,1.48861,1.4093,1.10365,0.798,1.04183,1.25242,1.18037,1.25519,1.44776,1.30021,1.38161,1.57747,1.43157,1.15912,0.886667,1.1305,1.20808,1.28567,1.29312,1.29312,1.29312,1.29312,1.29312,1.29312,1.29312,1.29312,1.29312,1.29312,1.29312,1.29312,1.29312,1.29312,1.29312,1.29312,1.29312,1.29312,1.29312,1.29312,1.29312,1.29312,1.29312,1.29312,1.29312,1.29312,1.29312,1.29312,1.29312,1.29312,1.29312,1.29312,0,1,0
0.975333,1.2635,1.38542,1.40204,1.65419,1.40343,1.54405,1.32619,1.70493,1.34013,1.7119,1.47662,1.20381,1.2004,1.28737,1.19785,1.06443,1.06421,1.24144,1.46305,1.35219,1.62926,1.5018,1.23857,1.15128,1.35147,1.4294,1.7787,1.44352,1.43109,1.33621,1.26661,1.05447,0.842333,0.842333,1.1305,1.20808,1.31337,1.05569,0.798,1.08617,0.986417,0.886667,0.886667,0.886667,1.01967,1.01967,0.908833,0.798,0.886667,0.975333,1.04183,1.14158,1.14712,1.1499,1.43945,1.25172,1.02486,0.798,0.842333,0.886667,1.197,0.9975,0.798,0.886667,0.975333,1.01967,1.17483,1.07508,1.18037,1.25519,1.11526,1.15613,1.04357,1.09812,1.12539,1.11686,1.00176,0.886667,1.15267,1.04183,1.07508,1.13604,1.14435,1.10418,1.26142,1.07404,0.886667,1.463,1.15267,0.842333,0.8645,0.886667,1.064,1.15267,1.48517,1.31892,1.36879,1.2164,1.2732,1.1021,1.08305,1.25086,1.02443,0.798,1.3965,1.14158,0.886667,1.1563,1.1563,1.1563,1.1563,1.1563,1.1563,1.1563,1.1563,1.1563,1.1563,1.1563,1.1563,1.1563,1.1563,1.1563,1.1563,1.1563,1.1563,1.1563,1.1563,1.1563,1.1563,1.1563,1.1563,1.1563,2,2,0
0.798,1.064,1.197,1.21917,1.25242,1.09171,1.27735,1.28151,1.48309,1.31788,1.41261,1.34914,1.36173,1.3902,1.11627,0.842333,0.886667,0.842333,0.798,0.798,1.1305,1.25242,1.37987,1.35494,1.47547,1.4249,1.64345,1.44239,1.56353,1.38026,1.53247,1.3869,1.31412,1.05606,0.798,1.35217,1.29675,1.04737,0.798,0.798,1.44083,1.23025,1.34662,1.11665,0.886667,1.1305,0.986417,0.842333,1.3965,1.25242,1.64587,1.3771,1.17622,1.05361,1.1253,1.24982,1.15691,1.11045,1.59706,1.33053,1.48543,1.40772,1.59052,1.41593,1.39513,1.09657,0.798,1.064,1.10833,1.08617,1.62925,1.34662,1.47131,1.40066,1.49833,1.392,1.58267,1.412,1.41533,1.10667,0.798,1.37433,1.2635,1.51842,1.33554,1.75394,1.36464,1.43598,1.16133,0.886667,1.197,0.9975,0.798,1.37433,1.30783,1.36325,1.12496,0.886667,1.15267,0.975333,0.798,1.15267,1.22924,1.22924,1.22924,1.22924,1.22924,1.22924,1.22924,1.22924,1.22924,1.22924,1.22924,1.22924,1.22924,1.22924,1.22924,1.22924,1.22924,1.22924,1.22924,1.22924,1.22924,1.22924,1.22924,1.22924,1.22924,1.22924,1.22924,1.22924,1.22924,1.22924,1.22924,2,0,0
1.064,0.798,1.1305,1.29675,1.55721,1.28844,1.50872,1.39719,1.34143,1.11405,0.886667,1.04183,0.96425,0.886667,1.37433,1.2635,1.29675,1.13604,1.03352,1.20393,1.08963,1.09898,1.25882,1.02841,0.798,1.197,1.30783,1.31892,1.54612,1.7484,1.4727,1.37918,1.08859,0.798,0.798,1.1305,1.36325,1.30229,1.44915,1.43391,1.42629,1.46681,1.37624,1.28662,1.33048,1.06424,0.798,1.064,1.064,1.01967,1.15267,0.9975,0.842333,1.3965,1.25242,1.37987,1.5101,1.46439,1.15336,0.842333,1.1305,1.36325,1.43529,1.47131,1.44499,1.16583,0.886667,1.1305,1.05292,0.991958,1.29398,1.42282,1.46508,1.44187,1.4746,1.4023,1.67648,1.41458,1.72695,1.41764,1.55116,1.52924,1.51829,1.49064,1.43249,1.51424,1.46646,1.35389,1.38628,1.09214,0.798,1.10833,1.35217,1.36325,1.39096,1.44915,1.38957,1.44845,1.43356,1.38178,1.33,1.26405,1.26405,1.26405,1.26405,1.26405,1.26405,1.26405,1.26405,1.26405,1.26405,1.26405,1.26405,1.26405,1.26405,1.26405,1.26405,1.26405,1.26405,1.26405,1.26405,1.26405,1.26405,1.26405,1.26405,1.26405,1.26405,1.26405,1.26405,1.26405,1.26405,1.26405,1.26405,4,4,1
1.01967,0.842333,0.953167,1.18592,1.16929,1.47131,1.31199,1.36533,1.17033,1.13933,1.25683,1.20475,1.11221,1.26544,1.03172,0.798,1.064,1.01967,1.04183,1.23025,1.12496,1.09448,1.30091,1.11595,1.08998,1.23215,1.50274,1.46071,1.15152,0.842333,1.15267,1.04183,1.07508,1.26904,1.12219,1.11526,1.35563,1.49798,1.39182,1.18358,1.12379,1.22689,1.14545,1.08256,1.22845,1.14622,1.14944,1.28406,1.21836,1.14118,1.65676,1.36038,1.47819,1.42626,1.42246,1.1989,1.15362,1.35264,1.47432,1.55733,1.44366,1.4755,1.51358,1.51046,1.48673,1.7187,1.41352,1.41609,1.19571,1.15202,1.26318,1.16359,1.15813,1.00023,0.842333,0.953167,1.14158,1.08062,1.09448,1.25657,1.16029,1.13431,1.65332,1.38083,1.33325,1.15429,1.10915,1.30824,1.09745,0.886667,1.10833,1.04183,1.05292,1.25796,1.13881,1.12357,1.67012,1.34489,1.33745,1.22289,1.12128,1.24781,1.13374,1.0767,1.26985,1.463,1.22368,1.22368,1.22368,1.22368,1.22368,1.22368,1.22368,1.22368,1.22368,1.22368,1.22368,1.22368,1.22368,1.22368,1.22368,1.22368,1.22368,1.22368,1.22368,1.22368,1.22368,1.22368,1.22368,1.22368,1.22368,1.22368,1.22368,4,4,3
1.10833,1.15267,1.28567,1.15267,1.30783,1.16375,1.26904,1.16652,1.46993,1.13396,0.798,1.064,1.1305,1.27458,1.28012,1.2829,1.30645,1.40689,1.25761,1.40464,1.30082,1.33758,1.08995,0.842333,1.064,0.9975,1.05292,1.28012,1.37156,1.10695,0.842333,0.908833,1.11942,1.40204,1.10002,0.798,0.842333,0.8645,0.886667,0.798,1.01967,1.35217,1.16375,1.31337,1.29952,1.38126,1.5773,1.65315,1.24774,0.842333,1.28567,1.24133,1.30783,1.47408,1.53504,1.56552,1.46993,1.5108,1.44257,1.31978,1.36922,1.17228,1.02947,0.886667,1.2635,1.03075,0.798,1.01967,1.30783,1.40758,1.30229,1.29398,1.11249,1.53158,1.16479,0.798,0.886667,1.10833,1.08617,1.36325,1.36879,1.50456,1.61678,1.58422,1.50145,1.23839,1.59453,1.2406,0.886667,1.33,1.596,1.30783,1.09725,0.886667,0.798,0.798,0.798,1.35217,1.25242,1.51287,1.3106,1.10833,1.20629,1.20629,1.20629,1.20629,1.20629,1.20629,1.20629,1.20629,1.20629,1.20629,1.20629,1.20629,1.20629,1.20629,1.20629,1.20629,1.20629,1.20629,1.20629,1.20629,1.20629,1.20629,1.20629,1.20629,1.20629,1.20629,1.20629,1.20629,1.20629,1.20629,1.20629,2,1,0
0.931,0.886667,1.10833,1.01967,1.30783,1.27458,1.43529,1.38265,1.40066,1.34316,1.44741,1.34437,1.09335,0.842333,0.9975,0.89775,0.798,0.842333,1.17483,1.27458,1.36879,1.57106,1.42836,1.71168,1.43217,1.29242,1.04521,0.798,1.21917,1.18592,1.32446,1.30506,1.45053,1.27943,1.26038,1.42819,1.3791,1.46538,1.37552,1.37493,1.28596,1.37448,1.30791,1.38545,1.31339,1.49903,1.61402,1.25034,0.886667,1.04183,1.16375,1.29121,1.28844,1.50872,1.24203,1.21951,1.14176,1.23588,1.39377,1.29539,1.37919,1.37676,1.33121,1.30844,1.40789,1.41328,1.48247,1.38407,1.42353,1.33243,1.35338,1.29736,1.35801,1.29967,1.38134,1.31133,1.07683,0.842333,0.842333,1.197,1.21917,1.34108,1.46854,1.3771,1.61955,1.43044,1.60189,1.44378,1.43122,1.49144,1.43289,1.38144,1.35572,1.36503,1.14801,1.23901,1.26234,1.36267,1.32417,1.28567,1.28618,1.28618,1.28618,1.28618,1.28618,1.28618,1.28618,1.28618,1.28618,1.28618,1.28618,1.28618,1.28618,1.28618,1.28618,1.28618,1.28618,1.28618,1.28618,1.28618,1.28618,1.28618,1.28618,1.28618,1.28618,1.28618,1.28618,1.28618,1.28618,1.28618,1.28618,1.28618,1.28618,0,1,0
0.931,1.10833,1.21917,1.36325,1.34662,1.24965,1.31199,1.25449,1.29225,1.31112,1.32056,1.34745,1.40522,1.34545,1.31556,1.32278,1.28206,1.23953,1.30693,1.34063,1.42398,1.28832,1.19833,1.375,1.30817,1.36342,1.63487,1.26077,0.886667,0.953167,1.29675,1.31337,1.34385,1.38126,1.33346,1.37607,1.55253,1.2861,1.33022,1.41877,1.64039,1.35219,1.36326,1.39097,1.33832,1.33416,1.35425,1.38646,1.33606,1.33303,1.53102,1.34184,1.29159,1.39946,1.34256,1.46928,1.37747,1.53107,1.3862,1.57977,1.38838,1.49219,1.36676,1.41488,1.37244,1.39555,1.34061,1.42397,1.64299,1.30916,1.29741,1.33587,1.2886,1.35363,1.34182,1.38024,1.35512,1.51989,1.38061,1.46614,1.42024,1.50812,1.46339,1.3302,1.2636,1.2968,1.40207,1.21087,1.2261,1.23372,1.28186,1.30593,1.2958,1.2464,1.24387,1.19827,1.15267,1.33984,1.33984,1.33984,1.33984,1.33984,1.33984,1.33984,1.33984,1.33984,1.33984,1.33984,1.33984,1.33984,1.33984,1.33984,1.33984,1.33984,1.33984,1.33984,1.33984,1.33984,1.33984,1.33984,1.33984,1.33984,1.33984,1.33984,1.33984,1.33984,1.33984,1.33984,1.33984,1.33984,1.33984,1.33984,1.33984,10,4,7
2.261,1.6625,1.76225,1.50179,1.39373,1.62786,1.5011,1.26038,1.33952,1.29043,1.11071,1.15386,1.37493,1.15296,1.06415,1.06407,1.33004,1.17485,1.09726,1.54613,1.32723,1.50595,1.32931,1.68432,1.37416,1.17475,1.25237,1.15819,1.22193,1.1208,1.11457,1.42178,1.35372,1.54136,1.36918,1.30526,1.05163,0.798,0.842333,0.975333,1.064,1.10833,1.1305,1.27458,1.21362,1.40481,1.10141,0.798,0.842333,0.886667,0.798,1.10833,1.04183,1.03075,1.24687,1.08894,0.965635,0.842333,0.886667,1.44083,1.45192,1.16929,0.886667,0.798,0.886667,1.01967,1.08617,0.96425,0.842333,0.931,0.908833,0.886667,1.24133,1.04183,0.842333,0.886667,0.931,0.931,1.50733,1.21917,1.09725,1.10279,1.0169,1.15128,1.28497,1.28532,1.10816,1.04175,1.09721,1.3466,1.09447,0.842333,0.842333,0.886667,0.8645,0.842333,0.886667,0.798,0.886667,0.953167,1.31892,1.25796,1.49348,1.34524,1.44845,1.25623,1.09361,1.12314,1.15267,1.15796,1.15796,1.15796,1.15796,1.15796,1.15796,1.15796,1.15796,1.15796,1.15796,1.15796,1.15796,1.15796,1.15796,1.15796,1.15796,1.15796,1.15796,1.15796,1.15796,1.15796,1.15796,1.15796,1.15796,0,0,0
0.798,0.931,1.21917,1.03075,0.842333,1.1305,1.38542,1.31337,1.34385,1.22609,1.12288,1.22644,1.10089,0.949443,0.798,1.10833,1.064,0.9975,1.05292,1.23579,1.3494,1.31753,1.32377,1.28255,1.12894,1.18514,1.08024,0.961284,0.842333,1.1305,1.09725,0.969792,0.842333,1.10833,1.197,1.1305,1.25242,1.04737,0.842333,0.975333,1.21917,1.27458,1.34662,1.33831,1.24549,1.11041,1.22021,1.05344,0.886667,0.886667,1.15267,1.01967,0.886667,0.798,0.9975,0.986417,1.11387,1.2441,1.19839,1.06469,1.17518,1.29692,1.31346,1.16656,1.24828,1.28914,1.26524,1.18679,1.25839,1.0282,0.798,1.08617,1.14158,1.21362,1.27181,1.21224,1.22679,1.58873,1.5037,1.28385,1.26259,1.2963,1.18015,1.27724,1.50312,1.30573,1.3622,1.2796,1.08313,0.886667,1.15267,1.197,1.1305,1.25242,1.40204,1.27735,1.34801,1.16167,1.0685,1.17708,1.25354,1.2031,1.08922,1.14311,0.992721,0.842333,0.975333,1.24133,1.28567,1.1305,0.975333,1.14662,1.14662,1.14662,1.14662,1.14662,1.14662,1.14662,1.14662,1.14662,1.14662,1.14662,1.14662,1.14662,1.14662,1.14662,1.14662,1.14662,1.14662,1.14662,1.14662,1.14662,1.14662,0,0,0
1.64033,1.2635,0.886667,0.842333,0.798,1.04183,0.942083,0.842333,1.064,1.01967,1.064,1.10833,1.01967,0.975333,1.064,1.08617,0.96425,0.842333,0.9975,1.31892,1.63479,1.43806,1.56136,1.29052,1.11076,1.26471,1.05352,0.842333,1.04183,0.96425,0.886667,0.975333,1.01967,0.9975,0.919917,0.842333,0.820167,0.798,0.908833,1.20808,1.13604,1.07785,1.40343,1.18938,1.01586,0.842333,0.9975,1.16375,1.11387,1.19977,1.28705,1.48586,1.38576,1.31355,1.21094,1.7138,1.5884,1.3927,1.20618,1.26809,1.18821,1.14827,1.2613,1.25132,1.15766,1.17733,1.20933,1.22533,1.16683,1.09325,1.25596,1.20431,1.28932,1.26533,1.23116,1.14758,1.12796,1.20681,1.20191,1.11079,1.17606,1.09786,1.0366,1.13897,1.10148,1.06057,1.19529,1.12964,1.14116,1.23558,1.14979,1.10689,1.12978,1.09689,1.08045,1.18306,1.12353,1.04943,1.50005,1.32636,1.39468,1.18501,1.61217,1.33808,1.28971,1.13252,1.09826,1.19196,0.994982,0.798,1.14879,1.14879,1.14879,1.14879,1.14879,1.14879,1.14879,1.14879,1.14879,1.14879,1.14879,1.14879,1.14879,1.14879,1.14879,1.14879,1.14879,1.14879,1.14879,1.14879,1.14879,1.14879,1.14879,2,0,0
1.37433,1.37433,1.10833,0.842333,1.08617,0.96425,0.842333,1.1305,0.96425,0.798,0.931,1.17483,1.11942,1.29121,1.08894,0.886667,0.842333,0.842333,0.842333,1.04183,1.29675,1.09171,0.886667,0.975333,1.064,1.21917,1.16375,1.18037,1.34385,1.20393,1.1783,1.27632,1.12582,1.18358,1.30112,1.04956,0.798,1.01967,1.04183,1.09725,1.19146,1.06123,1.19561,1.26281,1.0969,1.12479,1.36039,1.1457,1.01618,0.886667,0.953167,0.942083,1.09171,0.989187,0.886667,1.04183,1.03075,1.09171,1.23302,1.12634,1.09517,1.21259,1.00529,0.798,1.08617,1.03075,1.02521,1.39927,1.40897,1.34732,1.27216,1.21241,1.38204,1.53335,1.36518,1.30325,1.25013,1.24573,1.28787,1.17593,1.34163,1.09198,0.842333,0.842333,0.9975,0.986417,1.15821,1.19977,1.10972,1.10903,0.97568,0.842333,1.197,1.37433,1.30783,1.14158,1.19146,1.37156,1.17345,1.11872,1.35736,1.14418,1.19276,1.41655,1.17377,1.09672,1.12469,1.18301,1.01267,0.842333,0.8645,0.886667,1.11496,1.11496,1.11496,1.11496,1.11496,1.11496,1.11496,1.11496,1.11496,1.11496,1.11496,1.11496,1.11496,1.11496,1.11496,1.11496,1.11496,1.11496,1.11496,1.11496,1.11496,8,2,3
1.01967,1.28567,1.04183,0.798,1.1305,1.25242,1.40204,1.47685,1.13743,0.798,1.10833,1.30783,1.16375,1.42421,1.1111,0.798,1.35217,1.49625,1.52396,1.16098,0.798,1.17483,1.07508,1.06954,1.28844,1.24272,1.15336,1.28601,1.04201,0.798,1.1305,1.18592,1.08062,1.20531,1.24549,1.11041,1.35321,1.4746,1.44663,1.34398,1.09316,0.842333,1.10833,0.9975,0.886667,0.842333,0.798,0.842333,0.820167,0.798,1.463,1.3965,1.09725,0.798,0.842333,1.17483,1.11942,1.06954,1.39927,1.47547,1.53573,1.2112,0.886667,0.842333,0.798,1.2635,1.34108,1.22471,1.23302,1.34801,1.16167,1.0685,1.28792,1.22029,1.07565,0.936823,0.798,0.798,0.798,0.798,1.17483,1.38542,1.20254,1.00027,0.798,0.842333,0.886667,1.17483,1.18592,1.05846,1.2829,1.30645,1.16306,1.42386,1.17743,1.00988,0.842333,1.04183,1.03075,1.26904,1.16652,1.11526,1.5108,1.17657,0.842333,0.842333,0.842333,1.10833,1.1171,1.1171,1.1171,1.1171,1.1171,1.1171,1.1171,1.1171,1.1171,1.1171,1.1171,1.1171,1.1171,1.1171,1.1171,1.1171,1.1171,1.1171,1.1171,1.1171,1.1171,1.1171,1.1171,1.1171,1.1171,10,2,0
1.15267,1.17483,1.18592,1.23579,1.30506,1.25103,1.29052,1.37676,1.28688,1.28627,1.2638,1.2304,1.25803,1.24968,1.22334,1.27667,1.259,1.18367,1.25683,1.24908,1.22304,1.27652,1.32543,1.28338,1.28452,1.24076,1.21888,1.20794,1.2468,1.2219,1.32028,1.10348,0.886667,1.08617,1.05292,1.10279,1.19423,1.15128,1.17414,1.25207,1.35754,1.27727,1.28147,1.28357,1.24028,1.28514,1.04157,0.798,1.04183,1.07508,1.13604,1.21085,1.15959,1.1783,1.25415,1.24774,1.24454,1.17644,1.03155,0.886667,1.08617,1.07508,1.11387,1.19977,1.19839,1.19769,1.26385,1.23042,1.21371,1.24969,1.20118,1.19909,1.15371,1.04236,1.11968,1.20267,1.19984,1.19842,1.26421,1.3636,1.2803,1.30515,1.38408,1.29054,1.31027,1.29797,1.22532,1.25549,1.27058,1.23379,1.28189,1.17295,1.18497,1.23532,1.26049,1.25091,1.24612,1.04423,0.842333,1.064,0.931,0.798,0.975333,1.01967,1.10833,1.17483,1.23025,1.08062,0.931,1.18822,1.18822,1.18822,1.18822,1.18822,1.18822,1.18822,1.18822,1.18822,1.18822,1.18822,1.18822,1.18822,1.18822,1.18822,1.18822,1.18822,1.18822,1.18822,1.18822,1.18822,1.18822,1.18822,1.18822,8,2,0
1.28567,1.10833,1.17483,1.18592,1.12496,1.02798,1.15682,1.28774,1.41971,1.21969,1.27484,1.23592,1.28296,1.17348,1.36257,1.27979,1.30489,1.29528,1.42347,1.3324,1.17604,1.23085,1.39126,1.16113,1.26773,1.2102,1.02627,0.842333,0.798,1.17483,1.07508,1.26904,1.16652,1.29259,1.1783,1.25415,1.22557,1.27779,1.25956,1.40561,1.21264,1.20482,1.17874,1.32087,1.10377,0.886667,0.953167,1.11942,1.20254,1.26627,1.1873,1.32515,1.15024,1.15145,1.01906,0.886667,1.04183,1.27458,1.28012,1.30506,1.29536,1.33485,1.22159,1.36446,1.21423,1.24995,1.26781,1.27674,1.30337,1.36102,1.16818,1.22692,1.18979,1.30423,1.16195,1.29031,1.24365,1.26466,1.23083,1.36908,1.15004,1.32869,1.17418,1.34076,1.18021,0.989105,0.798,0.842333,1.24133,1.15267,1.37433,1.197,1.28567,1.28567,1.28567,1.33,1.41867,1.37433,1.463,1.2635,1.62925,1.52396,1.20531,0.886667,0.953167,1.01967,1.21455,1.21455,1.21455,1.21455,1.21455,1.21455,1.21455,1.21455,1.21455,1.21455,1.21455,1.21455,1.21455,1.21455,1.21455,1.21455,1.21455,1.21455,1.21455,1.21455,1.21455,1.21455,1.21455,1.21455,1.21455,1.21455,1.21455,10,5,4
0.886667,1.2635,1.16375,1.33554,1.46577,1.53089,1.45261,1.4578,1.5269,1.65012,1.42356,1.46545,1.39772,1.43036,1.29151,1.39942,1.29821,1.38061,1.31097,1.45348,1.41391,1.52712,1.47289,1.33495,1.46547,1.39774,1.4082,1.52427,1.3828,1.6224,1.4762,1.5361,1.67688,1.54778,1.17289,0.798,1.35217,1.31892,1.36879,1.57106,1.5392,1.67843,1.65938,1.42819,1.80026,1.47646,1.53623,1.56612,1.49239,1.1452,0.798,1.44083,1.36325,1.70129,1.44915,1.65557,1.49279,1.47789,1.18228,0.886667,1.55167,1.33,1.44083,1.51842,1.84537,1.47685,1.89109,1.52188,1.44811,1.21172,1.13786,1.34476,1.51472,1.46669,1.15451,0.842333,1.1305,1.07508,1.04737,1.29952,1.09309,0.886667,1.21917,1.40758,1.50179,1.5489,1.88278,1.47339,1.44603,1.14418,0.842333,1.08617,1.33,1.38532,1.38532,1.38532,1.38532,1.38532,1.38532,1.38532,1.38532,1.38532,1.38532,1.38532,1.38532,1.38532,1.38532,1.38532,1.38532,1.38532,1.38532,1.38532,1.38532,1.38532,1.38532,1.38532,1.38532,1.38532,1.38532,1.38532,1.38532,1.38532,1.38532,1.38532,1.38532,1.38532,1.38532,1.38532,1.38532,1.38532,1.38532,1.38532,1.38532,4,2,0
0.975333,1.10833,1.37433,1.24133,1.3965,1.31892,1.47962,1.20531,1.35632,1.38749,1.44741,1.41087,1.56994,1.2948,1.0464,0.798,0.975333,1.064,0.953167,0.842333,1.24133,1.24133,1.08617,1.07508,1.09171,1.12219,1.02659,1.06746,1.3539,1.16462,1.11431,1.02265,1.06549,1.39725,1.34146,1.24706,1.06686,0.886667,1.08617,1.09725,1.10279,1.30506,1.05153,0.798,0.953167,1.05292,0.991958,1.13881,1.36741,1.4817,1.42802,1.46768,1.50967,1.3755,1.08675,0.798,1.04183,0.919917,0.798,1.01967,0.953167,0.886667,1.01967,0.931,0.842333,1.064,0.975333,0.886667,1.15267,1.064,1.08617,1.20808,1.04737,0.886667,1.41867,1.33,1.463,1.50733,1.55167,1.3965,1.74008,1.44637,1.36602,1.17068,1.02867,0.886667,1.10833,1.33,1.37433,1.28567,1.08617,0.886667,1.08617,1.00858,0.903292,0.798,0.842333,0.798,0.953167,0.942083,1.02521,1.4436,1.34247,1.26973,1.05603,0.842333,1.2635,1.16375,1.09171,1.01967,1.14509,1.14509,1.14509,1.14509,1.14509,1.14509,1.14509,1.14509,1.14509,1.14509,1.14509,1.14509,1.14509,1.14509,1.14509,1.14509,1.14509,1.14509,1.14509,1.14509,1.14509,1.14509,1.14509,8,1,0
1.55167,1.55167,1.24133,1.1305,1.25242,1.20254,1.1111,1.30922,1.31961,1.16964,1.29415,1.22341,1.2767,1.32552,1.43859,1.2513,1.35715,1.21057,1.13729,1.25581,1.44807,1.23387,1.34843,1.45005,1.34569,1.40435,1.23417,1.30425,1.36146,1.21273,1.16053,1.2896,1.33197,1.19798,1.39699,1.34133,1.247,1.39933,1.32033,1.19217,1.32758,1.30662,1.18531,1.36849,1.37141,1.19554,1.06327,1.39613,1.2079,1.00295,0.798,0.842333,0.798,1.064,1.17483,1.11942,0.980875,0.842333,1.01967,1.24133,1.1305,1.11942,1.24687,1.0446,0.842333,1.10833,1.15267,1.10833,1.2635,1.27458,1.28012,1.4159,1.10695,0.798,0.842333,0.886667,1.17483,1.29675,1.26904,1.16652,1.31476,1.38888,1.22644,1.36689,1.32628,1.23947,1.26257,1.18545,1.05823,1.03895,0.918473,0.798,1.24133,1.04183,0.842333,1.596,1.33,1.44083,1.54058,1.56829,1.22748,0.886667,1.197,1.197,1.197,1.197,1.21031,1.21031,1.21031,1.21031,1.21031,1.21031,1.21031,1.21031,1.21031,1.21031,1.21031,1.21031,1.21031,1.21031,1.21031,1.21031,1.21031,1.21031,1.21031,1.21031,1.21031,1.21031,1.21031,1.21031,1.21031,1.21031,1.21031,0,0,0
1.64033,1.21917,0.798,0.908833,1.00858,1.21362,1.11665,1.06816,0.955245,0.842333,0.842333,0.842333,1.30783,1.40758,1.21362,1.09448,1.27874,1.10487,1.15093,1.50647,1.5734,1.5847,1.63468,1.48234,1.36184,1.16859,1.27146,1.23423,1.10478,1.23956,1.24045,1.08572,1.47386,1.3576,1.09997,0.842333,0.842333,0.820167,0.798,1.17483,1.38542,1.62371,1.49902,1.37018,1.10626,0.842333,1.37433,1.48517,1.16375,0.842333,1.17483,1.03075,0.886667,1.21917,1.20808,1.00304,0.798,0.8645,0.919917,1.25796,1.49348,1.16791,0.842333,0.798,1.1305,1.00858,0.886667,0.908833,0.875583,0.842333,0.8645,0.886667,1.10833,1.064,1.28567,1.08617,0.886667,1.17483,1.09725,1.10279,1.17206,1.18453,0.991266,0.798,1.064,0.931,0.798,1.35217,1.42975,1.22471,1.12219,1.00443,0.886667,1.04183,1.20808,1.24687,1.06677,0.886667,0.8645,0.842333,0.798,0.842333,0.842333,0.886667,1.1305,1.14158,1.05846,1.2164,1.37433,1.10903,1.10903,1.10903,1.10903,1.10903,1.10903,1.10903,1.10903,1.10903,1.10903,1.10903,1.10903,1.10903,1.10903,1.10903,1.10903,1.10903,1.10903,1.10903,1.10903,1.10903,1.10903,1.10903,1.10903,4,2,3
2.03933,1.77333,1.37433,1.24133,1.33,1.21917,1.20808,1.31337,1.14435,1.14851,1.37226,1.57279,1.47356,1.20228,1.17747,1.3424,1.09237,0.842333,1.17483,1.00858,0.842333,1.17483,1.07508,1.11387,1.26627,1.1208,1.13673,1.29987,1.18193,1.12297,1.31515,1.05658,0.798,1.1305,1.07508,1.04737,1.27735,1.08201,0.886667,1.197,1.01967,0.842333,1.2635,1.38542,1.40204,1.18869,1.34801,1.29467,1.42317,1.37658,1.57496,1.49681,1.43557,1.18329,1.19014,1.32657,1.17312,1.18506,1.3462,1.6041,1.51138,1.17686,0.842333,1.1305,1.07508,1.09171,1.45469,1.54751,1.57176,1.67254,1.63427,1.6373,1.55015,1.19624,0.842333,1.15267,1.064,1.064,1.28567,1.064,0.842333,1.197,1.48517,1.47408,1.24687,1.13327,1.27597,1.10348,1.12808,1.3177,1.43469,1.44884,1.18992,1.14913,1.2839,1.04095,0.798,1.10833,1.463,1.68467,1.5295,1.37433,1.25084,1.25084,1.25084,1.25084,1.25084,1.25084,1.25084,1.25084,1.25084,1.25084,1.25084,1.25084,1.25084,1.25084,1.25084,1.25084,1.25084,1.25084,1.25084,1.25084,1.25084,1.25084,1.25084,1.25084,1.25084,1.25084,1.25084,1.25084,1.25084,1.25084,1.25084,4,1,1
1.197,1.21917,1.42975,1.35771,1.47685,1.33693,1.06746,0.798,1.01967,0.908833,0.798,0.9975,1.27458,1.32446,1.4159,1.32861,1.52881,1.3629,1.10262,0.842333,1.04183,0.919917,0.798,0.975333,1.33,1.2635,1.49625,1.63479,1.43806,1.31753,1.05777,0.798,1.01967,0.953167,0.886667,0.842333,1.17483,1.20808,1.35771,1.29952,1.42559,1.33346,1.4204,1.33087,1.37477,1.28588,1.44094,1.34114,1.53507,1.3882,1.44777,1.30022,1.44811,1.34472,1.53686,1.4556,1.37063,1.30598,1.45099,1.36833,1.1275,0.886667,1.064,1.35217,1.31892,1.43529,1.33831,1.11249,0.886667,0.886667,0.842333,0.798,0.953167,0.875583,0.798,1.04183,1.31892,1.28012,1.4824,1.38403,1.11318,0.842333,0.9975,0.986417,1.06954,1.13327,0.965635,0.798,0.975333,0.886667,0.798,1.01967,0.953167,0.886667,1.064,1.10833,0.975333,0.842333,0.820167,0.798,0.975333,0.886667,0.798,1.01967,1.28567,1.33,1.37433,1.15319,1.15319,1.15319,1.15319,1.15319,1.15319,1.15319,1.15319,1.15319,1.15319,1.15319,1.15319,1.15319,1.15319,1.15319,1.15319,1.15319,1.15319,1.15319,1.15319,1.15319,1.15319,1.15319,1.15319,1.15319,1.15319,2,1,0
1.28567,1.197,1.30783,1.18592,1.30229,1.27181,1.36741,1.32654,1.41693,1.39563,1.20765,1.00283,0.798,0.820167,0.842333,1.1305,1.05292,1.23579,1.1499,1.39511,1.14089,0.886667,1.04183,1.25242,1.18037,1.25519,1.27043,1.34455,1.22644,1.34472,1.20436,1.31151,1.23209,1.39188,1.20577,1.35655,1.25461,1.31447,1.2779,1.25962,1.09531,1.23482,1.26024,1.36162,1.27931,1.32682,1.23974,1.35137,1.18552,1.27993,1.23846,1.35073,1.27387,1.36843,1.26055,1.31744,1.27939,1.32686,1.19543,1.28488,1.17444,1.29655,1.24678,1.33272,1.26486,1.3196,1.2583,1.33848,1.31207,1.52054,1.29227,1.37763,1.35382,1.40841,1.34704,1.38285,1.26776,1.29888,1.24794,1.3333,1.28732,1.35299,1.31933,1.369,1.30517,1.22892,1.07996,1.20498,1.20099,1.28766,1.2645,1.36375,1.34687,1.38277,1.37855,1.26561,1.40864,1.34715,1.31641,1.3232,1.3266,1.23963,1.15267,1.26293,1.26293,1.26293,1.26293,1.26293,1.26293,1.26293,1.26293,1.26293,1.26293,1.26293,1.26293,1.26293,1.26293,1.26293,1.26293,1.26293,1.26293,1.26293,1.26293,1.26293,1.26293,1.26293,1.26293,1.26293,1.26293,1.26293,1.26293,1.26293,1.26293,4,1,2
0.798,1.10833,1.15267,1.08617,1.14158,1.08062,1.11665,1.04599,1.12149,1.02625,1.08946,1.0324,1.1147,1.04502,1.09884,1.03709,1.11704,1.04619,1.12159,1.04846,1.10057,1.03795,1.09531,1.01315,1.10508,1.04021,1.09644,1.03588,1.11644,1.02372,1.08819,1.03176,1.11438,1.04486,1.12093,1.04813,1.14473,1.0157,0.886667,0.931,1.01967,1.01967,1.08617,0.986417,0.886667,0.931,1.04183,0.986417,1.06954,1.00027,1.0543,0.992651,1.09483,0.990746,0.886667,0.931,0.8645,0.798,0.798,0.886667,1.01967,0.9975,1.09725,1.03629,1.09448,1.05707,1.12704,1.07335,1.11301,1.04417,1.12059,1.04796,1.14465,1.05999,1.12849,1.05191,1.14662,1.06098,1.15116,1.06324,1.15229,1.04164,1.14149,1.08058,1.16096,1.04598,1.12149,1.04841,1.12271,1.04902,1.14518,1.03809,1.13971,1.05752,1.14943,1.08455,1.14077,1.03589,1.11644,1.06806,1.08819,1.05393,1.1698,1.02823,0.886667,0.908833,1.05292,0.991958,1.09448,1.05707,1.10487,1.0401,1.09638,1.05803,1.12751,1.07359,1.11313,1.0664,1.1317,1.05352,1.10309,1.03921,0.975333,1.05476,1.05476,1.05476,1.05476,1.05476,1.05476,1.05476,1.05476,1.05476,1.05476,2,0,0
1.064,1.197,1.35217,1.34108,1.40204,1.43252,1.42559,1.53296,1.52015,1.55807,1.5327,1.52002,1.49151,1.47725,1.47013,1.40006,1.43153,1.38077,1.39972,1.38702,1.42501,1.46617,1.44242,1.45271,1.43569,1.47151,1.73326,1.39863,1.45298,1.39149,1.40508,1.58921,1.50394,1.48347,1.45107,1.4792,1.51543,1.44488,1.47611,1.46955,1.42194,1.39814,1.43057,1.35812,1.36623,1.37028,1.70481,1.3844,1.40153,1.4766,1.78013,1.42207,1.1322,0.842333,0.953167,1.20808,1.42421,1.39927,1.4533,1.43598,1.47166,1.44516,1.49841,1.50287,1.4386,1.4508,1.41257,1.41562,1.37281,1.37357,1.44045,1.49606,1.2357,1.34935,1.45051,1.43459,1.44879,1.43373,1.44837,1.43352,1.49259,1.52213,1.4704,1.51103,1.42052,1.41959,1.35263,1.40781,1.36891,1.41595,1.41731,1.41867,1.42324,1.42324,1.42324,1.42324,1.42324,1.42324,1.42324,1.42324,1.42324,1.42324,1.42324,1.42324,1.42324,1.42324,1.42324,1.42324,1.42324,1.42324,1.42324,1.42324,1.42324,1.42324,1.42324,1.42324,1.42324,1.42324,1.42324,1.42324,1.42324,1.42324,1.42324,1.42324,1.42324,1.42324,1.42324,1.42324,1.42324,1.42324,1.42324,1.42324,1.42324,18,14,9
1.77333,1.70683,1.54058,1.74562,1.49348,1.85507,1.50387,1.61643,1.53972,1.83386,1.4711,1.51138,1.15469,0.798,1.44083,1.27458,1.67912,1.4159,1.81628,1.50664,1.48482,1.16358,0.842333,1.41867,1.33,1.463,1.50733,1.5295,1.16375,0.798,1.21917,1.45192,1.65696,1.42698,1.48932,1.40966,1.81316,1.46075,1.81654,1.44027,1.85064,1.43515,1.49341,1.19004,0.886667,1.17483,1.00858,0.842333,1.21917,1.38542,1.77887,1.4436,1.47547,1.1589,0.842333,1.24133,1.35217,1.67358,1.41312,1.39373,1.11803,0.842333,1.17483,1.38542,1.46854,1.46577,1.77472,1.41936,1.46335,1.13067,0.798,1.24133,1.35217,1.40758,1.52396,1.51565,1.22332,1.07716,1.29225,1.37762,1.53115,1.49707,1.87904,1.47152,1.51159,1.17696,0.842333,1.21917,1.42975,1.53504,1.64033,1.3913,1.3913,1.3913,1.3913,1.3913,1.3913,1.3913,1.3913,1.3913,1.3913,1.3913,1.3913,1.3913,1.3913,1.3913,1.3913,1.3913,1.3913,1.3913,1.3913,1.3913,1.3913,1.3913,1.3913,1.3913,1.3913,1.3913,1.3913,1.3913,1.3913,1.3913,1.3913,1.3913,1.3913,1.3913,1.3913,1.3913,1.3913,1.3913,1.3913,1.3913,1.3913,4,4,0
0.931,1.15267,1.37433,1.28567,1.33,1.08617,0.842333,1.01967,1.15267,1.48517,1.34108,1.33554,1.3771,1.26489,1.31961,1.3248,1.2609,1.29545,1.26839,1.21053,1.27026,1.3223,1.17098,1.31699,1.1905,1.26025,1.29512,1.2239,1.14395,1.23697,1.30565,1.25133,1.31283,1.47658,1.27029,1.32231,1.30399,1.16183,1.22375,1.29904,1.24802,1.31118,1.05459,0.798,0.842333,1.15267,1.21917,1.23025,1.25796,1.33831,1.26766,1.32099,1.34766,1.25017,1.31225,1.18812,1.14823,1.23911,1.15156,1.06345,1.19672,1.15253,1.1526,1.21913,1.20807,1.18037,1.23302,1.14851,1.10625,1.26246,1.3849,1.24662,1.33264,1.17615,1.18658,1.25829,1.36064,1.23449,1.34874,1.27287,1.21277,1.24922,1.15661,1.06597,1.19799,1.04233,0.886667,1.08617,0.986417,0.886667,1.04183,0.919917,0.798,1.01967,1.30783,1.42975,1.20254,1.22194,1.3868,1.3584,1.43287,1.42577,1.48872,1.47586,1.4916,1.25563,1.01967,1.21932,1.21932,1.21932,1.21932,1.21932,1.21932,1.21932,1.21932,1.21932,1.21932,1.21932,1.21932,1.21932,1.21932,1.21932,1.21932,1.21932,1.21932,1.21932,1.21932,1.21932,1.21932,1.21932,1.21932,1.21932,1.21932,0,0,0
1.41867,1.197,1.3965,1.25242,1.11387,1.28844,1.06539,0.842333,0.842333,0.842333,0.820167,0.798,1.064,1.04183,1.09725,1.08062,1.11665,0.957323,0.798,1.10833,1.197,1.1305,1.00858,0.886667,0.842333,0.798,1.10833,1.064,1.064,1.28567,1.41867,1.5295,1.51842,1.31337,1.27735,1.43668,1.18384,1.12392,1.02746,0.957063,0.886667,1.064,1.33,1.44083,1.16375,0.886667,0.8645,0.842333,0.908833,0.853417,0.798,1.04183,1.16375,1.11387,1.06677,1.04322,0.942776,0.842333,0.798,1.01967,1.01967,1.30783,1.36325,1.43529,1.11665,0.798,0.798,1.15267,1.33,1.48517,1.62925,1.56829,1.22748,0.886667,0.842333,1.1305,0.96425,0.798,0.798,0.798,0.798,0.886667,0.8645,0.842333,0.842333,0.842333,0.820167,0.798,1.17483,1.38542,1.40204,1.54335,1.17068,0.798,1.08617,1.00858,1.08062,1.27181,1.03491,0.798,1.064,0.975333,0.886667,0.842333,1.15267,0.9975,0.842333,0.9975,1.25242,1.42421,1.15544,0.886667,1.06928,1.06928,1.06928,1.06928,1.06928,1.06928,1.06928,1.06928,1.06928,1.06928,1.06928,1.06928,1.06928,1.06928,1.06928,1.06928,1.06928,1.06928,1.06928,1.06928,1.06928,4,0,1
0.975333,0.886667,1.01967,0.975333,0.975333,1.28567,1.10833,1.10833,1.10833,0.9975,0.886667,0.798,0.798,0.886667,0.886667,1.10833,0.953167,0.798,0.842333,0.8645,0.886667,0.798,0.798,0.798,1.1305,1.40758,1.39096,1.13881,0.886667,0.886667,0.908833,0.986417,1.04737,1.25519,1.07093,0.886667,0.975333,0.953167,1.09725,0.947625,0.798,0.931,1.17483,1.00858,0.842333,0.908833,0.986417,1.18037,1.41035,1.45884,1.12842,0.798,0.975333,0.931,0.886667,1.197,1.17483,0.986417,0.798,1.15267,1.064,0.953167,0.842333,1.08617,0.96425,0.842333,1.10833,0.953167,0.798,0.953167,0.89775,0.842333,0.886667,0.842333,0.798,0.975333,1.37433,1.463,1.15267,0.842333,1.064,1.44083,1.36325,1.08062,0.798,0.9975,0.942083,0.886667,0.842333,0.886667,0.886667,0.798,1.10833,0.9975,0.886667,0.886667,0.886667,0.886667,1.01967,0.931,0.842333,1.10833,0.953167,0.798,1.17483,1.00858,0.842333,0.842333,1.197,1.1305,1.36325,1.19146,0.994729,0.798,0.9975,0.919917,0.842333,1.1305,1.31892,1.50733,1.0036,1.0036,1.0036,1.0036,1.0036,1.0036,1.0036,1.0036,1.0036,1.0036,1.0036,1.0036,1.0036,0,0,0
0.842333,0.886667,0.886667,0.886667,0.798,1.08617,1.00858,1.25796,1.20531,1.02382,0.842333,0.8645,0.886667,0.953167,0.919917,0.886667,0.886667,0.886667,0.886667,1.08617,0.942083,0.798,0.798,0.798,0.798,1.197,1.10833,1.04183,1.05292,0.925458,0.798,0.798,0.798,0.886667,0.8645,0.842333,1.10833,1.1305,0.96425,0.798,0.798,1.04183,0.919917,0.798,0.842333,0.886667,0.9975,0.89775,0.798,0.886667,1.01967,1.1305,1.29675,1.37987,1.1111,0.842333,0.8645,0.886667,1.15267,1.08617,0.942083,0.798,0.975333,1.1305,1.31892,1.30229,1.29398,1.44499,1.52049,1.38091,1.15596,0.999145,0.842333,1.15267,0.9975,0.842333,0.842333,0.842333,0.886667,0.842333,0.798,0.931,1.28567,1.21917,1.14158,1.08062,1.24965,1.17899,1.09933,1.21466,1.0285,0.842333,0.886667,1.04183,1.27458,1.28012,1.0834,0.886667,1.2635,1.29675,1.06954,0.842333,0.820167,0.798,0.798,0.842333,0.886667,1.197,1.04183,0.886667,0.886667,0.8645,0.842333,0.842333,1.197,1.064,0.931,0.798,0.8645,0.96425,1.064,0.993074,0.993074,0.993074,0.993074,0.993074,0.993074,0.993074,0.993074,0.993074,0.993074,0.993074,0.993074,2,0,0
0.842333,1.1305,1.36325,1.41312,1.37156,1.12911,0.886667,1.24133,1.41867,1.50733,1.50733,1.3965,1.09725,0.798,1.10833,0.953167,0.798,0.886667,0.908833,0.853417,0.798,0.798,1.064,1.30783,1.07508,0.842333,1.1305,1.18592,1.05846,1.1499,1.04045,0.941391,0.842333,0.820167,0.798,0.798,0.798,0.798,0.798,0.798,1.04183,0.919917,0.798,1.04183,0.919917,0.798,0.886667,0.886667,0.842333,0.842333,0.842333,0.975333,0.975333,1.08617,0.96425,0.842333,1.197,1.2635,1.09725,1.05846,1.30506,1.38403,1.35702,1.14401,0.993171,0.842333,0.886667,1.24133,1.35217,1.09725,0.842333,1.28567,1.10833,1.04183,1.20808,1.11387,0.955937,0.798,0.842333,0.886667,1.24133,1.01967,0.798,0.9975,0.942083,0.886667,0.975333,0.908833,0.842333,0.953167,0.875583,0.798,0.908833,0.942083,1.11387,1.19977,1.02105,0.842333,0.820167,0.798,0.931,1.17483,0.986417,0.798,1.28567,1.28567,1.10833,0.975333,0.842333,1.1305,0.96425,0.798,1.15267,1.10833,1.08617,1.11942,1.15267,1.01883,1.01883,1.01883,1.01883,1.01883,1.01883,1.01883,1.01883,1.01883,1.01883,1.01883,1.01883,1.01883,1.01883,1.01883,1.01883,2,1,0
0.931,1.15267,1.04183,1.05292,1.21362,1.42698,1.40066,1.49833,1.525,1.627,1.2125,0.798,0.842333,1.17483,1.31892,1.34662,1.47131,1.48932,1.63133,1.48066,1.228,1.10167,1.34883,1.07342,0.798,1.04183,1.20808,1.35771,1.29952,1.38126,1.35563,1.43148,1.55807,1.55487,1.17644,0.798,0.842333,1.197,1.04183,0.886667,0.953167,1.20808,1.18037,1.12219,1.31476,1.23371,1.08236,1.18401,1.50084,1.45975,1.17321,0.886667,0.842333,0.820167,0.798,1.15267,0.9975,0.842333,1.1305,0.96425,0.798,1.10833,1.24133,1.33,1.30783,1.40758,1.32446,1.50456,1.41728,1.46231,1.57349,1.45174,1.30221,1.3826,1.44497,1.40965,1.52499,1.5605,1.64475,1.57604,1.54169,1.48018,1.44942,1.47838,1.42636,1.48901,1.16567,0.842333,0.798,0.842333,0.886667,0.798,0.886667,1.21917,1.25242,1.44637,1.41035,1.52534,1.67151,1.52292,1.37433,1.24201,1.24201,1.24201,1.24201,1.24201,1.24201,1.24201,1.24201,1.24201,1.24201,1.24201,1.24201,1.24201,1.24201,1.24201,1.24201,1.24201,1.24201,1.24201,1.24201,1.24201,1.24201,1.24201,1.24201,1.24201,1.24201,1.24201,1.24201,1.24201,1.24201,1.24201,1.24201,24,11,14
1.197,0.886667,0.8645,0.842333,0.931,0.953167,1.20808,1.00304,0.798,1.04183,1.29675,1.09171,0.886667,0.886667,0.798,0.886667,0.842333,0.798,1.10833,0.953167,0.798,0.798,1.15267,1.21917,1.36325,1.43529,1.16098,0.886667,0.798,0.798,0.842333,0.886667,1.08617,1.25242,1.42421,1.4436,1.16514,0.886667,1.15267,1.08617,1.23025,1.30229,1.20531,1.13466,1.36533,1.08166,0.798,0.842333,0.820167,0.798,0.842333,1.1305,1.07508,1.44637,1.47685,1.49209,1.18938,0.886667,0.842333,0.798,1.04183,0.986417,0.914375,0.842333,0.975333,0.908833,0.842333,0.886667,1.1305,1.14158,1.30229,1.13881,1.16791,1.00512,0.842333,0.886667,1.197,1.1305,1.09725,1.14712,0.994729,0.842333,0.886667,0.842333,0.8645,0.886667,0.886667,0.886667,0.842333,1.10833,1.01967,1.01967,1.28567,1.28567,1.04183,0.798,0.842333,1.064,1.33,1.48517,1.51842,1.29121,1.26627,1.0543,0.842333,0.798,0.908833,1.07508,1.09171,1.12219,1.27043,1.25588,1.13777,1.38905,1.64033,1.05329,1.05329,1.05329,1.05329,1.05329,1.05329,1.05329,1.05329,1.05329,1.05329,1.05329,1.05329,1.05329,1.05329,1.05329,1.05329,1.05329,1.05329,6,3,3
1.50733,1.57383,1.40758,1.54612,1.43806,1.56136,1.49002,1.58734,1.41434,1.39434,1.31783,1.45692,1.12746,0.798,1.10833,1.2635,1.38542,1.44637,1.38819,1.09309,0.798,1.04183,0.942083,0.842333,1.04183,1.36325,1.32446,1.4824,1.42836,1.13535,0.842333,0.886667,0.9975,1.18592,0.991958,0.798,1.08617,1.05292,1.08062,1.13881,1.07924,1.11595,1.15648,1.55357,1.44179,1.51889,1.66828,1.47697,1.44782,1.49974,1.41487,1.1286,0.842333,1.10833,0.975333,0.842333,1.04183,0.986417,1.04737,1.16652,1.27043,1.23371,1.06019,0.886667,1.064,1.01967,1.10833,1.17483,1.18592,1.12496,1.07231,1.06816,1.26558,1.18696,1.10331,1.17232,1.20683,1.49008,1.43221,1.55844,1.44422,1.52011,1.60239,1.51053,1.35376,1.16455,1.13644,0.989387,0.842333,1.15267,1.21917,1.09725,1.03629,1.47131,1.28982,1.50941,1.41971,1.50785,1.57409,1.36338,1.23586,1.10833,1.23052,1.23052,1.23052,1.23052,1.23052,1.23052,1.23052,1.23052,1.23052,1.23052,1.23052,1.23052,1.23052,1.23052,1.23052,1.23052,1.23052,1.23052,1.23052,1.23052,1.23052,1.23052,1.23052,1.23052,1.23052,1.23052,1.23052,1.23052,1.23052,1.23052,1.23052,16,6,6
1.24133,1.10833,1.08617,0.986417,0.886667,0.908833,0.875583,0.842333,1.04183,1.29675,1.51287,1.48794,1.40897,1.12565,0.842333,0.842333,0.8645,0.886667,0.931,0.8645,0.798,0.886667,0.842333,0.798,0.908833,0.875583,0.842333,1.15267,0.9975,0.842333,0.886667,0.798,0.798,1.064,0.953167,0.842333,1.04183,1.03075,1.13604,1.12219,1.09309,0.967714,0.842333,1.10833,0.975333,0.842333,0.8645,0.886667,1.064,1.04183,1.03075,1.20254,1.0446,0.886667,1.1305,1.03075,1.02521,1.1776,1.00997,0.842333,1.01967,1.15267,1.197,1.04183,0.886667,1.08617,1.09725,1.01412,1.4159,1.37295,1.28497,1.04149,0.798,1.2635,1.40758,1.10279,0.798,0.798,0.798,0.908833,0.853417,0.798,0.820167,0.842333,0.842333,1.17483,1.29675,1.22471,1.01135,0.798,1.04183,1.05292,1.10279,1.1499,1.06261,1.10764,1.30749,1.05274,0.798,1.064,1.10833,1.08617,1.20808,1.09171,1.12219,1.07093,0.978797,0.886667,1.17483,1.03075,0.886667,1.04183,1.09725,1.05846,1.0834,0.940698,0.798,1.01946,1.01946,1.01946,1.01946,1.01946,1.01946,1.01946,1.01946,1.01946,1.01946,1.01946,1.01946,1.01946,1.01946,1.01946,1.01946,4,0,0
0.931,1.08617,1.07508,1.09171,1.18869,1.39234,1.25034,1.42317,1.19925,1.15379,1.1754,1.29703,1.15835,1.28851,1.33142,1.19771,1.37469,1.15284,1.19709,1.26354,1.14161,1.1028,1.2164,1.2732,1.14643,1.19388,1.37278,1.32922,1.32961,1.35197,1.27449,1.30224,1.31612,1.27873,1.32653,1.39477,1.40672,1.32402,1.08318,0.842333,0.798,1.1305,1.05292,1.08062,1.27181,1.34524,1.13812,1.23406,1.45936,1.37251,1.19609,1.30738,1.23002,1.28001,1.19417,1.12909,1.22954,1.27977,1.21622,1.29528,1.42347,1.35457,1.38662,1.40264,1.27765,1.32599,1.2615,1.16275,1.26854,1.29927,1.29247,1.31123,1.43145,1.46939,1.4662,1.5311,1.34188,1.29161,1.42164,1.33149,1.41941,1.13087,0.842333,0.886667,1.15267,0.975333,0.798,0.798,1.04183,1.18592,1.21362,1.36048,1.38957,1.22679,1.27839,1.45936,1.30601,1.20717,1.37942,1.28821,1.28694,1.33064,1.21948,1.18608,1.15267,1.23851,1.23851,1.23851,1.23851,1.23851,1.23851,1.23851,1.23851,1.23851,1.23851,1.23851,1.23851,1.23851,1.23851,1.23851,1.23851,1.23851,1.23851,1.23851,1.23851,1.23851,1.23851,1.23851,1.23851,1.23851,1.23851,1.23851,1.23851,24,7,12
0.975333,1.064,0.975333,0.886667,1.08617,1.05292,1.03629,1.13881,1.25657,1.09379,1.12323,1.07145,1.13422,1.23211,1.10372,1.01736,1.17368,1.09667,1.21334,1.29384,1.42275,1.13254,0.842333,1.064,1.08617,1.16375,1.02521,0.886667,1.197,1.197,1.17483,1.00858,0.842333,0.798,0.9975,1.16375,1.40204,1.21085,1.22609,1.18938,1.12669,1.22835,1.19051,1.08292,1.20646,1.2904,1.19936,1.37552,1.26409,1.23055,1.25811,1.24972,1.22336,1.21018,1.11492,1.11163,1.15431,1.24216,1.08658,1.27479,1.28023,1.26078,1.27322,1.07995,0.886667,0.798,1.064,1.04183,1.18592,1.21362,1.24965,1.17899,1.14366,1.03733,0.917665,0.798,1.08617,1.18592,1.14712,1.2164,1.29536,1.26835,1.32134,1.05967,0.798,1.01967,1.17483,1.16375,1.26904,1.03352,0.798,0.953167,1.14158,1.01412,0.886667,0.798,1.08617,1.18592,1.19146,1.32723,1.19561,1.28497,1.39615,1.09708,0.798,0.842333,1.15267,0.975333,0.798,0.842333,0.975333,0.908833,0.842333,0.886667,1.10529,1.10529,1.10529,1.10529,1.10529,1.10529,1.10529,1.10529,1.10529,1.10529,1.10529,1.10529,1.10529,1.10529,1.10529,1.10529,1.10529,1.10529,1.10529,18,11,17
1.28567,1.24133,1.2635,1.16375,1.15821,1.2441,1.22055,1.18661,1.30264,1.24982,1.20124,1.26562,1.07614,0.886667,1.08617,1.49625,1.41312,1.19423,1.19561,1.24064,1.24099,1.24116,1.28558,1.26346,1.23023,1.28011,1.23856,1.17345,1.25172,1.31303,1.25501,1.29251,1.35559,1.27629,1.30315,1.33874,1.26787,1.3211,1.10388,0.886667,1.1305,1.23025,1.19146,1.2829,1.28428,1.24064,1.28532,1.24116,1.19691,1.26346,1.27456,1.21361,1.29397,1.26765,1.23233,1.28116,1.28342,1.24021,1.2851,1.24105,1.21903,1.27451,1.21359,1.16096,1.26765,1.23232,1.21466,1.27233,1.23467,1.21583,1.25075,1.15737,1.15502,1.22034,1.14217,1.14742,1.23871,1.17352,1.18526,1.23546,1.14973,1.12903,1.20735,1.04701,0.886667,1.08617,1.11942,1.13604,1.03352,0.98226,1.06746,1.17657,1.14245,1.14756,1.23878,1.21789,1.20744,1.26872,1.16636,1.13735,1.21151,1.13775,1.10088,1.21544,1.20622,1.15728,1.24364,1.33,1.20938,1.20938,1.20938,1.20938,1.20938,1.20938,1.20938,1.20938,1.20938,1.20938,1.20938,1.20938,1.20938,1.20938,1.20938,1.20938,1.20938,1.20938,1.20938,1.20938,1.20938,1.20938,1.20938,1.20938,1.20938,4,4,3
1.10833,1.04183,0.986417,0.914375,0.842333,0.798,0.842333,0.886667,1.1305,1.29675,1.13604,1.27735,1.08201,0.886667,0.842333,0.798,1.08617,1.25242,1.46854,1.28844,1.37572,1.10903,0.842333,0.953167,1.20808,1.46854,1.3771,1.39789,1.56344,1.33589,1.33294,1.30931,1.23099,1.25833,1.02816,0.798,0.9975,1.18592,1.41312,1.3494,1.36186,1.3016,1.27147,1.27857,1.32645,1.21739,1.29586,1.4681,1.33255,1.33127,1.59664,1.35249,1.34124,1.33562,1.24414,1.26491,1.23095,1.14748,1.23874,1.4617,1.32935,1.32968,1.57367,1.4075,1.36875,1.52671,1.38402,1.37918,1.28809,1.22038,1.25302,1.11418,1.08909,1.20954,1.24761,1.20014,1.28723,1.59678,1.37473,1.41886,1.4631,1.35222,1.31894,1.25797,1.20532,1.24549,1.39858,1.31996,1.34714,1.49374,1.34537,1.31552,1.30059,1.20446,1.26723,1.40945,1.25889,1.31661,1.36764,1.19365,1.19533,1.12966,1.09683,1.064,1.2439,1.2439,1.2439,1.2439,1.2439,1.2439,1.2439,1.2439,1.2439,1.2439,1.2439,1.2439,1.2439,1.2439,1.2439,1.2439,1.2439,1.2439,1.2439,1.2439,1.2439,1.2439,1.2439,1.2439,1.2439,1.2439,1.2439,1.2439,1.2439,6,4,6
1.50733,1.197,0.886667,1.01967,0.908833,0.798,1.33,1.30783,1.07508,0.842333,1.15267,1.15267,1.064,1.21917,1.11942,1.04737,1.18869,1.21501,1.18384,1.23475,1.23804,1.32835,1.35134,1.36284,1.27992,1.26063,1.29531,1.33482,1.31024,1.27579,1.10339,1.2167,1.29552,1.64526,1.5763,1.32015,1.36941,1.3497,1.22902,1.27951,1.30475,1.31738,1.32369,1.32684,1.26192,1.29596,1.35731,1.27716,1.32575,1.37221,1.32894,1.19647,1.30757,1.27445,1.32439,1.34936,1.25101,1.29051,1.35459,1.27579,1.3029,1.40512,1.27889,1.28228,1.43914,1.2959,1.33512,1.17739,1.09853,1.21426,1.20563,1.17915,1.25457,1.29229,1.17814,1.27624,1.32529,1.21681,1.2734,1.27954,1.30477,1.29522,1.13528,1.1218,1.2259,1.36662,1.28181,1.3059,1.34012,1.22423,1.29928,1.29247,1.22257,1.27628,1.03714,0.798,1.04183,1.20808,1.20254,1.08894,1.1873,1.14782,1.21674,1.28567,1.24236,1.24236,1.24236,1.24236,1.24236,1.24236,1.24236,1.24236,1.24236,1.24236,1.24236,1.24236,1.24236,1.24236,1.24236,1.24236,1.24236,1.24236,1.24236,1.24236,1.24236,1.24236,1.24236,1.24236,1.24236,1.24236,1.24236,1.24236,1.24236,14,7,9
1.15267,1.35217,1.54058,1.43529,1.42698,1.42282,1.26558,1.27562,1.10331,1.23882,1.43958,1.22962,1.36848,1.50441,1.17337,0.842333,1.21917,1.16375,1.24687,1.75394,1.4533,1.48032,1.44949,1.32325,1.39312,1.25073,1.35686,1.2326,1.4143,1.30565,1.33999,1.24633,1.42116,1.30908,1.09787,0.886667,1.17483,0.986417,0.798,0.798,1.21917,1.20808,1.26904,1.21085,1.38126,1.15613,1.46473,1.28653,1.44127,1.16397,0.886667,0.9975,1.14158,1.25796,1.11665,1.33416,1.15474,1.26454,1.16427,1.38013,1.24423,1.37578,1.24206,1.3747,1.48535,1.18601,0.886667,1.21917,1.27458,1.19146,1.32723,1.50595,1.30714,1.4294,1.15804,0.886667,0.886667,0.886667,1.21917,1.00858,0.798,0.886667,0.886667,1.24133,1.01967,0.798,0.931,1.24133,1.463,1.2635,1.38542,1.11387,0.842333,0.931,1.24133,1.064,0.886667,0.931,1.24133,1.04183,0.842333,0.953167,1.064,1.19937,1.19937,1.19937,1.19937,1.19937,1.19937,1.19937,1.19937,1.19937,1.19937,1.19937,1.19937,1.19937,1.19937,1.19937,1.19937,1.19937,1.19937,1.19937,1.19937,1.19937,1.19937,1.19937,1.19937,1.19937,1.19937,1.19937,1.19937,1.19937,1.19937,12,7,3
1.463,1.3965,1.54058,1.36879,1.2829,1.32861,1.35147,1.2964,1.3797,1.48785,1.32026,1.36946,1.08373,0.798,0.975333,1.21917,1.49625,1.30229,1.40481,1.67774,1.37087,1.4391,1.14072,0.842333,0.842333,1.17483,1.51842,1.24687,1.3771,1.10972,0.842333,0.953167,1.18592,1.16929,1.22748,1.30091,1.42629,1.28948,1.3319,1.30879,1.20856,1.29145,1.37722,1.22061,1.36397,1.56865,1.33849,1.40075,1.47621,1.38094,1.3998,1.4979,1.34745,1.07273,0.798,0.886667,1.01967,1.1305,1.29675,1.20254,1.33277,1.48655,1.29744,1.33589,1.33294,1.39797,1.40832,1.41349,1.28308,1.30654,1.3626,1.1468,1.28273,1.2842,1.2406,1.26313,1.2744,1.3687,1.41585,1.19559,1.17413,1.27423,1.23562,1.17197,1.31749,1.12424,1.04979,1.23423,1.06045,0.886667,1.17483,1.05292,1.03629,1.24965,1.22332,1.25449,1.33658,1.44412,1.2984,1.35853,1.3886,1.24847,1.10833,1.26265,1.26265,1.26265,1.26265,1.26265,1.26265,1.26265,1.26265,1.26265,1.26265,1.26265,1.26265,1.26265,1.26265,1.26265,1.26265,1.26265,1.26265,1.26265,1.26265,1.26265,1.26265,1.26265,1.26265,1.26265,1.26265,1.26265,1.26265,1.26265,1.26265,2,1,1
1.463,1.41867,1.44083,1.36325,1.43529,1.60431,1.37849,1.70891,1.47512,1.38039,1.0892,0.798,1.08617,1.31892,1.32446,1.46023,1.43945,1.45122,1.70095,1.36031,1.74415,1.35974,1.43354,1.44827,1.43347,1.38173,1.37803,1.39835,1.45284,1.43575,1.64888,1.48944,1.45405,1.56936,1.42751,1.33442,1.35438,1.45302,1.45801,1.46051,1.46175,1.50671,1.44052,1.51826,1.42413,1.51007,1.4422,1.43043,1.42455,1.44377,1.51989,1.44711,1.67672,1.43686,1.38343,1.51188,1.46527,1.46414,1.4414,1.43003,1.49085,1.45476,1.74705,1.40552,1.72243,1.41538,1.68302,1.39568,1.38501,1.40184,1.38808,1.35904,1.36669,1.37051,1.32809,1.17388,1.31844,1.36855,1.43794,1.40614,1.39024,1.38228,1.35614,1.34307,1.31437,1.38868,1.35934,1.36684,1.57009,1.33921,1.10833,1.4256,1.4256,1.4256,1.4256,1.4256,1.4256,1.4256,1.4256,1.4256,1.4256,1.4256,1.4256,1.4256,1.4256,1.4256,1.4256,1.4256,1.4256,1.4256,1.4256,1.4256,1.4256,1.4256,1.4256,1.4256,1.4256,1.4256,1.4256,1.4256,1.4256,1.4256,1.4256,1.4256,1.4256,1.4256,1.4256,1.4256,1.4256,1.4256,1.4256,1.4256,1.4256,0,0,0
1.596,1.77333,1.50733,1.28567,1.24133,1.24133,1.28567,1.24133,1.2635,1.18592,1.19146,1.2164,1.09586,1.14643,1.19388,1.28411,1.21839,1.27419,1.27993,1.26063,1.25098,1.20182,1.19941,1.22037,1.23085,1.23609,1.23871,1.24002,1.21851,1.22992,1.25779,1.2274,1.23437,1.10485,1.12876,1.18505,1.21319,1.20509,1.24538,1.13252,1.16476,1.20305,1.24436,1.19851,1.19776,1.26388,1.23044,1.25805,1.36053,1.27876,1.26005,1.36152,1.30143,1.36005,1.25636,1.24885,1.22292,1.14346,1.0594,1.17253,0.985266,0.798,1.04183,1.03075,1.06954,1.19977,1.48655,1.36394,1.5908,1.41607,1.24003,1.21852,1.22993,1.36863,1.28281,1.26207,1.3182,1.27977,1.26055,1.09578,1.16855,1.18278,1.18989,1.19344,1.23956,1.24044,1.21872,1.27436,1.05835,0.842333,1.064,0.953167,0.842333,1.04183,0.942083,0.842333,1.08617,1.09725,1.12496,1.18315,1.21224,1.20462,1.22298,1.05482,0.886667,1.04183,1.16375,1.28567,1.20526,1.20526,1.20526,1.20526,1.20526,1.20526,1.20526,1.20526,1.20526,1.20526,1.20526,1.20526,1.20526,1.20526,1.20526,1.20526,1.20526,1.20526,1.20526,1.20526,1.20526,1.20526,1.20526,1.20526,1.20526,6,0,0
1.24133,1.2635,1.05292,0.842333,1.01967,1.08617,1.11942,1.29121,1.48794,1.3868,1.2919,1.22228,1.25398,1.24765,1.20016,1.22075,1.18671,1.16969,1.22768,1.07934,1.116,1.223,1.12133,1.09267,1.167,1.13767,1.16733,1.2265,1.21175,1.18221,1.23394,1.28197,1.19515,1.24041,1.17437,1.14135,1.23568,1.039,0.842333,1.08617,0.986417,0.886667,1.10833,1.1305,1.14158,1.23579,1.2829,1.19561,1.30714,1.05257,0.798,1.04183,0.919917,0.798,1.064,0.975333,0.886667,1.10833,1.41867,1.50733,1.28567,1.2635,1.11942,1.09171,1.21085,1.04876,0.886667,1.08617,1.11942,1.13604,1.23302,1.14851,1.15059,1.24029,1.06348,0.886667,1.1305,1.34108,1.33554,1.06677,0.798,1.064,0.9975,1.05292,1.16929,1.16098,1.13466,1.23233,1.17033,1.1615,1.29008,1.04404,0.798,1.1305,1.29675,1.31337,1.47685,1.42559,1.13396,0.842333,1.10833,1.064,1.08617,1.25242,1.18037,1.16652,1.27043,1.52188,1.38161,1.24133,1.15149,1.15149,1.15149,1.15149,1.15149,1.15149,1.15149,1.15149,1.15149,1.15149,1.15149,1.15149,1.15149,1.15149,1.15149,1.15149,1.15149,1.15149,1.15149,1.15149,1.15149,1.15149,1.15149,0,1,0
1.10833,1.17483,1.16375,1.29121,1.53227,1.29814,1.33623,1.39962,1.27614,1.3474,1.42737,1.31218,1.40976,1.54721,1.37211,1.43972,1.56219,1.35743,1.36588,1.41444,1.28355,1.35111,1.47356,1.33528,1.42131,1.46432,1.41933,1.419,1.46316,1.33008,1.33004,1.44085,1.34109,1.42421,1.59877,1.35355,1.38611,1.42456,1.24428,1.33147,1.4859,1.27495,1.36898,1.37165,1.35083,1.42908,1.51254,1.3326,1.35347,1.3639,1.25828,1.29414,1.31207,1.2767,1.25902,1.31668,1.2125,1.35992,1.12329,0.886667,1.10833,1.28567,1.28567,1.15267,1.37433,1.2635,1.38542,1.46854,1.3771,1.42005,1.44153,1.31926,1.3468,1.4714,1.31203,1.36535,1.39201,1.361,1.3455,1.38208,1.20088,1.1546,1.28664,1.19748,1.35241,1.45204,1.25802,1.36051,1.45609,1.30438,1.33936,1.42334,1.31017,1.40875,1.48021,1.31644,1.15267,1.34461,1.34461,1.34461,1.34461,1.34461,1.34461,1.34461,1.34461,1.34461,1.34461,1.34461,1.34461,1.34461,1.34461,1.34461,1.34461,1.34461,1.34461,1.34461,1.34461,1.34461,1.34461,1.34461,1.34461,1.34461,1.34461,1.34461,1.34461,1.34461,1.34461,1.34461,1.34461,1.34461,1.34461,1.34461,1.34461,6,4,4
0.798,0.886667,1.17483,1.11942,1.06954,1.08894,1.16514,1.4249,1.33312,1.08773,0.842333,0.820167,0.798,0.798,0.8645,0.875583,0.886667,0.842333,0.886667,0.953167,0.96425,1.12496,1.22748,1.32307,1.32654,1.35043,1.07422,0.798,0.908833,0.986417,1.20254,1.26627,1.1873,1.14782,1.21674,1.0517,0.886667,0.798,1.10833,0.9975,0.886667,0.842333,0.798,1.17483,1.20808,1.31337,1.10002,0.886667,0.798,0.931,1.24133,1.15267,1.463,1.463,1.1305,0.798,0.886667,1.10833,1.04183,1.09725,1.30229,1.51565,1.42282,1.19908,1.26454,1.03127,0.798,0.931,0.8645,0.798,0.886667,0.798,0.886667,1.10833,1.1305,1.40758,1.10279,0.798,0.798,0.798,0.820167,0.842333,1.10833,1.24133,1.37433,1.197,1.21917,1.29675,1.06954,0.842333,0.798,1.08617,1.20808,1.09171,1.25519,1.35909,1.18938,1.25969,1.11751,1.13509,1.05521,0.948772,0.842333,0.798,1.01967,1.2635,1.07508,0.886667,1.28567,1.15267,1.2635,1.40758,1.23579,1.06123,0.886667,0.798,1.06308,1.06308,1.06308,1.06308,1.06308,1.06308,1.06308,1.06308,1.06308,1.06308,1.06308,1.06308,1.06308,1.06308,1.06308,1.06308,1.06308,8,3,2
1.197,1.55167,1.3965,1.34108,1.60154,1.39927,1.36464,1.50248,1.37191,1.32879,1.41806,1.30753,1.2966,1.55713,1.4214,1.3757,1.84052,1.54092,1.43546,1.1389,0.842333,0.9975,1.11942,1.33554,1.26627,1.29814,1.07023,0.842333,1.01967,1.197,1.30783,1.14158,1.16929,1.20531,1.24549,1.24341,1.26454,1.5411,1.39122,1.36061,1.12364,0.886667,1.04183,1.18592,1.34662,1.42698,1.35632,1.65349,1.38091,1.35546,1.8969,1.52478,1.42739,1.55603,1.39868,1.34217,1.38042,1.24438,1.22069,1.29751,1.06992,0.842333,1.04183,1.20808,1.46854,1.33277,1.30922,1.43044,1.33589,1.31078,1.09872,0.886667,1.064,1.197,1.064,1.15267,1.197,1.2635,1.31892,1.16929,1.20531,1.55582,1.37641,1.35321,1.65194,1.4023,1.34398,1.13749,1.32241,1.30404,1.27269,1.03534,0.798,1.04183,0.942083,0.842333,0.975333,1.1305,1.38542,1.64033,1.27771,1.27771,1.27771,1.27771,1.27771,1.27771,1.27771,1.27771,1.27771,1.27771,1.27771,1.27771,1.27771,1.27771,1.27771,1.27771,1.27771,1.27771,1.27771,1.27771,1.27771,1.27771,1.27771,1.27771,1.27771,1.27771,1.27771,1.27771,1.27771,1.27771,1.27771,1.27771,1.27771,2,2,3
1.15267,1.17483,1.25242,1.29121,1.22194,1.14297,1.23648,1.17241,1.14037,1.25735,1.40451,1.25642,1.31538,1.05669,0.798,0.842333,1.1305,1.29675,1.26904,1.29952,1.20393,1.22263,1.27632,1.36966,1.239,1.30666,1.36267,1.2355,1.30492,1.38396,1.37915,1.37674,1.37554,1.3306,1.37463,1.41882,1.30791,1.38545,1.40206,1.21086,1.27043,1.25588,1.22644,1.27822,1.39278,1.36139,1.39003,1.49301,1.38934,1.404,1.101,0.798,0.886667,1.1305,1.40758,1.25796,1.27181,1.36741,1.23787,1.3061,1.45105,1.25753,1.31593,1.5003,1.37082,1.35041,1.38454,1.24644,1.33255,1.37561,1.37497,1.39682,1.40774,1.23587,1.26077,1.22888,1.21294,1.33797,1.44482,1.29874,1.38087,1.35544,1.38705,1.38069,1.46618,1.35376,1.31971,1.36919,1.30526,1.4063,1.27948,1.34907,1.2952,1.33477,1.24372,1.30903,1.29735,1.26934,1.32184,1.25942,1.197,1.28783,1.28783,1.28783,1.28783,1.28783,1.28783,1.28783,1.28783,1.28783,1.28783,1.28783,1.28783,1.28783,1.28783,1.28783,1.28783,1.28783,1.28783,1.28783,1.28783,1.28783,1.28783,1.28783,1.28783,1.28783,1.28783,1.28783,1.28783,1.28783,1.28783,1.28783,1.28783,8,3,2
1.90633,1.64033,1.33,1.10833,0.886667,1.04183,1.29675,1.53504,1.85369,1.50318,1.70476,1.42871,1.44586,1.12193,0.798,1.064,0.975333,0.886667,1.24133,1.41867,1.596,1.463,1.5295,1.58492,1.50179,1.17206,0.842333,1.24133,1.24133,1.33,1.064,0.798,1.08617,1.00858,0.925458,0.842333,1.10833,1.33,1.064,0.798,1.1305,1.00858,0.886667,1.48517,1.34108,1.37987,1.1111,0.842333,0.886667,1.01967,1.64033,1.3965,1.34108,1.18037,1.14435,1.30368,1.49417,1.70025,1.51513,1.7329,1.57578,1.56372,1.71286,1.5436,1.2373,1.12848,1.29574,1.46804,1.48769,1.16501,0.842333,1.33,1.21917,1.34108,1.09171,0.842333,1.44083,1.27458,1.41312,1.50456,1.86061,1.48447,1.14124,0.798,1.21917,1.40758,1.59046,1.50456,1.59461,1.81697,1.55132,1.95049,1.52941,1.56271,1.596,1.30885,1.30885,1.30885,1.30885,1.30885,1.30885,1.30885,1.30885,1.30885,1.30885,1.30885,1.30885,1.30885,1.30885,1.30885,1.30885,1.30885,1.30885,1.30885,1.30885,1.30885,1.30885,1.30885,1.30885,1.30885,1.30885,1.30885,1.30885,1.30885,1.30885,1.30885,1.30885,1.30885,1.30885,1.30885,1.30885,1.30885,1.30885,10,3,3
1.15267,1.41867,1.862,1.41867,1.862,1.48517,1.47408,1.13604,0.798,1.10833,1.01967,1.01967,1.28567,1.15267,1.1305,1.71792,1.41312,1.43806,1.16236,0.886667,1.197,1.064,1.1305,1.34108,1.13604,1.14435,1.56968,1.42767,1.82217,1.48742,1.49738,1.19202,0.886667,1.2635,1.47408,1.80104,1.47685,1.49209,1.18938,0.886667,1.596,1.30783,1.38542,1.35771,1.18869,1.34801,1.36117,1.23475,1.37104,1.37269,1.26268,1.38501,1.26884,1.21075,1.31471,1.25585,1.13776,1.30038,1.22652,1.1896,1.34846,1.2284,1.1462,1.3046,1.07347,0.842333,1.21917,1.05292,0.886667,1.197,1.15267,1.17483,1.31892,1.19146,1.10556,1.30645,1.11872,1.1357,1.29935,1.24817,1.20042,1.35388,1.20894,1.1808,1.3219,1.08212,0.842333,1.15267,1.064,1.08617,1.29675,1.18037,1.14435,1.30368,1.18384,1.14609,0.99421,0.842333,1.04183,1.27458,1.19146,1.10833,1.24558,1.24558,1.24558,1.24558,1.24558,1.24558,1.24558,1.24558,1.24558,1.24558,1.24558,1.24558,1.24558,1.24558,1.24558,1.24558,1.24558,1.24558,1.24558,1.24558,1.24558,1.24558,1.24558,1.24558,1.24558,1.24558,1.24558,1.24558,1.24558,1.24558,1.24558,0,0,0
1.064,0.953167,0.842333,0.886667,1.21917,1.45192,1.47962,1.47131,1.48932,1.54266,1.7245,1.39425,1.36212,1.16873,1.00553,0.842333,1.30783,1.40758,1.36879,1.1499,1.32861,1.32931,1.17449,1.31874,1.25787,1.2496,1.0238,0.798,1.17483,1.38542,1.71237,1.58769,1.21501,0.842333,1.15267,1.44083,1.47408,1.53504,1.18869,0.842333,0.798,0.798,0.798,0.908833,1.31892,1.45746,1.43806,1.16236,0.886667,0.798,1.17483,1.31892,1.41312,1.43806,1.51703,1.44568,1.29917,1.11509,1.33338,1.44252,1.16459,0.886667,1.21917,1.47408,1.18037,0.886667,0.953167,1.25242,1.40204,1.10002,0.798,0.886667,1.197,1.28567,1.37433,1.35217,1.42975,1.49071,1.14435,0.798,0.842333,0.886667,1.1305,1.31892,1.56829,1.27181,1.27874,1.1492,1.41693,1.43997,1.51798,1.37966,1.55433,1.50866,1.508,1.52983,1.49642,1.45754,1.41867,1.24218,1.24218,1.24218,1.24218,1.24218,1.24218,1.24218,1.24218,1.24218,1.24218,1.24218,1.24218,1.24218,1.24218,1.24218,1.24218,1.24218,1.24218,1.24218,1.24218,1.24218,1.24218,1.24218,1.24218,1.24218,1.24218,1.24218,1.24218,1.24218,1.24218,1.24218,1.24218,1.24218,1.24218,0,0,0
1.41867,0.842333,0.886667,1.10833,1.17483,1.27458,1.23579,1.39373,1.25103,1.33485,1.24376,1.24255,1.41927,1.55197,1.57398,1.51849,1.18041,0.842333,0.908833,0.89775,0.886667,0.886667,1.24133,1.33,1.28567,1.30783,1.05292,0.798,0.798,1.10833,1.21917,1.14158,1.28012,1.2829,1.23995,1.28497,1.37399,1.30766,1.341,1.11383,0.886667,1.17483,1.00858,0.842333,1.08617,1.03075,1.13604,1.32169,1.41451,1.28359,1.21813,1.00806,0.798,0.975333,1.24133,1.064,0.886667,1.04183,1.20808,1.29121,1.28844,1.24272,1.48586,1.65176,1.46871,1.28852,1.30926,1.31963,1.14748,1.37174,1.35087,1.11877,0.886667,0.931,1.28567,1.04183,0.798,1.064,1.41867,1.15267,0.886667,1.1305,1.23025,1.32446,1.10556,0.886667,0.931,1.1305,1.31892,1.19146,1.30506,1.31753,1.19077,1.10522,1.04027,1.05214,1.19107,1.03887,0.886667,1.15267,1.15267,1.197,1.35217,1.29675,1.20254,1.1111,1.01967,1.167,1.167,1.167,1.167,1.167,1.167,1.167,1.167,1.167,1.167,1.167,1.167,1.167,1.167,1.167,1.167,1.167,1.167,1.167,1.167,1.167,1.167,1.167,1.167,1.167,1.167,10,5,5
1.33,1.41867,1.197,1.35217,1.42975,1.37987,1.4436,1.3868,1.31407,1.3442,1.11543,0.886667,1.01967,1.17483,1.11942,1.31337,1.18869,1.25934,1.25034,1.22367,1.21033,1.13717,1.18925,1.14879,1.19506,1.3512,1.09677,0.842333,0.9975,1.11942,0.958708,0.798,1.10833,1.17483,1.36325,1.14712,1.19423,1.30645,1.45122,1.14678,0.842333,1.064,1.04183,1.29675,1.09171,0.886667,1.17483,1.07508,1.06954,1.26627,1.3203,1.05915,0.798,0.842333,0.8645,0.886667,0.798,0.931,1.1305,1.14158,1.30229,1.18315,1.19007,1.30437,1.18418,0.991092,0.798,0.798,0.886667,1.15267,1.04183,1.20808,1.11387,1.26627,1.14297,1.28082,1.17241,1.3177,1.16869,1.29368,1.15667,1.332,1.1315,1.14208,1.16954,1.1611,1.15689,1.15478,1.19805,1.26403,1.16401,1.29134,1.11117,1.06542,1.15338,1.19735,1.10851,0.953255,0.798,1.01967,1.04183,1.14158,1.10279,1.1499,1.21778,1.16306,1.15786,1.15526,1.10963,1.13115,1.15267,1.14157,1.14157,1.14157,1.14157,1.14157,1.14157,1.14157,1.14157,1.14157,1.14157,1.14157,1.14157,1.14157,1.14157,1.14157,1.14157,1.14157,1.14157,1.14157,1.14157,1.14157,1.14157,12,3,3
1.33,1.37433,1.37433,1.08617,0.798,0.798,0.886667,0.798,0.798,0.798,0.798,0.798,0.798,1.1305,1.27458,1.08062,0.886667,0.798,0.798,1.15267,1.21917,1.36325,1.12496,0.886667,0.798,0.886667,1.17483,1.34108,1.42421,1.42144,1.35355,1.07578,0.798,0.842333,0.9975,1.09725,1.16929,1.44915,1.45607,1.12704,0.798,0.886667,1.197,1.35217,1.16375,1.24687,1.0446,0.842333,0.908833,1.07508,1.29121,1.33277,1.10972,0.886667,0.798,0.886667,1.15267,0.975333,0.798,1.10833,0.953167,0.798,0.798,0.798,1.35217,1.16375,1.20254,1.3106,1.0543,0.798,0.798,0.798,0.798,1.10833,1.17483,1.03075,0.886667,0.931,1.17483,1.16375,0.980875,0.798,0.798,1.01967,0.908833,0.798,0.842333,0.886667,0.9975,0.942083,0.886667,1.15267,1.197,1.04183,0.886667,1.15267,1.24133,1.37433,1.41867,1.463,1.44083,1.38542,1.40204,1.38819,1.31476,1.05638,0.798,0.798,1.10833,0.975333,0.842333,0.798,0.798,1.24133,1.04951,1.04951,1.04951,1.04951,1.04951,1.04951,1.04951,1.04951,1.04951,1.04951,1.04951,1.04951,1.04951,1.04951,1.04951,1.04951,1.04951,1.04951,1.04951,14,4,1
0.798,0.798,0.798,0.798,0.886667,1.10833,1.2635,1.11942,1.26904,1.29952,1.31476,1.30021,1.04911,0.798,0.798,0.798,0.842333,0.886667,0.953167,1.00858,0.991958,0.894979,0.798,1.064,1.24133,1.37433,1.44083,1.27458,1.08062,0.886667,1.15267,0.975333,0.798,0.886667,0.908833,0.986417,1.15821,1.02244,0.886667,0.886667,0.886667,0.798,0.842333,1.10833,1.21917,1.18592,1.23579,1.10556,1.06261,1.50664,1.44049,1.45174,1.12487,0.798,0.9975,0.919917,0.842333,1.10833,1.197,1.21917,1.36325,1.12496,0.886667,0.908833,1.07508,0.936542,0.798,1.10833,0.953167,0.798,0.886667,0.886667,0.798,1.08617,1.20808,1.31337,1.23302,1.01551,0.798,1.08617,1.16375,1.20254,1.22194,1.00997,0.798,1.064,1.1305,0.96425,0.798,0.842333,0.886667,1.15267,0.975333,0.798,0.798,0.798,0.975333,0.886667,0.798,0.798,0.886667,1.1305,1.00858,0.886667,1.1305,0.96425,0.798,1.064,1.10833,0.953167,0.798,0.798,0.798,0.798,0.798,0.798,0.798,1.00419,1.00419,1.00419,1.00419,1.00419,1.00419,1.00419,1.00419,1.00419,1.00419,1.00419,1.00419,1.00419,1.00419,1.00419,1.00419,12,7,6
0.798,1.17483,1.47408,1.35771,1.43252,1.38126,1.5108,1.53123,1.18678,0.842333,1.064,0.953167,0.842333,0.886667,1.30783,1.23025,1.30229,1.42698,1.20116,1.02174,0.842333,1.33,1.30783,1.20808,1.04737,0.886667,0.842333,0.798,1.01967,1.33,1.37433,1.44083,1.11942,0.798,0.886667,1.08617,1.16375,0.980875,0.798,1.064,1.064,1.064,0.975333,0.886667,1.10833,1.21917,1.00858,0.798,0.798,0.798,1.08617,1.07508,0.936542,0.798,1.064,0.931,0.798,0.886667,1.01967,1.04183,0.919917,0.798,1.01967,0.908833,0.798,0.9975,1.11942,1.13604,0.967021,0.798,0.886667,1.04183,0.942083,0.842333,1.3965,1.42975,1.11387,0.798,1.04183,0.942083,0.842333,0.842333,0.842333,0.842333,0.886667,0.798,0.842333,0.886667,0.9975,0.986417,1.15821,1.02244,0.886667,0.842333,0.798,0.798,0.798,0.8645,0.875583,0.886667,0.886667,0.886667,0.798,0.798,0.975333,1.17483,1.20808,1.18037,1.25519,1.24826,1.2448,1.0214,0.798,0.798,0.975333,1.15267,1.33,1.02507,1.02507,1.02507,1.02507,1.02507,1.02507,1.02507,1.02507,1.02507,1.02507,1.02507,1.02507,1.02507,1.02507,1.02507,1.02507,14,4,1
1.197,1.17483,1.25242,1.31337,1.25519,1.20393,1.3778,1.39823,1.14245,0.886667,1.04183,1.03075,1.22471,1.18869,0.993344,0.798,0.798,0.798,1.1305,1.09725,1.10279,1.1499,0.973948,0.798,1.01967,0.9975,1.09725,1.21362,1.18315,1.12357,1.31545,1.10106,0.886667,1.15267,1.10833,0.953167,0.798,1.01967,0.9975,1.23025,1.14712,1.12773,1.2732,1.12427,1.00547,0.886667,0.886667,0.886667,1.10833,0.975333,0.842333,1.24133,1.197,1.1305,1.25242,1.15821,0.978104,0.798,0.908833,1.05292,1.30229,1.13881,1.23441,1.26004,1.27285,1.16843,1.27138,1.05686,0.842333,1.08617,1.11942,1.22471,1.07785,1.15959,1.1118,1.2209,1.00945,0.798,1.1305,0.986417,0.842333,1.1305,1.23025,1.01412,0.798,0.886667,1.01967,1.17483,1.25242,1.06954,0.886667,0.842333,0.798,0.798,0.798,0.798,0.886667,1.15267,1.01967,0.886667,0.842333,0.798,0.798,0.798,1.064,1.1305,1.16375,1.22471,1.25519,1.02659,0.798,0.798,0.798,0.798,0.798,1.04656,1.04656,1.04656,1.04656,1.04656,1.04656,1.04656,1.04656,1.04656,1.04656,1.04656,1.04656,1.04656,1.04656,1.04656,1.04656,1.04656,1.04656,16,5,3
0.798,1.01967,0.908833,0.798,0.975333,1.10833,1.17483,1.25242,1.24687,1.02244,0.798,1.01967,1.1305,0.96425,0.798,0.975333,1.21917,1.05292,0.886667,1.1305,1.23025,1.16929,1.13881,1.03491,1.13812,1.32273,1.06036,0.798,0.798,0.798,1.064,1.197,1.30783,1.31892,1.39096,1.33831,1.11249,0.886667,0.842333,0.798,0.798,0.798,0.931,1.08617,0.986417,0.886667,1.08617,1.20808,1.20254,1.1111,1.26489,1.03144,0.798,0.975333,0.886667,0.798,0.842333,0.842333,0.820167,0.798,0.975333,1.15267,1.10833,1.21917,1.18592,1.30229,1.05015,0.798,0.798,0.931,0.8645,0.798,0.798,0.820167,0.842333,0.798,0.9975,1.45192,1.34662,1.62648,1.38957,1.22679,1.23406,1.19336,1.17301,1.20717,1.17992,1.34363,1.07081,0.798,1.01967,1.1305,1.18592,1.54612,1.4159,1.59461,1.44014,1.34074,1.6457,1.46568,1.19834,0.998171,0.798,0.975333,1.064,1.064,1.41867,1.2635,1.25242,1.15821,0.978104,0.798,1.24133,1.07832,1.07832,1.07832,1.07832,1.07832,1.07832,1.07832,1.07832,1.07832,1.07832,1.07832,1.07832,1.07832,1.07832,1.07832,1.07832,1.07832,1.07832,1.07832,1.07832,8,5,4
1.15267,1.17483,1.42975,1.29121,1.3106,1.3868,1.3584,1.38853,1.4036,1.41113,1.39273,1.45003,1.34568,1.38218,1.51125,1.30979,1.23123,1.48012,1.31639,1.36753,1.37093,1.3948,1.3624,1.4127,1.43785,1.36176,1.47888,1.29361,1.35614,1.43173,1.2922,1.42193,1.33163,1.13132,1.25283,1.38008,1.44371,1.34252,1.40276,1.36638,1.30386,1.40559,1.1018,0.798,0.886667,1.08617,1.29675,1.26904,1.38819,1.22609,1.21155,1.31511,1.32255,1.28194,1.39464,1.51749,1.33508,1.2882,1.39777,1.27522,1.39128,1.33847,1.31207,1.43187,1.29227,1.44413,1.2984,1.29203,1.35535,1.38701,1.40284,1.27775,1.19304,1.39452,1.31793,1.27963,1.43782,1.36174,1.3902,1.4931,1.36722,1.50378,1.32822,1.26261,1.38497,1.44615,1.32158,1.39229,1.31681,1.41207,1.3267,1.30618,1.27376,1.34621,1.07211,0.798,0.975333,1.15267,1.32184,1.32184,1.32184,1.32184,1.32184,1.32184,1.32184,1.32184,1.32184,1.32184,1.32184,1.32184,1.32184,1.32184,1.32184,1.32184,1.32184,1.32184,1.32184,1.32184,1.32184,1.32184,1.32184,1.32184,1.32184,1.32184,1.32184,1.32184,1.32184,1.32184,1.32184,1.32184,1.32184,1.32184,1.32184,16,7,7
1.15267,1.10833,1.08617,1.29675,1.15821,1.02244,0.886667,1.21917,1.16375,1.31337,1.23302,1.19284,1.37226,1.21813,1.16323,1.26878,1.41022,1.23711,1.19489,1.35111,1.27406,1.39069,1.27168,1.23434,1.3265,1.23959,1.28479,1.32956,1.19678,1.39639,1.2302,1.3466,1.2053,1.31198,1.23232,1.259,1.33883,1.24575,1.15487,1.28677,1.17539,1.18619,1.28026,1.23863,1.21782,1.22957,1.23545,1.19406,1.32853,1.3736,1.4183,1.39632,1.34099,1.22466,1.14433,1.348,1.4055,1.30125,1.35996,1.34498,1.33749,1.42241,1.30971,1.27552,1.21409,1.38288,1.31211,1.23239,1.30336,1.22801,1.23467,1.26017,1.33942,1.24604,1.19935,1.08734,1.07567,1.13634,1.25533,1.22617,1.32242,1.34838,1.25052,1.33459,1.24363,1.35332,1.43032,1.2915,1.31075,1.40904,1.39169,1.42734,1.29001,1.3765,1.46408,1.24188,1.0421,0.842333,0.798,1.064,0.975333,0.886667,1.1305,1.37433,1.25026,1.25026,1.25026,1.25026,1.25026,1.25026,1.25026,1.25026,1.25026,1.25026,1.25026,1.25026,1.25026,1.25026,1.25026,1.25026,1.25026,1.25026,1.25026,1.25026,1.25026,1.25026,1.25026,1.25026,1.25026,1.25026,1.25026,1.25026,1.25026,14,3,5
1.41867,1.10833,0.798,1.10833,1.08617,1.09725,1.14712,1.10556,1.12911,1.16306,1.2022,1.2661,1.25372,1.29186,1.24443,1.02121,0.798,1.1305,1.23025,1.28012,1.2164,1.2732,1.1686,1.00547,0.842333,0.908833,0.986417,1.09171,1.16652,1.15959,1.2448,1.17657,1.25328,1.38031,1.31082,1.09874,0.886667,1.064,1.15267,1.197,1.24133,1.197,1.2635,1.25242,1.22471,1.23302,1.28151,1.21709,1.31788,1.30177,1.22722,1.27861,1.25997,1.27282,1.30141,1.16054,1.0236,0.886667,1.04183,1.11942,1.18037,1.23302,1.19284,1.26142,1.16271,1.24636,1.26601,1.20934,1.181,1.21117,1.00458,0.798,0.820167,0.842333,0.798,0.931,1.24133,1.24133,1.24133,1.24133,1.3965,1.23025,1.28012,1.3494,1.31753,1.3681,1.17172,0.984858,0.798,0.886667,1.01967,1.08617,1.20808,1.20254,1.22194,1.3203,1.32515,1.15024,1.17362,1.20748,1.22441,1.2107,1.27035,1.16718,1.15992,1.04546,1.1434,0.970698,0.798,0.886667,1.1495,1.1495,1.1495,1.1495,1.1495,1.1495,1.1495,1.1495,1.1495,1.1495,1.1495,1.1495,1.1495,1.1495,1.1495,1.1495,1.1495,1.1495,1.1495,1.1495,1.1495,1.1495,1.1495,14,2,0
0.798,0.842333,0.886667,0.842333,0.953167,1.09725,1.01412,1.03906,1.1402,1.27943,1.17172,1.11786,1.13526,1.09963,1.21482,1.18374,1.12387,1.09394,1.16763,1.16015,1.02341,0.886667,0.975333,1.10833,1.17483,0.986417,0.798,0.798,1.15267,1.197,1.35217,1.42975,1.60154,1.5101,1.33139,1.19769,1.13085,1.11959,1.22479,1.12223,1.31478,1.21156,1.13778,1.16739,1.11569,0.956847,0.798,1.17483,1.20808,1.04737,0.886667,1.08617,1.05292,1.03629,1.27181,1.43391,1.29329,1.17864,0.988322,0.798,0.842333,0.886667,1.01967,1.04183,1.09725,1.28012,1.39373,1.18453,1.1686,1.1163,1.13448,1.23224,1.14812,0.97306,0.798,1.17483,1.20808,1.35771,1.25519,1.09309,1.03421,1.09344,0.990053,0.886667,1.15267,1.30783,1.14158,1.30229,1.22748,1.30091,1.09379,0.886667,0.886667,0.886667,0.798,1.01967,0.908833,0.798,0.908833,0.96425,1.08062,1.13881,1.05707,1.17137,1.20635,1.09084,1.09959,1.25913,1.49406,1.45637,1.57052,1.36159,1.0798,0.798,1.10964,1.10964,1.10964,1.10964,1.10964,1.10964,1.10964,1.10964,1.10964,1.10964,1.10964,1.10964,1.10964,1.10964,1.10964,1.10964,1.10964,1.10964,1.10964,12,6,6
1.33,1.463,1.30783,1.18592,1.14712,1.26073,1.2067,1.09102,1.54301,1.4365,1.16159,0.886667,1.064,1.37433,1.44083,1.16375,0.886667,1.01967,1.2635,1.34108,1.37987,1.39927,1.67497,1.43598,1.33866,1.24566,1.19916,1.26458,1.16429,0.981146,0.798,0.886667,0.798,0.798,0.886667,1.01967,0.953167,0.886667,1.10833,1.08617,1.00858,1.10279,1.12773,1.2067,1.00235,0.798,0.8645,0.96425,1.08062,1.22748,1.01274,0.798,1.15267,0.975333,0.798,0.842333,0.886667,0.798,1.197,1.15267,1.35217,1.34108,1.40204,1.25519,1.09309,1.25588,1.24861,1.1563,0.977152,0.798,0.798,0.931,1.08617,1.11942,1.13604,0.967021,0.798,0.886667,0.842333,0.798,0.886667,0.886667,0.886667,1.04183,1.23025,1.14712,1.06123,1.28428,1.21847,1.05257,0.886667,0.886667,1.10833,1.2635,1.47408,1.44637,1.12219,0.798,0.798,0.798,1.064,1.28567,1.28567,1.21917,1.27458,1.34662,1.24965,1.33416,1.30991,1.18696,1.05898,0.931,1.10662,1.10662,1.10662,1.10662,1.10662,1.10662,1.10662,1.10662,1.10662,1.10662,1.10662,1.10662,1.10662,1.10662,1.10662,1.10662,1.10662,1.10662,1.10662,1.10662,1.10662,20,5,3
1.55167,1.596,1.37433,1.17483,1.11942,1.31337,1.16652,1.04876,1.07855,1.04911,1.07872,1.24869,1.44451,1.32076,1.14805,1.03952,1.14043,1.01355,0.886667,1.064,0.931,0.798,1.04183,1.05292,0.925458,0.798,1.197,1.41867,1.35217,1.27458,1.10279,1.06123,1.15128,1.15197,1.15232,1.13033,0.964163,0.798,0.886667,1.064,0.931,0.798,0.975333,0.886667,0.798,0.975333,1.10833,0.953167,0.798,1.15267,0.9975,0.842333,0.8645,0.886667,0.931,0.8645,0.798,0.798,1.17483,1.20808,1.22471,1.01135,0.798,0.798,1.17483,1.20808,1.00304,0.798,1.10833,1.17483,1.20808,1.24687,1.2441,1.19839,1.21986,1.2306,1.1473,1.26082,1.25107,1.20187,1.2216,1.1428,1.19207,1.32753,1.06277,0.798,1.10833,0.953167,0.798,1.15267,1.15267,0.9975,0.842333,1.17483,1.29675,1.46854,1.39927,1.09864,0.798,1.197,1.3965,1.31892,1.21362,1.40481,1.32307,1.37087,1.5721,1.20722,0.842333,1.10833,1.21917,1.33,1.1058,1.1058,1.1058,1.1058,1.1058,1.1058,1.1058,1.1058,1.1058,1.1058,1.1058,1.1058,1.1058,1.1058,1.1058,1.1058,1.1058,1.1058,1.1058,1.1058,1.1058,18,7,3
0.798,0.798,1.04183,0.96425,0.886667,1.064,0.931,0.798,0.798,1.04183,0.919917,0.798,0.975333,1.15267,1.197,1.21917,1.23025,1.28012,1.2829,1.26211,1.20739,1.2687,1.25501,1.29251,1.26692,1.23196,1.23665,1.26116,1.27341,1.12437,0.961186,0.798,1.21917,1.16375,0.980875,0.798,0.842333,0.9975,1.05292,1.12496,1.20531,1.00166,0.798,0.886667,1.064,1.197,1.41867,1.15267,0.886667,1.04183,0.942083,0.842333,0.798,0.975333,1.15267,1.24133,1.2635,1.20808,1.00304,0.798,0.842333,0.886667,0.798,0.798,0.798,0.9975,1.07508,1.20254,1.22194,1.00997,0.798,0.798,0.842333,0.886667,1.10833,1.17483,1.16375,1.20254,1.1776,1.3868,1.2254,1.25553,1.2041,1.40005,1.23203,1.23668,1.17251,1.16259,1.20196,1.19948,1.24257,1.17545,1.20839,1.24703,1.24418,1.04326,0.842333,0.908833,1.20808,1.18037,1.34385,1.07093,0.798,1.064,1.15267,1.197,1.21917,1.23025,1.43529,1.24965,1.20116,1.08824,0.965289,0.842333,1.08149,1.08149,1.08149,1.08149,1.08149,1.08149,1.08149,1.08149,1.08149,1.08149,1.08149,1.08149,1.08149,1.08149,1.08149,1.08149,1.08149,1.08149,1.08149,20,6,7
1.33,1.24133,1.37433,1.21917,1.31892,1.25796,1.24965,1.33416,1.30991,1.31996,1.41364,1.28316,1.30658,1.29612,1.51256,1.37695,1.59731,1.44149,1.45224,1.39112,1.36056,1.36745,1.43739,1.36153,1.34576,1.51522,1.46694,1.5758,1.5194,1.46903,1.44385,1.32043,1.36955,1.26111,1.29555,1.29061,1.3103,1.40882,1.41374,1.52704,1.42852,1.35709,1.32138,1.32569,1.06184,0.798,0.931,1.28567,1.30783,1.05292,0.798,0.798,1.30783,1.31892,1.05846,0.798,0.798,1.15267,1.197,1.2635,1.27458,1.34662,1.33831,1.06816,0.798,0.886667,0.842333,0.798,0.798,1.15267,1.30783,1.05292,0.798,0.975333,1.197,1.21917,1.51842,1.35771,1.34385,1.51426,1.46646,1.33173,1.46387,1.39693,1.31913,1.3689,1.39378,1.29539,1.35703,1.36568,1.43651,1.47192,1.48963,1.56498,1.53616,1.47741,1.35937,1.27819,1.34843,1.41867,1.28175,1.28175,1.28175,1.28175,1.28175,1.28175,1.28175,1.28175,1.28175,1.28175,1.28175,1.28175,1.28175,1.28175,1.28175,1.28175,1.28175,1.28175,1.28175,1.28175,1.28175,1.28175,1.28175,1.28175,1.28175,1.28175,1.28175,1.28175,1.28175,1.28175,1.28175,1.28175,1.28175,2,1,3
0.798,1.15267,1.15267,1.15267,1.21917,1.09725,1.39096,1.33831,1.15682,0.977411,0.798,1.1305,1.09725,0.947625,0.798,1.10833,1.17483,1.11942,0.980875,0.842333,0.798,0.798,0.886667,0.886667,0.953167,1.00858,1.19146,1.3494,1.29536,1.37918,1.35459,1.29796,1.07015,0.842333,1.1305,1.09725,1.01412,1.17206,1.25103,1.04668,0.842333,1.08617,1.20808,1.11387,1.00027,0.886667,1.064,1.17483,0.986417,0.798,0.886667,0.975333,1.197,1.10833,1.30783,1.09725,0.886667,1.064,1.15267,1.10833,0.953167,0.798,1.04183,1.56275,1.42421,1.35494,1.29814,1.26973,1.18903,1.25952,1.27259,1.1683,1.11615,1.22307,1.34304,1.29219,1.35543,1.40921,1.10361,0.798,1.15267,1.21917,1.23025,1.14712,1.30506,1.5392,1.39027,1.3823,1.09015,0.798,0.953167,1.00858,0.903292,0.798,0.798,0.886667,1.08617,1.07508,1.26904,1.34385,1.15959,1.02313,0.886667,1.15267,0.975333,0.798,0.886667,1.197,1.33,1.28567,1.24133,1.10582,1.10582,1.10582,1.10582,1.10582,1.10582,1.10582,1.10582,1.10582,1.10582,1.10582,1.10582,1.10582,1.10582,1.10582,1.10582,1.10582,1.10582,1.10582,1.10582,1.10582,1.10582,14,7,8
1.41867,0.798,1.10833,1.064,0.975333,0.886667,1.01967,0.9975,1.16375,1.15821,1.1111,1.19839,1.04253,0.886667,1.15267,0.975333,0.798,1.15267,1.10833,0.975333,0.842333,0.9975,0.986417,1.18037,1.10002,1.12634,1.22817,1.07959,1.09396,1.12331,1.04932,1.07883,1.29308,1.15637,1.02152,0.886667,0.886667,0.886667,1.17483,1.45192,1.45746,1.2164,1.0072,0.798,0.886667,0.931,1.21917,1.25242,1.33554,1.1111,0.886667,1.15267,1.064,0.975333,0.886667,0.953167,0.96425,1.14712,0.972562,0.798,1.01967,0.9975,1.07508,1.20254,1.5101,1.37572,1.08686,0.798,1.10833,0.9975,0.886667,1.10833,0.9975,0.886667,1.10833,1.04183,1.05292,1.19146,1.43806,1.49486,1.14643,0.798,1.04183,1.11942,1.09171,1.21085,1.20393,1.1118,1.2209,1.14245,1.05889,1.17228,1.20681,1.11324,1.24378,1.02089,0.798,0.9975,1.00858,0.903292,0.798,0.798,0.798,1.08617,0.942083,0.798,1.04183,1.07508,1.04737,1.18869,0.993344,0.798,1.064,1.33,1.06489,1.06489,1.06489,1.06489,1.06489,1.06489,1.06489,1.06489,1.06489,1.06489,1.06489,1.06489,1.06489,1.06489,1.06489,1.06489,1.06489,1.06489,1.06489,12,3,7
0.798,0.975333,1.24133,1.01967,0.798,1.10833,1.197,1.24133,1.01967,0.798,1.10833,0.9975,0.886667,1.1305,1.42975,1.35771,1.52119,1.40343,1.34455,1.07127,0.798,0.798,1.08617,1.05292,1.08062,1.22748,1.01274,0.798,1.21917,1.40758,1.52396,1.62648,1.63341,1.2157,0.798,1.17483,0.986417,0.798,1.10833,1.44083,1.40758,1.10279,0.798,1.064,1.01967,1.04183,1.20808,1.04737,0.886667,1.10833,1.04183,0.919917,0.798,1.2635,1.25242,1.31337,1.32169,1.19284,1.15059,1.32896,1.10781,0.886667,0.908833,0.942083,1.09171,1.27735,1.03768,0.798,1.01967,1.10833,0.9975,0.886667,0.798,0.798,0.798,0.798,1.17483,1.34108,1.44637,1.47685,1.18176,0.886667,0.842333,1.01967,0.953167,0.886667,1.15267,1.55167,1.44083,1.36325,1.25796,1.20531,1.26766,1.23233,1.17033,1.27233,1.19033,0.994166,0.798,0.842333,0.886667,0.975333,0.953167,1.09725,1.21362,1.31615,1.14574,1.12704,0.962518,0.798,1.10164,1.10164,1.10164,1.10164,1.10164,1.10164,1.10164,1.10164,1.10164,1.10164,1.10164,1.10164,1.10164,1.10164,1.10164,1.10164,1.10164,1.10164,1.10164,1.10164,1.10164,1.10164,1.10164,26,7,12
0.798,1.17483,1.16375,1.20254,1.22194,1.29814,1.04807,0.798,1.04183,1.11942,1.18037,1.21085,1.22609,1.25588,1.29294,1.04547,0.798,0.8645,1.14158,1.28012,1.39373,1.42836,1.15752,0.886667,0.798,0.798,0.798,0.842333,0.886667,1.197,1.55167,1.3965,1.14158,0.886667,0.798,0.842333,0.886667,1.064,1.30783,1.31892,1.59046,1.3494,1.49486,1.39027,1.33797,1.42265,1.39849,1.34208,1.40254,1.25544,1.02672,0.798,0.842333,0.886667,1.17483,1.23025,1.28012,1.2829,1.35078,1.29606,1.44603,1.54318,1.25926,1.29463,1.22365,1.29899,1.13716,1.18925,1.21529,1.11748,1.00207,0.886667,0.798,1.10833,1.24133,1.24133,1.33,1.35217,1.34108,1.06954,0.798,0.798,0.886667,1.10833,1.24133,1.30783,1.34108,1.37987,1.3106,1.09864,0.886667,1.24133,1.37433,1.10833,0.842333,0.9975,1.16375,1.31337,1.05569,0.798,1.04183,1.38542,1.44637,1.18869,1.34801,1.71584,1.30125,0.886667,1.15886,1.15886,1.15886,1.15886,1.15886,1.15886,1.15886,1.15886,1.15886,1.15886,1.15886,1.15886,1.15886,1.15886,1.15886,1.15886,1.15886,1.15886,1.15886,1.15886,1.15886,1.15886,1.15886,1.15886,1.15886,14,4,0
1.197,1.33,1.28567,1.37433,1.30783,1.36325,1.30229,1.38265,1.33416,1.59808,1.39754,1.36377,1.12522,0.886667,1.48517,1.29675,1.40204,1.36602,1.37018,1.46092,1.46196,1.46248,1.48491,1.49612,1.59039,1.30503,1.45052,1.27942,1.37121,1.35061,1.49547,1.4349,1.49328,1.45598,1.41515,1.39474,1.42887,1.3351,1.42122,1.37561,1.6188,1.4079,1.39112,1.40489,1.45611,1.34872,1.47236,1.37901,1.66484,1.40875,1.41371,1.46052,1.46176,1.32938,1.35186,1.2966,1.40196,1.34382,1.13741,1.1007,1.06019,1.30593,1.31796,1.36831,1.28266,1.41716,1.32925,1.44046,1.42956,1.71228,1.41031,1.56965,1.38333,1.667,1.3655,1.70242,1.42754,1.71127,1.4763,1.66915,1.45524,1.48129,1.49431,1.56732,1.44866,1.72183,1.39292,1.69396,1.40115,1.60941,1.38104,1.37768,1.37433,1.41321,1.41321,1.41321,1.41321,1.41321,1.41321,1.41321,1.41321,1.41321,1.41321,1.41321,1.41321,1.41321,1.41321,1.41321,1.41321,1.41321,1.41321,1.41321,1.41321,1.41321,1.41321,1.41321,1.41321,1.41321,1.41321,1.41321,1.41321,1.41321,1.41321,1.41321,1.41321,1.41321,1.41321,1.41321,1.41321,1.41321,1.41321,1.41321,1.41321,10,5,2
1.33,1.24133,1.01967,0.798,0.953167,1.18592,1.21362,1.20531,1.22332,1.27666,1.28116,1.48292,1.29562,1.51231,1.35466,1.43099,1.33616,1.46608,1.30937,1.56352,1.33593,1.66546,1.36473,1.56903,1.36085,1.36759,1.32663,1.37265,1.35132,1.385,1.37966,1.62083,1.36458,1.45812,1.34973,1.36203,1.30168,1.31584,1.30075,1.38188,1.33377,1.55355,1.33094,1.48564,1.34132,1.37999,1.2885,1.42008,1.35287,1.45227,1.36897,1.48248,1.36191,1.34595,1.29364,1.28966,1.22116,1.27558,1.23629,1.39398,1.31766,1.36816,1.26041,1.31737,1.25719,1.44876,1.32288,1.63677,1.32822,1.43994,1.29631,1.35749,1.27724,1.34795,1.29464,1.42316,1.28791,1.33112,1.26406,1.2527,1.20268,1.22201,1.18734,1.32517,1.21675,1.38421,1.3571,1.43222,1.33678,1.31122,1.25411,1.29206,1.24453,1.3316,1.28647,1.41907,1.3302,1.24133,1.33497,1.33497,1.33497,1.33497,1.33497,1.33497,1.33497,1.33497,1.33497,1.33497,1.33497,1.33497,1.33497,1.33497,1.33497,1.33497,1.33497,1.33497,1.33497,1.33497,1.33497,1.33497,1.33497,1.33497,1.33497,1.33497,1.33497,1.33497,1.33497,1.33497,1.33497,1.33497,1.33497,1.33497,1.33497,0,0,3
1.33,1.28567,1.24133,1.21917,1.18592,1.19146,1.17206,1.2067,1.17968,1.23267,1.19267,1.19484,1.15158,1.19646,1.1524,1.21903,1.18585,1.16926,1.16096,1.15681,1.17691,1.18695,1.16981,1.20557,1.17912,1.16589,1.13711,1.14489,1.17094,1.20614,1.1794,1.2547,1.22585,1.25576,1.24855,1.22277,1.20989,1.18128,1.25564,1.27065,1.27816,1.25975,1.27271,1.21269,1.24918,1.24525,1.24329,1.26448,1.25291,1.22495,1.21098,1.22616,1.16724,1.24862,1.20064,1.26532,1.20899,1.22516,1.16675,1.15971,1.17835,1.18768,1.17017,1.22792,1.25679,1.24906,1.2452,1.2211,1.23122,1.21411,1.22772,1.25669,1.24901,1.24517,1.26542,1.20904,1.20302,1.20001,1.22067,1.20884,1.22508,1.21104,1.22619,1.23376,1.21538,1.18402,1.19051,1.19376,1.21754,1.25161,1.24647,1.2439,1.26478,1.25306,1.26936,1.25535,1.22617,1.21159,1.24863,1.22281,1.20991,1.20345,1.17806,1.1432,1.12577,1.16138,1.13486,1.21026,1.28567,1.21437,1.21437,1.21437,1.21437,1.21437,1.21437,1.21437,1.21437,1.21437,1.21437,1.21437,1.21437,1.21437,1.21437,1.21437,1.21437,1.21437,1.21437,1.21437,1.21437,1.21437,1.21437,1.21437,1.21437,0,1,0
1.10833,1.1305,1.14158,1.08062,1.16098,1.04599,1.09933,1.03733,1.095,1.03517,1.09392,1.05679,1.1269,1.05111,1.12406,1.07186,1.17876,1.05488,1.17027,1.05064,1.14599,1.01633,0.886667,0.953167,1.07508,1.02521,1.13327,1.07647,1.13673,1.05603,1.10435,1.06201,1.10734,1.04134,1.097,1.03617,1.09442,1.01271,1.14919,1.04009,1.18505,1.08019,1.2051,1.11238,1.15469,1.10935,1.15317,1.06425,1.06413,1.06406,1.06403,1.01968,1.01967,0.997504,1.03075,0.958709,0.886667,0.908833,1.00858,0.991958,1.18315,1.03491,0.886667,0.931,1.064,1.01967,1.064,1.04183,1.07508,1.04737,1.18869,1.05984,1.26142,1.14054,1.23527,1.14964,1.26198,1.11866,1.15783,1.08875,1.14287,1.0591,1.15022,1.06278,1.12989,1.07478,1.15806,1.08886,1.14293,1.10347,1.12807,1.07387,1.0911,1.05538,1.12619,1.05076,1.12388,1.09394,1.10114,1.10474,1.1287,1.05202,1.10234,1.03884,1.09575,1.01338,1.10519,1.01809,1.10755,1.04144,1.11922,1.09161,1.18864,1.08199,1.16166,1.11283,1.15491,1.06512,1.1754,1.28567,1.08712,1.08712,1.08712,1.08712,1.08712,1.08712,1.08712,1.08712,1.08712,1.08712,1.08712,1.08712,1.08712,2,0,1
1.995,1.6625,1.27458,0.886667,1.15267,1.08617,1.09725,0.947625,0.798,0.931,1.10833,1.01967,1.064,1.197,1.15267,1.1305,1.25242,1.24687,1.19977,1.26489,1.23094,1.1918,1.57124,1.33978,1.29056,1.11078,1.10956,1.21978,1.18622,1.16944,1.27189,1.05711,0.842333,1.04183,0.96425,0.886667,1.17483,0.986417,0.798,1.08617,1.03075,1.06954,1.62094,1.34247,1.26973,1.03387,0.798,1.01967,0.9975,1.03075,1.18037,1.07785,1.11526,1.46646,1.2874,1.28653,1.04227,0.798,1.48517,1.27458,1.63479,1.30506,1.58353,1.3016,1.60397,1.31182,1.67557,1.36979,1.59373,1.3067,1.65085,1.31309,1.36588,1.10411,0.842333,1.41867,1.24133,1.5295,1.27458,1.63479,1.3494,1.69436,1.40135,1.63167,1.28134,1.59384,1.28458,1.68413,1.37406,1.41853,1.39643,1.65138,1.35769,1.63201,1.37017,1.48309,1.31788,1.6121,1.33805,1.71086,2.08367,1.27676,1.27676,1.27676,1.27676,1.27676,1.27676,1.27676,1.27676,1.27676,1.27676,1.27676,1.27676,1.27676,1.27676,1.27676,1.27676,1.27676,1.27676,1.27676,1.27676,1.27676,1.27676,1.27676,1.27676,1.27676,1.27676,1.27676,1.27676,1.27676,1.27676,1.27676,1.27676,4,5,5
1.197,0.842333,1.463,1.2635,1.29675,1.44637,1.41035,1.50318,1.39442,1.11838,0.842333,1.08617,0.986417,0.886667,1.50733,1.28567,1.28567,1.04183,0.798,1.064,0.931,0.798,1.01967,0.953167,0.886667,1.1305,0.96425,0.798,1.08617,1.31892,1.36879,1.39373,1.69436,1.33485,1.33242,1.06521,0.798,1.3965,1.23025,1.56829,1.29398,1.62232,1.34316,1.71341,1.36654,1.34827,1.0953,0.842333,1.10833,1.33,1.37433,1.48517,1.40758,1.10279,0.798,1.064,0.975333,0.886667,1.10833,1.3965,1.36325,1.45746,1.39373,1.4727,1.42352,1.48759,1.7413,1.38048,1.39957,1.49779,1.41389,1.43845,1.69456,1.37928,1.33247,1.06524,0.798,1.04183,0.986417,1.04737,1.21085,1.40343,1.34455,1.42594,1.6883,1.39832,1.74099,1.42466,1.35516,1.12092,0.886667,1.10833,1.33,1.30783,1.42975,1.37987,1.46577,1.73039,1.37503,1.01967,1.25412,1.25412,1.25412,1.25412,1.25412,1.25412,1.25412,1.25412,1.25412,1.25412,1.25412,1.25412,1.25412,1.25412,1.25412,1.25412,1.25412,1.25412,1.25412,1.25412,1.25412,1.25412,1.25412,1.25412,1.25412,1.25412,1.25412,1.25412,1.25412,1.25412,1.25412,1.25412,1.25412,4,1,3
1.37433,1.44083,1.31892,1.41312,1.37156,1.37295,1.30714,1.31857,1.25779,1.33823,1.24545,1.35422,1.31994,1.41364,1.39399,1.40633,1.43466,1.42666,1.334,1.35417,1.27558,1.30279,1.2499,1.33428,1.28781,1.46407,1.33054,1.41893,1.33013,1.3744,1.30787,1.42977,1.31338,1.41036,1.34801,1.58284,1.27909,1.34888,1.2951,1.37905,1.24369,1.35335,1.27517,1.43559,1.31629,1.43398,1.31549,1.32274,1.28204,1.30602,1.22934,1.34617,1.22725,1.32296,1.28215,1.43907,1.29587,1.35727,1.27713,1.3479,1.25028,1.35664,1.27682,1.39208,1.36104,1.34552,1.24909,1.28955,1.19894,1.3088,1.23073,1.34687,1.24977,1.35638,1.34319,1.3366,1.31113,1.34273,1.22553,1.27777,1.23738,1.35019,1.31793,1.3683,1.32698,1.41716,1.46225,1.41829,1.37414,1.35207,1.25237,1.29118,1.22193,1.27596,1.19215,1.32757,1.26229,1.34048,1.41867,1.33258,1.33258,1.33258,1.33258,1.33258,1.33258,1.33258,1.33258,1.33258,1.33258,1.33258,1.33258,1.33258,1.33258,1.33258,1.33258,1.33258,1.33258,1.33258,1.33258,1.33258,1.33258,1.33258,1.33258,1.33258,1.33258,1.33258,1.33258,1.33258,1.33258,1.33258,1.33258,1.33258,1.33258,2,0,0
0.975333,0.953167,1.00858,1.61262,1.36048,1.52257,1.33762,1.35598,1.07699,0.798,1.04183,0.919917,0.798,1.28567,1.197,1.55167,1.2635,1.27458,1.10279,1.10556,1.66111,1.36256,1.36845,1.08322,0.798,1.33,1.17483,1.18592,1.05846,1.0834,1.6057,1.33485,1.57626,1.29796,1.57998,1.29982,1.29275,1.08971,0.886667,1.50733,1.2635,1.69575,1.35771,1.69852,1.38126,1.62163,1.36498,1.41399,1.32766,1.32883,1.30725,1.29646,1.29106,1.51003,1.28702,1.59667,1.286,1.41884,1.26358,1.62929,1.32448,1.70407,1.36187,1.67843,1.37122,1.41711,1.35139,1.27419,1.1026,1.0833,1.25098,1.02449,0.798,1.08617,1.00858,1.03629,1.20531,1.04599,0.886667,1.3965,1.18592,1.21362,1.07231,1.06816,1.17691,0.987456,0.798,1.064,0.931,0.798,1.08617,0.942083,0.798,0.9975,0.986417,1.06954,1.13327,1.0543,1.05915,1.15024,1.01845,0.886667,1.04183,1.197,1.21714,1.21714,1.21714,1.21714,1.21714,1.21714,1.21714,1.21714,1.21714,1.21714,1.21714,1.21714,1.21714,1.21714,1.21714,1.21714,1.21714,1.21714,1.21714,1.21714,1.21714,1.21714,1.21714,1.21714,1.21714,1.21714,1.21714,1.21714,1.21714,0,0,0
0.842333,0.975333,1.35217,1.36325,1.36879,1.10556,0.842333,1.15267,0.975333,0.798,1.21917,1.40758,1.39096,1.58215,1.92157,1.49279,1.83256,1.51478,1.46672,1.64219,1.50826,1.19747,0.886667,1.1305,1.05292,1.08062,1.22748,1.14574,1.10487,1.2396,1.0188,0.798,1.10833,1.3965,1.40758,1.10279,0.798,1.08617,0.986417,0.886667,1.1305,1.05292,1.05846,1.3494,1.4062,1.47893,1.47097,1.46698,1.39849,1.47508,1.42471,1.62119,1.45343,1.43605,1.42736,1.51168,1.44301,1.34217,1.07008,0.798,1.41867,1.30783,1.49625,1.45746,1.43806,1.58353,1.47893,1.13847,0.798,1.064,1.01967,1.064,1.197,1.50733,1.44083,1.62925,1.50179,1.6819,1.59461,1.61747,1.4294,1.49054,1.49893,1.48097,1.60498,1.46749,1.44308,1.40871,1.48019,1.44943,1.65571,1.49286,1.52226,1.55913,1.8214,1.33187,0.842333,1.31587,1.31587,1.31587,1.31587,1.31587,1.31587,1.31587,1.31587,1.31587,1.31587,1.31587,1.31587,1.31587,1.31587,1.31587,1.31587,1.31587,1.31587,1.31587,1.31587,1.31587,1.31587,1.31587,1.31587,1.31587,1.31587,1.31587,1.31587,1.31587,1.31587,1.31587,1.31587,1.31587,1.31587,1.31587,1.31587,2,0,0
1.24133,1.6625,1.38542,1.51287,1.33277,1.42005,1.28636,1.57418,1.31909,1.43538,1.49352,1.30093,1.47063,1.48898,1.27649,1.30325,1.05062,0.798,1.04183,1.00858,1.05846,1.2164,1.09586,1.1021,1.26038,1.05136,0.842333,1.3965,1.25242,1.15821,1.08894,1.07647,1.1589,1.06712,1.08773,1.5857,1.39135,1.62667,1.34534,1.5815,1.34492,1.69213,1.37806,1.5092,1.3531,1.43022,1.26927,1.34397,1.22615,1.34458,1.22645,1.32256,1.28195,1.63847,1.32907,1.37387,1.32977,1.24122,1.32994,1.3078,1.2524,1.18037,1.23302,1.30368,1.2725,1.14609,1.10504,1.46135,1.26268,1.25201,1.06934,0.886667,1.28567,1.30783,1.31892,1.32446,1.2829,1.26211,1.29606,1.24653,1.3991,1.32022,1.74627,1.4273,1.66682,1.38758,1.55829,1.31114,1.65307,1.3807,1.35535,1.12101,0.886667,1.463,1.24133,1.21917,1.42975,1.62371,1.43252,1.24133,1.30733,1.30733,1.30733,1.30733,1.30733,1.30733,1.30733,1.30733,1.30733,1.30733,1.30733,1.30733,1.30733,1.30733,1.30733,1.30733,1.30733,1.30733,1.30733,1.30733,1.30733,1.30733,1.30733,1.30733,1.30733,1.30733,1.30733,1.30733,1.30733,1.30733,1.30733,1.30733,1.30733,4,0,0
1.10833,1.15267,1.21917,1.23025,1.19146,1.23856,1.30645,1.25172,1.2687,1.41018,1.30359,1.29463,1.42315,1.31007,1.32004,1.28069,1.23884,1.26225,1.36263,1.27981,1.32707,1.46154,1.28494,1.30747,1.42957,1.33545,1.33273,1.26486,1.16443,1.24722,1.28861,1.22064,1.27532,1.39133,1.31633,1.301,1.35983,1.30058,1.31529,1.30048,1.24874,1.2672,1.14343,1.10372,1.19469,1.21801,1.16317,1.24659,1.26613,1.2094,1.22536,1.27768,1.25951,1.25042,1.20154,1.11061,1.19814,1.3084,1.23053,1.30243,1.38272,1.28986,1.30993,1.34213,1.29173,1.2887,1.22068,1.14234,1.214,1.2055,1.17908,1.25454,1.24794,1.22247,1.27623,1.32528,1.26114,1.2734,1.12437,1.13852,1.18993,1.21563,1.18415,1.25707,1.33787,1.26744,1.29872,1.38086,1.26676,1.29838,1.35852,1.2556,1.2928,1.15623,1.11012,1.22006,1.20853,1.1806,1.2553,1.24832,1.22266,1.2985,1.11475,1.11154,1.10833,1.2565,1.2565,1.2565,1.2565,1.2565,1.2565,1.2565,1.2565,1.2565,1.2565,1.2565,1.2565,1.2565,1.2565,1.2565,1.2565,1.2565,1.2565,1.2565,1.2565,1.2565,1.2565,1.2565,1.2565,1.2565,1.2565,1.2565,1.2565,6,5,9
1.197,1.197,1.30783,1.27458,1.34662,1.22748,1.30091,1.20462,1.33381,1.22107,1.34204,1.33602,1.35518,1.38692,1.40279,1.41073,1.4147,1.30585,1.36226,1.27963,1.34915,1.31741,1.34587,1.33794,1.40047,1.3209,1.39195,1.29448,1.2679,1.29895,1.29231,1.28899,1.28733,1.33083,1.37475,1.33021,1.37444,1.39655,1.31894,1.3688,1.37157,1.39512,1.42906,1.42386,1.37693,1.44213,1.38607,1.49103,1.41052,1.37026,1.32796,1.32898,1.30732,1.38516,1.40191,1.36596,1.37015,1.30574,1.3622,1.2796,1.3048,1.27307,1.3237,1.28252,1.28409,1.30705,1.34069,1.24668,1.37701,1.2205,1.29742,1.31371,1.41052,1.37026,1.3723,1.39548,1.45141,1.41287,1.37144,1.32855,1.35144,1.29639,1.37969,1.33268,1.37567,1.375,1.39684,1.38558,1.33563,1.42148,1.48657,1.27529,1.36914,1.23874,1.28437,1.28502,1.32968,1.37433,1.34086,1.34086,1.34086,1.34086,1.34086,1.34086,1.34086,1.34086,1.34086,1.34086,1.34086,1.34086,1.34086,1.34086,1.34086,1.34086,1.34086,1.34086,1.34086,1.34086,1.34086,1.34086,1.34086,1.34086,1.34086,1.34086,1.34086,1.34086,1.34086,1.34086,1.34086,1.34086,1.34086,1.34086,1.34086,18,9,14
1.10833,1.17483,1.20808,1.24687,1.2441,1.22055,1.23094,1.1918,1.23874,1.21787,1.27393,1.23547,1.3049,1.33962,1.33481,1.44324,1.40879,1.45806,1.39403,1.53935,1.43467,1.604,1.48917,1.56475,1.44738,1.43302,1.35934,1.32251,1.34842,1.33921,1.31244,1.38772,1.33669,1.44418,1.36492,1.52479,1.38306,1.5782,1.36543,1.54722,1.46077,1.50622,1.39594,1.40731,1.34649,1.33824,1.31195,1.32098,1.34766,1.33883,1.35658,1.36546,1.34773,1.40536,1.36768,1.34884,1.33942,1.31254,1.36561,1.32564,1.41648,1.39541,1.31837,1.47935,1.40468,1.589,1.50384,1.37258,1.35129,1.34065,1.40182,1.36591,1.37012,1.48306,1.4287,1.42368,1.39901,1.45317,1.43592,1.56029,1.42298,1.11049,0.798,1.08617,1.36325,1.32446,1.32723,1.28428,1.24064,1.24099,1.26333,1.29666,1.29117,1.33275,1.44221,1.3196,1.197,1.35614,1.35614,1.35614,1.35614,1.35614,1.35614,1.35614,1.35614,1.35614,1.35614,1.35614,1.35614,1.35614,1.35614,1.35614,1.35614,1.35614,1.35614,1.35614,1.35614,1.35614,1.35614,1.35614,1.35614,1.35614,1.35614,1.35614,1.35614,1.35614,1.35614,1.35614,1.35614,1.35614,1.35614,1.35614,1.35614,0,2,0
0.975333,1.01967,1.17483,1.40758,1.70129,1.33831,1.71099,1.40966,1.36983,1.17258,1.07396,1.20198,1.02216,0.842333,1.17483,1.00858,0.842333,1.08617,0.96425,0.842333,1.3965,1.27458,1.30229,1.51565,1.51149,1.15474,0.798,0.886667,1.24133,1.24133,1.10833,1.08617,1.20808,1.15821,1.1111,1.22055,1.09794,1.0588,1.1944,1.1957,1.19635,1.26318,1.20792,1.22463,1.29948,1.15957,1.08962,1.14331,1.10366,1.08383,1.16258,1.13546,1.14406,1.21486,1.00643,0.798,1.08617,0.96425,0.842333,0.798,0.908833,0.986417,1.15821,1.02244,0.886667,1.08617,0.96425,0.842333,1.04183,1.00858,1.05846,1.17206,1.11803,1.09102,1.14401,1.05967,0.973169,0.886667,0.908833,1.11942,1.15821,1.02244,0.886667,1.10833,1.35217,1.31892,1.10279,0.886667,0.886667,1.064,1.064,1.21917,1.05292,0.886667,1.10833,0.9975,0.886667,0.842333,0.820167,0.798,0.886667,1.197,1.2635,1.42975,1.31337,1.07785,0.842333,1.10833,0.975333,0.842333,1.08617,1.07508,1.064,1.09811,1.09811,1.09811,1.09811,1.09811,1.09811,1.09811,1.09811,1.09811,1.09811,1.09811,1.09811,1.09811,1.09811,1.09811,1.09811,1.09811,1.09811,1.09811,1.09811,12,4,1
1.10833,1.17483,1.14158,1.25796,1.16098,1.13466,1.25449,1.13708,1.12271,1.22635,1.12301,1.09351,1.23392,1.28196,1.17298,1.25149,1.24641,1.19954,1.26477,1.20872,1.15853,1.2886,1.19846,1.10907,1.19737,1.26368,1.11951,1.22475,1.27738,1.17069,1.25034,1.20151,1.17709,1.27571,1.23635,1.17234,1.27334,1.16867,1.18283,1.27858,1.28213,1.2174,1.2737,1.30185,1.18292,1.25646,1.29323,1.24512,1.30972,1.25336,1.11435,1.17784,1.32042,1.25871,1.29436,1.33434,1.17701,1.2535,1.26958,1.16679,1.27056,1.30028,1.22647,1.32257,1.28195,1.17298,1.27365,1.39049,1.31591,1.38946,1.33756,1.24511,1.24322,1.39745,1.31939,1.30253,1.4271,1.28988,1.30994,1.40864,1.25849,1.33858,1.42295,1.28781,1.33107,1.13104,0.964518,0.798,1.10833,1.30783,1.23025,1.28012,1.37156,1.28428,1.30714,1.11907,0.958535,0.798,1.10833,1.35217,1.27458,1.34662,1.40481,1.32307,1.30437,1.28567,1.23514,1.23514,1.23514,1.23514,1.23514,1.23514,1.23514,1.23514,1.23514,1.23514,1.23514,1.23514,1.23514,1.23514,1.23514,1.23514,1.23514,1.23514,1.23514,1.23514,1.23514,1.23514,1.23514,1.23514,1.23514,1.23514,1.23514,14,2,1
1.68467,1.75117,1.47408,1.55721,1.46577,1.48655,1.40828,1.36914,1.37174,1.3952,1.34043,1.49038,1.43236,1.11518,0.798,1.01967,0.908833,0.798,0.886667,1.17483,1.29675,1.51287,1.3771,1.59739,1.46369,1.77368,1.50751,1.55175,1.48521,1.51844,1.42422,1.46578,1.46439,1.68536,1.44118,1.74026,1.44646,1.4104,1.48103,1.53852,1.38992,1.51513,1.4004,1.54253,1.3476,1.51613,1.35657,1.38762,1.38097,1.46632,1.42033,1.66333,1.43017,1.15842,0.886667,1.064,1.17483,1.03075,0.886667,1.197,1.33,1.37433,1.3965,1.49625,1.39096,1.53781,1.41174,1.57037,1.40585,1.10193,0.798,0.842333,1.17483,1.25242,1.46854,1.33277,1.57522,1.43044,1.69055,1.42161,1.13197,0.842333,0.798,1.21917,1.20808,1.29121,1.42144,1.55305,1.37503,1.57418,1.36342,1.45754,1.39377,1.31755,1.24133,1.3528,1.3528,1.3528,1.3528,1.3528,1.3528,1.3528,1.3528,1.3528,1.3528,1.3528,1.3528,1.3528,1.3528,1.3528,1.3528,1.3528,1.3528,1.3528,1.3528,1.3528,1.3528,1.3528,1.3528,1.3528,1.3528,1.3528,1.3528,1.3528,1.3528,1.3528,1.3528,1.3528,1.3528,1.3528,1.3528,1.3528,1.3528,26,13,10
0.842333,0.953167,1.25242,1.20254,1.13327,1.43114,1.26973,1.1447,1.43685,1.22826,1.12396,1.24915,1.24524,1.17679,1.31989,1.36928,1.26097,1.47282,1.40141,1.23271,1.39219,1.36109,1.21255,1.35994,1.23414,1.14907,1.2617,1.36235,1.19101,1.34917,1.40609,1.21288,1.3601,1.30072,1.22669,1.27835,1.17117,1.11759,1.26813,1.25473,1.15936,1.39985,1.34276,1.24771,1.37752,1.39809,1.20888,1.49111,1.25539,1.13753,1.25593,1.18213,1.14523,1.30412,1.22839,1.19053,1.3711,1.35055,1.18511,1.30189,1.38244,1.17889,1.21011,1.22572,1.18919,1.37043,1.32805,1.17386,1.4071,1.36855,1.21627,1.33964,1.44565,1.25483,1.33675,1.33337,1.22085,1.34193,1.29163,1.22215,1.40907,1.41387,1.23894,1.41747,1.3959,1.22995,1.27998,1.30499,1.18449,1.34591,1.18279,1.1234,1.2932,1.20077,1.08805,1.38636,1.29168,1.20001,1.4645,1.24208,1.17521,1.3856,1.31347,1.24133,1.27304,1.27304,1.27304,1.27304,1.27304,1.27304,1.27304,1.27304,1.27304,1.27304,1.27304,1.27304,1.27304,1.27304,1.27304,1.27304,1.27304,1.27304,1.27304,1.27304,1.27304,1.27304,1.27304,1.27304,1.27304,1.27304,1.27304,1.27304,1.27304,14,4,3
1.24133,1.24133,1.28567,1.3965,1.38542,1.37987,1.5766,1.3868,1.3584,1.38853,1.31493,1.25597,1.40382,1.36691,1.32629,1.52764,1.38449,1.35724,1.45446,1.34789,1.29461,1.33447,1.19924,1.22029,1.38598,1.29149,1.31074,1.45337,1.36952,1.28326,1.4618,1.37373,1.3297,1.32985,1.21909,1.23021,1.34661,1.31614,1.34523,1.47062,1.37814,1.3319,1.55262,1.37481,1.33024,1.28579,1.19706,1.2192,1.3411,1.26905,1.27736,1.56968,1.38334,1.37884,1.44308,1.38654,1.3361,1.26655,1.18744,1.23655,1.26111,1.29556,1.31278,1.63172,1.37003,1.35001,1.45084,1.39042,1.31588,1.32294,1.21564,1.27282,1.47874,1.33787,1.33394,1.6423,1.39748,1.38591,1.44662,1.36614,1.32591,1.28362,1.24031,1.28515,1.41841,1.32987,1.32994,1.48513,1.42973,1.3577,1.32168,1.23718,1.23925,1.35113,1.29623,1.31312,1.33,1.34891,1.34891,1.34891,1.34891,1.34891,1.34891,1.34891,1.34891,1.34891,1.34891,1.34891,1.34891,1.34891,1.34891,1.34891,1.34891,1.34891,1.34891,1.34891,1.34891,1.34891,1.34891,1.34891,1.34891,1.34891,1.34891,1.34891,1.34891,1.34891,1.34891,1.34891,1.34891,1.34891,1.34891,1.34891,1.34891,2,0,1
1.596,1.596,1.44083,1.38542,1.46854,1.15544,0.842333,0.798,1.28567,1.33,1.35217,1.36325,1.08062,0.798,0.931,1.33,1.17483,1.49625,1.25796,1.38265,1.40066,1.36533,1.36983,1.39425,1.36212,1.36823,1.41561,1.41714,1.46224,1.44045,1.38523,1.37978,1.44356,1.67494,1.34731,1.42732,1.35649,1.60925,1.31446,1.63256,1.34828,1.64947,1.33457,1.37662,1.37548,1.08674,0.798,0.931,1.5295,1.27458,1.34662,1.42698,1.66666,1.34316,1.07058,0.798,0.908833,1.14158,1.30229,1.38265,1.37849,1.66458,1.34212,1.62423,1.32195,1.32597,1.37232,1.57283,1.27408,1.27987,1.34927,1.3618,1.36807,1.61503,1.31735,1.30151,1.38225,1.64429,1.30981,1.67457,1.36929,1.41614,1.39524,1.38479,1.37956,1.64295,1.30914,1.67424,1.34695,1.51581,1.33424,1.55379,1.26456,1.43028,1.35797,1.28567,1.35275,1.35275,1.35275,1.35275,1.35275,1.35275,1.35275,1.35275,1.35275,1.35275,1.35275,1.35275,1.35275,1.35275,1.35275,1.35275,1.35275,1.35275,1.35275,1.35275,1.35275,1.35275,1.35275,1.35275,1.35275,1.35275,1.35275,1.35275,1.35275,1.35275,1.35275,1.35275,1.35275,1.35275,1.35275,1.35275,1.35275,6,7,5
0.975333,0.931,0.886667,0.842333,0.798,0.908833,1.07508,1.13604,1.54335,1.17068,0.798,1.30783,1.23025,1.10279,1.32723,1.15128,1.08547,1.2299,1.01395,0.798,1.064,1.24133,1.1305,0.986417,0.842333,0.842333,0.842333,0.886667,1.1305,1.00858,0.886667,0.8645,0.842333,0.798,0.842333,0.886667,0.975333,1.15267,1.33,1.064,0.798,1.01967,1.01967,1.1305,1.23025,1.32446,1.19423,1.35078,1.42906,1.24653,1.3991,1.23155,1.10344,1.26105,1.07386,0.886667,1.21917,1.23025,1.14712,1.2829,1.37295,1.15197,1.24099,1.21899,1.0085,0.798,1.064,1.064,1.24133,1.28567,1.35217,1.34108,1.57937,1.49902,1.88001,1.69367,1.4675,1.28792,1.39763,1.45248,1.21391,1.36062,1.12364,0.886667,1.197,1.30783,1.09725,0.886667,0.931,1.30783,1.34108,1.33554,1.06677,0.798,0.842333,0.886667,0.798,1.15267,1.04183,1.09725,1.21362,1.22748,1.19007,1.30437,1.40585,1.14626,0.886667,1.197,0.9975,0.798,1.12677,1.12677,1.12677,1.12677,1.12677,1.12677,1.12677,1.12677,1.12677,1.12677,1.12677,1.12677,1.12677,1.12677,1.12677,1.12677,1.12677,1.12677,1.12677,1.12677,1.12677,1.12677,1.12677,4,1,0
1.15267,1.01967,0.886667,1.1305,1.23025,1.23579,1.23856,1.32861,1.19631,0.997154,0.798,0.798,0.798,1.2635,1.31892,1.10279,0.886667,0.842333,0.798,1.01967,1.04183,0.919917,0.798,0.886667,0.798,0.798,1.17483,1.20808,1.00304,0.798,0.886667,0.842333,0.798,0.886667,0.975333,1.15267,1.15267,1.35217,1.07508,0.798,0.798,0.798,1.01967,1.17483,1.25242,1.24687,1.4436,1.43114,1.2919,1.13362,0.965809,0.798,0.975333,0.886667,0.798,0.931,0.8645,0.798,1.2635,1.16375,1.00304,0.842333,0.820167,0.798,1.15267,1.15267,1.01967,0.886667,1.064,1.30783,1.31892,1.19146,1.12773,1.05153,0.969099,0.886667,0.798,0.798,1.2635,1.29675,1.26904,1.21085,1.00443,0.798,0.798,1.10833,1.04183,1.00858,1.21362,1.27181,1.41174,1.2822,1.08443,0.886667,0.798,1.10833,0.953167,0.798,0.886667,0.842333,0.798,1.15267,1.28567,1.21917,1.18592,1.08062,1.22748,1.27874,1.4817,1.31718,1.12409,1.40438,1.23419,1.19343,1.15267,1.0529,1.0529,1.0529,1.0529,1.0529,1.0529,1.0529,1.0529,1.0529,1.0529,1.0529,1.0529,1.0529,1.0529,1.0529,1.0529,1.0529,1.0529,4,4,1
1.01967,1.1305,1.23025,1.47962,1.16098,0.842333,1.064,1.197,1.197,1.17483,1.23025,1.14712,1.10556,1.23995,1.06331,0.886667,1.197,1.48517,1.14158,0.798,0.975333,1.2635,1.36325,1.34662,1.07231,0.798,1.15267,1.17483,1.11942,1.26904,1.12219,1.07093,1.26696,1.09898,1.10366,1.06166,0.951998,0.842333,1.21917,1.14158,0.969792,0.798,0.908833,0.89775,0.886667,0.842333,0.798,0.798,0.8645,1.09725,1.23579,1.06123,0.886667,1.064,0.9975,1.07508,1.18037,1.12219,1.11526,1.3113,1.09898,0.886667,1.15267,1.01967,0.886667,1.30783,1.54058,1.41312,1.23856,1.21778,1.00789,0.798,0.798,0.886667,0.798,0.842333,1.01967,1.04183,1.27458,1.08062,0.886667,0.9975,1.11942,1.24687,1.1776,1.34247,1.2254,1.32203,1.14868,1.10634,1.30684,1.05242,0.798,1.1305,0.986417,0.842333,1.15267,1.197,1.2635,1.34108,1.37987,1.35494,1.3868,1.0924,0.798,1.01967,1.2635,1.42975,1.37987,1.08894,0.798,1.09965,1.09965,1.09965,1.09965,1.09965,1.09965,1.09965,1.09965,1.09965,1.09965,1.09965,1.09965,1.09965,1.09965,1.09965,1.09965,1.09965,1.09965,1.09965,1.09965,1.09965,1.09965,0,3,2
0.842333,0.886667,0.886667,0.886667,1.08617,0.942083,0.798,0.798,0.798,0.886667,1.15267,1.10833,1.1305,0.96425,0.798,0.886667,0.9975,0.942083,0.886667,1.197,1.2635,1.03075,0.798,1.197,0.9975,0.798,1.28567,1.35217,1.34108,1.15821,1.08894,1.2538,1.24757,1.06712,0.886667,1.1305,1.00858,0.886667,1.15267,1.064,1.10833,1.24133,1.24133,1.17483,1.29675,1.09171,0.886667,1.1305,1.45192,1.30229,1.38265,1.44499,1.54266,1.50283,1.30558,1.14046,1.23523,1.28261,1.12897,1.16299,1.31299,1.21066,1.093,1.16717,1.29292,1.17846,1.03256,0.886667,1.08617,1.05292,1.25796,1.20531,1.26766,1.23233,1.28116,1.26125,1.14046,1.30173,1.3602,1.43377,1.20455,1.33377,1.33189,1.28661,1.21964,1.31915,1.36891,1.37162,1.23998,1.30716,1.11908,0.980706,0.842333,1.1305,1.07508,1.00304,1.23302,1.01551,0.798,0.953167,1.14158,1.30229,1.16098,1.31199,1.14366,1.10383,1.34992,1.33996,1.37931,1.41867,1.14345,1.14345,1.14345,1.14345,1.14345,1.14345,1.14345,1.14345,1.14345,1.14345,1.14345,1.14345,1.14345,1.14345,1.14345,1.14345,1.14345,1.14345,1.14345,1.14345,1.14345,1.14345,1.14345,10,8,4
0.975333,1.15267,1.33,1.5295,1.34108,1.51287,1.35494,1.3868,1.4249,1.35528,1.16531,1.04815,1.01174,0.949205,0.886667,0.9975,1.11942,0.958708,0.798,0.886667,1.3965,1.20808,1.15821,1.00027,0.842333,1.2635,1.25242,1.22471,1.01135,0.798,0.886667,0.931,0.908833,0.886667,1.04183,1.23025,1.39096,1.60431,1.35632,1.32099,1.50283,1.54942,1.43971,1.58435,1.50151,1.50442,1.50588,1.50661,1.4183,1.41848,1.46291,1.37429,1.13048,0.886667,0.8645,0.842333,0.820167,0.798,0.975333,1.24133,1.2635,1.27458,1.41312,1.10556,0.798,0.975333,1.17483,1.05292,1.08062,1.27181,1.27874,1.57037,1.40585,1.47876,1.36005,1.52236,1.33751,1.75492,1.29863,0.842333,0.798,0.886667,1.41867,1.2635,1.40758,1.30229,1.49348,1.34524,1.31545,1.50006,1.4372,1.47226,1.77797,1.37665,1.33116,1.06458,0.798,0.886667,1.01967,1.15267,1.35217,1.55167,1.21997,1.21997,1.21997,1.21997,1.21997,1.21997,1.21997,1.21997,1.21997,1.21997,1.21997,1.21997,1.21997,1.21997,1.21997,1.21997,1.21997,1.21997,1.21997,1.21997,1.21997,1.21997,1.21997,1.21997,1.21997,1.21997,1.21997,1.21997,1.21997,1.21997,1.21997,14,6,4
0.886667,1.08617,1.31892,1.34662,1.33831,1.33416,1.33208,1.24237,1.33052,1.33026,1.4853,1.40765,1.45749,1.39375,1.40621,1.3016,1.33797,1.33398,1.39849,1.36425,1.08112,0.798,0.798,1.08617,1.18592,1.36879,1.2829,1.37295,1.32931,1.41832,1.30766,1.31883,1.25792,1.29396,1.35631,1.34316,1.46958,1.44412,1.49789,1.48045,1.40522,1.43411,1.33772,1.37819,1.0881,0.798,0.798,1.064,1.28567,1.24133,1.463,1.35217,1.07508,0.798,0.798,1.15267,1.24133,1.04183,0.842333,0.975333,1.197,1.21917,1.31892,1.23579,1.2829,1.23995,1.37364,1.35182,1.42958,1.42412,1.46573,1.4422,1.3861,1.31372,1.38836,1.35918,1.34459,1.35946,1.45556,1.45928,1.77147,1.66157,1.34062,1.55698,1.22182,0.886667,0.931,1.08617,1.09725,1.21362,1.13881,1.23441,1.10487,1.21743,1.09638,1.21319,1.04993,0.886667,0.931,1.1305,1.09725,1.064,1.24973,1.24973,1.24973,1.24973,1.24973,1.24973,1.24973,1.24973,1.24973,1.24973,1.24973,1.24973,1.24973,1.24973,1.24973,1.24973,1.24973,1.24973,1.24973,1.24973,1.24973,1.24973,1.24973,1.24973,1.24973,1.24973,1.24973,1.24973,1.24973,1.24973,1.24973,20,5,2
1.15267,1.2635,1.34108,1.06954,0.798,0.886667,0.931,0.9975,1.23025,1.05846,0.886667,1.197,0.9975,0.798,1.15267,1.01967,0.886667,1.197,0.9975,0.798,1.064,0.975333,0.886667,1.197,0.9975,0.798,0.886667,0.886667,0.886667,1.197,1.10833,0.9975,0.886667,0.931,1.04183,1.18592,1.54612,1.46023,1.15128,0.842333,1.21917,1.51842,1.49071,1.18869,0.886667,1.1305,1.45192,1.47962,1.13881,0.798,1.15267,0.9975,0.842333,0.820167,0.798,0.798,0.798,1.15267,0.9975,0.842333,0.8645,0.886667,0.798,0.798,0.886667,0.931,1.01967,1.2635,1.03075,0.798,0.886667,0.842333,0.798,0.886667,0.842333,0.798,1.15267,0.975333,0.798,1.01967,0.908833,0.798,1.064,0.931,0.798,0.886667,0.842333,0.798,0.886667,1.30783,1.36325,1.12496,0.886667,1.197,1.5295,1.47408,1.13604,0.798,1.1305,0.96425,0.798,1.1305,1.45192,1.39096,1.49348,1.50041,1.45954,1.39477,1.56188,1.49028,1.2328,0.975333,1.05419,1.05419,1.05419,1.05419,1.05419,1.05419,1.05419,1.05419,1.05419,1.05419,1.05419,1.05419,1.05419,1.05419,1.05419,1.05419,1.05419,1.05419,1.05419,1.05419,1.05419,12,5,7
0.886667,0.798,0.931,0.953167,1.29675,1.24687,1.28844,1.28705,1.15336,1.19735,1.33017,1.15275,1.06404,1.10835,1.28568,1.26351,1.31892,1.39096,1.51565,1.33416,1.39858,1.09829,0.798,0.842333,0.798,1.21917,1.09725,1.08062,1.11665,1.00166,0.886667,0.886667,0.842333,0.886667,1.01967,0.931,0.842333,0.798,1.1305,1.00858,0.886667,1.064,0.975333,0.886667,1.01967,0.953167,0.886667,0.931,0.9975,1.36325,1.32446,1.32723,1.15128,0.996807,0.842333,1.15267,0.9975,0.842333,1.10833,0.953167,0.798,0.886667,0.886667,0.886667,0.931,1.04183,1.00858,1.08062,1.07231,0.97949,0.886667,0.886667,0.842333,0.9975,1.27458,1.36879,1.50456,1.57245,1.47339,1.35736,1.07768,0.798,1.01967,1.01967,1.28567,1.35217,1.20808,1.22471,1.05569,0.886667,0.842333,0.842333,0.820167,0.798,0.931,1.1305,1.07508,1.13604,0.967021,0.798,0.886667,0.886667,0.798,0.798,0.8645,1.09725,0.969792,0.842333,0.953167,1.25242,1.29121,1.06677,0.842333,0.842333,0.842333,0.798,1.33,1.04711,1.04711,1.04711,1.04711,1.04711,1.04711,1.04711,1.04711,1.04711,1.04711,1.04711,1.04711,1.04711,1.04711,1.04711,1.04711,4,1,3
1.28567,1.2635,1.29675,1.15821,1.13327,1.16514,1.2254,1.4772,1.3371,1.33355,1.35394,1.40847,1.4579,1.50478,1.63906,1.55103,1.17451,0.798,1.08617,1.40758,1.39096,1.11665,0.842333,1.15267,1.08617,1.05292,1.28012,1.4824,1.42836,1.26835,1.18834,1.32567,1.2835,1.26242,1.03021,0.798,1.04183,1.25242,1.06954,0.886667,1.15267,1.17483,1.18592,1.32446,1.06123,0.798,1.08617,1.14158,1.16929,1.31615,1.16791,1.16029,1.00131,0.842333,1.064,1.30783,1.09725,0.886667,1.21917,1.16375,1.09171,1.27735,1.54751,1.54959,1.24029,1.21865,1.34082,1.33541,1.22187,1.2981,1.07022,0.842333,1.44083,1.31892,1.39096,1.33831,1.28982,1.35424,1.20912,1.15873,1.31086,1.51993,1.44713,1.3664,1.2817,1.32802,1.08517,0.842333,1.15267,1.48517,1.47408,1.33554,1.26627,1.40897,1.21432,1.24999,1.33433,1.576,1.47517,1.20308,1.17787,1.15267,1.23373,1.23373,1.23373,1.23373,1.23373,1.23373,1.23373,1.23373,1.23373,1.23373,1.23373,1.23373,1.23373,1.23373,1.23373,1.23373,1.23373,1.23373,1.23373,1.23373,1.23373,1.23373,1.23373,1.23373,1.23373,1.23373,1.23373,1.23373,1.23373,1.23373,1.23373,2,0,0
1.55167,1.55167,1.55167,1.55167,1.5295,1.60708,1.55721,1.5766,1.5198,1.53573,1.49937,1.50335,1.52751,1.56175,1.53454,1.56527,1.51414,1.64373,1.5312,1.51927,1.49113,1.56573,1.51437,1.55518,1.50909,1.68555,1.59644,1.64055,1.48528,1.2303,1.21365,1.31616,1.45608,1.43737,1.58319,1.52309,1.58171,1.50019,1.14909,0.798,1.15267,1.3965,1.36325,1.34662,1.29398,1.37849,1.57591,1.49729,1.61314,1.56024,1.55595,1.55381,1.59707,1.50787,1.15293,0.798,1.10833,0.953167,0.798,1.064,1.01967,1.08617,1.25242,1.49071,1.41035,1.63618,1.54959,1.59496,1.48465,1.22999,1.16916,1.55991,1.42279,1.39856,1.36428,1.28064,1.39399,1.58366,1.50116,1.65942,1.53904,1.54535,1.50418,1.52792,1.51763,1.51248,1.64291,1.53079,1.45256,1.37433,1.43631,1.43631,1.43631,1.43631,1.43631,1.43631,1.43631,1.43631,1.43631,1.43631,1.43631,1.43631,1.43631,1.43631,1.43631,1.43631,1.43631,1.43631,1.43631,1.43631,1.43631,1.43631,1.43631,1.43631,1.43631,1.43631,1.43631,1.43631,1.43631,1.43631,1.43631,1.43631,1.43631,1.43631,1.43631,1.43631,1.43631,1.43631,1.43631,1.43631,1.43631,1.43631,1.43631,8,3,2
1.33,1.24133,1.17483,1.20808,1.22471,1.23302,1.19284,1.21709,1.27354,1.27961,1.28264,1.43932,1.31816,1.27975,1.30487,1.2731,1.21288,1.36011,1.30072,1.27103,1.38918,1.29309,1.26721,1.25427,1.02614,0.798,1.01967,1.2635,1.16375,1.20254,1.13327,1.36464,1.25865,1.47166,1.29,1.28783,1.39758,1.27512,1.2139,1.36061,1.16797,1.20465,1.28949,1.30975,1.31987,1.36927,1.34964,1.25115,1.33491,1.39895,1.32014,1.10341,0.886667,0.798,1.01967,1.2635,1.25242,1.29121,1.0446,0.798,0.886667,1.064,1.3965,1.31892,1.32446,1.32723,1.32861,1.28497,1.39615,1.31874,1.30221,1.09444,0.886667,0.798,1.01967,1.04183,0.919917,0.798,0.975333,0.886667,0.798,0.931,1.08617,1.25242,1.24687,1.19977,1.17622,1.12011,1.22505,1.52136,1.38135,1.31134,1.232,1.23667,1.32767,1.32883,1.28508,1.17454,1.1636,1.15814,1.1554,1.2427,1.26418,1.34143,1.38005,1.41867,1.2099,1.2099,1.2099,1.2099,1.2099,1.2099,1.2099,1.2099,1.2099,1.2099,1.2099,1.2099,1.2099,1.2099,1.2099,1.2099,1.2099,1.2099,1.2099,1.2099,1.2099,1.2099,1.2099,1.2099,1.2099,1.2099,1.2099,2,0,0
1.33,1.33,1.35217,1.23025,1.14712,1.26073,1.25103,1.26835,1.29917,1.18159,0.989794,0.798,1.04183,1.27458,1.23579,1.30506,1.36186,1.27943,1.32688,1.06244,0.798,0.886667,1.15267,1.01967,0.886667,0.798,1.10833,1.2635,1.23025,1.28012,1.3494,1.29536,1.31268,1.41001,1.41434,1.4165,1.55058,1.41813,1.4184,1.3742,1.26343,1.29672,1.04736,0.798,1.01967,1.04183,1.09725,1.23579,1.06123,0.886667,0.798,1.10833,1.08617,0.942083,0.798,1.10833,1.33,1.28567,1.35217,1.20808,1.00304,0.798,1.10833,1.1305,0.96425,0.798,1.10833,1.35217,1.29675,1.35771,1.16652,1.15959,1.2448,1.33173,1.26437,1.34152,1.06976,0.798,0.798,1.10833,1.30783,1.36325,1.34662,1.22748,1.19007,1.2157,1.18418,1.21276,1.27138,1.03469,0.798,0.798,1.10833,1.064,0.931,0.798,1.04183,1.18592,1.21362,1.27181,1.30091,1.27112,1.32273,1.1047,0.886667,0.798,1.10833,1.41867,1.15231,1.15231,1.15231,1.15231,1.15231,1.15231,1.15231,1.15231,1.15231,1.15231,1.15231,1.15231,1.15231,1.15231,1.15231,1.15231,1.15231,1.15231,1.15231,1.15231,1.15231,1.15231,1.15231,1.15231,1.15231,8,2,3
0.975333,1.197,1.21917,1.18592,1.32446,1.2829,1.23995,1.30714,1.3629,1.25779,1.29389,1.20111,1.17689,1.25344,1.24739,1.20003,1.30935,1.27534,1.25834,1.3385,1.31208,1.25454,1.31444,1.14489,1.19311,1.30589,1.14061,1.19097,1.30482,1.20658,1.17962,1.32131,1.21482,1.20591,1.31229,1.16598,1.15932,1.28899,1.06566,0.842333,1.15267,1.15267,1.17483,1.27458,1.30229,1.22748,1.27874,1.2822,1.26177,1.34022,1.33511,1.22172,1.34236,1.29185,1.20009,1.30938,1.05369,0.798,1.10833,1.08617,1.16375,1.29121,1.22194,1.1873,1.41382,1.63791,1.57262,1.65081,1.60124,1.66512,1.56406,1.71303,1.63235,1.76934,1.61617,1.25142,0.886667,1.17483,1.54058,1.52396,1.64865,1.62232,1.65349,1.58041,1.18921,0.798,1.10833,1.01967,1.1305,1.27458,1.25796,1.20531,1.31199,1.27666,1.23683,1.32775,1.10721,0.886667,1.17483,1.07508,0.975333,1.26895,1.26895,1.26895,1.26895,1.26895,1.26895,1.26895,1.26895,1.26895,1.26895,1.26895,1.26895,1.26895,1.26895,1.26895,1.26895,1.26895,1.26895,1.26895,1.26895,1.26895,1.26895,1.26895,1.26895,1.26895,1.26895,1.26895,1.26895,1.26895,1.26895,1.26895,1.26895,0,0,0
1.28567,1.30783,1.25242,1.37987,1.6431,1.50872,1.37503,1.28601,1.35234,1.34117,1.22475,1.36604,1.54752,1.83776,1.56171,1.46802,1.19951,1.15392,1.46363,1.46331,1.41882,1.44091,1.49629,1.50181,1.43807,1.5392,1.32377,1.06088,0.798,1.10833,1.2635,1.34108,1.46854,1.26627,1.3203,1.32515,1.37191,1.26229,1.05231,0.842333,1.10833,1.064,1.15267,1.2635,1.31892,1.25796,1.36048,1.27874,1.3487,1.31718,1.27926,1.34896,1.22865,1.23499,1.349,1.25083,1.24608,1.33237,1.37552,1.28626,1.35246,1.2969,1.22478,1.29956,1.22611,1.21156,1.31511,1.21172,1.24869,1.33368,1.30967,1.23117,1.32492,1.30529,1.31765,1.41249,1.30474,1.36171,1.39019,1.29359,1.3118,1.3209,1.25895,1.31664,1.23465,1.19366,1.30616,1.31808,1.25754,1.3381,1.37839,1.28769,1.33101,1.30834,1.2305,1.32458,1.32729,1.35081,1.37433,1.31113,1.31113,1.31113,1.31113,1.31113,1.31113,1.31113,1.31113,1.31113,1.31113,1.31113,1.31113,1.31113,1.31113,1.31113,1.31113,1.31113,1.31113,1.31113,1.31113,1.31113,1.31113,1.31113,1.31113,1.31113,1.31113,1.31113,1.31113,1.31113,1.31113,1.31113,1.31113,1.31113,1.31113,0,2,0
1.24133,1.24133,1.197,1.197,1.17483,1.20808,1.11387,1.19977,1.08755,1.18661,1.10314,1.1944,1.08487,1.20743,1.11355,1.24394,1.1318,1.27524,1.21395,1.40498,1.23449,1.37091,1.35046,1.42889,1.42378,1.44339,1.3867,1.38051,1.31092,1.32046,1.23656,1.30545,1.22906,1.32386,1.2161,1.42822,1.24611,1.33239,1.28686,1.28626,1.28597,1.28582,1.21924,1.23029,1.19148,1.23857,1.19562,1.30714,1.18557,1.25779,1.24956,1.35628,1.25447,1.29224,1.22245,1.32056,1.19228,1.21681,1.16257,1.24628,1.15514,1.2869,1.17545,1.31923,1.23595,1.30514,1.33974,1.3792,1.2881,1.33122,1.19761,1.24164,1.19715,1.26358,1.18595,1.32448,1.21641,1.29537,1.24618,1.31026,1.29796,1.26965,1.25549,1.24841,1.17837,1.20985,1.13693,1.25563,1.11548,1.26707,1.16554,1.2921,1.26672,1.34269,1.31418,1.45509,1.30388,1.36127,1.25697,1.29348,1.22308,1.2987,1.22569,1.23351,1.24133,1.25787,1.25787,1.25787,1.25787,1.25787,1.25787,1.25787,1.25787,1.25787,1.25787,1.25787,1.25787,1.25787,1.25787,1.25787,1.25787,1.25787,1.25787,1.25787,1.25787,1.25787,1.25787,1.25787,1.25787,1.25787,1.25787,1.25787,1.25787,20,6,8
1.064,1.17483,1.16375,1.18037,1.27735,1.12634,1.11734,1.3345,1.15492,1.06513,1.1754,1.20836,1.13618,1.23309,1.28155,1.17277,1.27355,1.12444,1.09422,1.30078,1.49272,1.89903,1.54801,1.43901,1.42884,1.24642,1.37688,1.39777,1.18655,1.28044,1.30522,1.27328,1.30164,1.16065,1.15666,1.17683,1.14258,1.14762,1.32748,1.08491,0.842333,1.15267,1.10833,1.1305,1.42975,1.18037,1.16652,1.20393,1.0453,0.886667,1.197,1.08617,1.14158,1.21362,1.09448,1.30091,1.33762,1.24514,1.24324,1.37529,1.17531,1.11965,1.64599,1.39933,1.45333,1.12567,0.798,1.15267,1.21917,1.18592,1.30229,1.31615,1.25657,1.35979,1.12323,0.886667,1.15267,1.15267,1.15267,1.33,1.24133,1.24133,1.33,1.2635,1.25242,1.33554,1.28844,1.17622,1.18661,1.16964,1.07249,1.24558,1.06612,0.886667,1.1305,1.11942,1.09171,1.27735,1.30368,1.22817,1.05742,0.886667,0.886667,0.931,1.197,1.17483,1.15267,1.2048,1.2048,1.2048,1.2048,1.2048,1.2048,1.2048,1.2048,1.2048,1.2048,1.2048,1.2048,1.2048,1.2048,1.2048,1.2048,1.2048,1.2048,1.2048,1.2048,1.2048,1.2048,1.2048,1.2048,1.2048,1.2048,4,5,1
1.41867,1.50733,1.17483,0.842333,0.975333,0.931,0.886667,1.01967,0.9975,1.05292,1.34662,1.11665,0.886667,0.953167,1.18592,1.16929,1.11665,1.31199,1.18799,1.23683,1.10608,1.21804,1.36269,1.08034,0.798,1.10833,0.953167,0.798,1.15267,1.01967,0.886667,1.064,1.24133,1.10833,1.30783,1.18592,1.16929,1.18315,1.16791,1.24895,1.24514,1.0659,0.886667,1.10833,0.9975,0.886667,1.08617,0.986417,0.886667,1.197,1.04183,0.886667,1.01967,1.08617,1.07508,1.40204,1.52119,1.62509,1.61055,1.51461,1.6883,1.46482,1.24224,1.17529,1.25264,1.13616,1.16658,1.15962,1.11181,1.13224,1.25329,1.02564,0.798,1.01967,0.908833,0.798,1.01967,1.04183,1.05292,1.12496,1.09448,1.16791,1.16029,1.11214,1.17674,1.25337,1.07002,0.886667,1.28567,1.37433,1.35217,1.07508,0.798,0.931,0.8645,0.798,1.15267,1.08617,1.03075,1.13604,1.01135,0.886667,1.064,0.931,0.798,1.33,1.37433,1.44083,1.20808,1.13604,1.064,1.11919,1.11919,1.11919,1.11919,1.11919,1.11919,1.11919,1.11919,1.11919,1.11919,1.11919,1.11919,1.11919,1.11919,1.11919,1.11919,1.11919,1.11919,1.11919,1.11919,1.11919,1.11919,18,7,6
1.33,1.44083,1.34108,1.33554,1.33277,1.37572,1.28636,1.30818,1.23042,1.32454,1.19427,1.23997,1.15198,1.28533,1.26333,1.38533,1.31333,1.25517,1.29258,1.31129,1.32065,1.43616,1.40524,1.36762,1.41531,1.39482,1.29591,1.29079,1.28823,1.26478,1.29739,1.3137,1.23318,1.34809,1.16171,1.29019,1.17709,1.07621,0.937107,0.798,0.798,0.842333,0.886667,0.975333,1.15267,1.24133,1.35217,1.29675,1.31337,1.18869,1.32584,1.17276,1.18488,1.16877,1.29372,1.22319,1.36526,1.2368,1.2834,1.1737,1.16318,1.13576,1.27721,1.08194,0.886667,1.01967,1.21917,1.09725,1.32446,1.12773,1.11803,1.17968,1.27701,1.08184,0.886667,0.975333,1.1305,1.25242,1.35771,1.25519,1.33693,1.22263,1.27632,1.21449,1.29441,1.22354,1.01077,0.798,0.798,1.10833,1.1305,1.29675,1.18037,1.29952,1.13743,1.23371,1.23752,1.21726,1.27363,1.21315,1.18291,1.16779,1.16023,1.26728,1.20997,1.26999,1.33,1.21051,1.21051,1.21051,1.21051,1.21051,1.21051,1.21051,1.21051,1.21051,1.21051,1.21051,1.21051,1.21051,1.21051,1.21051,1.21051,1.21051,1.21051,1.21051,1.21051,1.21051,1.21051,1.21051,1.21051,1.21051,1.21051,8,3,4
0.842333,0.842333,0.886667,0.908833,0.853417,0.798,0.798,0.842333,0.886667,1.21917,1.07508,1.51287,1.46577,1.24272,1.02036,0.798,1.15267,1.01967,0.886667,0.798,0.798,0.798,1.1305,0.986417,0.842333,0.886667,0.842333,0.798,1.10833,1.1305,1.05292,1.30229,1.31615,1.27874,1.39304,1.31718,1.27926,1.03863,0.798,0.886667,1.064,0.975333,0.886667,1.01967,1.1305,1.18592,1.03629,0.886667,1.08617,1.07508,1.15821,1.28844,1.04322,0.798,0.886667,0.842333,0.798,0.798,1.17483,1.14158,1.34662,1.13881,1.34524,1.40412,1.41139,1.1047,0.798,0.886667,0.886667,0.886667,0.886667,0.798,1.10833,1.21917,1.14158,0.969792,0.798,0.975333,0.975333,1.10833,1.30783,1.09725,0.886667,0.798,0.798,0.842333,0.886667,1.064,0.975333,0.886667,0.886667,0.886667,1.10833,0.9975,0.886667,0.886667,0.886667,0.886667,0.798,0.842333,0.886667,0.886667,0.798,0.886667,0.975333,1.064,0.9975,1.03075,1.04737,1.10002,1.03768,1.05084,0.968753,0.886667,0.9975,1.03075,1.22471,1.16652,1.11526,1.08963,1.064,1.01002,1.01002,1.01002,1.01002,1.01002,1.01002,1.01002,1.01002,1.01002,1.01002,1.01002,1.01002,6,2,5
1.24133,0.886667,0.798,0.798,0.798,1.01967,0.908833,0.798,0.931,1.04183,0.942083,0.842333,0.953167,0.96425,1.05846,1.4824,1.1402,0.798,0.798,0.931,1.08617,1.20808,1.11387,1.13327,1.23164,1.19215,1.17241,1.16254,1.2906,1.1773,1.27582,1.12558,1.09479,1.25673,1.16036,1.06785,1.15459,1.1093,1.17531,1.18616,1.08075,1.20537,1.35635,1.07718,0.798,1.10833,1.08617,1.09725,1.34662,1.33831,1.15682,0.977411,0.798,1.15267,1.28567,1.55167,1.3965,1.27458,1.16929,1.20531,1.26766,1.16583,1.20358,1.28896,1.24298,1.13132,1.34149,1.18058,1.05579,1.23723,1.37228,1.50631,1.39599,1.31866,1.0805,0.842333,0.886667,0.842333,0.798,0.798,0.842333,0.886667,0.886667,1.10833,1.17483,0.986417,0.798,1.064,0.975333,0.886667,1.17483,1.03075,0.886667,0.931,0.953167,1.05292,1.19146,0.994729,0.798,1.04183,1.00858,0.991958,0.894979,0.798,0.798,0.798,0.798,1.10833,1.28567,1.3965,1.23025,1.01412,0.798,0.886667,0.975333,1.0728,1.0728,1.0728,1.0728,1.0728,1.0728,1.0728,1.0728,1.0728,1.0728,1.0728,1.0728,1.0728,1.0728,1.0728,1.0728,1.0728,1.0728,14,7,5
0.931,0.953167,1.03075,1.00304,1.01135,0.971177,1.03976,0.918878,0.798,0.953167,1.14158,1.36879,1.30506,1.2732,1.0356,0.798,0.798,0.931,0.8645,0.798,0.931,1.04183,1.18592,1.34662,1.42698,1.33416,1.30991,1.45296,1.25848,1.02824,0.798,0.886667,0.975333,1.15267,1.2635,1.34108,1.33554,1.2441,1.02105,0.798,0.798,1.35217,1.11942,0.886667,1.064,1.10833,1.04183,1.09725,1.14712,1.0169,0.886667,0.842333,0.798,0.798,0.798,1.15267,0.975333,0.798,0.842333,0.953167,1.05292,1.23579,1.17206,1.31753,1.2351,1.12738,0.962691,0.798,0.886667,0.886667,0.886667,0.886667,1.24133,1.15267,1.01967,0.886667,0.842333,0.798,0.931,1.04183,0.919917,0.798,0.798,0.931,1.1305,1.23025,1.36879,1.3494,1.2067,1.02452,0.842333,1.04183,1.09725,1.12496,1.09448,0.990573,0.886667,0.798,0.975333,1.01967,0.908833,0.798,0.886667,0.931,0.8645,0.798,0.798,1.064,1.064,0.931,0.798,0.798,1.01967,1.17483,1.31892,1.28012,1.26073,1.2067,1.15267,1.03005,1.03005,1.03005,1.03005,1.03005,1.03005,1.03005,1.03005,1.03005,1.03005,1.03005,1.03005,1.03005,1.03005,28,7,9
0.975333,0.931,0.886667,1.08617,1.03075,1.31337,1.21085,1.11526,1.1783,1.34282,1.15907,1.02287,0.886667,0.8645,0.842333,0.8645,0.886667,0.886667,0.886667,0.842333,0.798,0.798,0.798,0.798,1.01967,1.2635,1.07508,0.886667,1.01967,0.953167,0.886667,0.886667,1.01967,0.9975,0.919917,0.842333,0.798,0.798,0.798,1.01967,0.953167,0.886667,0.975333,1.04183,1.09725,0.991958,0.886667,0.975333,1.01967,1.17483,0.986417,0.798,1.2635,1.14158,1.14712,1.0169,0.886667,1.01967,0.908833,0.798,0.9975,1.11942,1.09171,1.03352,1.40343,1.58838,1.54786,1.30593,1.34013,1.2464,1.06653,0.886667,0.975333,1.01967,1.21917,1.14158,0.969792,0.798,0.798,0.886667,0.842333,0.798,0.798,0.975333,1.10833,1.2635,1.16375,1.22471,1.18869,1.17068,1.16167,1.11284,1.08842,1.29788,1.09227,0.886667,0.886667,0.886667,0.886667,0.886667,0.798,0.975333,0.975333,1.01967,1.04183,0.986417,1.11387,1.00027,0.886667,1.15267,1.08617,1.14158,1.01412,0.886667,0.908833,0.96425,0.881125,0.798,1.04183,1.09725,0.947625,0.798,1.01008,1.01008,1.01008,1.01008,1.01008,1.01008,1.01008,1.01008,1.01008,1.01008,1.01008,20,11,6
1.24133,0.886667,0.798,0.886667,0.842333,0.798,1.064,1.24133,1.33,1.24133,1.04183,0.842333,1.1305,1.31892,1.23579,1.2829,1.26211,1.11872,1.29086,1.22176,1.05422,0.886667,0.798,0.8645,1.03075,0.914375,0.798,0.842333,0.931,1.17483,1.25242,1.33554,1.42144,1.30922,1.05361,0.798,0.798,0.798,0.798,0.842333,0.886667,0.886667,0.886667,0.798,1.01967,1.2635,1.25242,1.37987,1.35494,1.07647,0.798,0.842333,0.886667,0.975333,1.15267,1.24133,1.01967,0.798,0.8645,0.875583,0.886667,0.886667,0.886667,1.197,1.04183,0.886667,0.798,1.17483,1.16375,1.37987,1.4436,1.49764,1.25865,1.33866,1.3565,1.16591,1.00412,0.842333,0.931,0.8645,0.798,0.842333,0.886667,0.842333,0.798,0.842333,0.886667,0.798,1.01967,1.21917,1.25242,1.11387,1.00027,0.886667,0.886667,0.886667,0.798,1.10833,1.24133,1.28567,1.2635,1.11942,1.18037,1.16652,1.11526,1.20046,1.2209,1.31978,1.05889,0.798,0.931,1.21917,1.14158,1.34662,1.20531,1.26766,1.07716,0.886667,1.05044,1.05044,1.05044,1.05044,1.05044,1.05044,1.05044,1.05044,1.05044,1.05044,1.05044,1.05044,1.05044,1.05044,1.05044,16,5,5
0.798,1.064,0.953167,0.842333,1.08617,0.986417,0.886667,1.15267,1.44083,1.47408,1.13604,0.798,0.886667,0.886667,0.886667,1.10833,1.41867,1.3965,1.51842,1.37987,1.5101,1.50872,1.50803,1.50768,1.46317,1.44092,1.45196,1.30231,1.49349,1.23441,1.01621,0.798,1.04183,0.919917,0.798,0.886667,0.842333,0.798,0.886667,1.1305,1.23025,1.32446,1.4159,1.32861,1.37364,1.50699,1.41849,1.10825,0.798,0.886667,0.842333,0.798,0.798,0.798,0.798,0.886667,0.842333,0.798,1.10833,0.975333,0.842333,0.842333,1.17483,1.29675,1.35771,1.41035,1.41451,1.46092,1.39546,1.47356,1.51262,1.42131,1.39782,1.47474,1.31371,1.05585,0.798,0.798,1.10833,1.35217,1.20808,1.04737,0.886667,0.931,0.8645,0.798,1.08617,1.25242,1.33554,1.42144,1.26489,1.03144,0.798,0.886667,0.842333,0.798,1.01967,1.21917,1.29675,1.26904,1.38819,1.35909,1.43321,1.35944,1.38905,1.09353,0.798,0.798,0.975333,1.13236,1.13236,1.13236,1.13236,1.13236,1.13236,1.13236,1.13236,1.13236,1.13236,1.13236,1.13236,1.13236,1.13236,1.13236,1.13236,1.13236,1.13236,1.13236,1.13236,1.13236,1.13236,1.13236,1.13236,14,7,8
0.975333,0.886667,0.798,0.798,1.1305,1.09725,1.19146,1.30506,1.18453,1.19077,1.19388,1.28411,1.26272,1.16336,1.24668,1.24401,1.154,1.06467,0.953501,0.842333,0.798,0.798,1.064,1.10833,1.21917,1.20808,1.22471,1.18869,1.17068,1.16167,1.24584,1.19925,0.998626,0.798,0.842333,1.17483,1.03075,0.886667,0.842333,0.798,0.798,0.886667,0.953167,0.96425,0.881125,0.798,0.975333,1.064,1.064,0.975333,0.886667,0.842333,1.15267,0.975333,0.798,0.842333,0.886667,0.886667,1.21917,1.05292,0.886667,0.8645,0.842333,0.798,1.01967,0.975333,1.01967,1.08617,0.986417,0.886667,1.15267,1.01967,0.886667,0.842333,1.10833,1.30783,1.09725,0.886667,1.21917,1.36325,1.10279,0.842333,1.04183,1.16375,1.02521,0.886667,1.10833,0.975333,0.842333,0.886667,1.21917,1.36325,1.43529,1.29398,1.09032,0.886667,0.886667,1.10833,0.953167,0.798,0.798,1.15267,1.24133,1.3965,1.45192,1.43529,1.11665,0.798,0.798,0.798,0.975333,1.30783,1.40758,1.36879,1.33,1.04489,1.04489,1.04489,1.04489,1.04489,1.04489,1.04489,1.04489,1.04489,1.04489,1.04489,1.04489,1.04489,1.04489,1.04489,1.04489,1.04489,1.04489,12,9,9
0.842333,0.953167,1.03075,0.914375,0.798,1.064,0.975333,0.886667,1.08617,1.16375,1.15821,1.1111,1.04322,1.00928,0.925805,0.842333,1.08617,1.29675,1.31337,1.45469,1.32584,1.10626,0.886667,0.886667,0.842333,0.798,0.886667,1.064,1.10833,1.30783,1.23025,1.08062,0.939312,0.798,0.886667,0.842333,0.798,0.798,0.798,0.842333,0.820167,0.798,0.798,0.798,0.798,0.9975,1.16375,1.20254,1.00027,0.798,0.798,0.886667,0.975333,1.10833,1.08617,0.942083,0.798,1.17483,1.16375,1.11387,0.955937,0.798,1.17483,1.20808,1.09171,1.07785,1.20393,1.22263,1.16548,1.02607,0.886667,0.886667,0.886667,0.798,1.24133,1.17483,1.29675,1.13604,1.18869,1.17068,1.22817,1.19042,1.12721,1.00694,0.886667,0.842333,0.798,1.15267,1.197,1.30783,1.23025,1.34662,1.24965,1.37849,1.26558,1.20912,1.24739,1.31086,1.29827,1.04813,0.798,0.931,0.931,1.15267,1.33,1.28567,1.1305,1.05292,0.947625,0.842333,0.842333,0.842333,0.8645,0.886667,1.04183,1.07508,1.18037,1.28567,1.04013,1.04013,1.04013,1.04013,1.04013,1.04013,1.04013,1.04013,1.04013,1.04013,1.04013,1.04013,1.04013,1.04013,1.04013,8,2,2
1.064,0.953167,0.842333,0.9975,1.05292,1.14712,1.1499,1.19561,1.17414,1.2299,1.12479,1.13873,1.16786,1.0051,0.842333,1.04183,1.07508,1.13604,1.18869,1.12634,1.18384,1.21259,1.07179,1.15656,1.15461,0.976307,0.798,1.01967,0.931,0.842333,1.04183,0.96425,0.886667,1.1305,0.96425,0.798,1.01967,0.9975,1.11942,1.15821,1.1111,1.13189,1.18661,0.992305,0.798,0.931,0.8645,0.798,1.064,0.953167,0.842333,1.04183,1.05292,1.05846,1.10556,1.10695,1.17414,1.25207,1.2467,1.17752,1.20943,1.07021,1.17794,1.1653,1.02598,0.886667,1.10833,1.04183,1.00858,1.16929,1.02798,0.886667,1.15267,1.10833,1.064,1.15267,1.01967,0.886667,1.064,0.953167,0.842333,0.953167,0.942083,1.06954,1.55444,1.33139,1.55236,1.30818,1.58509,1.32454,1.26077,1.11805,1.13536,1.18835,1.03751,0.886667,0.9975,1.03075,1.18037,1.12219,1.00443,0.886667,1.10833,0.953167,0.798,1.064,0.931,0.798,1.01967,0.953167,0.886667,1.04183,1.00858,1.14712,1.19423,1.24133,1.06557,1.06557,1.06557,1.06557,1.06557,1.06557,1.06557,1.06557,1.06557,1.06557,1.06557,1.06557,1.06557,1.06557,1.06557,1.06557,1.06557,18,5,5
0.798,0.798,0.798,0.8645,0.875583,0.886667,0.798,0.798,0.798,1.064,1.08617,1.07508,1.15821,1.2441,1.06539,0.886667,0.908833,0.986417,1.06954,0.978104,0.886667,1.01967,0.931,0.842333,0.820167,0.798,0.798,0.798,0.886667,0.931,0.931,1.10833,1.1305,1.07508,1.20254,1.06677,1.13189,1.25311,1.13639,1.01153,0.886667,0.931,1.08617,1.47408,1.15821,0.842333,0.886667,1.01967,0.9975,1.07508,1.31337,1.14435,0.971177,0.798,0.798,0.886667,1.28567,1.064,0.842333,0.9975,0.89775,0.798,1.064,0.953167,0.842333,0.820167,0.798,0.798,0.798,1.01967,1.04183,1.11942,1.18037,1.07785,1.15959,1.2448,1.06573,0.886667,1.064,0.931,0.798,0.975333,0.975333,0.975333,1.17483,1.03075,0.886667,1.01967,0.9975,1.11942,0.958708,0.798,0.931,0.9975,0.89775,0.798,0.886667,0.886667,1.15267,1.04183,1.23025,1.19146,1.03906,0.886667,0.798,0.798,0.820167,0.842333,0.798,0.798,0.798,0.798,0.798,0.886667,1.21917,1.09725,1.08062,1.02798,1.17899,0.988495,0.798,1.10833,1.21917,1.05292,0.886667,0.977252,0.977252,0.977252,0.977252,0.977252,0.977252,0.977252,0.977252,10,5,7
1.15267,1.197,1.15267,1.197,1.1305,1.14158,1.10279,1.12773,1.09586,1.12427,1.1163,1.17882,1.07707,1.1592,1.1116,1.13213,1.1424,1.14753,1.19443,1.19572,1.26286,1.2521,1.24671,1.19969,1.22051,1.18659,1.21396,1.20548,1.22341,1.18804,1.25902,1.29451,1.24575,1.24354,1.22027,1.25297,1.15848,1.19991,1.15412,1.21989,1.16411,1.20272,1.2442,1.2871,1.24205,1.30819,1.2526,1.26913,1.2774,1.2372,1.2836,1.28463,1.26298,1.25216,1.24675,1.28837,1.24269,1.28634,1.26384,1.25259,1.24696,1.24415,1.19841,1.2642,1.1641,1.22488,1.14444,1.19289,1.17278,1.20706,1.17986,1.16626,1.22597,1.27798,1.17099,1.20616,1.17941,1.21037,1.22585,1.23359,1.2818,1.32807,1.24037,1.19652,1.21892,1.23013,1.16923,1.27178,1.12356,1.20461,1.15647,1.1324,1.1647,1.13652,1.14459,1.1043,1.17281,1.18491,1.16879,1.18289,1.16778,1.20456,1.24511,1.24322,1.22011,1.20856,1.24711,1.22206,1.197,1.20531,1.20531,1.20531,1.20531,1.20531,1.20531,1.20531,1.20531,1.20531,1.20531,1.20531,1.20531,1.20531,1.20531,1.20531,1.20531,1.20531,1.20531,1.20531,1.20531,1.20531,1.20531,1.20531,1.20531,12,7,6
0.798,0.798,0.931,1.10833,1.21917,1.00858,0.798,0.798,0.9975,1.25242,1.15821,1.35494,1.23164,1.36948,1.37191,1.35095,1.29614,1.04707,0.798,0.798,1.064,0.931,0.798,0.798,1.01967,1.197,1.35217,1.25242,1.02521,0.798,0.798,1.01967,1.197,0.9975,0.798,0.798,0.798,0.798,0.886667,1.30783,1.27458,1.39096,1.09448,0.798,0.798,0.8645,0.83125,0.798,0.798,0.798,0.886667,0.842333,0.798,0.886667,0.842333,0.798,0.798,0.798,0.931,1.17483,1.45192,1.16929,0.886667,1.01967,0.908833,0.798,0.798,0.842333,0.886667,0.886667,0.886667,0.975333,1.2635,1.34108,1.42421,1.26627,1.54197,1.30298,1.13916,1.01291,0.886667,0.886667,0.886667,0.798,1.17483,1.16375,1.29121,1.22194,1.00997,0.798,0.798,0.908833,0.853417,0.798,1.15267,1.15267,1.21917,1.27458,1.30229,1.31615,1.41174,1.2822,1.32827,1.32913,1.32957,1.06378,0.798,0.798,0.798,0.798,0.842333,0.820167,0.798,0.798,1.15267,1.08617,0.942083,0.798,0.798,0.798,0.798,1.0131,1.0131,1.0131,1.0131,1.0131,1.0131,1.0131,1.0131,1.0131,1.0131,1.0131,1.0131,18,6,5
0.886667,0.798,1.01967,0.953167,0.886667,1.197,1.17483,1.16375,1.24687,1.02244,0.798,0.798,1.064,1.064,1.15267,1.28567,1.2635,1.20808,1.31337,1.38819,1.27043,1.34455,1.33727,1.24497,1.33182,1.19791,1.17529,1.27481,1.25807,1.20537,1.26768,1.25451,1.20359,1.31113,1.1654,1.20337,1.26668,1.07667,0.886667,1.10833,1.01967,1.1305,1.18592,1.19146,1.17206,1.11803,1.17968,1.21051,1.27025,1.03413,0.798,1.04183,0.96425,0.886667,1.10833,0.953167,0.798,1.064,0.975333,0.886667,1.10833,1.1305,1.14158,1.23579,1.1499,1.15128,1.52881,1.4294,1.29104,1.04452,0.798,1.064,0.975333,0.886667,1.10833,1.28567,1.17483,1.29675,1.09171,0.886667,1.10833,1.08617,1.11942,1.20254,1.35494,1.20947,1.00373,0.798,0.798,0.975333,1.197,1.10833,1.21917,1.36325,1.12496,0.886667,1.10833,1.10833,1.17483,1.25242,1.26904,1.18869,1.28151,1.21709,1.20704,1.31286,1.07759,0.842333,1.15267,0.975333,0.798,1.064,1.11984,1.11984,1.11984,1.11984,1.11984,1.11984,1.11984,1.11984,1.11984,1.11984,1.11984,1.11984,1.11984,1.11984,1.11984,1.11984,1.11984,1.11984,1.11984,1.11984,1.11984,6,0,1
0.798,0.798,0.798,0.886667,1.10833,1.21917,1.00858,0.798,0.842333,0.886667,0.842333,0.8645,0.886667,0.798,0.798,0.908833,0.853417,0.798,0.798,0.798,0.886667,0.975333,1.10833,1.01967,0.953167,0.886667,1.01967,0.908833,0.798,0.975333,1.17483,1.16375,0.980875,0.798,0.798,0.8645,0.83125,0.798,0.886667,0.8645,0.842333,0.798,0.931,0.9975,0.89775,0.798,0.842333,0.886667,0.975333,1.10833,1.064,0.931,0.798,0.798,1.064,1.24133,1.2635,1.29675,1.22471,1.01135,0.798,0.798,0.953167,1.05292,0.925458,0.798,0.842333,0.886667,0.842333,0.798,0.798,0.798,0.798,0.842333,0.886667,1.01967,1.04183,1.20808,1.00304,0.798,0.798,0.975333,1.24133,1.08617,0.986417,0.886667,0.886667,0.842333,0.798,0.8645,1.00858,0.903292,0.798,0.798,0.886667,1.01967,1.17483,1.38542,1.46854,1.26627,1.14297,1.32515,1.17241,1.2512,1.11327,1.1773,1.25365,1.24749,1.26658,1.03229,0.798,0.886667,0.798,1.10833,1.01967,0.908833,0.798,0.886667,1.064,1.01967,0.953167,0.886667,0.931,0.8645,0.798,0.798,0.955683,0.955683,0.955683,0.955683,0.955683,0.955683,0.955683,12,3,4
0.886667,0.798,0.886667,1.197,1.1305,1.27458,1.25796,1.13881,0.968406,0.798,0.842333,0.886667,1.064,0.9975,0.89775,0.798,1.01967,0.908833,0.798,0.798,0.9975,1.31892,1.10279,0.886667,0.886667,0.798,0.842333,1.08617,1.20808,1.31337,1.10002,0.886667,0.931,0.908833,0.886667,0.798,0.908833,0.853417,0.798,0.886667,0.886667,0.886667,0.931,0.8645,0.798,1.064,0.931,0.798,0.931,0.931,0.953167,0.96425,0.925458,0.886667,0.842333,0.798,0.798,0.798,0.798,0.798,0.798,0.798,0.798,0.798,0.9975,0.942083,0.886667,1.15267,1.24133,1.1305,1.00858,0.886667,0.931,0.8645,0.798,0.886667,0.798,0.842333,1.17483,1.11942,1.13604,1.16652,1.31476,1.07855,0.842333,0.820167,0.798,0.798,0.798,0.886667,1.08617,1.16375,1.40204,1.27735,1.39234,1.27251,1.30125,1.24913,1.0679,0.886667,0.798,1.15267,1.17483,0.986417,0.798,0.886667,0.931,0.8645,0.798,0.798,1.10833,1.08617,1.16375,1.29121,1.1776,1.40897,1.23648,1.23891,1.01845,0.798,0.798,1.01967,1.1305,1.24133,0.982468,0.982468,0.982468,0.982468,0.982468,0.982468,0.982468,0.982468,0.982468,18,7,12
1.33,1.064,0.798,1.01967,1.17483,1.09725,1.21362,1.27181,1.21224,1.35979,1.16756,1.11578,1.20072,1.17669,1.25335,1.33601,1.28867,1.22067,1.31967,1.32483,1.19442,1.32871,1.10769,0.886667,1.064,1.24133,1.15267,1.33,1.197,1.17483,1.23025,1.36879,1.2164,1.36186,1.3016,1.13847,1.27857,1.34862,1.13981,1.27924,1.34895,1.25081,1.33474,1.28804,1.26468,1.25301,1.24717,1.31075,1.40904,1.28085,1.26109,1.38421,1.26844,1.18839,1.30353,1.27243,1.25688,1.29344,1.26739,1.25436,1.38085,1.24459,1.17646,1.25323,1.29162,1.19997,1.24282,1.35291,1.25279,1.33573,1.3772,1.26493,1.29747,1.24723,1.19995,1.26497,1.34182,1.29158,1.31079,1.34256,1.31411,1.34422,1.35928,1.25597,1.31515,1.32258,1.23762,1.32814,1.37341,1.2852,1.3076,1.23013,1.23573,1.28287,1.1956,1.24063,1.28532,1.35199,1.23016,1.32441,1.19421,1.21777,1.22955,1.01378,0.798,1.24731,1.24731,1.24731,1.24731,1.24731,1.24731,1.24731,1.24731,1.24731,1.24731,1.24731,1.24731,1.24731,1.24731,1.24731,1.24731,1.24731,1.24731,1.24731,1.24731,1.24731,1.24731,1.24731,1.24731,1.24731,1.24731,1.24731,1.24731,10,3,6
1.24133,1.2635,1.34108,1.35771,1.14435,1.03768,1.00651,1.07959,1.27129,1.47798,1.47049,1.28941,1.13237,1.31985,1.23626,1.19446,1.32873,1.3072,1.3186,1.21347,1.20523,1.35628,1.25447,1.1814,1.30004,1.35935,1.21168,1.2265,1.21175,1.31521,1.23394,1.41497,1.26165,1.27366,1.2575,1.24941,1.17887,1.25444,1.20355,1.35544,1.27622,1.43611,1.22789,1.23461,1.23797,1.32832,1.17399,1.252,1.2245,1.32158,1.17062,1.27248,1.25691,1.29345,1.28956,1.37628,1.24231,1.24182,1.19724,1.21929,1.14164,1.25799,1.22749,1.38958,1.22679,1.38923,1.20445,1.08989,1.38728,1.24781,1.59924,1.44245,1.34189,1.22511,1.27756,1.48111,1.18389,0.886667,1.55167,1.5295,1.18592,0.842333,1.04183,1.14158,1.10279,1.1499,1.21778,1.31822,1.30195,1.36031,1.43382,1.35974,1.34487,1.44827,1.16747,0.886667,0.931,1.197,1.08617,1.27458,1.25796,1.24965,1.04599,0.842333,1.24884,1.24884,1.24884,1.24884,1.24884,1.24884,1.24884,1.24884,1.24884,1.24884,1.24884,1.24884,1.24884,1.24884,1.24884,1.24884,1.24884,1.24884,1.24884,1.24884,1.24884,1.24884,1.24884,1.24884,1.24884,1.24884,1.24884,1.24884,1.24884,8,7,5
0.975333,1.15267,1.197,1.2635,1.20808,1.35771,1.29952,1.35909,1.23371,1.34836,1.22835,1.01317,0.798,0.798,1.197,1.15267,1.44083,1.45192,1.25796,1.42698,1.31199,1.23233,1.43633,1.2945,1.09058,0.886667,0.842333,1.28567,1.24133,1.064,0.886667,0.842333,0.8645,0.886667,0.798,1.24133,1.197,0.9975,0.798,0.886667,1.15267,1.15267,1.10833,0.975333,0.842333,1.15267,1.15267,1.064,0.953167,0.842333,0.908833,0.919917,1.08062,1.07231,1.04599,1.05499,0.992997,0.961999,1.05733,0.927666,0.798,0.798,1.197,1.48517,1.31892,1.45746,1.43806,1.36186,1.1021,0.842333,1.08617,1.11942,1.33554,1.3771,1.30922,1.05361,0.798,1.064,0.953167,0.842333,0.798,0.8645,0.875583,0.886667,0.8645,0.842333,0.953167,0.919917,0.886667,1.197,1.30783,1.27458,1.05846,0.842333,1.04183,0.919917,0.798,0.9975,1.36325,1.25796,1.16098,1.02382,0.886667,1.197,1.21917,1.42975,1.24687,1.1111,0.998885,0.886667,0.931,0.886667,0.842333,1.37433,1.08373,1.08373,1.08373,1.08373,1.08373,1.08373,1.08373,1.08373,1.08373,1.08373,1.08373,1.08373,1.08373,1.08373,1.08373,1.08373,1.08373,1.08373,1.08373,8,4,2
1.50733,1.44083,1.54058,1.39096,1.29398,1.09032,0.886667,1.463,1.197,1.21917,1.05292,0.886667,1.10833,0.975333,0.842333,0.931,0.908833,0.886667,1.197,0.9975,0.798,1.1305,0.986417,0.842333,1.24133,1.28567,1.197,1.04183,0.886667,1.1305,1.03075,1.00304,1.10002,1.03768,1.05084,1.03525,0.983126,1.0014,1.05486,0.926432,0.798,1.04183,0.942083,0.842333,0.9975,1.00858,1.05846,1.17206,0.985031,0.798,1.37433,1.28567,1.10833,0.975333,0.842333,1.064,0.931,0.798,1.04183,1.03075,1.06954,1.02244,1.10972,0.976026,0.842333,0.842333,0.842333,1.35217,1.29675,1.22471,1.01135,0.798,1.08617,0.986417,0.886667,1.15267,0.9975,0.842333,0.931,1.04183,1.05292,1.50179,1.30506,1.6722,1.4346,1.47097,1.17882,0.886667,1.5295,1.34108,1.66804,1.34385,1.29259,1.0453,0.798,1.04183,0.919917,0.798,0.842333,0.886667,0.9975,1.36325,1.30229,1.53781,1.30091,1.31545,1.05673,0.798,1.3965,1.29675,1.35771,1.41867,1.09946,1.09946,1.09946,1.09946,1.09946,1.09946,1.09946,1.09946,1.09946,1.09946,1.09946,1.09946,1.09946,1.09946,1.09946,1.09946,1.09946,1.09946,1.09946,1.09946,1.09946,0,1,2
1.10833,0.9975,0.886667,1.21917,1.36325,1.34662,1.16098,1.11249,1.28774,1.08721,0.886667,1.2635,1.23025,1.34662,1.47131,1.37849,1.13258,0.886667,1.5295,1.34108,1.09171,0.842333,0.9975,1.36325,1.41312,1.12773,0.842333,0.798,0.975333,0.953167,1.09725,1.65696,1.42698,1.31199,1.16583,1.18141,1.54387,1.37044,1.10639,0.842333,1.04183,1.18592,0.991958,0.798,0.842333,0.886667,1.15267,0.9975,0.842333,0.886667,1.24133,1.35217,1.34108,1.09171,0.842333,1.10833,1.04183,1.05292,1.25796,1.05015,0.842333,1.24133,1.35217,1.45192,1.50179,1.39373,1.3397,1.37918,1.08859,0.798,1.04183,1.00858,1.03629,1.13881,1.16791,1.42629,1.35598,1.07699,0.798,1.10833,1.2635,1.29675,1.06954,0.842333,0.842333,0.842333,1.21917,1.31892,1.43529,1.13881,0.842333,1.197,1.01967,0.842333,1.10833,0.975333,0.842333,1.08617,1.31892,1.36879,1.32723,1.43945,1.38472,1.4682,1.5321,1.596,1.15392,1.15392,1.15392,1.15392,1.15392,1.15392,1.15392,1.15392,1.15392,1.15392,1.15392,1.15392,1.15392,1.15392,1.15392,1.15392,1.15392,1.15392,1.15392,1.15392,1.15392,1.15392,1.15392,1.15392,1.15392,1.15392,1.15392,2,1,4
0.798,1.3965,1.69575,1.62371,1.32169,1.48101,1.25034,1.48967,1.299,1.514,1.31117,1.52008,1.29204,1.48835,1.27618,1.54692,1.30546,1.42856,1.22412,1.43222,1.24811,1.46639,1.28736,1.57468,1.31934,1.41334,1.26084,1.53925,1.27946,1.50423,1.28411,1.57306,1.29636,1.40185,1.25509,1.46988,1.31127,1.49797,1.32532,1.39416,1.22908,1.41254,1.26044,1.56122,1.29044,1.42105,1.15386,0.886667,0.9975,1.36325,1.21362,1.38265,1.22332,1.52049,1.38091,1.13379,0.886667,0.886667,1.17483,1.11942,1.29121,1.1776,1.43114,1.2919,1.48828,1.38698,1.44715,1.32208,1.41471,1.23935,1.41768,1.30734,1.629,1.30217,1.47125,1.28979,1.42073,1.30886,1.4746,1.3358,1.64323,1.28712,1.35289,1.20845,1.51306,1.22203,1.54201,1.23651,1.34975,1.20688,1.22411,1.05539,0.886667,0.931,0.908833,0.886667,0.886667,1.31633,1.31633,1.31633,1.31633,1.31633,1.31633,1.31633,1.31633,1.31633,1.31633,1.31633,1.31633,1.31633,1.31633,1.31633,1.31633,1.31633,1.31633,1.31633,1.31633,1.31633,1.31633,1.31633,1.31633,1.31633,1.31633,1.31633,1.31633,1.31633,1.31633,1.31633,1.31633,1.31633,1.31633,1.31633,1.31633,4,0,1
1.37433,1.33,1.68467,1.33,1.35217,1.29675,1.29121,1.26627,1.63064,1.32515,1.39408,1.09604,0.798,0.931,1.08617,1.51842,1.24687,1.7096,1.3203,1.41382,1.12808,0.842333,0.953167,1.25242,1.33554,1.26627,1.56414,1.3584,1.45503,1.21518,1.09526,1.54513,1.4154,1.3727,1.35135,1.45151,1.32425,1.74829,1.36181,1.50107,1.4377,1.42819,1.33476,1.35455,1.34227,1.3583,1.25548,1.29274,1.2227,1.34285,1.24776,1.44405,1.43136,1.53584,1.38859,1.35929,1.30031,1.24866,1.28933,1.39833,1.12033,0.842333,1.37433,1.24133,1.30783,1.29675,1.40204,1.41035,1.37018,1.15059,1.12946,1.3184,1.27987,1.28277,1.37288,1.75044,1.40722,1.76761,1.41581,1.4394,1.34037,1.33518,1.31043,1.63055,1.30294,1.64897,1.33432,1.33216,1.33108,1.35271,1.36352,1.63493,1.23863,0.842333,0.908833,1.07508,1.24133,1.32834,1.32834,1.32834,1.32834,1.32834,1.32834,1.32834,1.32834,1.32834,1.32834,1.32834,1.32834,1.32834,1.32834,1.32834,1.32834,1.32834,1.32834,1.32834,1.32834,1.32834,1.32834,1.32834,1.32834,1.32834,1.32834,1.32834,1.32834,1.32834,1.32834,1.32834,1.32834,1.32834,1.32834,1.32834,1.32834,0,0,0
1.064,1.10833,1.24133,1.28567,1.35217,1.42975,1.40204,1.47685,1.42559,1.35563,1.34282,1.26991,1.25562,1.04898,0.842333,1.064,1.24133,1.33,1.35217,1.34108,1.35771,1.38819,1.40343,1.45538,1.41486,1.48326,1.4288,1.46807,1.4212,1.35343,1.38605,1.31369,1.34401,1.38134,1.37784,1.42042,1.44171,1.47452,1.42443,1.37721,1.46444,1.35289,1.40794,1.52414,1.42707,1.1347,0.842333,1.10833,1.3965,1.42975,1.40204,1.38819,1.38126,1.42213,1.44257,1.40845,1.52439,1.3607,1.45618,1.43742,1.45021,1.45661,1.48197,1.42815,1.55641,1.46537,1.64152,1.53009,1.49655,1.52411,1.58222,1.50044,1.63689,1.52778,1.60622,1.49028,1.49881,1.43657,1.58278,1.47856,1.16045,0.842333,1.10833,0.9975,0.886667,1.17483,1.40758,1.39096,1.36048,1.34524,1.33762,1.40031,1.32082,1.32541,1.10604,0.886667,1.35499,1.35499,1.35499,1.35499,1.35499,1.35499,1.35499,1.35499,1.35499,1.35499,1.35499,1.35499,1.35499,1.35499,1.35499,1.35499,1.35499,1.35499,1.35499,1.35499,1.35499,1.35499,1.35499,1.35499,1.35499,1.35499,1.35499,1.35499,1.35499,1.35499,1.35499,1.35499,1.35499,1.35499,1.35499,1.35499,1.35499,10,4,4
0.931,1.2635,1.23025,1.08062,1.05015,0.94624,0.842333,1.17483,1.31892,1.10279,0.886667,0.886667,0.886667,0.842333,0.798,1.30783,1.16375,1.53504,1.32169,1.65834,1.71584,1.45642,1.14938,0.842333,1.197,1.04183,0.886667,0.842333,0.798,1.04183,0.96425,0.886667,1.04183,1.34108,1.64587,1.33277,1.26489,1.03144,0.798,1.37433,1.17483,1.47408,1.26904,1.56552,1.33693,1.68813,1.33173,1.5747,1.27502,1.56851,1.24975,1.04604,0.842333,0.842333,0.886667,0.953167,1.40758,1.21362,1.55998,1.33416,1.64241,1.35321,1.6076,1.31363,1.58782,1.32591,1.66045,1.34006,1.6232,1.3436,1.58063,1.30015,1.62541,1.3447,1.71419,1.36693,1.3263,1.08431,0.842333,1.41867,1.24133,1.596,1.2635,1.60708,1.33554,1.68744,1.33139,1.64103,1.30818,1.29692,1.37996,1.66531,1.34249,1.20325,1.33312,1.59756,1.33078,1.30822,1.42995,1.55167,1.27327,1.27327,1.27327,1.27327,1.27327,1.27327,1.27327,1.27327,1.27327,1.27327,1.27327,1.27327,1.27327,1.27327,1.27327,1.27327,1.27327,1.27327,1.27327,1.27327,1.27327,1.27327,1.27327,1.27327,1.27327,1.27327,1.27327,1.27327,1.27327,1.27327,1.27327,1.27327,1.27327,8,4,0
1.41867,1.463,1.28567,1.61817,1.54058,1.43529,1.16098,0.886667,1.08617,0.986417,0.886667,1.21917,1.56275,1.44637,1.14435,0.842333,1.01967,1.24133,1.30783,1.38542,1.49071,1.29952,1.42559,1.22263,1.27632,1.19232,1.41633,1.218,1.16317,1.29092,1.39912,1.3424,1.58003,1.41068,1.19301,1.21717,1.20709,1.31288,1.32144,1.32572,1.26136,1.29568,1.06901,0.842333,0.886667,1.24133,1.30783,1.31892,1.45746,1.57106,1.31753,1.41243,1.37122,1.08461,0.798,0.908833,1.40758,1.21362,1.40481,1.27874,1.37087,1.3061,1.53972,1.27969,1.43785,1.31742,1.10204,0.886667,0.953167,1.38542,1.13604,0.886667,0.931,0.953167,1.00858,0.969792,1.2164,1.16236,1.35702,1.23267,1.45867,1.19484,1.30675,1.27404,1.43502,1.27168,1.38951,1.20459,1.28946,1.1324,1.2977,1.13652,1.54359,1.28163,1.59398,1.41766,1.63983,1.30758,1.42962,1.18031,0.989156,0.798,0.842333,1.24795,1.24795,1.24795,1.24795,1.24795,1.24795,1.24795,1.24795,1.24795,1.24795,1.24795,1.24795,1.24795,1.24795,1.24795,1.24795,1.24795,1.24795,1.24795,1.24795,1.24795,1.24795,1.24795,1.24795,1.24795,1.24795,1.24795,1.24795,1.24795,1.24795,0,0,0
1.24133,1.28567,1.55167,1.28567,1.21917,1.00858,0.798,1.33,1.21917,1.51842,1.26904,1.63202,1.34801,1.31684,1.10175,0.886667,1.04183,0.986417,1.15821,1.5101,1.30922,1.31961,1.41347,1.41607,1.4617,1.41802,1.13018,0.842333,1.064,0.975333,0.886667,1.3965,1.25242,1.49071,1.25519,1.55859,1.28913,1.17657,0.987283,0.798,1.01967,0.931,0.842333,1.17483,1.31892,1.41312,1.3494,1.45053,1.4346,1.4488,1.4559,1.39295,1.38364,1.55632,1.24366,1.5085,1.28625,1.48546,1.2304,1.25803,1.24968,1.48934,1.23234,1.5915,1.37208,1.32888,1.06344,0.798,1.30783,1.20808,1.40204,1.21085,1.60293,1.33346,1.66423,1.40845,1.65739,1.4272,1.53376,1.29888,1.24794,1.2668,1.47574,1.20337,1.48835,1.29834,1.18117,1.01175,0.842333,1.5295,1.29675,1.40204,1.34385,1.71376,1.34455,1.13777,1.27822,1.25978,1.40572,1.55167,1.28794,1.28794,1.28794,1.28794,1.28794,1.28794,1.28794,1.28794,1.28794,1.28794,1.28794,1.28794,1.28794,1.28794,1.28794,1.28794,1.28794,1.28794,1.28794,1.28794,1.28794,1.28794,1.28794,1.28794,1.28794,1.28794,1.28794,1.28794,1.28794,1.28794,1.28794,1.28794,1.28794,0,0,1
1.28567,1.2635,1.23025,1.28012,1.32723,1.30645,1.25172,1.22436,1.21068,1.20384,1.24475,1.24304,1.24219,1.26393,1.29696,1.31348,1.25524,1.22612,1.21156,1.18211,1.23389,1.19328,1.26164,1.27365,1.27966,1.23833,1.23983,1.19625,1.19662,1.19681,1.28557,1.28562,1.30781,1.36324,1.30229,1.27181,1.27874,1.2157,1.22852,1.23493,1.21596,1.25081,1.29041,1.28804,1.26469,1.25301,1.26934,1.23317,1.25942,1.25038,1.26802,1.25468,1.24801,1.20034,1.19867,1.13133,1.16417,1.15842,1.22204,1.23169,1.28084,1.28326,1.28446,1.2629,1.22995,1.16914,1.18307,1.19004,1.26002,1.27284,1.32359,1.30463,1.31731,1.27932,1.26033,1.273,1.235,1.216,1.25083,1.31258,1.29912,1.24806,1.20036,1.19868,1.19784,1.19742,1.24154,1.17494,1.20814,1.15823,1.19978,1.17623,1.18661,1.14747,1.17224,1.14028,1.23514,1.14957,1.12895,1.16298,1.15782,1.08874,1.14287,1.08127,1.1613,1.17915,1.197,1.23197,1.23197,1.23197,1.23197,1.23197,1.23197,1.23197,1.23197,1.23197,1.23197,1.23197,1.23197,1.23197,1.23197,1.23197,1.23197,1.23197,1.23197,1.23197,1.23197,1.23197,1.23197,1.23197,1.23197,1.23197,1.23197,4,2,0
1.15267,1.28567,1.24133,1.33,1.30783,1.25242,1.33554,1.06677,0.798,1.24133,1.21917,1.29675,1.22471,1.21085,1.29259,1.35563,1.27632,1.34749,1.18358,1.14596,1.23798,1.17316,1.18508,1.27971,1.39352,1.29526,1.35696,1.54298,1.36999,1.39433,1.29566,1.22417,1.29925,1.11512,1.11173,1.24303,1.15352,1.15309,1.28588,1.19711,1.15272,1.26353,1.1416,1.14713,1.26073,1.49487,1.4346,1.6483,1.53348,1.25441,1.20354,1.28894,1.2873,1.24215,1.39691,1.45212,1.43539,1.60436,1.53368,1.58701,1.50284,1.19475,0.886667,1.1305,1.11942,1.11387,1.26627,1.1873,1.16998,1.29433,1.556,1.46516,1.53058,1.49679,1.5464,1.48253,1.3176,1.23513,1.28257,1.26195,1.22947,1.32407,1.0832,0.842333,1.08617,1.07508,1.11387,1.2441,1.30922,1.25311,1.31372,1.43269,1.31485,1.36676,1.23755,1.19511,1.28472,1.32953,1.26326,1.34096,1.41867,1.28053,1.28053,1.28053,1.28053,1.28053,1.28053,1.28053,1.28053,1.28053,1.28053,1.28053,1.28053,1.28053,1.28053,1.28053,1.28053,1.28053,1.28053,1.28053,1.28053,1.28053,1.28053,1.28053,1.28053,1.28053,1.28053,1.28053,1.28053,1.28053,1.28053,1.28053,1.28053,6,5,2
1.463,1.33,1.37433,1.17483,1.18592,1.39096,1.51565,1.46716,1.42074,1.30887,1.49677,1.45772,1.43819,1.29543,1.20188,1.42111,1.41989,1.48578,1.47439,1.42436,1.48801,1.67501,1.48034,1.4495,1.67792,1.59263,1.28398,1.15182,1.35174,1.56254,1.57927,1.38813,1.3369,1.39995,1.47581,1.42507,1.4662,1.5976,1.7298,1.55207,1.50753,1.1971,0.886667,1.33,1.28567,1.3965,1.31892,1.54612,1.46023,1.57245,1.49556,1.54578,1.37139,1.35069,1.09651,0.842333,1.24133,1.24133,1.61817,1.36325,1.47962,1.36048,1.65557,1.38195,1.44464,1.18782,1.10374,1.03954,1.00744,1.25738,1.22719,1.25643,1.44838,1.47786,1.44826,1.45563,1.41498,1.77149,1.41775,1.32954,1.68444,1.37422,1.28561,1.1748,1.07507,1.00303,1.18868,1.25934,1.36117,1.41209,1.50404,1.32835,1.37351,1.21876,1.064,1.37423,1.37423,1.37423,1.37423,1.37423,1.37423,1.37423,1.37423,1.37423,1.37423,1.37423,1.37423,1.37423,1.37423,1.37423,1.37423,1.37423,1.37423,1.37423,1.37423,1.37423,1.37423,1.37423,1.37423,1.37423,1.37423,1.37423,1.37423,1.37423,1.37423,1.37423,1.37423,1.37423,1.37423,1.37423,1.37423,1.37423,1.37423,0,0,0
1.28567,1.30783,1.25242,1.20254,1.3106,1.3868,1.26973,1.3442,1.4701,1.33355,1.33178,1.24222,1.17528,1.27481,1.2359,1.19428,1.30648,1.45124,1.30195,1.36031,1.25649,1.18241,1.25621,1.18227,1.16747,1.18223,1.18962,1.21548,1.33924,1.37895,1.28798,1.33115,1.13108,1.09754,1.23594,1.1278,1.14023,1.27945,1.28256,1.21761,1.29597,1.64549,1.37691,1.39779,1.56339,1.35803,1.41052,1.59192,1.39446,1.42873,1.4237,1.31035,1.34234,1.3805,1.26659,1.34263,1.42498,1.31099,1.36483,1.48041,1.31654,1.34544,1.29339,1.20086,1.30976,1.07605,0.842333,1.08617,1.03075,1.06954,1.22194,1.27597,1.23648,1.30541,1.4507,1.32385,1.37126,1.3063,1.22948,1.25757,1.18295,1.16781,1.29324,1.08995,0.886667,1.15267,1.30783,1.23025,1.32446,1.17206,1.1402,1.6341,1.37122,1.37277,1.35139,1.27419,1.34643,1.18305,1.14569,1.26001,1.13984,1.01967,1.27673,1.27673,1.27673,1.27673,1.27673,1.27673,1.27673,1.27673,1.27673,1.27673,1.27673,1.27673,1.27673,1.27673,1.27673,1.27673,1.27673,1.27673,1.27673,1.27673,1.27673,1.27673,1.27673,1.27673,1.27673,1.27673,1.27673,1.27673,1.27673,1.27673,1.27673,16,6,4
1.33,1.33,1.50733,1.50733,1.35217,1.34108,1.15821,1.13327,1.1873,1.14782,1.10591,1.43962,1.38481,1.33524,1.13312,1.14289,1.25861,1.11697,1.06832,1.17699,1.03183,0.886667,1.10833,1.463,1.3965,1.14158,0.886667,1.1305,1.07508,1.09171,1.23302,1.48101,1.40551,1.52292,1.44863,1.56665,1.51482,1.62191,1.49812,1.30323,1.05061,0.798,1.197,1.2635,1.07508,0.886667,0.842333,0.820167,0.798,1.04183,1.07508,0.936542,0.798,0.886667,0.975333,1.15267,1.10833,1.08617,1.20808,1.00304,0.798,1.064,1.33,1.37433,1.30783,1.40758,1.52396,1.49348,1.58907,1.52604,1.58318,1.47876,1.18271,0.886667,1.10833,1.08617,1.07508,1.26904,1.03352,0.798,1.10833,1.35217,1.40758,1.47962,1.42698,1.13466,0.842333,1.15267,1.3965,1.36325,1.54612,1.46023,1.63895,1.52881,1.60674,1.53487,1.4546,1.28147,1.28357,1.43978,1.54006,1.64033,1.24023,1.24023,1.24023,1.24023,1.24023,1.24023,1.24023,1.24023,1.24023,1.24023,1.24023,1.24023,1.24023,1.24023,1.24023,1.24023,1.24023,1.24023,1.24023,1.24023,1.24023,1.24023,1.24023,1.24023,1.24023,1.24023,1.24023,1.24023,1.24023,1.24023,1.24023,6,3,3
0.975333,0.908833,0.842333,1.463,1.41867,1.44083,1.20808,1.15821,1.28844,1.10972,1.06469,1.15301,1.10851,1.06409,1.17488,1.03077,0.886667,1.48517,1.29675,1.33554,1.42144,1.37572,1.46369,1.41901,1.26367,1.40767,1.23583,1.39375,1.33971,1.49002,1.34351,1.44759,1.34446,1.44806,1.38903,1.73635,1.40017,1.34292,1.35863,1.25565,1.29282,1.24491,1.22096,1.29764,1.22516,1.18891,1.30379,1.07306,0.842333,1.28567,1.28567,1.35217,1.51842,1.49071,1.49902,1.43668,1.40551,1.45642,1.39321,1.73844,1.42339,1.73136,1.46418,1.44142,1.43004,1.69036,1.46584,1.57526,1.34179,1.3359,1.13345,1.14306,1.23653,1.10593,1.15147,1.61757,1.36295,1.59031,1.37149,1.70541,1.42904,1.37952,1.19959,1.1318,1.2309,1.19178,1.17222,1.56145,1.29056,1.42111,1.37556,1.41928,1.10864,0.798,0.9975,0.96425,1.05846,1.19423,0.996115,0.798,1.29878,1.29878,1.29878,1.29878,1.29878,1.29878,1.29878,1.29878,1.29878,1.29878,1.29878,1.29878,1.29878,1.29878,1.29878,1.29878,1.29878,1.29878,1.29878,1.29878,1.29878,1.29878,1.29878,1.29878,1.29878,1.29878,1.29878,1.29878,1.29878,1.29878,1.29878,1.29878,1.29878,0,0,0
0.798,1.10833,1.2635,1.31892,1.45746,1.4159,1.50595,1.46231,1.44049,1.42958,1.42412,1.11106,0.798,0.886667,1.197,1.41867,1.37433,1.41867,1.35217,1.42975,1.40204,1.49902,1.52534,1.58284,1.52292,1.16046,0.798,1.1305,0.986417,0.842333,1.10833,0.953167,0.798,1.08617,0.986417,0.886667,1.15267,1.04183,1.05292,1.23579,1.43806,1.49486,1.45677,1.37122,1.43927,1.42897,1.13565,0.842333,1.10833,0.975333,0.842333,1.08617,1.03075,1.00304,1.21085,1.18176,1.01205,0.842333,1.08617,1.25242,1.06954,0.886667,1.15267,1.064,1.01967,0.953167,0.886667,0.798,0.798,0.886667,0.886667,0.886667,0.798,0.820167,0.842333,0.842333,0.842333,0.842333,1.15267,1.28567,1.3965,1.14158,0.886667,0.798,0.798,0.798,0.798,1.15267,1.2635,1.03075,0.798,1.1305,1.03075,0.958708,0.886667,0.886667,0.886667,1.1305,1.03075,0.914375,0.798,1.064,1.28567,1.3965,1.40758,1.52396,1.53781,1.16791,0.798,1.1102,1.1102,1.1102,1.1102,1.1102,1.1102,1.1102,1.1102,1.1102,1.1102,1.1102,1.1102,1.1102,1.1102,1.1102,1.1102,1.1102,1.1102,1.1102,1.1102,1.1102,1.1102,1.1102,1.1102,0,0,0
1.24133,1.197,1.197,1.197,1.08617,1.20808,1.22471,1.12219,1.18176,1.23371,1.14886,1.17293,1.05196,1.10232,1.19399,1.08466,1.0965,1.25758,1.18296,1.16781,1.20457,1.00129,0.798,0.953167,0.89775,0.842333,0.908833,1.00858,1.14712,1.2164,1.05153,0.886667,1.08617,1.07508,1.06954,1.13327,1.1208,1.1589,1.22228,1.27614,1.2144,1.2722,1.12377,1.18255,1.25628,1.27097,1.18965,1.01599,0.842333,1.064,1.17483,1.05292,1.08062,1.16098,1.17899,1.21016,1.24791,1.24462,1.26515,1.18674,1.28054,1.2166,1.29547,1.17973,1.12187,1.20377,1.13388,1.05461,1.14797,1.10599,1.17366,1.2075,1.33525,1.19962,1.22048,1.34174,1.20287,1.17777,1.18738,1.21436,1.27218,1.41192,1.28229,1.28398,1.04099,0.798,0.842333,1.04183,1.07508,1.11387,1.19977,1.22055,1.18661,1.23614,1.28307,1.21787,1.07443,1.00272,1.12203,1.20385,1.17826,1.14329,1.19231,1.12816,1.18475,1.19087,1.0166,0.842333,1.33,1.24133,1.24133,1.064,0.886667,1.1433,1.1433,1.1433,1.1433,1.1433,1.1433,1.1433,1.1433,1.1433,1.1433,1.1433,1.1433,1.1433,1.1433,1.1433,1.1433,1.1433,1.1433,1.1433,1.1433,4,0,0
0.886667,1.15267,1.37433,1.2635,1.29675,1.24687,1.19977,1.33139,1.10903,0.886667,1.3965,1.27458,1.34662,1.09448,0.842333,0.886667,1.15267,1.28567,1.197,1.30783,1.45192,1.25796,1.31615,1.36741,1.19354,1.2396,1.19613,1.19657,1.28545,1.30773,1.20803,1.29118,1.31059,1.2538,1.31406,1.05603,0.798,0.798,1.08617,1.34108,1.24687,1.26627,1.36464,1.30298,1.31649,1.30108,1.22687,1.65527,1.35963,1.56648,1.33741,1.3337,1.24319,1.19793,1.3083,1.56298,1.31349,1.36608,1.12637,0.886667,0.842333,1.10833,1.24133,1.17483,1.23025,1.34662,1.20531,1.31199,1.58699,1.34766,1.361,1.23467,1.14933,1.23967,1.3735,1.26308,1.31871,1.41302,1.28284,1.32859,1.32929,1.26315,1.29657,1.18029,1.16648,1.24824,1.33345,1.19873,1.28653,1.10876,1.17505,1.62936,1.39101,1.40484,1.36742,1.23788,1.3061,1.11855,1.13561,1.18847,1.03757,0.886667,1.15267,1.41867,1.24332,1.24332,1.24332,1.24332,1.24332,1.24332,1.24332,1.24332,1.24332,1.24332,1.24332,1.24332,1.24332,1.24332,1.24332,1.24332,1.24332,1.24332,1.24332,1.24332,1.24332,1.24332,1.24332,1.24332,1.24332,1.24332,1.24332,1.24332,1.24332,6,1,4
1.15267,1.17483,1.14158,1.16929,1.16098,1.22332,1.16583,1.27008,1.18921,1.23744,1.19505,1.21819,1.16326,1.5348,1.4324,1.27037,1.32235,1.23751,1.30592,1.27363,1.32398,1.26049,1.29525,1.20179,1.28806,1.22036,1.31952,1.25826,1.33846,1.2234,1.23237,1.23685,1.32776,1.21805,1.27402,1.23551,1.34926,1.27313,1.2794,1.26037,1.27302,1.23501,1.32684,1.21759,1.31813,1.19106,1.23836,1.21768,1.27384,1.23542,1.32704,1.23986,1.26276,1.20771,1.24669,1.19968,1.24267,1.242,1.286,1.28583,1.13058,1.11946,1.22473,1.21086,1.20393,1.20047,1.24307,1.19787,1.2196,1.18613,1.2359,1.17212,1.25106,1.22403,1.21051,1.20376,1.26688,1.20977,1.29205,1.22236,1.38701,1.22551,1.41075,1.28171,1.39452,1.27359,1.1023,1.10532,1.32849,1.21841,1.34071,1.31319,1.45459,1.3923,1.67148,1.38991,1.42645,1.33389,1.35411,1.36422,1.36928,1.32747,1.3509,1.37433,1.26671,1.26671,1.26671,1.26671,1.26671,1.26671,1.26671,1.26671,1.26671,1.26671,1.26671,1.26671,1.26671,1.26671,1.26671,1.26671,1.26671,1.26671,1.26671,1.26671,1.26671,1.26671,1.26671,1.26671,1.26671,1.26671,1.26671,1.26671,1.26671,10,1,7
1.37433,1.463,1.35217,1.45192,1.36879,1.46023,1.35078,1.36256,1.32411,1.34922,1.31744,1.41239,1.30469,1.38385,1.35692,1.40996,1.32565,1.41649,1.32891,1.41812,1.37406,1.4407,1.38535,1.40201,1.34384,1.40342,1.34454,1.49244,1.36689,1.45928,1.3503,1.45099,1.30183,1.31591,1.12346,1.38189,1.31161,1.47597,1.35865,1.41083,1.32608,1.43887,1.2736,1.39047,1.3159,1.34512,1.33756,1.37811,1.26539,1.40853,1.2806,1.39397,1.33982,1.37924,1.31029,1.38664,1.33616,1.39958,1.32046,1.34739,1.2722,1.3676,1.23797,1.41698,1.28482,1.35175,1.38521,1.44627,1.36597,1.41448,1.32791,1.37329,1.26298,1.36299,1.27999,1.34933,1.33967,1.357,1.32133,1.14833,1.1505,1.26242,1.20754,1.33527,1.19964,1.30915,1.29741,1.35804,1.32185,1.30376,1.27255,1.34561,1.29347,1.4004,1.2987,1.35868,1.41867,1.34844,1.34844,1.34844,1.34844,1.34844,1.34844,1.34844,1.34844,1.34844,1.34844,1.34844,1.34844,1.34844,1.34844,1.34844,1.34844,1.34844,1.34844,1.34844,1.34844,1.34844,1.34844,1.34844,1.34844,1.34844,1.34844,1.34844,1.34844,1.34844,1.34844,1.34844,1.34844,1.34844,1.34844,1.34844,1.34844,0,0,0
1.33,1.30783,1.36325,1.32446,1.3494,1.3397,1.37918,1.33242,1.39771,1.34169,1.35801,1.32184,1.34809,1.31688,1.36777,1.34889,1.38378,1.35689,1.38778,1.33672,1.33336,1.28735,1.35301,1.31934,1.39117,1.36058,1.43396,1.35981,1.36707,1.32637,1.37252,1.37343,1.39605,1.40736,1.47951,1.44909,1.43388,1.38194,1.1343,0.886667,1.21917,1.29675,1.46854,1.3771,1.08755,0.798,1.064,1.44083,1.36325,1.45746,1.4159,1.43945,1.40689,1.47928,1.42681,1.48924,1.43178,1.44739,1.3887,1.38151,1.33359,1.42046,1.35306,1.4967,1.41335,1.41601,1.373,1.39584,1.36292,1.39079,1.3604,1.45603,1.39302,1.58317,1.43442,1.53738,1.43369,1.49268,1.41134,1.548,1.48333,1.27367,1.30183,1.47108,1.42271,1.39852,1.34209,1.40255,1.36627,1.4368,1.3834,1.46753,1.39877,1.54172,1.68467,1.37578,1.37578,1.37578,1.37578,1.37578,1.37578,1.37578,1.37578,1.37578,1.37578,1.37578,1.37578,1.37578,1.37578,1.37578,1.37578,1.37578,1.37578,1.37578,1.37578,1.37578,1.37578,1.37578,1.37578,1.37578,1.37578,1.37578,1.37578,1.37578,1.37578,1.37578,1.37578,1.37578,1.37578,1.37578,1.37578,1.37578,1.37578,10,4,4
1.37433,1.44083,1.36325,1.25796,1.33831,1.42282,1.19908,1.28671,1.15319,1.26376,1.16388,1.24694,1.24414,1.3314,1.28637,1.35252,1.31909,1.32455,1.28294,1.39514,1.25173,1.2687,1.12202,1.24818,1.20042,1.28738,1.22002,1.34151,1.26926,1.29963,1.29265,1.44432,1.14333,0.842333,1.04183,1.11942,1.13604,1.25519,1.09309,1.21155,1.11561,1.24497,1.13232,1.34199,1.22516,1.25541,1.27054,1.30027,1.22647,1.45557,1.30412,1.29489,1.04645,0.798,0.886667,0.842333,0.798,0.798,0.798,0.798,1.10833,1.21917,1.40758,1.50179,1.46023,1.12911,0.798,0.886667,0.886667,0.886667,1.197,1.21917,1.27458,1.23579,1.23856,1.23995,1.24064,1.15232,1.32983,1.21908,1.27454,1.36877,1.46022,1.35078,1.42905,1.46819,1.17743,0.886667,0.886667,0.9975,0.89775,0.798,1.08617,1.23025,1.30229,1.38265,1.40066,1.14366,0.886667,1.1305,1.23025,1.08062,1.13881,1.19007,1.2822,1.35043,1.41867,1.19579,1.19579,1.19579,1.19579,1.19579,1.19579,1.19579,1.19579,1.19579,1.19579,1.19579,1.19579,1.19579,1.19579,1.19579,1.19579,1.19579,1.19579,1.19579,1.19579,1.19579,1.19579,1.19579,1.19579,1.19579,1.19579,14,7,9
1.596,1.50733,1.2635,1.29675,1.42421,1.15544,0.886667,0.886667,0.886667,0.886667,0.842333,1.04183,1.09725,1.25796,1.31615,1.25657,1.35979,1.23406,1.19336,1.32818,1.12959,1.00813,0.886667,1.08617,1.07508,1.20254,1.1776,1.2538,1.40273,1.12253,0.842333,1.21917,1.40758,1.36879,1.26073,1.1402,1.2351,1.37122,1.26194,1.38464,1.17999,1.16633,1.27033,1.0785,0.886667,0.886667,0.953167,1.05292,1.25796,1.16098,1.15682,0.977411,0.798,0.798,1.10833,0.953167,0.798,0.798,0.798,0.8645,1.07508,1.20254,1.0446,0.886667,0.8645,0.842333,0.798,1.10833,1.17483,1.27458,1.39096,1.36048,1.34524,1.33762,1.11214,0.886667,0.886667,0.886667,1.08617,1.29675,1.20254,1.13327,0.965635,0.798,1.064,0.931,0.798,0.886667,1.197,0.9975,0.798,1.1305,1.09725,1.14712,1.39373,1.49486,1.41243,1.30472,1.27302,1.34585,1.47092,1.22313,1.36523,1.08162,0.798,1.04183,1.00858,1.08062,1.02798,0.975333,1.11639,1.11639,1.11639,1.11639,1.11639,1.11639,1.11639,1.11639,1.11639,1.11639,1.11639,1.11639,1.11639,1.11639,1.11639,1.11639,1.11639,1.11639,1.11639,1.11639,1.11639,1.11639,1.11639,6,1,0
0.798,1.08617,1.29675,1.44637,1.25519,1.38126,1.3113,1.18765,1.36966,1.39416,1.22908,1.36821,1.26044,1.20655,1.35694,1.3213,1.21482,1.42758,1.44529,1.27681,1.36991,1.30562,1.22914,1.36824,1.41562,1.28414,1.39574,1.09687,0.798,0.798,1.15267,1.15267,1.17483,1.38542,1.18037,1.36602,1.48101,1.33901,1.22367,1.3655,1.21475,1.16154,1.31227,1.43197,1.29232,1.53283,1.32058,1.28096,1.41631,1.37316,1.28508,1.46271,1.50719,1.30776,1.40755,1.34661,1.29397,1.04598,0.798,0.798,0.842333,0.886667,1.17483,1.16375,1.33554,1.2441,1.17622,1.36394,1.4578,1.21657,1.36195,1.39031,1.27149,1.36724,1.39296,1.36148,1.47874,1.4487,1.36718,1.14909,0.973546,0.798,0.975333,1.24133,1.33,1.197,1.35217,1.25242,1.13604,0.967021,0.798,0.798,0.798,0.820167,0.842333,0.886667,1.01967,0.908833,0.798,0.842333,0.9975,1.29675,1.09171,0.886667,0.931,0.975333,1.20255,1.20255,1.20255,1.20255,1.20255,1.20255,1.20255,1.20255,1.20255,1.20255,1.20255,1.20255,1.20255,1.20255,1.20255,1.20255,1.20255,1.20255,1.20255,1.20255,1.20255,1.20255,1.20255,1.20255,1.20255,1.20255,1.20255,12,5,4
1.37433,1.10833,0.842333,0.842333,0.842333,0.842333,0.820167,0.798,0.842333,0.886667,0.798,1.10833,0.975333,0.842333,0.798,0.931,0.8645,0.798,1.24133,1.17483,1.20808,1.09171,1.21085,1.11526,1.1118,1.0214,1.08703,0.98685,0.886667,0.842333,0.9975,1.09725,1.10279,1.2164,1.0072,0.798,0.8645,1.00858,1.36879,1.26073,1.22886,1.0356,0.842333,0.8645,0.886667,0.842333,0.798,0.842333,0.886667,0.8645,0.842333,0.842333,0.842333,1.01967,1.1305,1.05292,0.947625,0.842333,1.1305,1.09725,1.30229,1.44915,1.50041,1.50387,1.28393,1.19613,1.3074,1.07487,0.842333,1.01967,0.975333,1.2635,1.34108,1.22471,1.23302,1.23718,1.12842,1.18488,1.23527,1.4378,1.36173,1.36803,1.30468,1.33951,1.11309,0.886667,0.798,1.01967,1.197,1.2635,1.31892,1.39096,1.24965,1.06816,0.886667,0.798,0.886667,0.953167,0.942083,0.936542,0.889437,0.842333,0.931,1.24133,1.24133,1.064,0.886667,0.886667,0.842333,1.197,1.08617,1.29675,1.04737,0.798,0.886667,0.886667,1.10833,1.33,1.05204,1.05204,1.05204,1.05204,1.05204,1.05204,1.05204,1.05204,1.05204,1.05204,1.05204,1.05204,1.05204,1.05204,1.05204,4,1,4
1.463,1.37433,1.35217,1.29675,1.35771,1.36602,1.08201,0.798,0.886667,1.08617,0.96425,0.842333,0.9975,1.16375,1.18037,1.18869,1.19284,1.15059,1.01863,0.886667,1.15267,1.15267,1.08617,1.00858,1.16929,1.29398,1.17899,1.32099,1.525,1.38317,1.46742,1.48737,1.20919,1.31393,1.47713,1.40357,1.43328,1.44814,1.2339,1.01595,0.798,0.886667,0.931,1.08617,0.986417,0.886667,1.10833,0.9975,0.886667,0.798,0.798,1.1305,1.11942,1.35771,1.14435,1.05984,1.32792,1.21813,1.2519,1.29095,1.39914,1.2759,1.30295,1.40514,1.16807,1.24904,1.02352,0.798,1.1305,0.986417,0.842333,1.08617,0.986417,0.886667,1.08617,1.11942,1.00304,0.886667,1.064,1.064,1.21917,1.27458,1.19146,1.17206,1.09586,1.05777,1.23822,1.12894,1.2073,1.29082,1.35474,1.16504,1.29185,1.17793,1.25396,1.31415,1.36641,1.12654,0.886667,1.197,1.08617,1.25242,1.26904,1.23302,1.37018,1.21709,1.14054,1.30177,1.463,1.1613,1.1613,1.1613,1.1613,1.1613,1.1613,1.1613,1.1613,1.1613,1.1613,1.1613,1.1613,1.1613,1.1613,1.1613,1.1613,1.1613,1.1613,1.1613,1.1613,1.1613,1.1613,1.1613,1.1613,6,2,2
1.28567,1.1305,1.18592,1.03629,0.886667,1.064,0.9975,1.03075,1.15821,1.06677,1.10972,1.17553,1.07543,1.11405,1.17769,1.07651,1.07026,1.17796,1.47565,1.35849,1.16691,1.13762,1.18948,1.12674,1.16187,1.2016,1.1993,1.13165,1.16433,1.0255,0.886667,1.064,1.064,1.10833,1.15267,1.17483,1.11942,1.20254,1.08894,1.03214,1.0924,0.945201,0.798,1.01967,0.9975,1.00858,1.12496,1.00581,0.886667,1.064,1.064,1.01967,1.1305,1.05292,1.08062,1.18315,1.16791,1.16029,1.22298,1.16565,1.13699,1.18916,1.21525,1.18396,1.21265,1.13832,1.14549,1.19341,1.19521,1.17394,1.11897,1.09148,1.09991,1.17062,1.09514,1.12391,1.20479,1.15656,1.15461,1.17581,1.5189,1.38012,1.17773,1.07653,1.20326,1.00063,0.798,0.886667,0.908833,1.00858,1.14712,1.10556,1.17345,1.22956,1.21328,1.22731,1.21215,1.29324,1.17862,1.20998,1.15916,1.22241,1.20971,1.09252,1.12259,1.13763,1.14515,1.06024,1.21729,1.07414,1.04691,1.18845,1.43656,1.36111,1.28567,1.13155,1.13155,1.13155,1.13155,1.13155,1.13155,1.13155,1.13155,1.13155,1.13155,1.13155,1.13155,1.13155,1.13155,1.13155,1.13155,1.13155,1.13155,8,6,3
1.24133,1.24133,1.17483,1.16375,1.24687,1.26627,1.1873,1.30298,1.44949,1.25675,1.35987,1.5666,1.3153,1.36698,1.37066,1.26166,1.29583,1.33508,1.22171,1.29802,1.51351,1.26659,1.36479,1.52473,1.29437,1.33435,1.28784,1.24242,1.26404,1.36352,1.25809,1.27188,1.38961,1.27114,1.30057,1.40395,1.27831,1.25982,1.09541,1.07971,1.20485,1.33393,1.22113,1.3199,1.34712,1.22772,1.30103,1.35985,1.25626,1.2488,1.2894,1.13237,1.23118,1.28059,1.19446,1.30656,1.29612,1.22439,1.2772,1.32576,1.21705,1.27352,1.23526,1.14963,1.23982,1.26274,1.16337,1.26885,1.18859,1.1263,1.22815,1.01307,0.798,1.3965,1.27458,1.32446,1.50456,1.37295,1.52881,1.73974,1.40187,1.36593,1.10413,0.842333,1.08617,1.07508,1.06954,1.08894,1.23164,1.21432,1.27216,1.25675,1.22687,1.2341,1.25988,1.22844,1.27922,1.37111,1.26189,1.27378,1.30189,1.24944,1.197,1.26762,1.26762,1.26762,1.26762,1.26762,1.26762,1.26762,1.26762,1.26762,1.26762,1.26762,1.26762,1.26762,1.26762,1.26762,1.26762,1.26762,1.26762,1.26762,1.26762,1.26762,1.26762,1.26762,1.26762,1.26762,1.26762,1.26762,1.26762,1.26762,1.26762,4,1,1
1.862,1.64033,1.33,1.17483,1.29675,1.18037,1.16652,1.29259,1.26696,1.16548,1.26991,1.14479,1.12656,1.07311,1.04639,1.23253,1.36993,1.21697,1.09615,1.25741,1.11637,1.02369,1.28768,1.1315,1.07559,1.26929,1.12231,1.13749,1.36674,1.10454,0.842333,1.08617,1.07508,1.09171,1.25519,1.15959,1.1783,1.18765,1.05932,1.106,1.218,1.2075,1.11358,1.28829,1.26481,1.09791,1.25829,1.29414,1.1569,1.22129,1.23131,1.14765,1.21666,1.14033,1.12433,1.24933,1.201,1.1325,1.27558,1.21412,1.13906,1.27886,1.17143,1.02905,0.886667,1.01967,1.04183,1.23025,1.23579,1.1499,1.32861,1.30714,1.11907,1.2467,1.17752,1.07643,1.22538,1.14469,1.12651,1.31692,1.10179,0.886667,1.17483,1.11942,1.02521,1.2441,1.08755,1.00928,0.903638,0.798,0.931,1.21917,1.09725,1.08062,1.29398,1.04599,0.798,1.1305,1.00858,0.886667,1.17483,1.05292,1.10279,1.2164,1.18453,1.14643,1.23822,1.06244,0.886667,1.15267,1.04183,0.931,1.15379,1.15379,1.15379,1.15379,1.15379,1.15379,1.15379,1.15379,1.15379,1.15379,1.15379,1.15379,1.15379,1.15379,1.15379,1.15379,1.15379,1.15379,1.15379,1.15379,1.15379,6,1,0
1.50733,1.33,1.37433,1.2635,1.16375,1.35771,1.43252,1.24826,1.3778,1.30957,1.16462,1.31381,1.43274,1.27054,1.4111,1.41488,1.30594,1.38447,1.22424,1.21062,1.35898,1.38882,1.24858,1.35579,1.38723,1.22561,1.36647,1.39257,1.22829,1.41214,1.4819,1.29512,1.40123,1.52078,1.31456,1.43311,1.47022,1.35578,1.43156,1.35861,1.29997,1.35932,1.25599,1.0935,1.30041,1.07137,0.842333,1.197,1.463,1.30783,1.47408,1.60154,1.3106,1.3868,1.4249,1.20012,1.33156,1.55245,1.30822,1.45211,1.16939,0.886667,0.931,1.17483,1.34108,1.18037,1.32169,1.52534,1.29467,1.04634,0.798,0.798,0.798,0.798,1.24133,1.08617,0.942083,0.798,0.798,0.798,0.798,0.908833,1.18592,1.08062,1.20531,1.37849,1.50941,1.24237,1.44135,1.58518,1.30242,1.56004,1.44502,1.47618,1.24792,1.20029,1.37598,1.48599,1.23066,1.47983,1.44925,1.41867,1.27346,1.27346,1.27346,1.27346,1.27346,1.27346,1.27346,1.27346,1.27346,1.27346,1.27346,1.27346,1.27346,1.27346,1.27346,1.27346,1.27346,1.27346,1.27346,1.27346,1.27346,1.27346,1.27346,1.27346,1.27346,1.27346,1.27346,1.27346,1.27346,1.27346,1.27346,6,3,3
1.33,1.2635,1.25242,1.22471,1.25519,1.22609,1.23371,1.23752,1.23943,1.37338,1.21869,1.29651,1.22459,1.27729,1.19281,1.28357,1.21812,1.11889,1.06928,1.17747,1.25374,1.2697,1.25552,1.27059,1.27813,1.2819,1.23945,1.28472,1.2852,1.3076,1.29663,1.35765,1.25516,1.31475,1.23371,1.30402,1.22834,1.27917,1.26025,1.36163,1.25715,1.29357,1.28962,1.28764,1.26449,1.34158,1.26929,1.34398,1.27049,1.36674,1.30404,1.27269,1.34568,1.31567,1.30067,1.3375,1.28942,1.26538,1.12035,1.22518,1.29976,1.38138,1.31136,1.27634,1.05934,0.842333,1.08617,1.20808,1.18037,1.29952,1.15959,1.3113,1.18765,1.32532,1.21683,1.29558,1.26846,1.29923,1.24811,1.24472,1.2652,1.3641,1.25838,1.40502,1.27885,1.37092,1.35046,1.3624,1.32403,1.34918,1.31742,1.36805,1.28252,1.32843,1.28488,1.35177,1.25222,1.33544,1.31056,1.40894,1.28081,1.3054,1.33,1.27261,1.27261,1.27261,1.27261,1.27261,1.27261,1.27261,1.27261,1.27261,1.27261,1.27261,1.27261,1.27261,1.27261,1.27261,1.27261,1.27261,1.27261,1.27261,1.27261,1.27261,1.27261,1.27261,1.27261,1.27261,1.27261,1.27261,1.27261,1.27261,1.27261,12,5,9
2.03933,1.729,1.33,1.24133,1.33,1.197,1.17483,1.29675,1.20254,1.19977,1.28705,1.15336,1.13085,1.56292,1.40213,1.58773,1.52537,1.42768,1.60051,1.50959,1.39763,1.27515,1.34691,1.33845,1.24556,1.33211,1.10939,0.886667,1.1305,1.11942,1.09171,1.27735,1.25934,1.18384,1.32342,1.32671,1.23969,1.32918,1.61776,1.58471,1.65686,1.53776,1.25655,1.20461,1.3338,1.17674,1.1647,1.33602,1.22218,1.20959,1.35846,1.61023,1.86912,1.51089,1.46478,1.13139,0.798,1.10833,1.21917,1.20808,1.33554,1.1776,1.1873,1.41382,1.26108,1.33987,1.44577,1.45438,1.39219,1.38326,1.42313,1.39873,1.16487,1.18093,1.2998,1.29273,1.2227,1.32068,1.19234,1.15034,1.2845,1.24075,1.17454,1.31877,1.41305,1.26069,1.36185,1.32376,1.23821,1.70527,1.4733,1.44598,1.23283,1.14841,1.30571,1.25135,1.20201,1.28817,1.28692,1.28567,1.31999,1.31999,1.31999,1.31999,1.31999,1.31999,1.31999,1.31999,1.31999,1.31999,1.31999,1.31999,1.31999,1.31999,1.31999,1.31999,1.31999,1.31999,1.31999,1.31999,1.31999,1.31999,1.31999,1.31999,1.31999,1.31999,1.31999,1.31999,1.31999,1.31999,1.31999,1.31999,1.31999,14,5,4
1.197,1.197,1.197,1.197,1.21917,1.23025,1.19146,1.23856,1.21778,1.16306,1.22436,1.14418,1.12626,1.20596,1.09065,1.07732,1.1815,1.05625,1.06012,1.15073,1.06303,1.04135,1.16351,1.02509,0.886667,1.08617,0.986417,0.886667,1.1305,1.25242,1.26904,1.10002,1.10418,1.17276,1.42871,1.33502,1.50984,1.37559,1.59663,1.41898,1.17499,1.186,1.1915,1.19425,1.19562,1.19631,1.21882,1.23008,1.21354,1.16094,1.17897,1.21015,1.02624,0.842333,1.04183,0.942083,0.842333,1.04183,0.96425,0.886667,1.064,0.975333,0.886667,1.064,0.953167,0.842333,1.04183,0.986417,1.06954,1.13327,1.00997,0.886667,1.064,1.37433,1.30783,1.56275,1.40204,1.16652,1.15959,1.42213,1.30957,1.27545,1.08106,0.886667,1.04183,1.38542,1.29121,1.46577,1.35355,1.54128,1.41347,1.1279,0.842333,1.04183,0.986417,1.04737,1.14435,1.05984,1.08409,1.16271,1.42369,1.35468,1.51967,1.3805,1.57692,1.40913,1.1479,0.886667,1.064,1.24133,1.16414,1.16414,1.16414,1.16414,1.16414,1.16414,1.16414,1.16414,1.16414,1.16414,1.16414,1.16414,1.16414,1.16414,1.16414,1.16414,1.16414,1.16414,1.16414,1.16414,1.16414,1.16414,1.16414,18,8,12
1.33,1.37433,1.2635,1.11942,1.13604,1.27735,1.39234,1.33901,1.4675,1.39875,1.54171,1.43585,1.62676,1.45621,1.54827,1.41697,1.10749,0.798,1.04183,0.96425,0.886667,1.08617,1.03075,1.11387,1.19977,1.04322,0.886667,1.08617,1.45192,1.36879,1.12773,0.886667,1.08617,1.11942,1.15821,1.22194,1.1873,1.19215,1.26108,1.5837,1.45685,1.28259,1.2398,1.2849,1.57345,1.42956,1.15811,0.886667,1.1305,1.00858,0.886667,1.10833,1.08617,1.14158,1.21362,1.13881,1.19007,1.23787,1.12877,1.16288,1.22428,1.07764,1.13732,1.21149,1.00475,0.798,1.04183,0.96425,0.886667,1.08617,1.00858,1.08062,1.18315,1.03491,0.886667,1.08617,1.51842,1.40204,1.56552,1.42559,1.1118,0.798,1.04183,1.00858,1.10279,1.19423,1.08478,1.14089,1.23545,1.59306,1.46153,1.68393,1.50697,1.61798,1.47399,1.18033,0.886667,1.08617,1.03075,1.11387,1.19977,0.998885,0.798,1.08617,1.07508,1.064,1.1883,1.1883,1.1883,1.1883,1.1883,1.1883,1.1883,1.1883,1.1883,1.1883,1.1883,1.1883,1.1883,1.1883,1.1883,1.1883,1.1883,1.1883,1.1883,1.1883,1.1883,1.1883,1.1883,1.1883,1.1883,1.1883,1.1883,8,5,1
1.24133,0.798,1.08617,0.96425,0.842333,1.41867,1.37433,1.24133,1.08617,1.00858,1.12496,0.961479,0.798,0.9975,1.03075,1.06954,1.19977,1.19839,1.10903,1.48551,1.14176,0.798,1.04183,0.919917,0.798,1.064,1.197,1.08617,1.11942,0.958708,0.798,1.08617,0.986417,0.886667,1.08617,0.986417,0.886667,0.886667,0.953167,0.942083,1.49071,1.29952,1.38126,1.08963,0.798,0.842333,1.10833,1.08617,1.25242,1.15821,1.15544,0.998885,0.842333,0.9975,0.96425,0.991958,1.16098,1.02382,0.886667,1.08617,1.18592,1.12496,1.22748,1.16791,1.07162,1.42248,1.30974,1.2312,1.32493,1.1723,1.22898,1.19083,1.26041,1.25087,1.1131,1.11072,1.13169,1.14218,1.16959,1.20546,1.24556,1.15478,1.17589,1.23078,1.19172,1.21653,1.09593,1.10213,1.14957,1.19545,1.15189,1.24095,1.28547,1.1969,1.19695,1.15264,1.13049,1.16374,1.15821,1.06677,1.15405,1.24203,1.17518,1.23042,1.10288,1.26077,1.25105,1.15753,1.11076,1.15388,1.15327,1.15267,1.11574,1.11574,1.11574,1.11574,1.11574,1.11574,1.11574,1.11574,1.11574,1.11574,1.11574,1.11574,1.11574,1.11574,1.11574,1.11574,1.11574,1.11574,1.11574,1.11574,1.11574,0,0,0
1.77333,1.6625,1.65142,1.64587,1.53227,1.6528,1.5579,1.53262,1.38698,1.29199,1.33316,1.39808,1.40837,1.39135,1.40501,1.41184,1.41525,1.41696,1.39565,1.40716,1.36858,1.39362,1.42831,1.42349,1.39891,1.12062,0.842333,1.15267,1.41867,1.44083,1.54058,1.85646,1.50456,1.43945,1.34039,1.24653,1.37693,1.6638,1.5634,1.5132,1.44377,1.36472,1.34736,1.18351,1.34542,1.33771,1.37819,1.30976,1.38638,1.33602,1.44385,1.38692,1.42496,1.39965,1.43132,1.38066,1.444,1.36483,1.43608,1.44954,1.4341,1.40422,1.43361,1.3818,1.46674,1.39837,1.49718,1.43576,1.42721,1.42294,1.46514,1.41973,1.4192,1.46327,1.46313,1.39657,1.40762,1.30231,1.38265,1.26766,1.36533,1.28117,1.26125,1.09612,1.2574,1.2272,1.3451,1.29322,1.37811,1.35405,1.40853,1.3471,1.36072,1.37433,1.40359,1.40359,1.40359,1.40359,1.40359,1.40359,1.40359,1.40359,1.40359,1.40359,1.40359,1.40359,1.40359,1.40359,1.40359,1.40359,1.40359,1.40359,1.40359,1.40359,1.40359,1.40359,1.40359,1.40359,1.40359,1.40359,1.40359,1.40359,1.40359,1.40359,1.40359,1.40359,1.40359,1.40359,1.40359,1.40359,1.40359,1.40359,1.40359,0,0,1
1.33,1.35217,1.58492,1.47962,1.36048,1.27874,1.32654,1.4391,1.31805,1.39053,1.29376,1.22321,1.27661,1.08164,0.886667,1.08617,1.14158,1.12496,1.27181,1.32307,1.2157,1.31718,1.43443,1.29355,1.31177,1.27655,1.21461,1.2723,1.12382,1.04958,1.18979,1.12689,1.13978,1.27922,1.43761,1.25081,1.37907,1.5097,1.33118,1.35276,1.34138,1.29136,1.35501,1.34251,1.24759,1.31096,1.34265,1.22549,1.36641,1.52554,1.4721,1.55622,1.46528,1.33114,1.19757,1.30812,1.27473,1.25803,1.40485,1.38959,1.27113,1.3449,1.11578,0.886667,1.17483,1.47408,1.44637,1.21085,1.13743,1.27805,1.12669,1.13968,1.27917,1.12725,1.07346,1.11306,1.39886,1.3866,1.40263,1.25548,1.35924,1.36679,1.25973,1.3392,1.09077,0.842333,1.15267,1.33,1.37433,1.55167,1.48517,1.54058,1.45746,1.52673,1.4727,1.60085,1.50976,1.28688,1.19761,1.28597,1.37433,1.29832,1.29832,1.29832,1.29832,1.29832,1.29832,1.29832,1.29832,1.29832,1.29832,1.29832,1.29832,1.29832,1.29832,1.29832,1.29832,1.29832,1.29832,1.29832,1.29832,1.29832,1.29832,1.29832,1.29832,1.29832,1.29832,1.29832,1.29832,1.29832,1.29832,1.29832,1.29832,6,2,3
