1,2,3,4,5,6,7,8,9,10,11,12,13,14,15,16,17,18,19,20,21,22,23,24,25,26,27,28,29,30,31,32,33,34,35,36,37,38,39,40,41,42,43,44,45,46,47,48,49,50,51,52,53,54,55,56,57,58,59,60,61,62,63,64,65,66,67,68,69,70,71,72,73,74,75,76,77,78,79,80,81,82,83,84,85,86,87,88,89,90,91,92,93,94,95,96,97,98,99,100,101,102,103,104,105,106,107,108,109,110,111,112,113,114,115,116,117,118,119,120,121,122,123,124,125,126,127,128,129,130,131,132,133,stress_score,anxiety_score,depression_score
0.798,0.886667,1.21917,1.00858,0.798,1.33,1.2635,1.69575,1.42421,1.5101,1.15405,0.798,1.3965,1.27458,1.34662,1.11665,0.886667,1.197,0.9975,0.798,1.2635,1.31892,1.10279,0.886667,1.064,1.15267,0.9975,0.842333,0.9975,0.89775,0.798,1.064,0.931,0.798,0.886667,1.24133,1.41867,1.3965,1.38542,1.51287,1.33277,1.06539,0.798,1.35217,1.27458,1.56829,1.38265,1.77749,1.50941,1.48621,1.1421,0.798,1.30783,1.25242,1.35771,1.12219,0.886667,1.44083,1.29675,1.06954,0.842333,0.9975,1.60708,1.40204,1.14435,0.886667,1.01967,1.1305,0.986417,0.842333,0.8645,0.886667,1.01967,1.3965,1.27458,1.72346,1.43806,1.2067,1.09102,1.12184,0.982087,0.842333,0.9975,1.60708,1.40204,1.14435,0.886667,1.01967,1.5295,1.34108,1.42421,1.13327,0.842333,0.842333,0.842333,1.01967,1.44083,1.31892,1.39096,1.13881,0.886667,1.3965,1.29675,1.197,1.16232,1.16232,1.16232,1.16232,1.16232,1.16232,1.16232,1.16232,1.16232,1.16232,1.16232,1.16232,1.16232,1.16232,1.16232,1.16232,1.16232,1.16232,1.16232,1.16232,1.16232,1.16232,1.16232,1.16232,1.16232,1.16232,1.16232,1.16232,1.16232,6,2,0
1.41867,0.886667,1.28567,1.08617,0.886667,1.28567,1.35217,1.58492,1.54612,1.43806,1.29536,1.20185,1.26592,1.29796,1.22531,1.10032,0.949162,0.798,0.886667,0.842333,0.798,0.886667,1.41867,1.30783,1.36325,1.08062,0.798,1.15267,1.44083,1.82875,1.44637,1.47685,1.58076,1.61055,1.49244,1.16739,0.842333,1.064,1.197,1.08617,1.11942,1.24687,1.13327,1.14297,1.32515,1.57141,1.49504,1.67852,1.72593,1.61663,1.27381,1.08024,0.886667,0.886667,0.886667,0.798,1.1305,1.34108,1.42421,1.42144,1.48655,1.40828,1.14747,0.886667,1.064,1.197,0.9975,0.798,0.975333,0.931,0.886667,0.842333,0.798,0.798,1.064,1.064,1.064,1.24133,1.15267,1.1305,1.23025,1.19146,1.17206,1.2732,1.52327,1.3823,1.09015,0.798,1.01967,0.953167,0.886667,1.17483,1.03075,0.886667,1.15267,1.01967,0.886667,1.15267,1.463,1.3965,1.16375,1.11387,1.26627,1.07647,0.886667,1.33,1.17275,1.17275,1.17275,1.17275,1.17275,1.17275,1.17275,1.17275,1.17275,1.17275,1.17275,1.17275,1.17275,1.17275,1.17275,1.17275,1.17275,1.17275,1.17275,1.17275,1.17275,1.17275,1.17275,1.17275,1.17275,1.17275,1.17275,0,0,1
1.15267,1.28567,1.55167,1.3965,1.65142,1.40204,1.67635,1.39234,1.51634,1.35667,1.67583,1.41425,1.39429,1.09615,0.798,1.1305,1.27458,1.54612,1.3494,1.0737,0.798,0.931,1.48517,1.31892,1.67912,1.39373,1.51703,1.40135,1.65384,1.40325,1.72129,1.43698,1.76032,1.4565,1.74791,1.45029,1.70048,1.42657,1.73295,1.42064,1.41965,1.10883,0.798,1.44083,1.29675,1.57937,1.38819,1.33693,1.06746,0.798,1.08617,0.96425,0.842333,1.2635,1.25242,1.40204,1.36602,1.56968,1.42767,1.71134,1.432,1.80217,1.49958,1.61429,1.47215,1.75574,1.47637,1.44752,1.12276,0.798,1.463,1.30783,1.56275,1.42421,1.4436,1.40897,1.43598,1.38299,1.60033,1.39866,1.69683,1.46908,1.75421,1.4756,1.5358,1.45507,1.43687,1.38343,1.60055,1.39878,1.197,1.39496,1.39496,1.39496,1.39496,1.39496,1.39496,1.39496,1.39496,1.39496,1.39496,1.39496,1.39496,1.39496,1.39496,1.39496,1.39496,1.39496,1.39496,1.39496,1.39496,1.39496,1.39496,1.39496,1.39496,1.39496,1.39496,1.39496,1.39496,1.39496,1.39496,1.39496,1.39496,1.39496,1.39496,1.39496,1.39496,1.39496,1.39496,1.39496,1.39496,1.39496,1.39496,4,4,0
1.50733,1.50733,1.44083,1.42975,1.40204,1.34385,1.33693,1.28913,1.3539,1.34195,1.40247,1.41057,1.41462,1.39448,1.40657,1.36829,1.43781,1.40607,1.43454,1.40443,1.38938,1.33753,1.33376,1.28755,1.33094,1.28614,1.3524,1.25253,1.29127,1.22197,1.25382,1.20324,1.26662,1.20964,1.20332,1.20016,1.24291,1.24212,1.3304,1.28586,1.35227,1.31897,1.36882,1.34941,1.4062,1.32377,1.28255,1.26194,1.29597,1.24649,1.22174,1.1872,1.23644,1.19455,1.24011,1.19639,1.26319,1.25226,1.29113,1.26623,1.27595,1.25864,1.24999,1.24566,1.28783,1.28675,1.37487,1.33027,1.46314,1.35223,1.36328,1.30231,1.31615,1.25658,1.22679,1.23406,1.21553,1.1841,1.21272,1.18269,1.25635,1.22667,1.27834,1.30417,1.36142,1.30138,1.29352,1.24526,1.22113,1.20907,1.24737,1.13352,1.16526,1.1368,1.1669,1.13762,1.18947,1.17107,1.22837,1.19052,1.26026,1.33,1.292,1.292,1.292,1.292,1.292,1.292,1.292,1.292,1.292,1.292,1.292,1.292,1.292,1.292,1.292,1.292,1.292,1.292,1.292,1.292,1.292,1.292,1.292,1.292,1.292,1.292,1.292,1.292,1.292,1.292,1.292,4,2,5
1.33,1.33,1.24133,1.21917,1.11942,1.09171,1.03352,1.09309,1.07855,1.00477,1.05655,1.03811,1.07322,1.13511,1.05522,1.08178,1.11722,1.24578,1.19922,1.15378,1.19756,1.15294,1.24147,1.0419,0.842333,0.9975,1.07508,1.04737,1.03352,1.00443,1.10071,1.08236,1.05101,1.27917,1.14942,1.17321,1.34027,1.33514,1.19957,1.17612,1.16439,1.22503,1.18885,1.21509,1.22821,1.36777,1.32672,1.32836,1.19618,1.21876,1.29654,1.31327,1.2773,1.37015,1.23924,1.37329,1.21864,1.29649,1.24674,1.39921,1.34244,1.38055,1.26661,1.4313,1.33632,1.53266,1.43133,1.13683,0.842333,1.01967,1.28567,1.3965,1.47408,1.46854,1.53227,1.5198,1.66873,1.49937,1.74718,1.44993,1.38996,1.47081,1.44474,1.45387,1.56927,1.38313,1.6004,1.44303,1.40868,1.59101,1.43834,1.51717,1.46792,1.46546,1.4864,1.51903,1.15852,0.798,1.064,1.463,1.37433,1.37433,1.37433,1.26919,1.26919,1.26919,1.26919,1.26919,1.26919,1.26919,1.26919,1.26919,1.26919,1.26919,1.26919,1.26919,1.26919,1.26919,1.26919,1.26919,1.26919,1.26919,1.26919,1.26919,1.26919,1.26919,1.26919,1.26919,1.26919,1.26919,1.26919,1.26919,1.26919,10,11,8
1.64033,1.57383,1.38542,1.11387,0.842333,0.798,1.5295,1.38542,1.75671,1.49902,1.68051,1.43876,1.51738,1.37936,1.50984,1.37559,1.66313,1.43006,1.51303,1.33285,1.37576,1.24205,1.39686,1.27476,1.36888,1.26077,1.31755,1.25728,1.67047,1.41157,1.50378,1.19523,0.886667,0.842333,0.798,0.798,0.842333,1.50733,1.33,1.41867,1.35217,1.38542,1.35771,1.47685,1.38126,1.79896,1.47582,1.18124,0.886667,1.01967,0.931,0.842333,1.01967,1.28567,1.2635,1.38542,1.31337,1.38819,1.31476,1.47755,1.31511,1.58855,1.41494,1.68281,1.4399,1.11895,0.798,0.975333,1.24133,1.24133,1.3965,1.31892,1.54612,1.39373,1.65003,1.44568,1.12184,0.798,0.975333,1.24133,1.2635,1.56275,1.35771,1.78719,1.44776,1.65488,1.44811,1.74372,1.44819,1.67726,1.4593,1.48332,1.36232,1.34616,1.27158,1.197,1.33141,1.33141,1.33141,1.33141,1.33141,1.33141,1.33141,1.33141,1.33141,1.33141,1.33141,1.33141,1.33141,1.33141,1.33141,1.33141,1.33141,1.33141,1.33141,1.33141,1.33141,1.33141,1.33141,1.33141,1.33141,1.33141,1.33141,1.33141,1.33141,1.33141,1.33141,1.33141,1.33141,1.33141,1.33141,1.33141,1.33141,10,4,3
1.197,1.17483,1.14158,1.16929,1.11665,1.13466,1.12149,1.15925,1.13379,1.18756,1.12578,1.13922,1.14595,1.14931,1.12882,1.14074,1.12454,1.16077,1.11238,1.13253,1.1426,1.21413,1.13907,1.10153,1.1271,1.11772,1.06869,1.08851,1.07626,1.11446,1.08923,1.09878,1.12572,1.1392,1.1016,1.0828,1.0734,1.0687,1.06635,1.08734,1.07567,1.092,1.078,1.09317,1.07858,1.13779,1.12306,1.1822,1.16743,1.20438,1.17852,1.1656,1.20346,1.13373,1.1432,1.08143,1.11705,1.11269,1.08835,1.09834,1.10334,1.128,1.096,1.1465,1.12742,1.14004,1.16852,1.18276,1.12338,1.09369,1.10101,1.10467,1.08434,1.09633,1.08017,1.11642,1.11238,1.17685,1.09826,1.1033,1.12798,1.09599,1.08,1.09416,1.07908,1.09371,1.07885,1.09359,1.12313,1.09357,1.14528,1.14897,1.17299,1.18499,1.16883,1.20508,1.15671,1.15469,1.10934,1.13101,1.11967,1.13617,1.12225,1.13746,1.14506,1.17103,1.20618,1.22376,1.21038,1.20369,1.20034,1.19867,1.19784,1.17525,1.14179,1.19156,1.24133,1.13263,1.13263,1.13263,1.13263,1.13263,1.13263,1.13263,1.13263,1.13263,1.13263,1.13263,1.13263,1.13263,1.13263,1.13263,1.13263,0,2,0
1.41867,1.30783,1.78442,1.55721,1.1776,0.798,1.01967,1.28567,1.24133,1.30783,1.27458,1.30229,1.24965,1.31199,1.25449,1.46958,1.37762,1.30948,1.36407,1.25837,1.27202,1.21234,1.27117,1.41142,1.41504,1.37252,1.37343,1.41821,1.35194,1.1193,0.886667,1.064,1.41867,1.28567,1.41867,1.28567,1.35217,1.25242,1.29121,1.2441,1.37572,1.26419,1.4301,1.46871,1.64319,1.6196,1.2088,0.798,0.886667,1.1305,1.31892,1.45746,1.3494,1.6722,1.32377,1.65938,1.42819,1.35693,1.1218,0.886667,1.28567,1.24133,1.35217,1.27458,1.50179,1.37156,1.35078,1.11872,0.886667,1.44083,1.38542,1.49071,1.36602,1.37018,1.30576,1.45088,1.30177,1.09422,0.886667,1.064,1.48517,1.40758,1.45746,1.37156,1.46161,1.21847,1.4294,1.3132,1.7871,1.46988,1.51078,1.15439,0.798,0.798,0.798,0.9975,1.25242,1.29121,1.33,1.29352,1.29352,1.29352,1.29352,1.29352,1.29352,1.29352,1.29352,1.29352,1.29352,1.29352,1.29352,1.29352,1.29352,1.29352,1.29352,1.29352,1.29352,1.29352,1.29352,1.29352,1.29352,1.29352,1.29352,1.29352,1.29352,1.29352,1.29352,1.29352,1.29352,1.29352,1.29352,1.29352,1.29352,4,1,3
1.24133,1.21917,1.09725,1.12496,1.13881,1.14574,1.12704,1.16202,1.04651,1.18825,1.48079,1.51623,1.42312,1.11056,0.798,1.064,1.28567,1.30783,1.36325,1.36879,1.3494,1.3397,1.55652,1.26592,1.1428,1.1699,1.22778,1.41189,1.32661,1.41697,1.43999,1.42933,1.11366,0.798,1.10833,0.975333,0.842333,0.886667,1.15267,1.24133,1.21917,1.03075,0.842333,0.9975,0.942083,0.886667,0.842333,0.798,1.01967,1.1305,1.36325,1.30229,1.42698,1.35632,1.45399,1.126,0.798,0.9975,1.11942,1.37987,1.46577,1.48655,1.31961,1.14747,1.1279,1.27328,1.07998,0.886667,0.931,0.886667,0.842333,1.08617,1.25242,1.20254,1.42144,1.37572,1.48586,1.18626,0.886667,0.798,1.08617,1.29675,1.35771,1.43252,1.42559,1.33346,1.3539,1.29762,1.04781,0.798,0.798,0.798,0.798,0.886667,1.10833,0.953167,0.798,0.820167,0.842333,0.798,1.197,1.08617,1.11942,1.33554,1.08894,0.842333,0.953167,1.07508,1.04737,1.01967,1.13977,1.13977,1.13977,1.13977,1.13977,1.13977,1.13977,1.13977,1.13977,1.13977,1.13977,1.13977,1.13977,1.13977,1.13977,1.13977,1.13977,1.13977,1.13977,1.13977,1.13977,1.13977,1.13977,4,3,1
1.15267,1.30783,1.36325,1.45746,1.50456,1.70545,1.49556,1.67878,1.50439,1.48369,1.60635,1.49034,1.54317,1.48092,1.53846,1.54506,1.54836,1.50568,1.50651,1.59559,1.48496,1.49615,1.45741,1.41587,1.41727,1.4623,1.44048,1.47391,1.42412,1.51006,1.4422,1.4526,1.54647,1.57123,1.49495,1.50114,1.48207,1.47254,1.48993,1.49863,1.45865,1.41649,1.35108,1.34054,1.3131,1.25505,1.24819,1.24476,1.19871,1.22002,1.18635,1.25817,1.24975,1.24554,1.17694,1.18697,1.16982,1.29424,1.26779,1.40973,1.3477,1.42752,1.44526,1.45413,1.4364,1.40537,1.45635,1.37101,1.417,1.35134,1.36283,1.32425,1.37146,1.5059,1.30711,1.29639,1.29103,1.31051,1.25376,1.26971,1.32202,1.37034,1.28367,1.35117,1.38492,1.35746,1.32156,1.28145,1.28356,1.32895,1.26297,1.31865,1.25783,1.27175,1.28567,1.39081,1.39081,1.39081,1.39081,1.39081,1.39081,1.39081,1.39081,1.39081,1.39081,1.39081,1.39081,1.39081,1.39081,1.39081,1.39081,1.39081,1.39081,1.39081,1.39081,1.39081,1.39081,1.39081,1.39081,1.39081,1.39081,1.39081,1.39081,1.39081,1.39081,1.39081,1.39081,1.39081,1.39081,1.39081,1.39081,1.39081,1.39081,2,3,0
1.41867,1.41867,1.33,1.08617,0.842333,0.9975,1.11942,1.02521,1.15544,1.02105,0.886667,1.17483,1.42975,1.44637,1.49902,1.70268,1.53851,1.36775,1.21588,1.1621,1.33472,1.46536,1.75235,1.54117,1.52425,1.20546,0.886667,1.21917,1.34108,1.35771,1.10002,0.842333,1.463,1.35217,1.76225,1.45746,1.4824,1.4727,1.46785,1.53192,1.56396,1.60215,1.55474,1.59754,1.5081,1.59638,1.70703,1.65151,1.51292,1.26629,1.18731,1.61332,1.383,1.64466,1.443,1.67467,1.5245,1.51592,1.17912,0.842333,1.197,1.37433,1.57383,1.42975,1.53504,1.56552,1.60293,1.68813,1.57557,1.56362,1.69064,1.51032,1.48666,1.14233,0.798,1.44083,1.31892,1.47962,1.47131,1.82182,1.50941,1.44187,1.1421,0.842333,1.21917,1.29675,1.42421,1.35494,1.5198,1.46923,1.46612,1.463,1.38458,1.38458,1.38458,1.38458,1.38458,1.38458,1.38458,1.38458,1.38458,1.38458,1.38458,1.38458,1.38458,1.38458,1.38458,1.38458,1.38458,1.38458,1.38458,1.38458,1.38458,1.38458,1.38458,1.38458,1.38458,1.38458,1.38458,1.38458,1.38458,1.38458,1.38458,1.38458,1.38458,1.38458,1.38458,1.38458,1.38458,1.38458,1.38458,1.38458,1.38458,2,2,1
1.33,1.35217,1.36325,1.43529,1.38265,1.09032,0.798,1.01967,0.975333,1.064,1.21917,1.40758,1.32446,1.39373,1.38403,1.44568,1.36567,1.08184,0.798,1.15267,0.975333,0.798,1.01967,1.064,1.10833,1.28567,1.33,1.37433,1.35217,1.49625,1.39096,1.44915,1.58907,1.43737,1.18418,1.16843,1.11621,0.979273,0.842333,1.44083,1.34108,1.33554,1.13327,1.0543,1.14782,0.995076,0.842333,1.197,1.10833,1.17483,1.34108,1.31337,1.41035,1.12634,0.842333,0.886667,1.197,1.064,0.9975,1.27458,1.34662,1.31615,1.34524,1.38195,1.31164,1.20999,1.13699,1.07833,1.15983,1.15625,1.19879,1.04273,0.886667,1.30783,1.25242,1.13604,1.14435,1.03768,0.940005,0.842333,1.08617,1.29675,1.31337,1.29952,1.27043,1.27805,1.25969,1.22835,1.25701,1.33784,1.28958,1.42063,1.41965,1.50782,1.37458,1.10846,0.842333,1.10833,0.975333,0.842333,0.842333,0.908833,0.96425,1.19146,1.32723,1.463,1.1888,1.1888,1.1888,1.1888,1.1888,1.1888,1.1888,1.1888,1.1888,1.1888,1.1888,1.1888,1.1888,1.1888,1.1888,1.1888,1.1888,1.1888,1.1888,1.1888,1.1888,1.1888,1.1888,1.1888,1.1888,1.1888,1.1888,0,1,0
0.931,1.01967,1.15267,1.2635,1.07508,0.886667,0.842333,0.820167,0.798,0.842333,1.04183,1.03075,1.11387,1.13327,1.16514,0.981568,0.798,1.1305,0.96425,0.798,0.886667,1.04183,0.919917,0.798,1.01967,0.931,0.842333,1.15267,0.975333,0.798,1.08617,1.00858,1.10279,1.12773,1.1402,1.1686,1.29363,1.15665,1.08816,1.27558,1.03679,0.798,0.820167,0.842333,0.842333,1.064,0.9975,1.05292,1.28012,1.0834,0.886667,1.04183,1.03075,1.06954,1.1111,1.10972,1.08686,1.0976,1.0808,1.24973,1.2677,1.03285,0.798,0.886667,0.9975,1.14158,1.19146,1.06123,1.10695,1.28497,1.10799,1.08599,1.18583,1.19142,1.08337,1.22885,1.05776,0.886667,1.1305,1.03075,0.980875,1.19977,1.06539,1.08686,1.0976,1.05863,1.23865,1.32866,1.152,1.21883,1.20792,1.26896,1.18865,1.08199,1.18383,1.27908,1.32671,1.06235,0.798,1.1305,1.03075,0.914375,0.798,0.842333,0.886667,0.9975,0.986417,1.04737,1.27735,1.05984,0.842333,0.886667,1.24133,1.08617,0.942083,0.798,1.596,1.0524,1.0524,1.0524,1.0524,1.0524,1.0524,1.0524,1.0524,1.0524,1.0524,1.0524,1.0524,1.0524,1.0524,1.0524,1.0524,10,7,9
1.01967,1.197,1.17483,1.20808,1.24687,1.33277,1.26489,1.27528,1.30264,1.33849,1.33424,1.33212,1.33106,1.24186,1.3081,1.45205,1.30236,1.31618,1.34526,1.42629,1.31165,1.20999,1.3365,1.35541,1.32054,1.25877,1.27222,1.32328,1.2823,1.35049,1.36241,1.36837,1.34919,1.42826,1.2018,1.15506,1.30903,1.34168,1.29151,1.28859,1.35363,1.36398,1.30266,1.24983,1.28991,1.28779,1.3089,1.38595,1.33581,1.42157,1.35362,1.43048,1.35807,1.3662,1.45893,1.39447,1.4509,1.32395,1.34914,1.29524,1.33479,1.35456,1.36445,1.34722,1.40511,1.38972,1.38203,1.35601,1.32084,1.28109,1.30554,1.38427,1.35714,1.41007,1.34787,1.44977,1.38988,1.42644,1.31172,1.29869,1.29218,1.26676,1.25405,1.26986,1.16693,1.2263,1.18948,1.28191,1.30595,1.34014,1.33507,1.31037,1.34235,1.31401,1.34417,1.35925,1.27813,1.25973,1.29486,1.33,1.31927,1.31927,1.31927,1.31927,1.31927,1.31927,1.31927,1.31927,1.31927,1.31927,1.31927,1.31927,1.31927,1.31927,1.31927,1.31927,1.31927,1.31927,1.31927,1.31927,1.31927,1.31927,1.31927,1.31927,1.31927,1.31927,1.31927,1.31927,1.31927,1.31927,1.31927,1.31927,1.31927,24,17,25
1.463,1.28567,1.35217,1.25242,1.20254,1.3106,1.23164,1.21432,1.33866,1.13483,1.14375,1.28121,1.15044,1.15155,1.28511,1.19672,1.19686,1.32993,1.1748,1.1859,1.28012,1.19422,1.19561,1.30714,1.27424,1.23562,1.32714,1.26207,1.22954,1.30193,1.2273,1.18998,1.30433,1.295,1.22383,1.29908,1.29237,1.26685,1.32059,1.14796,1.15032,1.26232,1.18533,1.169,1.29383,1.26758,1.23229,1.32548,1.21691,1.18479,1.32389,1.08311,0.842333,1.10833,1.10833,1.15267,1.2635,1.29675,1.24687,1.3106,1.1873,1.16998,1.31649,1.16808,1.16037,1.28952,1.28759,1.2423,1.37481,1.15291,1.15279,1.28573,1.1527,1.13052,1.27459,1.21363,1.20531,1.31199,1.14366,1.14816,1.26125,1.14046,1.14656,1.30478,1.11789,1.13528,1.27697,1.08182,0.886667,1.15267,1.10833,1.15267,1.28567,1.21917,1.23025,1.32446,1.1499,1.17345,1.27389,1.21328,1.18297,1.30082,1.20458,1.20079,1.30973,1.0982,0.886667,1.21747,1.21747,1.21747,1.21747,1.21747,1.21747,1.21747,1.21747,1.21747,1.21747,1.21747,1.21747,1.21747,1.21747,1.21747,1.21747,1.21747,1.21747,1.21747,1.21747,1.21747,1.21747,1.21747,1.21747,1.21747,1.21747,6,0,0
1.55167,1.57383,1.49625,1.45746,1.4824,1.49486,1.4346,1.5153,1.42265,1.35416,1.09825,0.842333,1.197,1.35217,1.31892,1.43529,1.40481,1.34524,1.38195,1.35598,1.36515,1.32541,1.37204,1.35102,1.45134,1.32417,1.34925,1.40613,1.4789,1.38228,1.46697,1.44282,1.51941,1.44687,1.43277,1.42572,1.44436,1.40935,1.41401,1.505,1.617,1.45133,1.45717,1.48225,1.45046,1.3459,1.33795,1.42264,1.35415,1.45291,1.43579,1.36073,1.4562,1.28227,1.30613,1.38457,1.37945,1.42122,1.61945,1.47472,1.44669,1.52135,1.44784,1.52192,1.42596,1.57748,1.54241,1.59137,1.61585,1.56159,1.49013,1.5209,1.55845,1.46639,1.3982,1.0981,0.798,0.842333,1.17483,1.29675,1.33554,1.35494,1.36464,1.14782,0.995076,0.842333,1.197,1.33,1.50733,1.44083,1.38542,1.49071,1.34385,1.197,1.38457,1.38457,1.38457,1.38457,1.38457,1.38457,1.38457,1.38457,1.38457,1.38457,1.38457,1.38457,1.38457,1.38457,1.38457,1.38457,1.38457,1.38457,1.38457,1.38457,1.38457,1.38457,1.38457,1.38457,1.38457,1.38457,1.38457,1.38457,1.38457,1.38457,1.38457,1.38457,1.38457,1.38457,1.38457,1.38457,1.38457,1.38457,1.38457,2,4,0
0.975333,1.15267,0.975333,0.798,1.064,0.931,0.798,1.17483,1.05292,0.991958,1.05015,0.924073,0.798,0.820167,0.842333,0.886667,1.10833,0.975333,0.842333,1.04183,1.07508,1.20254,1.2441,1.17622,1.18661,1.23614,1.03924,0.842333,0.886667,0.908833,1.00858,1.16929,1.24965,1.17899,1.07716,1.02625,1.20029,0.999145,0.798,0.886667,1.15267,1.35217,1.29675,1.13604,0.989187,0.842333,0.8645,0.886667,1.10833,1.10833,1.08617,1.16375,1.33554,1.42144,1.22055,1.14228,1.34697,1.13899,1.07933,1.29333,1.06783,0.842333,0.8645,0.886667,0.798,0.798,0.798,1.17483,1.31892,1.05846,0.798,0.975333,0.886667,0.798,1.15267,1.01967,0.886667,1.064,1.33,1.30783,1.42975,1.40204,1.10002,0.798,0.798,0.798,0.798,1.08617,0.942083,0.798,1.064,1.30783,1.34108,1.06954,0.798,1.064,1.01967,1.10833,1.24133,1.01967,0.798,1.064,0.931,0.798,1.1305,0.96425,0.798,0.842333,0.9975,0.986417,1.22471,1.03352,0.842333,1.2635,1.68467,1.04112,1.04112,1.04112,1.04112,1.04112,1.04112,1.04112,1.04112,1.04112,1.04112,1.04112,1.04112,1.04112,1.04112,1.04112,1.04112,1.04112,1.04112,0,0,1
1.41867,1.37433,1.35217,1.36325,1.30229,1.33831,1.33416,1.33208,1.41971,1.37485,1.46326,1.39663,1.45198,1.39099,1.4935,1.41175,1.52604,1.42802,1.42334,1.44317,1.38659,1.33613,1.3774,1.3537,1.34185,1.33592,1.3108,1.3204,1.36953,1.30543,1.47288,1.37927,1.42114,1.44207,1.3417,1.38018,1.26643,1.29821,1.24761,1.2888,1.33157,1.28645,1.33039,1.3302,1.3966,1.31897,1.30232,1.31616,1.36741,1.30437,1.36152,1.34576,1.38221,1.35611,1.40955,1.41411,1.39422,1.45078,1.43472,1.38236,1.40051,1.32092,1.32546,1.32773,1.26237,1.27402,1.27984,1.28275,1.26204,1.29602,1.35734,1.36584,1.34792,1.33896,1.35665,1.36549,1.30341,1.29454,1.2236,1.25463,1.27015,1.27791,1.23745,1.30589,1.29578,1.31289,1.36578,1.34789,1.38328,1.31231,1.36549,1.32558,1.41645,1.35106,1.4292,1.33527,1.24133,1.35097,1.35097,1.35097,1.35097,1.35097,1.35097,1.35097,1.35097,1.35097,1.35097,1.35097,1.35097,1.35097,1.35097,1.35097,1.35097,1.35097,1.35097,1.35097,1.35097,1.35097,1.35097,1.35097,1.35097,1.35097,1.35097,1.35097,1.35097,1.35097,1.35097,1.35097,1.35097,1.35097,1.35097,1.35097,1.35097,2,3,1
1.24133,1.30783,1.36325,1.21362,1.18315,1.36741,1.12704,0.886667,1.35217,1.36325,1.43529,1.62648,1.83291,1.55929,1.51114,1.68657,1.57479,1.56323,1.53528,1.49914,1.43674,1.38337,1.37885,1.33226,1.3533,1.29731,1.31366,1.23316,1.30375,1.27254,1.32344,1.26022,1.22861,1.32364,1.12732,1.16216,1.37908,1.44321,1.67477,1.52455,1.47161,1.68897,1.73115,1.57491,1.58545,1.47989,1.44928,1.34531,1.33765,1.22299,1.2765,1.17025,1.20579,1.1349,1.23245,1.19256,1.32778,1.21806,1.27403,1.19118,1.30492,1.20663,1.29048,1.15507,1.17604,1.31952,1.14743,1.17221,1.25111,1.06889,0.886667,1.24133,1.37433,1.37433,1.28567,1.33,1.24133,1.30783,1.23025,1.28012,1.2829,1.37295,1.30714,1.31857,1.25779,1.29389,1.24545,1.26556,1.27561,1.56881,1.49374,1.4562,1.23793,1.21747,1.34023,1.51245,1.44339,1.37433,1.33675,1.33675,1.33675,1.33675,1.33675,1.33675,1.33675,1.33675,1.33675,1.33675,1.33675,1.33675,1.33675,1.33675,1.33675,1.33675,1.33675,1.33675,1.33675,1.33675,1.33675,1.33675,1.33675,1.33675,1.33675,1.33675,1.33675,1.33675,1.33675,1.33675,1.33675,1.33675,1.33675,1.33675,1.33675,4,3,1
1.197,1.21917,1.34108,1.26904,1.23302,1.41451,1.54959,1.77229,1.57331,1.96149,1.62358,1.80929,1.63614,1.68257,1.55062,1.86148,1.57357,1.82862,1.55714,1.53224,1.56412,1.89039,1.56586,1.51443,1.31138,1.25419,1.33643,1.24455,1.22077,1.65222,1.46894,1.79847,1.5199,1.51362,1.17798,0.842333,1.15267,0.9975,0.842333,1.30783,1.36325,1.72346,1.50456,1.48378,1.14089,0.798,1.21917,1.45192,1.43529,1.64865,1.93266,1.58699,1.50283,1.21692,1.22912,1.4569,1.50428,1.86047,1.52874,1.89487,1.5681,1.67072,1.54469,1.59251,1.52776,1.73921,1.57894,1.47664,1.15948,0.842333,1.24133,1.3965,1.42975,1.13604,0.842333,1.15267,1.28567,1.21917,1.34108,1.33554,1.2441,1.37572,1.57453,1.4966,1.25813,1.24973,1.35637,1.27668,1.10384,0.931,1.41991,1.41991,1.41991,1.41991,1.41991,1.41991,1.41991,1.41991,1.41991,1.41991,1.41991,1.41991,1.41991,1.41991,1.41991,1.41991,1.41991,1.41991,1.41991,1.41991,1.41991,1.41991,1.41991,1.41991,1.41991,1.41991,1.41991,1.41991,1.41991,1.41991,1.41991,1.41991,1.41991,1.41991,1.41991,1.41991,1.41991,1.41991,1.41991,1.41991,1.41991,1.41991,1.41991,0,0,0
1.41867,0.886667,1.24133,1.3965,1.40758,1.54612,1.43806,1.29536,1.17968,1.29917,1.22592,1.14496,1.34831,1.47216,1.13508,0.798,0.798,1.15267,1.01967,0.886667,0.931,0.953167,1.18592,1.30229,1.44915,1.43391,1.13812,0.842333,0.886667,1.064,1.197,1.2635,1.27458,1.21362,1.31615,1.19007,1.03837,0.886667,0.886667,1.04183,1.45192,1.30229,1.31615,1.41174,1.10487,0.798,0.842333,1.1305,0.96425,0.798,0.798,0.798,1.1305,1.49625,1.47962,1.47131,1.57799,1.49833,1.61366,1.5605,1.22358,0.886667,1.197,0.9975,0.798,1.08617,1.36325,1.41312,1.50456,1.43945,1.51772,1.42386,1.11093,0.798,0.886667,1.21917,1.27458,1.16929,1.11665,1.22332,1.32099,1.17033,1.31667,1.3455,1.24908,1.31171,1.29869,1.24784,1.31109,1.34271,1.18119,1.27776,1.54771,1.43886,1.5396,1.52346,1.5154,1.5557,1.53152,1.85192,1.5023,1.15015,0.798,1.22434,1.22434,1.22434,1.22434,1.22434,1.22434,1.22434,1.22434,1.22434,1.22434,1.22434,1.22434,1.22434,1.22434,1.22434,1.22434,1.22434,1.22434,1.22434,1.22434,1.22434,1.22434,1.22434,1.22434,1.22434,1.22434,1.22434,1.22434,1.22434,1.22434,2,1,0
1.064,1.21917,1.00858,0.798,1.15267,1.35217,1.38542,1.09171,0.798,1.15267,0.9975,0.842333,1.1305,0.96425,0.798,0.798,1.10833,1.35217,1.42975,1.53504,1.52119,1.46993,1.53296,1.54232,1.43616,1.42741,1.44521,1.43194,1.11497,0.798,1.1305,0.986417,0.842333,1.1305,1.36325,1.41312,1.50456,1.48378,1.18522,0.886667,1.17483,1.16375,1.09171,1.29952,1.07093,0.842333,1.10833,0.953167,0.798,1.08617,1.03075,1.09171,1.25519,1.20393,1.15613,1.33173,1.06487,0.798,1.08617,1.34108,1.37987,1.08894,0.798,0.886667,0.908833,1.03075,1.26904,1.47685,1.42559,1.1118,0.798,1.064,1.17483,1.11942,1.26904,1.25519,1.20393,1.28913,1.2209,1.09812,1.21406,1.0947,1.10151,1.21576,1.22855,1.16844,1.36005,1.18986,1.0826,1.3393,1.42332,1.42099,1.13166,0.842333,1.15267,1.064,1.15267,1.24133,1.21917,1.14158,1.36879,1.4824,1.51703,1.55652,1.46542,1.17605,0.886667,1.17457,1.17457,1.17457,1.17457,1.17457,1.17457,1.17457,1.17457,1.17457,1.17457,1.17457,1.17457,1.17457,1.17457,1.17457,1.17457,1.17457,1.17457,1.17457,1.17457,1.17457,1.17457,1.17457,1.17457,1.17457,1.17457,8,1,4
1.50733,1.197,0.886667,1.01967,1.41867,1.33,1.08617,0.842333,0.953167,0.96425,0.991958,0.917146,0.842333,0.798,0.8645,0.942083,0.980875,1.02244,1.04322,1.00928,0.992305,1.07249,0.979576,0.886667,1.01967,0.908833,0.798,0.975333,1.064,1.01967,1.197,1.04183,0.886667,0.886667,0.886667,0.886667,0.798,1.10833,0.975333,0.842333,0.798,1.064,0.975333,0.886667,0.798,0.975333,0.975333,0.975333,1.10833,0.953167,0.798,1.01967,1.28567,1.3965,1.31892,1.05846,0.798,1.28567,1.30783,1.31892,1.12496,1.11665,1.24549,1.08824,1.12046,1.26956,1.03378,0.798,1.064,0.931,0.798,1.064,0.9975,0.986417,1.15821,0.978104,0.798,0.931,0.908833,0.886667,1.04183,0.919917,0.798,1.10833,0.953167,0.798,0.975333,0.931,0.886667,0.886667,0.886667,0.886667,0.798,0.798,0.798,0.798,0.798,1.01967,1.17483,0.986417,0.798,0.886667,0.886667,0.842333,0.908833,0.853417,0.798,0.798,0.798,0.842333,1.1305,1.25242,1.35771,1.41035,1.17068,1.09517,0.990919,0.886667,0.908833,0.931,0.991906,0.991906,0.991906,0.991906,0.991906,0.991906,0.991906,0.991906,0.991906,0.991906,0.991906,0.991906,0.991906,10,7,9
0.931,1.24133,1.01967,0.798,0.842333,0.820167,0.798,1.08617,1.00858,1.05846,0.928229,0.798,0.9975,0.919917,0.842333,0.798,1.10833,0.953167,0.798,0.798,0.798,0.9975,1.25242,1.02521,0.798,0.798,0.842333,0.886667,1.064,0.931,0.798,1.01967,0.9975,0.942083,0.886667,0.842333,0.798,0.886667,0.798,0.886667,0.953167,0.919917,0.886667,0.886667,0.886667,1.01967,1.17483,0.986417,0.798,0.886667,0.842333,0.842333,0.820167,0.798,0.886667,1.17483,1.07508,0.980875,0.886667,1.30783,1.05292,0.798,0.886667,1.10833,1.2635,1.11942,1.04737,0.944854,0.842333,1.2635,1.25242,1.09171,1.01135,0.904677,0.798,1.10833,1.28567,1.37433,1.3965,1.14158,0.886667,0.798,1.197,1.24133,1.01967,0.798,0.798,0.798,0.798,0.798,0.798,0.908833,1.09725,1.05846,0.972562,0.886667,0.886667,0.886667,1.064,1.197,1.30783,1.40758,1.34662,1.16098,0.97949,0.798,1.064,0.931,0.798,1.04183,0.919917,0.798,0.975333,0.886667,0.798,0.798,0.798,0.931,1.08617,1.07508,0.958708,0.842333,0.842333,0.842333,1.064,0.96671,0.96671,0.96671,0.96671,0.96671,0.96671,0.96671,0.96671,2,1,1
0.886667,1.08617,0.942083,0.798,1.15267,1.197,1.08617,0.942083,0.798,1.24133,1.33,1.64033,1.48517,1.27458,1.03629,0.798,1.24133,1.28567,1.35217,1.07508,0.798,0.8645,0.89775,1.11387,1.48794,1.4533,1.52465,1.51599,1.64466,1.3765,1.55275,1.44137,1.65169,1.49084,1.60992,1.55863,1.44431,1.20982,1.00391,0.798,0.842333,0.886667,1.37433,1.24133,1.28567,1.04183,0.798,1.064,0.975333,0.886667,1.1305,0.96425,0.798,0.886667,0.842333,0.798,0.842333,0.886667,0.798,1.30783,1.36325,1.25796,1.02798,0.798,0.842333,0.886667,0.975333,1.30783,1.36325,1.08062,0.798,0.886667,1.2635,1.40758,1.70129,1.42698,1.55582,1.42074,1.15371,0.886667,0.798,1.17483,1.05292,0.947625,0.842333,1.01967,1.37433,1.08617,0.798,0.842333,1.2635,1.03075,0.798,0.931,1.30783,1.42975,1.46854,1.22194,1.0543,0.886667,0.842333,0.798,0.8645,0.96425,0.969792,0.972562,0.885281,0.798,1.11635,1.11635,1.11635,1.11635,1.11635,1.11635,1.11635,1.11635,1.11635,1.11635,1.11635,1.11635,1.11635,1.11635,1.11635,1.11635,1.11635,1.11635,1.11635,1.11635,1.11635,1.11635,1.11635,1.11635,1.11635,14,5,2
1.064,0.975333,0.886667,0.8645,0.842333,0.975333,1.064,0.931,0.798,0.798,0.798,0.886667,0.975333,1.15267,1.01967,0.886667,0.886667,0.975333,1.15267,1.28567,1.30783,1.23025,1.36879,1.26073,1.02936,0.798,0.842333,0.886667,0.886667,0.886667,0.842333,0.886667,0.842333,0.798,0.842333,0.886667,0.886667,0.798,1.08617,1.23025,1.14712,1.06123,1.26211,1.38472,1.11353,0.842333,0.8645,0.886667,0.842333,0.798,0.798,0.798,0.908833,1.03075,1.11387,1.26627,1.29814,1.04807,0.798,0.975333,1.064,0.931,0.798,0.886667,0.798,1.28567,1.04183,0.798,0.886667,0.886667,0.886667,1.197,1.08617,1.11942,1.13604,0.989187,0.842333,1.197,1.2635,1.07508,0.886667,0.975333,1.15267,1.33,1.197,1.04183,0.886667,0.798,0.798,0.798,0.842333,0.842333,0.798,0.798,1.10833,1.17483,1.11942,1.35771,1.23302,1.05984,0.886667,0.886667,0.886667,0.908833,0.919917,0.947625,1.00581,0.901906,0.798,0.886667,0.886667,1.15267,1.08617,1.00858,1.28012,1.10556,1.19561,0.996807,0.798,1.064,0.991857,0.991857,0.991857,0.991857,0.991857,0.991857,0.991857,0.991857,0.991857,0.991857,0.991857,0.991857,0.991857,8,5,2
0.798,0.931,1.08617,1.23025,1.23579,1.06123,0.886667,0.975333,0.931,0.886667,0.842333,0.798,1.064,1.17483,1.14158,1.30229,1.05015,0.798,0.798,0.886667,1.064,1.01967,0.953167,0.886667,0.842333,0.798,1.197,1.30783,1.31892,1.50179,1.37156,1.30645,1.36256,1.08028,0.798,1.197,0.9975,0.798,1.48517,1.54058,1.43529,1.31615,1.23441,1.2822,1.08443,0.886667,1.01967,0.931,0.842333,0.798,0.908833,1.09725,1.14712,1.2164,1.5392,1.25727,1.0498,0.842333,0.908833,1.20808,1.26904,1.29952,1.35909,1.21155,1.09344,1.27822,1.08244,0.886667,1.197,1.08617,0.942083,0.798,0.798,0.886667,0.842333,0.798,1.21917,1.05292,0.886667,0.886667,1.15267,1.10833,1.30783,1.36325,1.10279,0.842333,1.197,1.28567,1.2635,1.27458,1.08062,0.886667,1.197,1.01967,0.842333,1.15267,0.975333,0.798,1.064,1.21917,1.58492,1.45746,1.12773,0.798,1.064,0.9975,1.00858,1.32446,1.32723,1.06261,0.798,1.08349,1.08349,1.08349,1.08349,1.08349,1.08349,1.08349,1.08349,1.08349,1.08349,1.08349,1.08349,1.08349,1.08349,1.08349,1.08349,1.08349,1.08349,1.08349,1.08349,1.08349,1.08349,12,6,3
1.28567,1.28567,1.33,1.197,1.30783,1.05292,0.798,1.04183,1.09725,1.08062,1.20531,1.26766,1.16583,1.31441,1.36654,1.21527,1.2948,1.35673,1.21037,1.27018,1.30009,1.13771,1.21169,1.13784,1.05659,1.19329,1.17298,1.09632,1.2575,1.29375,1.22321,1.2766,1.39197,1.27232,1.32333,1.371,1.2175,1.29592,1.15779,1.1109,1.19828,1.02031,0.842333,1.1305,1.05292,1.01412,1.2164,1.18453,1.07993,1.20497,1.20098,1.17682,1.20908,1.13654,1.10027,1.19297,1.12848,1.09624,1.21312,1.22723,1.12345,1.27106,1.21186,1.18226,1.25613,1.24873,1.17853,1.2986,1.09263,0.886667,1.064,1.064,1.064,1.21917,1.14158,1.10279,1.2164,1.18453,1.12427,1.2493,1.11232,1.04382,1.18691,1.08112,1.05039,1.1902,1.17143,1.16205,1.22386,1.25476,1.18155,1.30011,1.22639,1.14519,1.25976,1.22838,1.07969,1.20485,1.26742,1.14354,1.23677,1.08389,1.07394,1.20197,1.08865,0.98766,0.886667,0.931,0.975333,1.17483,1.37433,1.17096,1.17096,1.17096,1.17096,1.17096,1.17096,1.17096,1.17096,1.17096,1.17096,1.17096,1.17096,1.17096,1.17096,1.17096,1.17096,1.17096,1.17096,1.17096,1.17096,1.17096,1.17096,8,3,1
0.886667,0.798,0.9975,0.942083,0.886667,0.908833,0.89775,0.886667,1.37433,1.21917,1.60708,1.33554,1.68744,1.37572,1.57453,1.38576,1.66821,1.34394,1.1153,0.886667,1.01967,0.953167,0.886667,0.9975,0.942083,0.886667,0.975333,1.37433,1.24133,1.596,1.33,1.28567,1.04183,0.798,1.37433,1.2635,1.20808,1.00304,0.798,1.48517,1.23025,1.32446,1.06123,0.798,1.10833,0.975333,0.842333,1.08617,0.942083,0.798,1.3965,1.23025,1.23579,1.0169,0.798,1.10833,0.9975,0.886667,1.1305,0.986417,0.842333,0.886667,0.953167,1.00858,1.50179,1.2829,1.61678,1.38472,1.3352,1.0666,0.798,0.842333,0.886667,0.9975,1.49625,1.21362,1.18315,1.03491,0.886667,1.44083,1.25242,1.11387,1.00027,0.886667,1.33,1.21917,1.14158,1.05846,1.06123,1.15128,1.06331,1.04149,1.14141,0.969705,0.798,0.842333,0.886667,0.9975,1.42975,1.29121,1.26627,1.03214,0.798,1.3965,1.23025,1.54612,1.26073,1.56136,1.35702,1.36567,1.37433,1.13256,1.13256,1.13256,1.13256,1.13256,1.13256,1.13256,1.13256,1.13256,1.13256,1.13256,1.13256,1.13256,1.13256,1.13256,1.13256,1.13256,1.13256,1.13256,1.13256,1.13256,1.13256,8,3,1
1.15267,1.41867,1.35217,1.60708,1.53504,1.67635,1.56968,1.22817,0.886667,1.17483,1.47408,1.49071,1.56552,1.44776,1.25588,1.20427,1.26714,1.25424,1.20345,1.22239,1.29836,1.24768,1.31101,1.16534,1.13684,1.25558,1.02679,0.798,1.15267,1.44083,1.65142,1.53504,1.45469,1.52534,1.56067,1.48967,1.40983,1.59158,1.61596,1.62815,1.56774,1.6262,1.50027,1.5703,1.47232,1.64499,1.46533,1.26466,1.16433,1.24717,1.28858,1.17629,1.23098,1.08099,1.16116,1.26775,1.54271,1.41419,1.28343,1.17371,1.25186,1.22443,1.16638,1.27036,1.18935,1.14884,1.23942,1.52854,1.4736,1.55697,1.50998,1.66383,1.51908,1.35804,1.25535,1.33701,1.57734,1.47584,1.69108,1.53271,1.18752,0.842333,1.08617,1.05292,1.10279,1.23856,1.52811,1.45122,1.70095,1.53764,1.23432,1.21566,1.27283,1.14625,1.19379,1.24133,1.34821,1.34821,1.34821,1.34821,1.34821,1.34821,1.34821,1.34821,1.34821,1.34821,1.34821,1.34821,1.34821,1.34821,1.34821,1.34821,1.34821,1.34821,1.34821,1.34821,1.34821,1.34821,1.34821,1.34821,1.34821,1.34821,1.34821,1.34821,1.34821,1.34821,1.34821,1.34821,1.34821,1.34821,1.34821,1.34821,1.34821,12,8,7
1.862,1.6625,1.31892,1.32446,1.2164,1.0072,0.798,0.842333,0.842333,0.842333,1.15267,1.3965,1.20808,1.35771,1.21085,1.11526,1.1118,1.33173,1.1757,1.00902,0.842333,1.17483,1.11942,0.958708,0.798,1.10833,1.33,1.24133,1.35217,1.29675,1.06954,0.842333,1.197,1.10833,0.975333,0.842333,1.10833,1.37433,1.28567,1.41867,1.33,1.10833,0.886667,1.17483,1.05292,1.05846,1.17206,1.3397,1.53435,1.43217,1.49192,1.36663,1.10448,0.842333,0.820167,0.798,1.28567,1.197,1.33,1.48517,1.27458,1.43529,1.58215,1.36741,1.5482,1.5721,1.36238,1.47919,1.5376,1.3008,1.29323,1.13428,0.988308,0.842333,1.197,1.3965,1.29675,1.44637,1.43252,1.29259,1.35563,1.07682,0.798,1.08617,1.47408,1.26904,1.32169,1.23718,1.01759,0.798,1.1305,1.36325,1.25796,1.38265,1.55582,1.35424,1.36429,1.16981,1.02824,0.886667,1.24133,1.2635,1.40758,1.55167,1.21357,1.21357,1.21357,1.21357,1.21357,1.21357,1.21357,1.21357,1.21357,1.21357,1.21357,1.21357,1.21357,1.21357,1.21357,1.21357,1.21357,1.21357,1.21357,1.21357,1.21357,1.21357,1.21357,1.21357,1.21357,1.21357,1.21357,1.21357,1.21357,16,6,11
0.842333,1.08617,1.40758,1.61262,1.47131,1.31199,1.12149,1.18141,1.21137,1.11552,1.04543,1.09905,1.50269,1.43851,1.49509,1.50121,1.52644,1.42822,1.20178,1.04422,0.886667,0.908833,0.919917,1.08062,0.983646,0.886667,0.9975,0.919917,0.842333,1.01967,0.953167,0.886667,1.064,1.01967,1.01967,1.10833,1.15267,0.9975,0.842333,0.842333,0.842333,1.15267,1.30783,1.36325,1.50179,1.37156,1.12911,0.886667,1.08617,0.96425,0.842333,1.064,1.37433,1.28567,1.463,1.3965,1.56275,1.46854,1.5766,1.43114,1.18107,1.10037,1.25952,1.42776,1.35671,1.47636,1.40318,1.52176,1.38154,1.08977,0.798,1.064,0.953167,0.842333,1.064,0.9975,0.986417,1.11387,1.00027,0.886667,0.886667,1.28567,1.30783,1.05292,0.798,0.842333,0.908833,0.853417,0.798,1.30783,1.27458,1.10279,1.0169,1.17345,1.38472,1.31303,1.43235,1.31467,1.544,1.437,1.53867,1.39,1.60383,1.42258,1.57579,1.43073,1.4247,1.41867,1.18325,1.18325,1.18325,1.18325,1.18325,1.18325,1.18325,1.18325,1.18325,1.18325,1.18325,1.18325,1.18325,1.18325,1.18325,1.18325,1.18325,1.18325,1.18325,1.18325,1.18325,1.18325,1.18325,1.18325,1.18325,0,0,0
1.24133,1.15267,1.21917,1.14158,1.05846,1.17206,1.25103,1.15752,1.22159,1.36446,1.2364,1.2832,1.35093,1.20747,1.24657,1.26612,1.12072,1.2032,1.35526,1.20963,1.29198,1.35532,1.20966,1.26983,1.10042,1.03787,1.2061,1.53405,1.49853,1.5916,1.4608,1.1294,0.798,1.08617,1.38542,1.35771,1.07785,0.798,1.064,1.08617,1.00858,1.14712,1.17206,1.09586,1.19077,1.10522,1.08461,1.16297,1.33515,1.22174,1.2537,1.40269,1.29984,1.31492,1.34463,1.20431,1.24499,1.2875,1.17575,1.25287,1.3136,1.23314,1.30373,1.40553,1.30127,1.35997,1.34498,1.13799,1.234,1.23766,1.1065,1.21825,1.29629,1.15798,1.26616,1.25374,1.11454,1.22227,1.0323,0.842333,1.10833,1.064,1.01967,1.24133,1.15267,1.04183,1.18592,1.08062,1.07231,1.22332,1.49833,1.392,1.31667,1.12383,1.20475,1.26737,1.16569,1.27001,1.10051,1.06009,1.15071,1.10735,1.06351,1.19676,1.10821,1.04177,1.18589,1.33,1.2061,1.2061,1.2061,1.2061,1.2061,1.2061,1.2061,1.2061,1.2061,1.2061,1.2061,1.2061,1.2061,1.2061,1.2061,1.2061,1.2061,1.2061,1.2061,1.2061,1.2061,1.2061,1.2061,1.2061,1.2061,20,5,9
1.10833,1.2635,1.18592,1.28012,1.23856,1.15128,1.26281,1.27424,1.21345,1.33823,1.40061,1.27664,1.32549,1.28341,1.21804,1.31835,1.14684,1.12759,1.25096,1.31265,1.25482,1.29241,1.44421,1.2541,1.31422,1.34428,1.1598,1.33357,1.37612,1.22006,1.38586,1.40226,1.29963,1.33698,1.08966,0.842333,0.798,1.08617,1.16375,1.11387,1.3106,1.3203,1.14782,1.26108,1.36204,1.21302,1.33801,1.334,1.2655,1.31992,1.28063,1.17231,1.27332,1.27949,1.21608,1.31737,1.30152,1.22709,1.30071,1.35969,1.23401,1.28201,1.28384,1.12958,1.27413,1.32423,1.19411,1.37289,1.30711,1.25206,1.37969,1.44351,1.34242,1.35838,1.36636,1.25951,1.29476,1.33454,1.19927,1.33114,1.3749,1.33028,1.37448,1.4409,1.29679,1.35773,1.3882,1.18176,1.27805,1.25969,1.18401,1.27917,1.03859,0.798,0.842333,1.24133,1.28567,1.197,1.30783,1.29675,1.24687,1.33277,1.17622,1.01967,1.2556,1.2556,1.2556,1.2556,1.2556,1.2556,1.2556,1.2556,1.2556,1.2556,1.2556,1.2556,1.2556,1.2556,1.2556,1.2556,1.2556,1.2556,1.2556,1.2556,1.2556,1.2556,1.2556,1.2556,1.2556,1.2556,1.2556,1.2556,1.2556,4,0,0
1.33,1.30783,1.54058,1.36879,1.43806,1.4727,1.44568,1.43217,1.46975,1.39988,1.56444,1.35855,1.43294,1.31497,1.41115,1.21541,1.3392,1.24594,1.3988,1.27573,1.39153,1.2721,1.34538,1.29336,1.42251,1.30976,1.54154,1.41361,1.39397,1.29548,1.49008,1.41004,1.41435,1.35001,1.36217,1.30175,1.40454,1.2786,1.34864,1.27282,1.34574,1.27137,1.27852,1.25993,1.3393,1.24598,1.37666,1.26466,1.34166,1.24717,1.31075,1.29821,1.35844,1.43289,1.47011,1.24489,1.42044,1.39739,1.47453,1.42443,1.51022,1.37577,1.37505,1.33036,1.30801,1.34117,1.35775,1.29954,1.33694,1.28914,1.4204,1.3087,1.36368,1.28034,1.416,1.1735,1.36258,1.34629,1.42681,1.26757,1.38745,1.29223,1.35545,1.32056,1.36961,1.28331,1.35099,1.25183,1.37958,1.37696,1.37564,1.33066,1.39683,1.29691,1.29129,1.46581,1.64033,1.36014,1.36014,1.36014,1.36014,1.36014,1.36014,1.36014,1.36014,1.36014,1.36014,1.36014,1.36014,1.36014,1.36014,1.36014,1.36014,1.36014,1.36014,1.36014,1.36014,1.36014,1.36014,1.36014,1.36014,1.36014,1.36014,1.36014,1.36014,1.36014,1.36014,1.36014,1.36014,1.36014,1.36014,1.36014,1.36014,4,0,2
0.886667,1.04183,1.20808,1.60154,1.3771,1.46439,1.19769,0.997846,0.798,1.08617,1.25242,1.20254,1.26627,1.36464,1.25865,1.31649,1.34541,1.29337,1.31169,1.36518,1.30325,1.36096,1.41198,1.32666,1.30616,1.42891,1.24646,1.2439,1.46428,1.33064,1.35249,1.47424,1.26912,1.34389,1.42561,1.28914,1.33174,1.3752,1.19743,1.24155,1.28578,1.15272,1.19703,1.33001,1.21917,1.29675,1.40204,1.29952,1.29259,1.48863,1.40932,1.41399,1.48283,1.31775,1.34604,1.36019,1.25643,1.29321,1.24511,1.35405,1.38636,1.35818,1.25542,1.33705,1.28919,1.22093,1.27546,1.1919,1.08362,1.22897,1.19082,1.10524,1.26196,1.18514,1.16891,1.24945,1.24539,1.1547,1.30885,1.14209,1.08088,1.22761,1.19014,1.1049,1.23962,1.30698,1.18549,1.27991,1.34929,1.25098,1.29049,1.26591,1.18712,1.30289,1.11695,1.13481,1.2989,1.07062,0.842333,1.08617,1.07508,1.06954,1.2441,1.41867,1.26021,1.26021,1.26021,1.26021,1.26021,1.26021,1.26021,1.26021,1.26021,1.26021,1.26021,1.26021,1.26021,1.26021,1.26021,1.26021,1.26021,1.26021,1.26021,1.26021,1.26021,1.26021,1.26021,1.26021,1.26021,1.26021,1.26021,1.26021,1.26021,8,0,1
1.37433,1.37433,1.5295,1.80658,1.47962,1.42698,1.11249,0.798,1.08617,0.942083,0.798,1.064,1.41867,1.3965,1.60708,1.46854,1.13327,0.798,1.08617,1.00858,1.10279,1.23856,1.10695,1.15197,1.24099,1.06383,0.886667,1.10833,0.953167,0.798,1.1305,1.45192,1.78996,1.44915,1.38957,1.09379,0.798,1.08617,1.45192,1.39096,1.60431,1.48932,1.16583,0.842333,1.1305,1.00858,0.886667,1.1305,1.07508,1.11387,1.2441,1.08755,1.12011,1.29155,1.51028,1.46447,1.6189,1.54095,1.63498,1.90365,1.52816,1.80591,1.50146,1.4379,1.51695,1.44564,1.54299,1.50299,1.5495,1.79442,1.47354,1.80077,1.47672,1.42553,1.59943,1.84155,1.49711,1.43572,1.11686,0.798,1.08617,0.986417,0.886667,1.1305,1.51842,1.42421,1.13327,0.842333,1.08617,0.942083,0.798,1.064,1.3965,1.34108,1.40204,1.34385,1.28567,1.2785,1.2785,1.2785,1.2785,1.2785,1.2785,1.2785,1.2785,1.2785,1.2785,1.2785,1.2785,1.2785,1.2785,1.2785,1.2785,1.2785,1.2785,1.2785,1.2785,1.2785,1.2785,1.2785,1.2785,1.2785,1.2785,1.2785,1.2785,1.2785,1.2785,1.2785,1.2785,1.2785,1.2785,1.2785,1.2785,8,4,8
1.01967,1.17483,1.03075,0.886667,1.463,1.35217,1.31892,1.12496,1.09448,1.23441,1.1492,1.1066,1.24047,1.0414,0.842333,1.41867,1.3965,1.38542,1.20254,1.1111,1.55305,1.53019,1.7626,1.43546,1.49357,1.50045,1.37089,1.12878,0.886667,0.842333,0.798,0.798,0.842333,1.064,1.10833,1.1305,1.27458,1.16929,1.09448,1.19007,1.06054,1.08443,1.20722,1.06911,1.06655,1.17611,1.12006,1.11419,1.2221,1.20955,1.13677,1.25555,1.15978,1.06756,1.24311,1.10922,1.08661,1.25264,1.04749,0.842333,1.08617,1.40758,1.43529,1.51565,1.44499,1.25449,1.13708,1.25571,1.24852,1.17843,1.25421,1.40294,1.23347,1.32607,1.2172,1.2736,1.3018,1.16073,1.1567,1.24335,1.10934,1.17534,1.27484,1.21375,1.09454,1.2566,1.04947,0.842333,1.01967,1.1305,1.14158,1.19146,1.10556,1.19561,1.21847,1.0969,1.12479,1.13873,1.12353,1.1381,1.30055,1.11577,1.08989,1.20994,1.02614,0.842333,1.197,1.48517,1.77333,1.18637,1.18637,1.18637,1.18637,1.18637,1.18637,1.18637,1.18637,1.18637,1.18637,1.18637,1.18637,1.18637,1.18637,1.18637,1.18637,1.18637,1.18637,1.18637,1.18637,1.18637,1.18637,1.18637,1.18637,4,1,1
0.931,0.842333,1.15267,0.975333,0.798,1.1305,1.38542,1.44637,1.38819,1.18176,1.21155,1.44811,1.47772,1.38169,1.44451,1.58676,1.25888,1.33877,1.31222,1.40978,1.34772,1.07286,0.798,0.9975,1.23025,1.52396,1.60431,1.46716,1.33208,1.08721,0.842333,1.064,0.931,0.798,1.3965,1.20808,1.29121,1.42144,1.55305,1.35286,1.3636,1.4798,1.5379,1.36745,1.41522,1.32828,1.35131,1.42932,1.49049,1.36591,1.52529,1.38331,1.44532,1.43199,1.53616,1.47742,1.40371,1.45552,1.45926,1.39463,1.42882,1.40157,1.49879,1.39223,1.64928,1.35664,1.63149,1.34774,1.44971,1.41202,1.37101,1.0845,0.798,0.798,0.931,0.908833,0.886667,1.01967,1.3965,1.31892,1.56829,1.40481,1.61124,1.31545,1.41139,1.4372,1.40576,1.47872,1.55952,1.46693,1.6423,1.37532,1.46349,1.39675,1.56287,1.2691,0.975333,1.31432,1.31432,1.31432,1.31432,1.31432,1.31432,1.31432,1.31432,1.31432,1.31432,1.31432,1.31432,1.31432,1.31432,1.31432,1.31432,1.31432,1.31432,1.31432,1.31432,1.31432,1.31432,1.31432,1.31432,1.31432,1.31432,1.31432,1.31432,1.31432,1.31432,1.31432,1.31432,1.31432,1.31432,1.31432,1.31432,0,0,2
1.41867,1.1305,0.842333,1.1305,1.49625,1.43529,1.18315,1.10141,1.2157,1.16202,1.13518,1.25475,1.22588,1.18927,1.25964,1.20615,1.15724,1.28795,1.61931,1.49682,1.16958,0.842333,1.1305,1.00858,0.886667,1.1305,1.00858,0.886667,1.15267,0.9975,0.842333,1.10833,1.41867,1.3965,1.54058,1.47962,1.62648,1.50041,1.19354,0.886667,1.1305,0.96425,0.798,1.10833,1.41867,1.41867,1.48517,1.47408,1.53504,1.52119,1.53643,1.52188,1.51461,1.4888,1.56457,1.53595,1.54381,1.5699,1.51645,1.48973,1.5207,1.49185,1.54392,1.50346,1.52756,1.53962,1.54564,1.59299,1.52799,1.2295,1.08025,1.27162,1.52248,1.49274,1.4557,1.61452,1.51659,1.66713,1.56506,1.7357,1.57718,1.25409,1.15905,1.31102,1.54218,1.48042,1.67121,1.54494,1.2158,0.886667,1.15267,1.04183,1.09725,1.28012,1.03906,0.798,0.9975,1.197,1.31104,1.31104,1.31104,1.31104,1.31104,1.31104,1.31104,1.31104,1.31104,1.31104,1.31104,1.31104,1.31104,1.31104,1.31104,1.31104,1.31104,1.31104,1.31104,1.31104,1.31104,1.31104,1.31104,1.31104,1.31104,1.31104,1.31104,1.31104,1.31104,1.31104,1.31104,1.31104,1.31104,1.31104,1.31104,2,1,3
1.28567,1.28567,1.33,1.28567,1.37433,1.35217,1.29675,1.31337,1.27735,1.32584,1.37226,1.39546,1.47356,1.40178,1.47672,1.40336,1.63268,1.45917,1.19509,1.19604,1.26302,1.05268,0.842333,1.10833,0.953167,0.798,1.08617,1.45192,1.39096,1.64865,1.48932,1.63133,1.48066,1.58267,1.4785,1.51508,1.42254,1.5536,1.41964,1.10882,0.798,1.08617,1.00858,1.08062,1.20531,1.06816,1.06608,1.17587,1.18644,1.19172,1.26086,1.09593,1.1243,1.24932,1.53349,1.47608,1.20354,1.15594,1.26513,1.1424,1.1032,1.17227,1.11813,1.15757,1.28812,1.57506,1.45253,1.5686,1.47147,1.64457,1.77545,1.61922,1.47461,1.44664,1.25532,1.31483,1.30025,1.22646,1.25606,1.27086,1.1896,1.2598,1.27273,1.2127,1.24918,1.22309,1.16571,1.27002,1.16701,1.13767,1.23384,1.01592,0.798,1.064,0.953167,0.842333,1.10833,1.463,1.41867,1.596,1.77333,1.28406,1.28406,1.28406,1.28406,1.28406,1.28406,1.28406,1.28406,1.28406,1.28406,1.28406,1.28406,1.28406,1.28406,1.28406,1.28406,1.28406,1.28406,1.28406,1.28406,1.28406,1.28406,1.28406,1.28406,1.28406,1.28406,1.28406,1.28406,1.28406,1.28406,1.28406,1.28406,4,1,2
1.01967,1.37433,1.24133,1.28567,1.50733,1.30783,1.34108,1.42421,1.2441,1.24272,1.39719,1.25276,1.33571,1.22202,1.16518,1.13676,1.23338,1.34819,1.29476,1.31238,1.47636,1.27018,1.30009,1.62538,1.32252,1.37059,1.46113,1.32907,1.30737,1.23002,1.05834,0.886667,1.15267,1.01967,0.886667,1.04183,1.20808,1.11387,1.06677,1.13189,1.23094,1.10314,0.950569,0.798,1.08617,1.11942,1.00304,0.886667,1.15267,1.33,1.24133,1.24133,1.064,0.886667,0.798,1.08617,0.986417,0.886667,0.975333,1.17483,1.00858,0.842333,0.842333,1.064,0.953167,0.842333,0.975333,1.15267,1.04183,1.00858,1.05846,1.50456,1.28428,1.12981,1.27424,1.39079,1.22739,1.2787,1.12701,1.31717,1.34575,1.38221,1.22311,1.32089,1.45844,1.26122,1.31778,1.43472,1.27153,1.2786,1.3043,1.29498,1.29032,1.0885,0.886667,0.9975,1.25242,1.40204,1.29952,1.33693,1.42213,1.3539,1.31978,1.39139,1.18336,1.21235,1.04951,0.886667,1.19016,1.19016,1.19016,1.19016,1.19016,1.19016,1.19016,1.19016,1.19016,1.19016,1.19016,1.19016,1.19016,1.19016,1.19016,1.19016,1.19016,1.19016,1.19016,1.19016,1.19016,1.19016,1.19016,1.19016,1.19016,2,4,2
1.10833,1.37433,1.08617,0.798,0.886667,0.842333,1.064,1.33,1.064,0.798,1.10833,1.17483,1.05292,1.19146,1.03906,0.886667,0.8645,0.842333,0.886667,0.886667,1.1305,1.03075,1.22471,1.29952,1.22609,1.12288,0.96044,0.798,0.798,0.842333,1.04183,1.16375,1.06954,1.42144,1.17622,1.09794,1.34697,1.20549,1.13474,1.05504,1.10385,1.19476,1.30671,1.05236,0.798,1.17483,1.18592,1.14712,1.37156,1.15128,1.15197,1.10799,1.19683,1.21908,1.78437,1.53502,1.49901,1.39234,1.16167,1.3345,1.19925,1.15379,1.3084,1.09753,0.886667,1.2635,1.09725,1.14712,1.26073,1.22886,1.14643,1.41555,1.12894,0.842333,1.2635,1.42975,1.42421,1.19977,1.15405,1.37503,1.08651,0.798,0.8645,0.96425,1.05846,0.928229,0.798,1.10833,1.01967,1.10833,1.21917,1.03075,0.842333,0.886667,0.931,1.04183,1.14158,1.63479,1.43806,1.1402,0.842333,0.842333,0.975333,0.975333,1.04183,0.919917,0.798,1.04183,1.27458,1.19146,1.0169,0.842333,1.10827,1.10827,1.10827,1.10827,1.10827,1.10827,1.10827,1.10827,1.10827,1.10827,1.10827,1.10827,1.10827,1.10827,1.10827,1.10827,1.10827,1.10827,1.10827,1.10827,1.10827,6,3,3
1.15267,1.17483,1.14158,1.08062,1.20531,1.20116,1.06608,1.15371,1.06452,1.13076,1.20821,1.09177,1.10005,1.21503,1.13951,1.05742,1.14938,1.12886,1.07426,1.20213,1.15523,1.10962,1.13114,1.03107,1.18054,1.21093,1.09313,1.10073,1.1932,1.10643,1.10738,1.17436,1.07485,1.11376,1.22188,1.03211,0.842333,1.04183,1.07508,1.02521,1.1776,1.00997,0.842333,1.01967,1.064,1.08617,1.18592,1.08062,1.13881,1.21224,1.18245,1.07889,1.18228,1.18964,1.03815,0.886667,0.842333,0.798,1.08617,1.03075,1.06954,1.15544,1.06539,1.13119,1.27493,1.05863,0.842333,1.1305,1.45192,1.36879,1.19423,1.08478,1.14089,1.54578,1.43789,1.20661,1.09097,1.18832,1.52516,1.40541,1.63371,1.41535,1.17318,1.11859,1.20213,1.08873,1.03203,1.13668,0.989508,0.842333,1.064,1.463,1.41867,1.15267,0.886667,0.842333,0.886667,0.8645,0.842333,1.064,1.197,1.04183,0.886667,1.1305,1.03075,1.00304,1.14435,1.14851,1.08409,1.18488,1.14661,1.06097,0.975333,1.11869,1.11869,1.11869,1.11869,1.11869,1.11869,1.11869,1.11869,1.11869,1.11869,1.11869,1.11869,1.11869,1.11869,1.11869,1.11869,1.11869,1.11869,1.11869,1.11869,4,3,1
0.886667,0.908833,0.986417,1.06954,1.3106,1.36464,1.39165,1.38299,1.40083,1.34325,1.35879,1.36656,1.32611,1.37239,1.3512,1.36276,1.27988,1.37144,1.37289,1.32928,1.37397,1.32982,1.06391,0.798,0.886667,0.842333,0.798,0.798,1.10833,1.2635,1.31892,1.39096,1.44915,1.47824,1.29329,1.06781,0.842333,1.15267,1.2635,1.34108,1.35771,1.32169,1.37018,1.43876,1.34004,1.42369,1.28818,1.28692,1.37496,1.37465,1.30799,1.36333,1.3245,1.08342,0.842333,0.798,0.820167,0.842333,0.953167,1.14158,1.28012,1.32723,1.39511,1.40689,1.39061,1.38247,1.42274,1.44287,1.3421,1.35822,1.34411,1.29272,1.33353,1.4426,1.34197,1.49115,1.27757,1.25945,1.33906,1.4232,1.35443,1.09838,0.842333,0.798,1.04183,1.25242,1.29121,1.42144,1.42005,1.44153,1.4301,1.49088,1.43261,1.40347,1.30024,1.35945,1.41123,1.34845,1.33922,1.35678,1.36556,1.37433,1.25802,1.25802,1.25802,1.25802,1.25802,1.25802,1.25802,1.25802,1.25802,1.25802,1.25802,1.25802,1.25802,1.25802,1.25802,1.25802,1.25802,1.25802,1.25802,1.25802,1.25802,1.25802,1.25802,1.25802,1.25802,1.25802,1.25802,1.25802,1.25802,1.25802,1.25802,6,1,5
1.68467,1.50733,1.37433,1.08617,0.798,1.10833,1.197,1.21917,1.31892,1.28012,1.2829,1.26211,1.25172,1.31303,1.25501,1.31467,1.411,1.437,1.42783,1.44542,1.27688,1.23694,1.3278,1.48407,1.40703,1.23552,1.21626,1.00713,0.798,1.064,1.21917,1.23025,1.28012,1.2164,1.31753,1.25727,1.3158,1.36723,1.41512,1.54989,1.48428,1.38497,1.35749,1.32158,1.34795,1.29464,1.35666,1.32116,1.41425,1.30562,1.31781,1.25741,1.2937,1.22318,1.29876,1.20355,1.26677,1.25405,1.24769,1.24451,1.24292,1.21996,1.27498,1.25816,1.33841,1.42287,1.44294,1.5638,1.4469,1.36628,1.32598,1.35015,1.38441,1.40154,1.45444,1.37005,1.46086,1.57276,1.47355,1.37961,1.33264,1.37565,1.33066,1.286,1.35233,1.27467,1.3245,1.32725,1.37296,1.63965,1.55132,1.61799,1.474,1.51283,1.39925,1.40896,1.36948,1.33,1.33086,1.33086,1.33086,1.33086,1.33086,1.33086,1.33086,1.33086,1.33086,1.33086,1.33086,1.33086,1.33086,1.33086,1.33086,1.33086,1.33086,1.33086,1.33086,1.33086,1.33086,1.33086,1.33086,1.33086,1.33086,1.33086,1.33086,1.33086,1.33086,1.33086,1.33086,1.33086,1.33086,1.33086,1.33086,14,6,3
0.842333,0.842333,0.842333,1.01967,1.08617,1.34108,1.20254,1.5101,1.44222,1.43044,1.40239,1.45486,1.1486,0.842333,0.9975,0.96425,1.03629,0.961479,0.886667,0.908833,0.96425,1.05846,0.994729,1.0737,1.33485,1.24376,1.41988,1.39711,1.11972,0.842333,0.908833,1.18592,1.50179,1.30506,1.36186,1.41243,1.41555,1.10677,0.798,0.8645,1.18592,1.14712,1.2829,1.41728,1.30714,1.07474,0.842333,1.10833,1.2635,1.23025,1.28012,1.19423,1.28428,1.35147,1.31857,1.21345,1.29389,1.24545,1.26556,1.40861,1.48014,1.1834,0.886667,1.10833,1.17483,1.25242,1.33554,1.2441,1.30922,1.07578,0.842333,0.842333,1.1305,1.49625,1.30229,1.09448,0.886667,0.798,0.8645,1.18592,1.30229,1.20531,1.33416,1.48724,1.34212,1.40256,1.10028,0.798,0.953167,1.25242,1.40204,1.36602,1.41451,1.61609,1.34004,1.22419,1.12193,1.04863,1.16715,1.29291,1.28929,1.08798,0.886667,1.17483,1.07508,0.975333,1.17303,1.17303,1.17303,1.17303,1.17303,1.17303,1.17303,1.17303,1.17303,1.17303,1.17303,1.17303,1.17303,1.17303,1.17303,1.17303,1.17303,1.17303,1.17303,1.17303,1.17303,1.17303,1.17303,1.17303,1.17303,1.17303,1.17303,0,0,0
1.729,1.30783,0.886667,0.798,0.931,1.1305,1.38542,1.22471,1.14435,1.05984,0.928922,0.798,0.842333,0.908833,1.29675,1.40204,1.18869,1.28151,1.35009,1.11838,0.886667,1.15267,1.1305,1.05292,1.10279,0.950396,0.798,0.886667,0.953167,1.27458,1.16929,1.16098,1.26766,1.21016,1.27008,1.12271,0.960354,0.798,1.17483,1.14158,1.28012,1.17206,1.22886,1.32377,1.06088,0.798,1.10833,1.08617,1.05292,1.36879,1.2164,1.0072,0.798,0.798,0.975333,1.197,1.04183,0.886667,1.35217,1.16375,1.11387,1.0446,1.0543,1.05915,0.995076,0.918704,0.842333,0.820167,0.798,1.21917,1.42975,1.29121,1.39927,1.20947,1.07023,1.04495,1.20964,1.09249,1.36641,1.10437,0.842333,0.931,0.953167,0.919917,0.886667,0.975333,0.975333,0.931,0.886667,0.798,0.953167,0.919917,0.886667,0.798,0.931,0.8645,0.798,0.842333,0.908833,0.89775,0.886667,0.798,1.17483,1.07508,1.02521,1.0446,1.14297,1.21432,1.13916,1.27891,1.34879,1.33939,1.22386,1.27693,1.12613,0.975333,1.07022,1.07022,1.07022,1.07022,1.07022,1.07022,1.07022,1.07022,1.07022,1.07022,1.07022,1.07022,1.07022,1.07022,1.07022,1.07022,1.07022,16,7,7
1.10833,1.08617,1.14158,1.23579,1.10556,1.21778,1.27389,1.19111,1.34922,1.20661,1.09097,1.07749,1.24808,1.1117,1.37602,1.17568,1.3415,1.15842,1.22204,1.01002,0.798,0.798,1.064,1.197,1.17483,1.09725,0.947625,0.798,0.798,0.886667,0.975333,1.15267,1.04183,1.27458,1.16929,1.24965,1.24549,1.30991,1.14262,1.23631,1.23882,1.10708,1.26287,1.14127,1.10263,1.21632,1.29533,1.20183,1.28808,1.26471,1.18652,1.12526,1.22763,1.19015,1.32657,1.19529,1.08531,1.20766,1.18016,1.12208,1.20387,1.11177,1.15439,1.26436,1.09768,1.21384,1.09459,1.21229,1.24898,1.28949,1.26541,1.16471,1.11435,1.20001,1.17634,1.2975,1.13642,1.14454,1.30377,1.13955,1.23478,1.01639,0.798,1.10833,1.197,1.08617,1.16375,1.06954,1.19977,1.26489,1.14228,1.0588,1.23874,1.3287,1.15202,1.10801,1.30767,1.18584,1.10275,1.06121,1.15127,1.08547,1.05257,1.03612,1.33823,1.22328,1.14364,1.28115,1.12824,1.07395,1.02464,0.999989,0.975333,1.15242,1.15242,1.15242,1.15242,1.15242,1.15242,1.15242,1.15242,1.15242,1.15242,1.15242,1.15242,1.15242,1.15242,1.15242,1.15242,1.15242,1.15242,1.15242,1.15242,8,5,2
1.15267,1.2635,1.38542,1.22471,1.32169,1.23718,1.28359,1.32896,1.35165,1.36299,1.3465,1.24958,1.31196,1.29881,1.42524,1.24462,1.37598,1.30865,1.23066,1.34683,1.40492,1.30096,1.35981,1.30057,1.42612,1.26723,1.23211,1.21456,1.25011,1.20139,1.22136,1.07618,1.09226,1.1668,1.22623,1.14512,1.14889,1.17295,1.27364,1.16882,1.31591,1.23429,1.37081,1.28391,1.39562,1.42931,1.37965,1.33266,1.39783,1.43042,1.51321,1.46594,1.33147,1.44157,1.31928,1.43548,1.31624,1.05712,0.798,0.798,1.10833,1.1305,1.16375,1.15821,1.19977,1.17622,1.16444,1.33589,1.24428,1.17631,1.25315,1.29158,1.26645,1.34256,1.29195,1.37747,1.4424,1.43054,1.46893,1.4438,1.1209,0.798,0.798,1.10833,1.17483,1.03075,0.886667,0.886667,1.21917,1.31892,1.28012,1.39373,1.4062,1.25727,1.33797,1.33398,1.33199,1.28666,1.44133,1.31917,1.41325,1.41596,1.41867,1.26401,1.26401,1.26401,1.26401,1.26401,1.26401,1.26401,1.26401,1.26401,1.26401,1.26401,1.26401,1.26401,1.26401,1.26401,1.26401,1.26401,1.26401,1.26401,1.26401,1.26401,1.26401,1.26401,1.26401,1.26401,1.26401,1.26401,1.26401,1.26401,1.26401,10,5,4
0.798,0.953167,1.20808,1.00304,0.798,0.908833,0.986417,1.06954,1.1111,1.06539,1.10903,1.26385,1.03092,0.798,0.820167,0.842333,0.798,0.798,1.10833,0.975333,0.842333,0.886667,1.01967,1.064,1.33,1.064,0.798,1.17483,1.03075,0.886667,1.10833,0.953167,0.798,1.04183,0.96425,0.886667,1.2635,1.05292,0.842333,0.9975,1.05292,1.23579,1.2164,1.11803,1.00235,0.886667,1.01967,1.1305,1.27458,1.19146,1.17206,1.3397,1.06885,0.798,1.08617,1.11942,0.958708,0.798,0.886667,0.975333,1.197,1.1305,1.11942,0.958708,0.798,1.01967,1.21917,1.16375,1.06954,1.28844,1.15405,1.08686,1.27493,1.03646,0.798,0.886667,0.9975,1.03075,1.09171,1.07785,1.07093,1.26696,1.16548,1.11474,1.24454,1.28727,1.21997,1.31932,1.34683,1.20541,1.13471,1.14369,1.12601,1.228,1.05734,0.886667,0.842333,0.798,0.798,0.820167,0.842333,0.9975,1.07508,1.15821,1.1111,1.08755,1.27528,1.16964,1.11682,1.15691,1.24345,1.19806,1.3527,1.25268,1.22484,1.32175,1.41867,1.06205,1.06205,1.06205,1.06205,1.06205,1.06205,1.06205,1.06205,1.06205,1.06205,1.06205,1.06205,1.06205,1.06205,1.06205,1.06205,14,3,1
1.41867,1.1305,0.842333,0.798,1.15267,0.975333,0.798,0.842333,0.820167,0.798,1.01967,0.908833,0.798,1.15267,1.24133,1.28567,1.48517,1.20808,1.18037,1.16652,1.20393,1.02313,0.842333,1.30783,1.34108,1.31337,1.05569,0.798,1.15267,1.2635,1.40758,1.43529,1.42698,1.42282,1.42074,1.22021,1.0091,0.798,0.798,0.798,1.15267,1.35217,1.34108,1.06954,0.798,0.9975,1.03075,1.00304,1.16652,0.98226,0.798,1.1305,1.05292,1.05846,1.23856,1.01828,0.798,1.08617,0.942083,0.798,0.886667,1.28567,1.41867,1.41867,1.37433,1.08617,0.798,1.2635,1.25242,1.06954,0.886667,0.798,1.1305,1.23025,1.41312,1.52673,1.5392,1.19077,0.842333,1.064,1.064,1.08617,1.20808,1.06954,0.955937,0.842333,1.15267,1.33,1.3965,1.11942,0.842333,0.798,1.10833,1.01967,1.08617,1.31892,1.41312,1.4824,1.1402,0.798,0.798,1.17483,1.25242,1.29121,1.35494,1.40897,1.28082,1.08374,0.886667,1.064,1.11071,1.11071,1.11071,1.11071,1.11071,1.11071,1.11071,1.11071,1.11071,1.11071,1.11071,1.11071,1.11071,1.11071,1.11071,1.11071,1.11071,1.11071,1.11071,1.11071,1.11071,1.11071,1.11071,18,4,5
1.33,1.197,1.15267,0.975333,0.798,0.798,0.931,1.197,1.15267,1.10833,1.30783,1.23025,1.14712,1.30506,1.11803,1.15752,1.33242,1.24255,1.30844,1.40789,1.28028,1.21647,1.2289,1.19078,1.17173,1.27303,1.39018,1.27142,1.34505,1.11586,0.886667,1.04183,1.09725,1.16929,1.29398,1.17899,1.14366,1.28116,1.17258,0.985291,0.798,0.931,1.04183,1.34108,1.20254,1.13327,1.14297,0.970484,0.798,1.10833,1.10833,1.10833,1.33,1.197,0.9975,0.798,0.798,0.798,0.798,0.798,0.953167,1.09725,1.12496,1.09448,1.21224,1.31545,1.16756,1.11578,1.26722,1.29861,1.20347,1.33324,1.22078,1.18673,1.25836,1.33851,1.20126,1.30996,1.20915,1.31391,1.23329,1.19298,1.01766,0.842333,0.820167,0.798,0.798,0.798,0.798,0.798,0.820167,0.842333,0.798,1.10833,1.08617,1.20808,1.33554,1.22194,1.16514,1.24757,1.15578,1.10989,1.13128,1.09764,1.25815,1.31624,1.21229,1.31548,1.38924,1.24879,1.17856,1.10833,1.12325,1.12325,1.12325,1.12325,1.12325,1.12325,1.12325,1.12325,1.12325,1.12325,1.12325,1.12325,1.12325,1.12325,1.12325,1.12325,1.12325,1.12325,1.12325,1.12325,1.12325,6,2,0
0.931,1.1305,1.00858,0.886667,1.10833,1.21917,1.14158,1.34662,1.22748,1.14574,1.39304,1.18418,1.12409,1.22705,1.14552,1.01609,0.886667,1.17483,1.34108,1.06954,0.798,0.886667,0.886667,1.2635,1.03075,0.798,0.798,0.886667,0.842333,0.798,0.886667,0.798,0.798,0.908833,1.03075,1.22471,1.27735,1.21501,1.29467,1.15717,1.26575,1.38654,1.22527,1.1003,1.10432,1.01766,1.04083,1.20758,1.15796,1.00015,0.842333,0.975333,1.197,1.30783,1.27458,1.21362,1.18315,1.12357,1.27112,1.27839,1.0382,0.798,0.798,0.886667,0.842333,0.798,0.798,1.10833,1.37433,1.17483,1.07508,1.24687,1.02244,0.798,0.842333,0.886667,0.975333,1.21917,1.00858,0.798,1.10833,0.953167,0.798,1.04183,1.27458,1.03629,0.798,0.975333,0.886667,0.798,0.820167,0.842333,1.1305,1.05292,1.23579,1.32723,1.19561,1.15197,0.974987,0.798,0.975333,1.10833,1.33,1.3965,1.14158,0.886667,1.197,1.17483,1.25242,1.29121,1.33277,1.17622,1.31961,1.0588,0.798,0.798,1.06368,1.06368,1.06368,1.06368,1.06368,1.06368,1.06368,1.06368,1.06368,1.06368,1.06368,1.06368,1.06368,1.06368,1.06368,1.06368,1.06368,12,5,3
0.975333,1.10833,1.064,1.10833,1.17483,0.986417,0.798,1.08617,1.34108,1.71237,1.38819,1.44776,1.12288,0.798,1.10833,0.953167,0.798,1.10833,1.41867,1.463,1.463,1.2635,1.16375,1.15821,1.15544,1.08755,1.07578,1.42455,1.28861,1.64181,1.33074,1.2417,1.10852,1.08626,1.0973,1.08065,1.11666,1.312,1.47616,1.18142,0.886667,0.9975,1.18592,0.991958,0.798,1.15267,0.9975,0.842333,1.04183,0.919917,0.798,1.1305,1.36325,1.25796,1.11665,1.13466,1.25449,1.02625,0.798,1.01967,0.975333,1.064,1.24133,1.463,1.37433,1.10833,0.842333,0.886667,0.975333,1.01967,1.064,1.01967,1.04183,1.20808,1.44637,1.45469,1.50318,1.30576,1.20704,1.13552,1.14409,1.05971,1.08402,1.29568,1.35717,1.25492,1.13729,1.10065,1.17099,1.07316,1.09075,0.988707,0.886667,1.01967,1.2635,1.45192,1.30229,1.05015,0.798,1.1305,1.00858,0.886667,1.15267,1.44083,1.11942,0.798,0.842333,0.9975,0.986417,1.00304,1.01967,1.13225,1.13225,1.13225,1.13225,1.13225,1.13225,1.13225,1.13225,1.13225,1.13225,1.13225,1.13225,1.13225,1.13225,1.13225,1.13225,1.13225,1.13225,1.13225,1.13225,1.13225,1.13225,24,11,16
0.886667,0.798,1.10833,1.33,1.35217,1.29675,1.33554,1.33277,1.30922,1.38611,1.46889,1.33294,1.24281,1.2864,1.28603,1.28585,1.30793,1.31896,1.32448,1.32724,1.26212,1.34039,1.29086,1.35477,1.43105,1.38052,1.5326,1.3648,1.36957,1.28328,1.26231,1.34049,1.33524,1.37696,1.44214,1.31957,1.28045,1.26089,1.25111,1.29056,1.31028,1.23147,1.28074,1.30537,1.27335,1.25734,1.2715,1.21209,1.22671,1.27835,1.25984,1.29492,1.24596,1.22148,1.20924,1.20312,1.24439,1.24286,1.3086,1.27497,1.28032,1.26082,1.27325,1.19079,1.17173,1.2287,1.23502,1.23817,1.23975,1.21838,1.22986,1.19126,1.19413,1.26207,1.2517,1.24652,1.28826,1.22046,1.2309,1.23612,1.26089,1.20678,1.26839,1.25486,1.29243,1.26688,1.25411,1.20339,1.22236,1.18751,1.19226,1.2168,1.31773,1.2352,1.2826,1.26197,1.20732,1.17999,1.16633,1.11516,1.15608,1.11004,1.13135,1.14201,1.15267,1.25917,1.25917,1.25917,1.25917,1.25917,1.25917,1.25917,1.25917,1.25917,1.25917,1.25917,1.25917,1.25917,1.25917,1.25917,1.25917,1.25917,1.25917,1.25917,1.25917,1.25917,1.25917,1.25917,1.25917,1.25917,1.25917,1.25917,1.25917,0,0,0
1.55167,1.2635,1.07508,0.886667,0.953167,0.919917,0.886667,0.842333,0.798,0.9975,0.96425,0.881125,0.798,0.931,0.8645,0.798,0.886667,0.842333,0.798,1.10833,0.953167,0.798,0.975333,0.886667,0.798,0.8645,0.942083,1.04737,1.10002,0.94901,0.798,1.064,0.931,0.798,1.10833,0.953167,0.798,1.15267,1.28567,1.35217,1.40758,1.50179,1.4159,1.19561,1.04114,0.886667,1.21917,1.20808,1.31337,1.36602,1.17068,0.984339,0.798,1.10833,0.953167,0.798,1.10833,1.33,1.28567,1.35217,1.40758,1.34662,1.09448,0.842333,0.9975,1.38542,1.35771,1.49902,1.32584,1.10626,0.886667,0.798,0.842333,0.886667,0.798,1.08617,0.942083,0.798,0.798,1.15267,1.28567,1.33,1.064,0.798,0.886667,0.975333,0.886667,0.798,1.01967,0.975333,1.10833,1.21917,1.00858,0.798,0.798,0.798,0.798,1.17483,1.25242,1.06954,0.886667,0.798,1.064,0.931,0.798,1.17483,1.20808,1.26904,1.34385,1.24826,1.08963,1.07682,1.15907,1.15587,1.02127,0.886667,1.03925,1.03925,1.03925,1.03925,1.03925,1.03925,1.03925,1.03925,1.03925,1.03925,1.03925,1.03925,1.03925,1.03925,1.03925,1.03925,1.03925,0,0,0
1.28567,1.30783,1.31892,1.56829,1.27181,1.05707,0.842333,0.953167,1.42975,1.22471,1.25519,1.38126,1.33346,1.44257,1.38628,1.13647,0.886667,1.064,0.931,0.798,1.04183,1.31892,1.28012,1.4159,1.37295,1.48447,1.31857,1.05829,0.798,1.37433,1.17483,1.25242,1.33554,1.28844,1.39789,1.36394,1.43564,1.64882,1.33424,1.33212,1.37539,1.30836,1.36352,1.34676,1.42705,1.40069,1.47618,1.24792,1.06729,0.886667,1.10833,1.21917,1.27458,1.39096,1.38265,1.40066,1.40966,1.36983,1.34992,1.29562,1.26848,1.25491,1.29245,1.26689,1.09895,0.992807,0.886667,0.886667,1.064,1.15267,1.15267,1.21917,1.23025,1.28012,1.30506,1.36186,1.34593,1.29363,1.26748,1.29874,1.2922,1.3111,1.45355,1.39178,1.09489,0.798,1.064,0.975333,0.886667,1.08617,1.40758,1.34662,1.33831,1.33416,1.46508,1.35321,1.09777,0.842333,1.44083,1.18592,1.25796,1.38265,1.09032,0.798,1.2367,1.2367,1.2367,1.2367,1.2367,1.2367,1.2367,1.2367,1.2367,1.2367,1.2367,1.2367,1.2367,1.2367,1.2367,1.2367,1.2367,1.2367,1.2367,1.2367,1.2367,1.2367,1.2367,1.2367,1.2367,1.2367,1.2367,1.2367,1.2367,4,0,0
1.37433,1.44083,1.20808,1.31337,1.21085,1.33693,1.2448,1.33173,1.2422,1.3526,1.23047,1.25807,1.16103,1.28985,1.17692,1.25346,1.1809,1.27762,1.21514,1.33907,1.1572,1.28793,1.13163,1.23082,1.10308,1.21654,1.14027,1.34597,1.16065,1.28966,1.2655,1.03175,0.798,0.798,1.15267,1.10833,1.28567,1.1305,1.27458,1.16929,1.24965,1.15682,1.24341,1.10937,1.04235,0.920176,0.798,1.10833,1.1305,1.31892,1.14712,1.32723,1.21778,1.31822,1.23545,1.37139,1.30636,1.36251,1.16892,1.20513,1.09023,1.14362,1.28114,1.2169,1.27345,1.21306,1.27153,1.12343,1.27105,1.16752,1.2931,1.20071,1.30969,1.14251,1.14759,0.972795,0.798,1.10833,1.08617,1.23025,1.14712,1.32723,1.19561,1.35147,1.34074,1.46837,1.37702,1.35351,1.16442,1.11421,1.17777,1.16522,1.29194,1.17797,1.29832,1.20333,1.311,1.23183,1.36958,1.21679,1.36206,1.25736,1.38235,1.24534,1.11034,0.954169,0.798,1.10833,1.41867,1.20656,1.20656,1.20656,1.20656,1.20656,1.20656,1.20656,1.20656,1.20656,1.20656,1.20656,1.20656,1.20656,1.20656,1.20656,1.20656,1.20656,1.20656,1.20656,1.20656,1.20656,1.20656,1.20656,1.20656,0,0,0
1.41867,1.41867,1.55167,1.463,1.17483,0.886667,1.197,1.35217,1.42975,1.53504,1.47685,1.13743,0.798,1.064,1.064,1.04183,1.27458,1.39096,1.40481,1.10141,0.798,0.798,0.820167,0.842333,1.08617,1.03075,1.04737,0.922687,0.798,0.886667,0.842333,0.798,0.842333,0.820167,0.798,0.798,0.886667,0.842333,0.798,1.15267,1.2635,1.03075,0.798,0.798,0.798,0.798,0.798,1.10833,1.463,1.48517,1.45192,1.12496,0.798,0.798,1.2635,1.25242,1.42421,1.5101,1.42005,1.19769,1.13085,1.34126,1.37996,1.39931,1.49766,1.41383,1.19458,1.10712,1.30723,1.05261,0.798,0.798,0.798,0.798,1.15267,1.30783,1.36325,1.34662,1.38265,1.31199,1.05499,0.798,0.798,1.10833,1.17483,1.34108,1.37987,1.39927,1.54197,1.45815,1.12808,0.798,0.798,0.798,0.798,1.197,1.33,1.37433,1.5295,1.51842,1.60154,1.55444,1.42005,1.44153,1.45226,1.30246,1.15267,1.14488,1.14488,1.14488,1.14488,1.14488,1.14488,1.14488,1.14488,1.14488,1.14488,1.14488,1.14488,1.14488,1.14488,1.14488,1.14488,1.14488,1.14488,1.14488,1.14488,1.14488,1.14488,1.14488,1.14488,1.14488,1.14488,0,0,0
0.798,0.886667,0.798,1.1305,1.23025,1.36879,1.30506,1.05153,0.798,0.975333,0.975333,0.931,0.886667,1.3965,1.23025,1.32446,1.2829,1.39511,1.31822,1.41278,1.30489,1.36178,1.27939,1.28253,1.23976,1.35138,1.25202,1.49051,1.23292,1.41446,1.21706,1.31787,1.23527,1.41563,1.32848,1.46224,1.32962,1.39631,1.34099,1.44633,1.32166,1.4145,1.32792,1.37329,1.35165,1.42949,1.40191,1.36596,1.34798,1.42766,1.33449,1.06625,0.798,0.798,0.798,0.798,0.886667,1.064,1.2635,1.29675,1.26904,1.34385,1.33693,1.42213,1.33173,1.4417,1.38585,1.44659,1.2553,1.11531,0.956657,0.798,0.798,0.798,0.798,1.21917,1.18592,1.21362,1.27181,1.34524,1.24895,1.33381,1.24324,1.28662,1.24181,1.24157,1.19712,1.30789,1.18595,1.03631,0.886667,0.886667,1.197,1.197,1.2635,1.20808,1.00304,0.798,0.798,1.15267,1.10833,1.21917,1.23025,1.25796,1.20531,1.26766,1.12149,0.975333,1.19345,1.19345,1.19345,1.19345,1.19345,1.19345,1.19345,1.19345,1.19345,1.19345,1.19345,1.19345,1.19345,1.19345,1.19345,1.19345,1.19345,1.19345,1.19345,1.19345,1.19345,1.19345,1.19345,1.19345,1.19345,0,0,0
1.24133,1.30783,1.09725,0.886667,1.15267,1.064,1.15267,1.24133,1.24133,1.17483,1.25242,1.20254,1.08894,1.20947,1.2254,1.2112,1.2706,1.25597,1.11565,1.22283,1.23208,1.19237,1.37202,1.08501,0.798,1.01967,0.908833,0.798,1.1305,0.96425,0.798,1.10833,0.9975,0.886667,1.197,1.04183,0.886667,0.842333,0.798,0.798,0.975333,1.17483,1.11942,1.13604,1.01135,0.886667,1.064,0.975333,0.886667,0.886667,1.064,0.975333,0.886667,1.064,1.064,1.08617,1.23025,1.16929,1.20531,1.26766,1.34316,1.24791,1.33329,1.35381,1.20891,1.31379,1.14456,1.28161,1.35014,1.14057,1.19095,1.17181,0.984905,0.798,0.842333,0.886667,0.798,0.820167,0.842333,0.908833,0.853417,0.798,0.798,0.886667,1.15267,1.30783,1.14158,1.28012,1.26073,1.16236,1.29052,1.33242,1.19821,1.26411,1.16405,1.20269,1.22201,1.01001,0.798,0.9975,0.942083,0.886667,1.064,0.975333,0.886667,1.17483,1.03075,0.886667,1.10833,1.04183,1.05292,1.16929,1.13881,1.12357,1.18245,1.24133,1.08265,1.08265,1.08265,1.08265,1.08265,1.08265,1.08265,1.08265,1.08265,1.08265,1.08265,1.08265,1.08265,1.08265,1.08265,1.08265,1.08265,0,0,0
1.28567,1.28567,1.35217,1.34108,1.37987,1.3106,1.4533,1.41382,1.50491,1.41745,1.55106,1.3962,1.45177,1.34655,1.42694,1.3563,1.43182,1.38091,1.13379,0.886667,1.064,1.37433,1.33,1.41867,1.37433,1.3965,1.36325,1.39096,1.36048,1.54474,1.43737,1.51668,1.42334,1.46534,1.35334,1.4525,1.39125,1.49363,1.36748,1.08274,0.798,1.064,0.931,0.798,1.04183,1.38542,1.33554,1.08894,0.842333,0.798,0.798,0.798,1.064,1.3965,1.36325,1.45746,1.39373,1.4062,1.3681,1.45988,1.39494,1.45114,1.47924,1.49328,1.32298,1.48165,1.40583,1.41225,1.37112,1.3949,1.36245,1.43489,1.38245,1.51139,1.42069,1.55268,1.44134,1.47434,1.38,1.39933,1.36467,1.39167,1.36083,1.38975,1.35988,1.45577,1.34855,1.11761,0.886667,1.10833,0.953167,0.798,1.08617,1.34108,1.33554,1.46577,1.42005,1.37433,1.31041,1.31041,1.31041,1.31041,1.31041,1.31041,1.31041,1.31041,1.31041,1.31041,1.31041,1.31041,1.31041,1.31041,1.31041,1.31041,1.31041,1.31041,1.31041,1.31041,1.31041,1.31041,1.31041,1.31041,1.31041,1.31041,1.31041,1.31041,1.31041,1.31041,1.31041,1.31041,1.31041,1.31041,1.31041,0,0,1
1.15267,0.798,1.17483,1.29675,1.13604,1.01135,0.886667,0.842333,0.798,0.975333,0.886667,0.798,0.9975,1.11942,1.00304,0.886667,1.15267,1.28567,1.3965,1.31892,1.30229,1.22748,1.21224,1.42629,1.46681,1.37624,1.13145,0.886667,1.10833,0.9975,0.886667,1.10833,1.37433,1.50733,1.15267,0.798,0.798,0.798,0.842333,0.8645,0.886667,0.842333,1.2635,1.16375,1.37987,1.2441,1.39789,1.38611,1.44672,1.14453,0.842333,0.886667,0.886667,0.886667,1.28567,1.21917,1.14158,1.01412,0.886667,1.10833,1.01967,1.08617,1.14158,1.19146,1.17206,1.2067,1.09102,1.07751,1.02642,0.91221,0.798,0.953167,0.919917,0.886667,0.886667,0.886667,0.798,0.798,1.064,1.01967,1.04183,0.919917,0.798,1.04183,0.919917,0.798,0.798,0.842333,0.886667,0.798,0.798,0.798,0.886667,0.908833,0.942083,1.18037,1.29952,1.04876,0.798,0.886667,0.798,1.15267,1.2635,1.34108,1.33554,1.19977,0.998885,0.798,1.01967,1.33,1.197,1.08617,0.942083,0.798,1.064,0.931,0.798,1.04168,1.04168,1.04168,1.04168,1.04168,1.04168,1.04168,1.04168,1.04168,1.04168,1.04168,1.04168,1.04168,1.04168,1.04168,1.04168,0,0,2
1.55167,1.44083,1.56275,1.37987,1.22194,1.00997,0.798,1.10833,1.2635,1.11942,1.33554,1.5101,1.37572,1.21986,1.05326,0.886667,0.975333,0.886667,0.798,0.953167,1.00858,0.903292,0.798,0.798,0.798,1.01967,1.24133,1.37433,1.44083,1.20808,1.00304,0.798,0.798,0.798,0.798,0.886667,0.886667,0.886667,0.975333,0.931,0.886667,0.798,0.798,1.01967,1.04183,1.03075,1.09171,1.25519,1.02659,0.798,0.886667,0.842333,0.798,0.975333,1.21917,1.18592,1.30229,1.18315,0.990573,0.798,0.931,0.953167,1.00858,1.05846,0.928229,0.798,1.15267,1.24133,1.41867,1.24133,1.10833,1.01967,1.01967,1.1305,0.96425,0.798,0.798,0.798,0.886667,0.842333,0.798,0.842333,1.04183,1.18592,1.03629,0.886667,0.798,0.931,0.8645,0.798,0.908833,0.986417,0.980875,1.02244,0.954552,0.886667,0.886667,1.10833,1.24133,1.28567,1.30783,1.31892,1.41312,1.32723,1.32861,1.39581,1.3629,1.30212,1.27173,1.30086,1.22676,1.32272,1.34852,1.29493,1.40113,1.32123,1.24133,1.0663,1.0663,1.0663,1.0663,1.0663,1.0663,1.0663,1.0663,1.0663,1.0663,1.0663,1.0663,1.0663,1.0663,1.0663,1.0663,10,3,6
1.50733,1.35217,1.11942,0.886667,1.35217,1.18592,1.50179,1.32723,1.23995,1.06331,0.886667,0.9975,0.986417,1.09171,1.47685,1.27043,1.21155,1.09344,1.10089,1.10461,0.951305,0.798,1.01967,1.15267,1.41867,1.24133,1.10833,0.9975,0.886667,1.01967,0.908833,0.798,1.24133,1.1305,1.09725,0.969792,0.842333,0.908833,0.875583,0.842333,0.8645,0.886667,0.798,0.931,0.8645,0.798,0.931,0.908833,0.886667,1.10833,0.975333,0.842333,1.04183,1.27458,1.54612,1.30506,1.22886,1.01343,0.798,1.01967,0.908833,0.798,1.2635,1.16375,1.44637,1.29952,1.20393,1.0453,0.886667,1.463,1.28567,1.463,1.28567,1.17483,1.00858,0.842333,0.9975,0.919917,0.842333,1.3965,1.25242,1.49071,1.23302,1.54751,1.35009,1.29571,1.06902,0.842333,1.35217,1.23025,1.23579,1.23856,1.39511,1.20739,1.4017,1.25501,1.51417,1.37775,1.08788,0.798,0.9975,1.34108,1.11387,0.886667,1.08617,1.49625,1.32446,1.12773,0.985031,0.842333,0.886667,1.11662,1.11662,1.11662,1.11662,1.11662,1.11662,1.11662,1.11662,1.11662,1.11662,1.11662,1.11662,1.11662,1.11662,1.11662,1.11662,1.11662,1.11662,1.11662,1.11662,1.11662,1.11662,0,0,2
0.975333,1.064,1.10833,0.953167,0.798,0.842333,0.9975,1.07508,1.06954,1.19977,1.08755,1.09794,1.2583,1.07249,0.886667,0.842333,0.798,0.798,1.10833,1.30783,1.23025,1.05846,0.886667,1.33,1.15267,1.24133,1.197,1.24133,1.35217,1.25242,1.02521,0.798,0.9975,1.23025,1.50179,1.2829,1.35078,1.38472,1.2687,1.38801,1.42551,1.28909,1.26521,1.16461,1.29164,1.08915,0.886667,0.975333,0.886667,0.798,1.08617,1.16375,1.24687,1.33277,1.24272,1.02036,0.798,1.01967,1.2635,1.27458,1.39096,1.31615,1.05707,0.798,0.931,0.8645,0.798,1.064,1.21917,1.23025,1.19146,1.30506,1.31753,1.27943,1.03872,0.798,1.01967,0.953167,0.886667,1.10833,1.28567,1.24133,1.04183,0.842333,0.9975,1.05292,1.08062,1.29398,1.28982,1.64241,1.33104,1.30835,1.18618,1.16942,1.29404,1.31202,1.25451,1.02626,0.798,1.01967,0.975333,1.064,1.15267,1.28567,1.596,1.3965,1.29675,1.22471,1.14435,0.971177,0.798,1.12587,1.12587,1.12587,1.12587,1.12587,1.12587,1.12587,1.12587,1.12587,1.12587,1.12587,1.12587,1.12587,1.12587,1.12587,1.12587,1.12587,1.12587,1.12587,1.12587,1.12587,1.12587,0,0,0
1.41867,1.41867,1.10833,0.798,1.01967,1.04183,1.00858,1.16929,0.983646,0.798,1.01967,0.953167,0.886667,0.975333,0.908833,0.842333,0.975333,0.886667,0.798,1.064,1.01967,1.04183,1.23025,1.01412,0.798,0.931,0.886667,0.842333,1.04183,0.96425,0.886667,1.10833,1.04183,1.05292,1.28012,1.03906,0.798,1.04183,0.919917,0.798,0.931,0.8645,0.798,0.931,0.8645,0.798,1.064,0.931,0.798,0.886667,0.842333,0.953167,1.14158,1.19146,1.2164,1.22886,1.1021,0.950049,0.798,1.24133,1.08617,1.29675,1.13604,1.27735,1.12634,1.22817,1.19042,1.26021,1.2951,1.22389,1.03311,0.842333,1.15267,0.975333,0.798,1.15267,1.197,0.9975,0.798,0.798,0.842333,0.886667,0.842333,0.953167,0.919917,0.886667,0.975333,0.886667,0.798,0.886667,0.842333,0.798,0.886667,0.931,1.37433,1.2635,1.20808,1.00304,0.798,0.798,0.798,0.798,1.01967,1.15267,1.15267,1.24133,1.197,1.08617,1.29675,1.04737,0.798,0.798,0.798,0.886667,0.798,1.44083,1.29675,1.26904,1.03352,0.798,1.24133,1.00774,1.00774,1.00774,1.00774,1.00774,1.00774,1.00774,1.00774,1.00774,1.00774,1.00774,1.00774,4,0,0
1.01967,1.1305,1.25242,1.35771,1.27735,1.39234,1.29467,1.42317,1.26575,1.34221,1.31394,1.38847,1.22623,1.38895,1.27081,1.3004,1.42604,1.59968,1.35401,1.4085,1.41359,1.28313,1.43956,1.29611,1.09139,0.886667,0.842333,1.1305,1.27458,1.30229,1.40481,1.30091,1.40412,1.41139,1.19336,0.995682,0.798,0.886667,1.10833,0.953167,0.798,0.798,0.953167,0.942083,0.936542,0.955937,0.876969,0.798,0.975333,0.886667,0.798,0.886667,1.15267,1.24133,1.35217,1.34108,1.33554,1.19977,1.04322,0.886667,0.886667,0.798,0.886667,1.197,1.21917,1.31892,1.23579,1.32723,1.37295,1.55097,1.39615,1.23008,1.01404,0.798,1.064,1.24133,1.24133,1.33,1.3965,1.36325,1.12496,0.886667,0.798,0.798,0.798,0.798,1.08617,1.38542,1.40204,1.36602,1.43668,1.33901,1.4675,1.42092,1.37546,1.48573,1.4522,1.43543,1.38272,1.35636,1.47618,1.33659,1.24463,1.02131,0.798,0.886667,0.975333,1.17953,1.17953,1.17953,1.17953,1.17953,1.17953,1.17953,1.17953,1.17953,1.17953,1.17953,1.17953,1.17953,1.17953,1.17953,1.17953,1.17953,1.17953,1.17953,1.17953,1.17953,1.17953,1.17953,1.17953,1.17953,1.17953,12,0,4
0.975333,0.798,0.798,0.908833,1.16375,1.02521,0.886667,0.842333,0.798,0.886667,0.975333,1.28567,1.2635,1.14158,1.30229,1.07231,0.842333,0.9975,0.942083,0.886667,1.15267,0.9975,0.842333,0.886667,1.08617,1.07508,1.06954,0.933771,0.798,0.975333,0.886667,0.798,0.886667,0.886667,0.886667,1.33,1.1305,1.09725,1.30229,1.13881,1.05707,1.19354,0.995768,0.798,1.17483,1.03075,0.886667,0.842333,0.798,0.798,0.886667,0.886667,0.886667,0.798,1.1305,1.23025,1.14712,1.23856,1.01828,0.798,0.798,0.798,0.798,1.01967,0.908833,0.798,1.197,1.35217,1.42975,1.11387,0.798,0.886667,0.886667,0.886667,1.3965,1.34108,1.37987,1.33277,1.24272,1.37503,1.17518,1.20826,1.09179,1.05573,1.19287,0.995433,0.798,0.975333,1.15267,0.975333,0.798,1.10833,0.953167,0.798,0.8645,0.83125,0.798,0.975333,0.886667,0.798,0.798,0.798,0.886667,0.842333,0.798,0.908833,0.986417,0.892208,0.798,0.798,1.15267,1.33,1.197,1.35217,1.27458,1.16929,1.24965,1.02382,0.798,0.975333,1.00624,1.00624,1.00624,1.00624,1.00624,1.00624,1.00624,1.00624,1.00624,1.00624,1.00624,1.00624,1.00624,4,0,0
1.064,0.798,0.798,0.798,0.798,0.931,0.8645,0.798,0.798,0.886667,1.01967,1.21917,1.18592,1.10279,0.950396,0.798,1.15267,1.064,1.15267,1.064,1.08617,1.11942,1.31337,1.10002,0.886667,0.798,0.886667,0.842333,0.798,0.886667,0.886667,1.15267,1.1305,1.18592,1.34662,1.16098,1.26766,1.16583,1.42525,1.31112,1.27623,1.12578,1.18356,1.34545,1.07172,0.798,0.886667,1.064,1.197,0.9975,0.798,0.798,1.064,1.15267,0.975333,0.798,0.886667,1.064,1.24133,1.197,1.21917,1.00858,0.798,0.886667,1.10833,1.21917,1.00858,0.798,0.798,1.10833,1.17483,1.14158,1.14712,1.1499,1.28428,1.30714,1.2299,1.01395,0.798,0.798,0.886667,0.975333,0.886667,0.798,0.798,0.798,0.798,0.798,1.064,1.21917,1.34108,1.24687,1.15544,0.998885,0.842333,1.064,1.064,1.2635,1.29675,1.35771,1.21085,1.22609,1.27805,1.21536,1.18401,1.45651,1.17159,0.886667,1.01967,1.21917,1.14158,1.19146,1.32723,1.10695,0.886667,0.798,1.01967,1.24133,1.05208,1.05208,1.05208,1.05208,1.05208,1.05208,1.05208,1.05208,1.05208,1.05208,1.05208,1.05208,1.05208,1.05208,1.05208,4,0,0
0.886667,0.798,0.798,0.886667,1.10833,1.10833,1.1305,1.05292,0.925458,0.798,0.842333,0.886667,0.842333,0.798,0.886667,0.886667,0.975333,1.10833,1.1305,0.96425,0.798,0.798,0.798,0.798,0.886667,0.931,0.8645,0.798,0.798,0.798,0.798,0.798,0.798,1.01967,1.21917,1.34108,1.13604,1.12219,1.04876,0.967714,0.886667,0.886667,0.886667,0.798,0.798,0.798,0.886667,1.064,1.21917,1.00858,0.798,0.798,0.886667,1.15267,1.01967,0.886667,0.798,0.842333,0.886667,0.908833,0.853417,0.798,0.798,0.842333,0.886667,0.886667,0.798,0.886667,0.886667,0.842333,0.798,0.931,0.908833,0.886667,0.886667,0.931,0.8645,0.798,1.064,0.975333,0.886667,0.908833,1.03075,1.26904,1.03352,0.798,0.798,0.798,1.064,1.15267,1.197,1.10833,0.953167,0.798,0.798,0.798,0.975333,1.17483,1.31892,1.32446,1.4159,1.32861,1.44014,1.2299,1.27995,1.03898,0.798,0.842333,0.820167,0.798,0.798,0.798,1.17483,0.986417,0.798,0.798,0.798,0.886667,0.975333,1.28567,1.35217,1.23025,1.01412,0.798,1.01967,1.2635,1.50733,0.958464,0.958464,0.958464,0.958464,0.958464,0.958464,0,0,0
0.975333,0.798,0.798,0.798,0.798,0.886667,0.842333,0.798,1.15267,0.975333,0.798,0.886667,1.01967,0.953167,0.886667,0.798,0.8645,1.00858,1.12496,1.09448,0.94624,0.798,0.798,0.931,0.908833,0.886667,0.886667,0.908833,0.942083,0.870042,0.798,1.1305,0.986417,0.842333,0.931,1.197,1.2635,1.03075,0.798,0.9975,1.38542,1.31337,1.27735,1.34801,1.42767,1.42317,1.19925,1.24246,1.15323,1.19728,1.26364,1.54065,1.36883,1.10558,0.842333,1.1305,1.51842,1.37987,1.08894,0.798,1.17483,1.00858,0.842333,0.8645,0.886667,0.886667,0.886667,0.886667,1.1305,1.31892,1.05846,0.798,1.15267,1.08617,1.23025,1.05846,0.886667,0.798,0.886667,0.908833,1.20808,1.26904,1.25519,1.15959,1.1118,1.04357,0.920783,0.798,0.886667,1.21917,1.31892,1.05846,0.798,1.15267,0.975333,0.798,0.886667,1.17483,1.14158,1.30229,1.05015,0.798,0.886667,1.24133,1.35217,1.25242,1.26904,1.25519,1.27043,1.18938,1.39269,1.09535,0.798,0.886667,1.33,1.04703,1.04703,1.04703,1.04703,1.04703,1.04703,1.04703,1.04703,1.04703,1.04703,1.04703,1.04703,1.04703,1.04703,1.04703,1.04703,1.04703,1.04703,12,1,0
0.886667,0.798,0.798,1.064,1.21917,1.36325,1.39096,1.40481,1.14574,0.886667,0.886667,1.15267,1.15267,1.30783,1.31892,1.36879,1.43806,1.38403,1.35702,1.29917,1.31459,1.38879,1.31506,1.32253,1.41493,1.43897,1.29582,1.37941,1.3547,1.56402,1.33618,1.33309,1.48671,1.40836,1.43568,1.44934,1.41184,1.59258,1.37263,1.39565,1.36282,1.34641,1.24954,1.28977,1.28772,1.35319,1.29726,1.31363,1.27748,1.34807,1.2947,1.26802,1.27684,1.32559,1.30563,1.31781,1.27957,1.03879,0.798,0.798,0.842333,0.886667,0.798,1.1305,1.27458,1.39096,1.27181,1.38957,1.31545,1.36706,1.3042,1.36143,1.36788,1.34894,1.29514,1.26824,1.29912,1.40323,1.27795,1.03797,0.798,0.842333,1.197,1.1305,1.23025,1.30229,1.42698,1.33416,1.24341,1.10937,1.02019,1.21943,1.31905,1.34669,1.31618,1.41176,1.37088,1.52777,1.27372,1.39053,1.2716,1.38946,1.50733,1.26284,1.26284,1.26284,1.26284,1.26284,1.26284,1.26284,1.26284,1.26284,1.26284,1.26284,1.26284,1.26284,1.26284,1.26284,1.26284,1.26284,1.26284,1.26284,1.26284,1.26284,1.26284,1.26284,1.26284,1.26284,1.26284,1.26284,1.26284,1.26284,1.26284,0,0,0
1.37433,1.44083,1.18592,0.991958,0.798,0.953167,0.96425,1.14712,1.0169,0.886667,1.197,1.35217,1.54058,1.39096,1.13881,0.886667,0.931,1.17483,0.986417,0.798,1.01967,0.953167,0.886667,0.842333,0.975333,1.24133,1.01967,0.798,0.931,0.8645,0.798,0.798,0.798,1.064,1.1305,0.96425,0.798,1.15267,1.24133,1.33,1.10833,0.886667,0.798,0.842333,0.886667,0.886667,0.8645,0.842333,1.04183,0.919917,0.798,1.15267,1.24133,1.01967,0.798,1.064,1.17483,1.07508,1.09171,1.16652,1.11526,1.0453,1.18765,1.01499,0.842333,1.08617,1.34108,1.40204,1.10002,0.798,1.01967,0.908833,0.798,0.798,0.798,0.798,0.886667,0.798,0.886667,1.01967,1.08617,0.942083,0.798,0.798,0.798,0.931,1.08617,0.986417,0.886667,0.886667,0.842333,0.798,0.798,0.798,0.975333,0.886667,0.798,1.064,1.24133,1.37433,1.55167,1.48517,1.49625,1.19146,0.886667,0.886667,1.10833,1.2635,1.34108,1.57937,1.45469,1.48101,1.36117,1.16825,1.04963,0.931,1.03514,1.03514,1.03514,1.03514,1.03514,1.03514,1.03514,1.03514,1.03514,1.03514,1.03514,1.03514,1.03514,1.03514,1.03514,1.03514,1.03514,0,0,0
1.41867,1.24133,1.33,1.3965,1.23025,1.32446,1.2829,1.17345,1.25172,1.0692,0.886667,1.15267,1.1305,1.14158,1.28012,1.30506,1.2067,1.33485,1.28809,1.08738,0.886667,0.842333,0.798,1.1305,1.18592,1.16929,1.33831,1.24549,1.17691,1.27562,1.08114,0.886667,1.17483,1.09725,1.12496,1.31615,1.23441,1.23787,1.01793,0.798,0.798,0.931,1.17483,1.00858,0.842333,1.17483,1.03075,0.886667,1.15267,1.197,1.17483,1.34108,1.20254,1.1776,1.27597,1.08132,0.886667,0.842333,0.798,0.798,0.975333,1.197,1.21917,1.23025,1.34662,1.18315,1.19007,1.26004,1.11768,1.09084,1.25475,1.29238,1.17819,1.29843,1.38071,1.22236,1.32051,1.10359,0.886667,1.15267,1.1305,1.09725,1.28012,1.2164,1.22886,1.32377,1.28255,1.17327,1.2073,1.11349,1.06658,1.28695,1.19764,1.10866,1.26366,1.27466,1.16933,0.983666,0.798,0.798,0.886667,1.197,0.9975,0.798,1.15267,1.197,1.1305,1.27458,1.34662,1.24965,1.15267,1.14062,1.14062,1.14062,1.14062,1.14062,1.14062,1.14062,1.14062,1.14062,1.14062,1.14062,1.14062,1.14062,1.14062,1.14062,1.14062,1.14062,1.14062,1.14062,1.14062,1.14062,1.14062,2,0,3
1.10833,1.04183,1.09725,1.16929,1.07231,1.13466,1.18799,1.126,1.13933,1.19033,1.0385,0.886667,1.3965,1.23025,1.16929,1.00581,0.842333,1.04183,0.942083,0.842333,1.04183,0.986417,1.06954,1.13327,1.00997,0.886667,1.04183,0.942083,0.842333,0.975333,0.908833,0.842333,1.04183,0.96425,0.886667,1.15267,1.01967,0.886667,1.01967,1.10833,1.15267,1.17483,1.07508,1.11387,1.55444,1.33139,1.24203,1.08651,1.14176,1.19154,1.12777,1.16239,1.17969,1.14401,1.17051,1.18375,1.10171,1.14935,1.19534,1.04101,0.886667,1.01967,0.975333,1.04183,1.18592,1.03629,0.886667,1.064,1.01967,1.10833,1.15267,1.10833,1.17483,1.11942,0.980875,0.842333,0.9975,0.89775,0.798,1.01967,0.953167,0.886667,1.10833,1.01967,1.10833,1.17483,1.07508,1.15821,1.19977,1.04322,0.886667,1.064,1.3965,1.29675,1.06954,0.842333,1.04183,0.942083,0.842333,0.9975,0.919917,0.842333,1.33,1.21917,1.56275,1.35771,1.29952,1.11526,1.15613,1.19873,1.13137,1.14202,1.19167,1.10567,1.01967,1.07789,1.07789,1.07789,1.07789,1.07789,1.07789,1.07789,1.07789,1.07789,1.07789,1.07789,1.07789,1.07789,1.07789,1.07789,1.07789,1.07789,1.07789,4,0,1
1.064,0.798,0.975333,0.886667,0.798,0.908833,0.89775,0.886667,1.1305,0.96425,0.798,0.886667,0.842333,0.798,1.064,0.975333,0.886667,0.886667,0.908833,1.05292,1.10279,1.17206,1.02936,0.886667,0.798,0.798,0.798,0.798,0.842333,0.886667,1.15267,0.975333,0.798,0.886667,0.975333,1.08617,1.20808,1.04737,0.886667,0.975333,0.931,0.886667,0.842333,0.798,0.975333,0.886667,0.798,0.908833,1.05292,0.925458,0.798,1.10833,1.30783,1.05292,0.798,0.842333,0.975333,1.04183,1.00858,1.21362,1.00581,0.798,0.975333,0.931,0.886667,1.15267,1.28567,1.2635,1.20808,1.09171,1.29952,1.13743,1.03421,1.18211,1.14522,1.08244,1.02889,0.957778,0.886667,0.931,0.908833,0.886667,1.064,0.931,0.798,1.01967,1.04183,1.07508,0.980875,0.886667,0.886667,1.197,1.35217,1.25242,1.02521,0.798,1.10833,0.9975,0.886667,1.064,0.975333,0.886667,1.064,0.931,0.798,1.01967,0.9975,1.03075,1.22471,1.05569,0.886667,1.15267,1.01967,0.886667,1.04183,0.96425,0.886667,0.798,0.842333,0.886667,1.10833,1.33,0.982756,0.982756,0.982756,0.982756,0.982756,0.982756,0.982756,0.982756,0.982756,0.982756,0.982756,4,1,3
0.886667,1.197,1.01967,0.842333,1.064,0.931,0.798,1.064,0.975333,0.886667,1.15267,1.33,1.35217,1.14158,1.12496,1.22748,1.05707,0.886667,1.15267,0.975333,0.798,1.064,1.35217,1.34108,1.06954,0.798,1.10833,0.953167,0.798,1.064,1.064,1.064,1.21917,1.05292,0.886667,1.10833,1.3965,1.31892,1.05846,0.798,1.08617,1.00858,1.03629,1.18315,1.07924,1.09379,1.27839,1.0382,0.798,1.01967,0.9975,1.05292,1.23579,1.0169,0.798,0.798,0.798,0.886667,1.064,0.931,0.798,0.798,1.28567,1.35217,1.11942,0.886667,1.10833,0.953167,0.798,1.1305,1.36325,1.12496,0.886667,0.886667,1.064,0.931,0.798,1.10833,0.953167,0.798,0.798,1.10833,1.24133,1.01967,0.798,0.798,0.886667,0.931,1.08617,0.986417,0.886667,1.10833,0.953167,0.798,0.886667,0.842333,0.798,0.798,1.08617,1.18592,1.19146,1.0834,1.29536,1.09102,0.886667,1.17483,1.51842,1.44637,1.60985,1.44776,1.12288,0.798,1.15267,1.50733,1.04426,1.04426,1.04426,1.04426,1.04426,1.04426,1.04426,1.04426,1.04426,1.04426,1.04426,1.04426,1.04426,1.04426,1.04426,1.04426,1.04426,1.04426,1.04426,0,0,0
1.24133,1.50733,1.35217,1.34108,1.51287,1.15544,0.798,0.975333,1.15267,1.37433,1.55167,1.35217,1.56275,1.31337,1.10002,0.886667,1.01967,1.1305,1.38542,1.31337,1.45469,1.25934,1.02867,0.798,1.28567,1.21917,1.56275,1.31337,1.27735,1.43668,1.33901,1.42317,1.33225,1.39763,1.54115,1.34691,1.42712,1.37856,1.62028,1.38647,1.3139,1.47712,1.35923,1.43328,1.33731,1.46665,1.66433,1.38633,1.2695,1.03375,0.798,0.975333,0.886667,0.798,0.975333,1.33,1.50733,1.35217,1.20808,1.00304,0.798,0.798,0.798,1.01967,1.44083,1.29675,1.24687,1.46577,1.53089,1.34178,1.06989,0.798,0.931,1.33,1.24133,1.24133,1.41867,1.33,1.37433,1.5295,1.27458,1.47962,1.27181,1.16791,0.982953,0.798,0.798,0.798,0.975333,1.37433,1.24133,1.41867,1.33,1.064,0.798,0.975333,1.064,0.931,0.798,1.04183,1.31892,1.28012,1.0834,0.886667,1.21714,1.21714,1.21714,1.21714,1.21714,1.21714,1.21714,1.21714,1.21714,1.21714,1.21714,1.21714,1.21714,1.21714,1.21714,1.21714,1.21714,1.21714,1.21714,1.21714,1.21714,1.21714,1.21714,1.21714,1.21714,1.21714,1.21714,1.21714,1.21714,0,0,0
1.064,1.10833,1.197,1.21917,1.31892,1.23579,1.37156,1.21778,1.34039,1.37953,1.35476,1.38672,1.09236,0.798,0.798,1.08617,1.16375,1.29121,1.22194,1.27597,1.25865,1.29433,1.20133,1.39866,1.187,1.30283,1.22775,1.36754,1.21577,1.29505,1.26819,1.2991,1.31455,1.32227,1.23747,1.28374,1.2847,1.39602,1.27434,1.30217,1.31609,1.30088,1.4041,1.34489,1.29311,1.33372,1.30969,1.34201,1.29167,1.2665,1.25392,1.29196,1.33315,1.39807,1.27537,1.36918,1.32743,1.43955,1.34044,1.42389,1.35478,1.38672,1.31403,1.36635,1.39251,1.36125,1.41213,1.45973,1.35053,1.42893,1.2908,1.35473,1.29803,1.33618,1.33309,1.06555,0.798,0.798,0.798,0.798,0.886667,1.15267,1.24133,1.37433,1.21917,1.09725,0.947625,0.798,0.798,0.798,0.798,0.842333,0.886667,0.886667,1.17483,1.20808,1.09171,0.944854,0.798,1.10833,1.2635,1.25242,1.26904,1.03352,0.798,0.798,0.975333,1.15267,1.20001,1.20001,1.20001,1.20001,1.20001,1.20001,1.20001,1.20001,1.20001,1.20001,1.20001,1.20001,1.20001,1.20001,1.20001,1.20001,1.20001,1.20001,1.20001,1.20001,1.20001,1.20001,1.20001,1.20001,1.20001,8,5,1
1.33,1.33,1.2635,1.29675,1.26904,1.29952,1.22609,1.27805,1.21536,1.22835,1.23484,1.32675,1.26188,1.20727,1.31297,1.36582,1.30358,1.27245,1.34556,1.33778,1.33389,1.33195,1.39747,1.3194,1.0587,0.798,0.798,1.15267,1.28567,1.2635,1.29675,1.31337,1.38819,1.31476,1.36671,1.28186,1.37243,1.26255,1.27411,1.32422,1.34928,1.38397,1.37915,1.46541,1.3977,1.38602,1.33584,1.37725,1.50879,1.44156,1.38578,1.11406,0.842333,1.1305,0.96425,0.798,0.886667,0.886667,0.798,1.10833,1.33,1.41867,1.41867,1.10833,0.798,0.798,1.064,1.197,1.21917,1.29675,1.35771,1.34385,1.29259,1.35563,1.29848,1.35857,1.43295,1.29281,1.35574,1.36504,1.30318,1.05059,0.798,0.886667,0.842333,0.798,1.10833,1.2635,1.29675,1.40204,1.43252,1.33693,1.28913,1.33173,1.35303,1.31935,1.34684,1.31625,1.32313,1.26006,1.27287,1.23493,1.2603,1.28567,1.2384,1.2384,1.2384,1.2384,1.2384,1.2384,1.2384,1.2384,1.2384,1.2384,1.2384,1.2384,1.2384,1.2384,1.2384,1.2384,1.2384,1.2384,1.2384,1.2384,1.2384,1.2384,1.2384,1.2384,1.2384,1.2384,1.2384,1.2384,1.2384,6,0,1
1.41867,1.24133,1.37433,1.1305,0.886667,0.886667,0.8645,0.842333,0.820167,0.798,0.798,0.798,0.886667,0.931,0.953167,0.875583,0.798,0.798,0.9975,0.986417,0.892208,0.798,0.798,0.886667,0.798,0.798,0.798,0.842333,0.886667,0.798,0.886667,0.798,0.798,0.798,0.842333,0.8645,0.886667,0.886667,0.798,0.798,0.798,0.842333,0.798,0.886667,0.842333,0.798,0.886667,0.842333,0.798,0.798,0.798,0.798,0.798,1.10833,1.04183,1.09725,0.991958,0.886667,0.798,0.886667,0.842333,0.820167,0.798,0.798,0.798,0.798,0.798,0.798,0.798,0.886667,0.931,0.8645,0.798,0.842333,0.798,1.064,1.01967,1.10833,1.2635,1.03075,0.798,1.15267,1.04183,1.00858,0.991958,0.894979,0.798,1.1305,1.09725,1.03629,1.00581,0.94624,0.886667,1.197,1.41867,1.463,1.15267,0.842333,0.886667,0.975333,0.908833,0.842333,0.820167,0.798,1.15267,1.15267,1.24133,1.01967,0.798,1.17483,1.07508,1.06954,1.15544,1.17622,1.14228,0.970138,0.798,0.798,1.08617,1.00858,0.925458,0.842333,0.798,0.842333,0.886667,0.886667,0.798,0.798,0.842333,0.886667,0.886667,0.926672,0.926672,12,8,6
0.798,1.15267,1.197,1.37433,1.3965,1.40758,1.10279,0.798,0.798,0.798,0.798,0.798,0.798,0.798,1.15267,1.33,1.24133,1.01967,0.798,1.01967,0.908833,0.798,0.886667,1.21917,1.05292,0.886667,0.798,1.15267,1.28567,1.3965,1.36325,1.28012,1.03906,0.798,1.10833,1.30783,1.05292,0.798,0.798,1.01967,0.908833,0.798,0.842333,1.1305,1.00858,0.886667,0.798,0.842333,0.886667,0.798,1.01967,1.33,1.33,1.41867,1.37433,1.08617,0.798,1.15267,1.28567,1.55167,1.44083,1.11942,0.798,0.798,0.798,0.886667,1.197,1.35217,1.07508,0.798,0.842333,0.820167,0.798,0.798,0.798,0.798,1.10833,0.953167,0.798,0.798,1.10833,0.9975,0.886667,0.798,1.10833,1.21917,1.31892,1.32446,1.30506,1.31753,1.41243,1.28255,1.30627,1.22947,1.27974,1.30487,1.31743,1.39022,1.49311,1.41155,1.32644,1.10656,0.886667,0.886667,0.886667,0.886667,0.842333,0.798,0.798,0.842333,0.886667,1.01967,1.04183,1.064,1.04941,1.04941,1.04941,1.04941,1.04941,1.04941,1.04941,1.04941,1.04941,1.04941,1.04941,1.04941,1.04941,1.04941,1.04941,1.04941,1.04941,1.04941,1.04941,8,1,1
0.798,0.975333,0.886667,0.798,0.975333,1.01967,1.21917,1.00858,0.798,0.886667,0.8645,0.842333,1.04183,1.25242,1.20254,1.22194,1.0543,0.886667,0.798,0.798,0.842333,0.886667,0.798,1.04183,0.986417,1.15821,0.978104,0.798,0.798,1.04183,0.919917,0.798,0.798,0.798,1.064,0.975333,0.886667,0.798,0.9975,1.03075,1.02521,1.26627,1.4533,1.16998,0.886667,0.842333,0.798,0.798,0.931,1.04183,1.11942,0.958708,0.798,0.798,1.15267,0.975333,0.798,0.975333,1.10833,1.24133,1.10833,0.953167,0.798,0.842333,0.886667,0.975333,0.975333,1.3965,1.27458,1.03629,0.798,0.798,0.798,1.01967,0.908833,0.798,0.886667,0.8645,0.842333,0.798,0.886667,0.931,0.953167,1.14158,1.36879,1.2829,1.10695,0.996807,0.886667,1.04183,1.00858,1.16929,1.38265,1.57799,1.49833,1.1925,0.886667,0.975333,1.064,1.10833,0.953167,0.798,0.798,1.08617,1.29675,1.69021,1.55444,1.28705,1.37503,1.39685,1.18609,1.01421,0.842333,1.197,1.37433,1.55167,1.02139,1.02139,1.02139,1.02139,1.02139,1.02139,1.02139,1.02139,1.02139,1.02139,1.02139,1.02139,1.02139,1.02139,1.02139,1.02139,1.02139,10,5,5
1.41867,1.33,1.33,1.30783,1.16375,1.22471,1.18869,1.21501,1.29467,1.11284,0.955418,0.798,1.064,0.953167,0.842333,1.064,1.33,1.08617,0.842333,0.798,1.064,1.21917,1.25242,1.04737,0.842333,0.820167,0.798,0.886667,0.975333,0.9975,1.42975,1.26904,1.18869,1.12634,1.07301,1.29017,1.28792,1.35329,1.58548,1.59074,1.61554,1.4506,1.50113,1.6594,1.38387,1.09093,0.798,0.798,0.798,0.820167,0.842333,0.820167,0.798,1.1305,1.27458,1.32446,1.4159,1.39511,1.31822,1.10245,0.886667,0.886667,0.9975,0.89775,0.798,1.1305,1.14158,1.05846,1.26073,1.25103,1.24618,1.13292,1.1428,0.970398,0.798,0.886667,1.15267,1.10833,0.953167,0.798,0.798,0.798,1.2635,1.20808,1.35771,1.21085,1.00443,0.798,0.953167,1.14158,1.28012,1.32723,1.23995,1.15197,1.24099,1.24116,1.19691,1.61812,1.5184,1.71236,1.45468,1.43667,1.38334,1.22367,1.01083,0.798,0.8645,1.18592,1.50733,1.13925,1.13925,1.13925,1.13925,1.13925,1.13925,1.13925,1.13925,1.13925,1.13925,1.13925,1.13925,1.13925,1.13925,1.13925,1.13925,1.13925,1.13925,1.13925,1.13925,1.13925,1.13925,1.13925,1.13925,18,4,1
1.064,1.24133,1.3965,1.45192,1.47962,1.18315,0.886667,0.9975,1.29675,1.24687,1.42144,1.13189,0.842333,0.842333,0.9975,1.07508,1.22471,1.18869,1.19284,1.41659,1.26246,1.1854,1.14687,1.23843,1.06255,0.886667,0.9975,0.919917,0.842333,0.886667,0.9975,1.09725,1.19146,1.0169,0.842333,1.2635,1.20808,1.33554,1.5766,1.74147,1.38057,1.13362,0.886667,1.33,1.37433,1.37433,1.7955,1.56275,1.35771,1.23302,1.43668,1.11734,0.798,0.9975,1.00858,1.10279,1.17206,1.2732,1.27943,1.06088,0.842333,1.15267,1.1305,1.09725,1.19146,1.0834,0.940698,0.798,0.931,1.04183,1.00858,1.08062,1.02798,1.09032,1.21016,1.13708,1.16704,1.00469,0.842333,1.2635,1.16375,0.980875,0.798,1.17483,1.11942,1.22471,1.12219,1.33693,1.08963,0.842333,0.842333,0.8645,0.886667,0.953167,1.20808,1.35771,1.36602,1.21501,1.33901,1.11284,0.886667,1.10833,1.197,1.30783,1.27458,1.05846,0.842333,1.04183,1.24133,1.13716,1.13716,1.13716,1.13716,1.13716,1.13716,1.13716,1.13716,1.13716,1.13716,1.13716,1.13716,1.13716,1.13716,1.13716,1.13716,1.13716,1.13716,1.13716,1.13716,1.13716,1.13716,1.13716,1.13716,16,9,4
0.798,0.931,0.8645,0.798,0.886667,1.17483,1.03075,0.886667,0.798,1.1305,1.09725,1.16929,1.24965,1.04599,0.842333,1.17483,1.16375,1.26904,1.21085,1.00443,0.798,0.798,0.886667,0.842333,0.798,0.886667,1.08617,1.11942,1.13604,1.18869,1.14851,1.23926,1.15163,1.30731,1.27432,1.30216,1.18308,1.23437,1.19352,0.99576,0.798,1.08617,1.11942,1.09171,0.944854,0.798,1.01967,1.08617,0.986417,0.886667,1.01967,1.08617,1.11942,1.33554,1.19977,1.13189,1.20878,1.13639,1.14453,1.32593,1.1728,0.985399,0.798,0.820167,0.842333,0.798,0.820167,0.842333,0.820167,0.798,0.886667,0.842333,0.798,1.064,1.1305,1.05292,0.925458,0.798,0.798,0.798,1.17483,0.986417,0.798,0.8645,0.83125,0.798,1.1305,0.986417,0.842333,1.15267,1.01967,0.886667,0.975333,0.886667,0.798,1.1305,0.986417,0.842333,0.798,0.8645,0.919917,1.08062,1.05015,1.23441,1.06054,0.886667,0.798,1.01967,1.10833,1.064,1.21917,1.07508,1.18037,1.36602,1.08201,0.798,0.886667,0.931,1.08617,1.24133,1.01045,1.01045,1.01045,1.01045,1.01045,1.01045,1.01045,1.01045,1.01045,1.01045,1.01045,1.01045,1.01045,26,12,13
1.33,1.41867,1.44083,1.47408,1.49071,1.36602,1.08201,0.798,0.886667,1.15267,1.33,1.2635,1.25242,1.02521,0.798,0.798,1.10833,1.2635,1.03075,0.798,0.886667,1.197,1.2635,1.34108,1.31337,1.41035,1.43668,1.31684,1.32342,1.37104,1.32835,1.44001,1.54017,1.39075,1.38254,1.44494,1.3653,1.50282,1.46074,1.32887,1.46244,1.30755,1.09711,0.886667,0.886667,1.10833,1.2635,1.25242,1.42421,1.39927,1.36464,1.34732,1.42733,1.33433,1.06616,0.798,0.886667,0.842333,0.798,0.975333,0.908833,0.842333,0.798,1.10833,1.2635,1.20808,1.22471,1.27735,1.34801,1.20601,1.2015,1.26575,1.25354,1.3361,1.42172,1.37586,1.13126,0.886667,0.798,1.17483,1.31892,1.25796,1.02798,0.798,0.842333,1.197,1.37433,1.08617,0.798,0.798,0.798,1.01967,1.28567,1.41867,1.463,1.48517,1.45192,1.47962,1.31615,1.43391,1.47062,1.40031,1.40949,1.41867,1.20635,1.20635,1.20635,1.20635,1.20635,1.20635,1.20635,1.20635,1.20635,1.20635,1.20635,1.20635,1.20635,1.20635,1.20635,1.20635,1.20635,1.20635,1.20635,1.20635,1.20635,1.20635,1.20635,1.20635,1.20635,1.20635,1.20635,1.20635,1.20635,12,4,1
0.798,0.798,1.064,1.17483,0.986417,0.798,0.798,0.798,0.798,0.798,1.064,1.28567,1.08617,0.886667,0.842333,0.886667,0.798,0.798,0.975333,0.886667,0.798,0.798,0.798,0.798,0.820167,0.842333,0.798,1.01967,1.21917,1.00858,0.798,0.798,0.798,0.798,0.798,0.798,0.798,0.798,0.798,0.798,1.01967,1.2635,1.11942,1.15821,1.26627,1.3868,1.2254,1.32203,1.23735,1.32801,1.063,0.798,0.886667,0.842333,0.886667,0.798,0.798,0.798,0.798,0.798,0.798,0.798,0.798,1.17483,1.07508,0.936542,0.798,1.15267,1.28567,1.17483,1.29675,1.37987,1.35494,1.07647,0.798,0.798,0.931,1.21917,1.09725,1.16929,1.36048,1.12357,0.886667,0.798,1.15267,1.064,0.975333,0.886667,1.197,1.15267,1.064,1.04183,0.942083,0.842333,1.1305,1.03075,1.26904,1.34385,1.40343,1.36671,1.12669,0.886667,0.798,1.15267,1.24133,1.2635,1.25242,1.24687,1.2441,1.28705,1.08686,0.886667,1.15267,1.01967,0.886667,0.953167,0.986417,1.02521,0.911604,0.798,0.798,0.886667,1.00024,1.00024,1.00024,1.00024,1.00024,1.00024,1.00024,1.00024,1.00024,1.00024,1.00024,6,2,5
0.798,1.10833,1.17483,1.16375,1.29121,1.13327,1.00997,0.886667,1.10833,1.04183,1.23025,1.19146,1.12773,1.09586,1.01343,1.12738,1.22869,1.01335,0.798,1.064,1.10833,1.08617,1.20808,1.31337,1.18869,1.39234,1.20601,1.31234,1.45417,1.12608,0.798,1.01967,1.08617,1.09725,1.23579,1.2829,1.26211,1.36256,1.32411,1.19406,1.21769,1.18518,1.05809,1.19405,1.08469,1.07434,1.24651,1.22175,1.14288,1.21427,1.31647,1.16807,1.24903,1.13435,1.03268,1.15917,1.06725,1.15429,1.33081,1.28607,1.1307,1.18602,1.25801,1.161,1.22334,1.03283,0.842333,1.10833,1.10833,1.10833,1.21917,1.31892,1.14712,1.30506,1.16236,1.20185,1.33242,1.50855,1.41927,1.1973,1.17498,1.25249,1.15825,1.19979,1.39789,1.14228,0.886667,1.01967,0.931,0.842333,1.04183,1.05292,1.12496,1.24965,1.20116,1.08824,1.20912,1.29173,1.11136,1.26502,1.09801,1.03667,1.18334,0.990668,0.798,1.15267,0.975333,0.798,1.1305,1.09725,1.05846,1.01967,1.14423,1.14423,1.14423,1.14423,1.14423,1.14423,1.14423,1.14423,1.14423,1.14423,1.14423,1.14423,1.14423,1.14423,1.14423,1.14423,1.14423,1.14423,1.14423,1.14423,1.14423,8,4,4
1.33,1.197,1.197,0.9975,0.798,0.798,0.931,1.17483,1.11942,1.09171,1.21085,1.20393,1.08963,1.16548,1.15907,1.15587,1.15427,1.02047,0.886667,1.064,1.10833,1.10833,1.21917,1.14158,1.10279,1.19423,1.04045,0.886667,1.197,1.04183,0.886667,0.886667,1.10833,1.197,1.28567,1.04183,0.798,0.886667,1.197,1.1305,1.05292,0.925458,0.798,0.798,0.798,0.798,0.842333,0.886667,1.21917,1.09725,1.03629,1.18315,1.07924,1.20462,1.22298,1.14349,1.17024,1.29446,1.04623,0.798,1.064,0.975333,0.886667,1.15267,1.064,1.08617,1.25242,1.02521,0.798,1.10833,0.953167,0.798,1.01967,0.9975,1.03075,1.11387,1.08894,1.1208,1.2254,1.05603,0.886667,1.24133,1.37433,1.463,1.1305,0.798,0.886667,0.886667,0.975333,1.10833,0.9975,0.886667,1.10833,1.04183,1.09725,1.25796,1.16098,1.11249,1.30991,1.12046,1.11439,1.26653,1.1431,1.10355,1.12811,1.22905,1.14653,1.32693,1.19547,1.0854,1.1412,1.1026,1.12763,1.27315,1.39024,1.50733,1.08224,1.08224,1.08224,1.08224,1.08224,1.08224,1.08224,1.08224,1.08224,1.08224,1.08224,1.08224,1.08224,1.08224,1.08224,1.08224,1.08224,8,2,1
1.50733,0.798,0.9975,0.942083,0.886667,1.10833,0.9975,0.886667,1.10833,1.10833,1.1305,1.23025,1.23579,1.1499,1.28428,1.10764,1.13015,1.23008,1.01404,0.798,1.01967,0.931,0.842333,1.1305,1.00858,0.886667,1.197,1.04183,0.886667,1.197,1.01967,0.842333,0.9975,0.89775,0.798,1.1305,1.03075,1.02521,1.1776,1.1208,1.13673,1.18903,1.23735,1.21718,1.34009,1.06904,0.798,1.1305,0.96425,0.798,1.064,1.08617,1.09725,1.28012,1.1499,1.15128,1.19631,1.19665,1.15249,1.24125,1.06396,0.886667,1.1305,1.42975,1.44637,1.12219,0.798,1.10833,1.48517,1.49625,1.16929,0.842333,1.17483,1.07508,1.11387,1.28844,1.04322,0.798,1.01967,0.9975,1.07508,1.24687,1.0446,0.842333,1.064,1.064,1.08617,1.27458,1.50179,1.4824,1.58353,1.54543,1.61505,1.51686,1.1796,0.842333,1.08617,0.986417,0.886667,1.15267,1.48517,1.40758,1.10279,0.798,0.798,0.798,0.886667,1.21917,1.45192,1.68467,1.11388,1.11388,1.11388,1.11388,1.11388,1.11388,1.11388,1.11388,1.11388,1.11388,1.11388,1.11388,1.11388,1.11388,1.11388,1.11388,1.11388,1.11388,1.11388,1.11388,1.11388,1.11388,1.11388,14,4,5
1.37433,1.30783,1.27458,1.21362,1.22748,1.19007,1.17137,1.25068,1.24601,1.19934,1.28684,1.26408,1.25271,1.24702,1.15551,1.19842,1.21988,1.25277,1.20272,1.26636,1.20951,1.22542,1.27771,1.12652,1.11743,1.22371,1.01086,0.798,1.064,1.064,1.064,1.21917,1.27458,1.16929,1.24965,1.24549,1.19908,1.22021,1.1421,1.08088,1.20544,1.26772,1.21019,1.2701,1.25572,1.24852,1.2671,1.14338,1.12586,1.22793,1.23463,1.17148,1.22857,1.27929,1.23814,1.26191,1.25162,1.24648,1.26607,1.09854,1.1256,1.20563,1.17915,1.12158,1.27012,1.25573,1.2042,1.2671,1.27638,1.21452,1.27226,1.16813,1.1604,1.20087,1.17677,1.16472,1.22519,1.23326,1.19296,1.26148,1.20707,1.17987,1.2106,1.2038,1.22257,1.23195,1.01498,0.798,1.01967,1.37433,1.35217,1.16375,1.15821,1.19977,1.17622,1.20878,1.18072,1.34403,1.24835,1.26701,1.25417,1.31425,1.29996,1.24848,1.17841,1.27637,1.39185,1.22793,1.064,1.20619,1.20619,1.20619,1.20619,1.20619,1.20619,1.20619,1.20619,1.20619,1.20619,1.20619,1.20619,1.20619,1.20619,1.20619,1.20619,1.20619,1.20619,1.20619,1.20619,1.20619,1.20619,1.20619,1.20619,6,3,3
1.41867,0.798,0.798,1.04183,1.36325,1.23579,1.26073,1.02936,0.798,0.886667,1.10833,1.37433,1.2635,1.29675,1.04737,0.798,0.798,1.064,1.28567,1.21917,1.23025,1.30229,1.22748,1.27874,1.2157,1.13985,1.19059,0.994296,0.798,0.798,1.10833,1.10833,1.08617,1.16375,1.33554,1.33277,1.37572,1.44153,1.34143,1.33571,1.26636,1.25385,1.33626,1.06713,0.798,0.798,1.064,0.931,0.798,0.886667,1.1305,1.31892,1.30229,1.36048,1.38957,1.31545,1.30056,1.49261,1.32264,1.34849,1.09541,0.842333,0.798,1.01967,0.9975,0.89775,0.798,1.064,0.931,0.798,0.798,1.064,0.931,0.798,0.798,1.10833,1.30783,1.27458,1.32446,1.37156,1.35078,1.34039,1.3352,1.3326,1.28697,1.21982,1.16407,1.24704,1.02252,0.798,1.10833,1.1305,1.09725,1.25796,1.24965,1.28982,1.37641,1.44187,1.3416,1.3358,1.15557,0.976784,0.798,1.064,1.30783,1.31892,1.28012,1.26073,1.2067,1.15267,1.14033,1.14033,1.14033,1.14033,1.14033,1.14033,1.14033,1.14033,1.14033,1.14033,1.14033,1.14033,1.14033,1.14033,1.14033,1.14033,1.14033,1.14033,1.14033,1.14033,1.14033,1.14033,1.14033,6,1,0
1.064,1.21917,1.07508,1.11387,1.19977,1.08755,1.12011,1.26939,1.12236,1.13751,1.27809,1.12671,1.11752,1.26809,1.56505,1.44752,1.12276,0.798,1.10833,0.953167,0.798,1.064,1.064,1.1305,1.27458,1.10279,1.1499,1.26211,1.03006,0.798,1.08617,0.986417,0.886667,1.15267,1.01967,0.886667,1.15267,1.10833,1.1305,1.27458,1.03629,0.798,1.064,0.975333,0.886667,1.10833,1.08617,1.11942,1.26904,1.27735,1.21501,1.31684,1.23475,1.23804,1.32835,1.10751,0.886667,1.10833,0.953167,0.798,1.10833,0.9975,0.886667,1.15267,0.975333,0.798,1.10833,1.44083,1.40758,1.54612,1.4824,1.1402,0.798,1.10833,0.953167,0.798,1.1305,0.986417,0.842333,1.1305,1.54058,1.39096,1.09448,0.798,1.10833,0.953167,0.798,1.1305,0.96425,0.798,1.08617,1.00858,1.08062,1.22748,1.03491,0.842333,1.10833,1.5295,1.42975,1.13604,0.842333,1.10833,1.04183,1.09725,1.21362,1.07231,1.15682,1.24341,1.02071,0.798,1.15267,1.09872,1.09872,1.09872,1.09872,1.09872,1.09872,1.09872,1.09872,1.09872,1.09872,1.09872,1.09872,1.09872,1.09872,1.09872,1.09872,1.09872,1.09872,1.09872,1.09872,1.09872,1.09872,4,5,2
0.798,1.15267,1.08617,1.09725,1.28012,1.30506,1.18453,1.34593,1.3823,1.31182,1.38741,1.27004,1.16702,1.29284,1.35575,1.25421,1.33644,1.37755,1.22078,1.29755,1.22511,1.14456,1.28161,1.21714,1.1849,1.30178,1.18289,1.18995,1.30431,1.05115,0.798,0.798,0.798,0.798,0.886667,1.15267,1.064,1.08617,1.29675,1.13604,1.05569,1.28151,1.03976,0.798,1.15267,1.10833,1.10833,1.30783,1.40758,1.23579,1.2829,1.26211,1.16306,1.29086,1.37693,1.1318,0.886667,1.10833,1.04183,1.27458,1.12496,1.09448,1.27874,1.2157,1.13985,0.968926,0.798,0.798,0.886667,1.197,1.1305,1.11942,1.26904,1.25519,1.15959,1.28913,1.13223,1.23112,1.32489,1.17228,0.985139,0.798,0.798,0.798,0.798,0.798,0.798,1.01967,0.908833,0.798,0.798,1.15267,1.24133,1.37433,1.3965,1.40758,1.10279,0.798,0.886667,1.08617,1.25242,1.29121,1.3106,1.3868,1.2919,1.35528,1.34264,1.33632,1.33316,1.19858,1.064,1.14061,1.14061,1.14061,1.14061,1.14061,1.14061,1.14061,1.14061,1.14061,1.14061,1.14061,1.14061,1.14061,1.14061,1.14061,1.14061,1.14061,1.14061,1.14061,1.14061,1.14061,1.14061,10,4,3
0.798,0.886667,1.08617,0.942083,0.798,0.798,1.10833,1.30783,1.34108,1.06954,0.798,0.798,0.798,1.10833,1.30783,1.34108,1.20254,1.0446,0.886667,0.798,0.798,0.798,1.10833,0.975333,0.842333,0.9975,1.20808,1.13604,1.23302,1.10418,0.951089,0.798,0.975333,0.886667,0.798,0.798,1.01967,1.01967,0.908833,0.798,0.798,0.886667,1.01967,1.17483,1.23025,1.05846,0.886667,0.842333,0.798,0.798,0.798,0.798,1.15267,1.30783,1.14158,1.28012,1.26073,1.02936,0.798,1.1305,1.14158,1.05846,1.19423,1.21778,1.00789,0.798,0.798,1.10833,0.9975,0.886667,0.798,0.798,0.798,0.798,0.798,1.064,1.28567,1.3965,1.27458,1.34662,1.27181,1.21224,1.31545,1.14539,1.19336,1.12868,1.27367,1.41267,1.10534,0.798,1.064,1.197,1.21917,1.38542,1.31337,1.27735,1.34801,1.33901,1.15717,1.22142,1.00971,0.798,0.798,1.01967,1.04183,1.23025,1.34662,1.29398,1.40066,1.27666,1.03733,0.798,1.15267,0.9975,0.842333,0.908833,0.975333,1.04645,1.04645,1.04645,1.04645,1.04645,1.04645,1.04645,1.04645,1.04645,1.04645,1.04645,1.04645,1.04645,1.04645,1.04645,1.04645,4,3,2
0.798,0.886667,0.798,0.886667,1.064,0.975333,0.886667,1.064,0.975333,0.886667,1.197,1.01967,0.842333,0.798,0.886667,0.798,1.15267,1.01967,0.886667,1.08617,1.16375,1.06954,1.2441,1.33139,1.41936,1.10868,0.798,0.798,0.798,0.798,1.15267,0.975333,0.798,0.798,1.10833,1.15267,0.975333,0.798,1.10833,1.30783,1.05292,0.798,0.798,0.908833,0.89775,0.886667,1.197,1.30783,1.40758,1.10279,0.798,0.798,0.798,0.798,1.064,0.975333,0.886667,1.197,1.37433,1.30783,1.09725,0.886667,0.886667,0.886667,0.798,0.798,0.798,0.886667,0.886667,0.886667,0.798,1.10833,1.2635,1.16375,1.02521,0.886667,1.064,1.01967,0.908833,0.798,0.798,0.886667,0.886667,0.886667,1.01967,1.2635,1.38542,1.13604,0.886667,0.798,0.886667,1.17483,1.03075,0.886667,0.842333,0.798,1.15267,1.33,1.48517,1.36325,1.08062,0.798,0.798,0.798,0.798,0.798,0.798,0.886667,0.842333,1.17483,0.986417,0.798,0.798,1.10833,1.04183,0.986417,1.02521,0.911604,0.798,0.798,1.33,0.984009,0.984009,0.984009,0.984009,0.984009,0.984009,0.984009,0.984009,0.984009,0.984009,0.984009,0.984009,6,1,0
0.798,1.197,1.2635,1.40758,1.45746,1.4824,1.4062,1.1021,0.798,0.798,1.197,1.24133,1.44083,1.38542,1.44637,1.47685,1.44776,1.47755,1.44811,1.36689,1.43711,1.33922,1.37894,1.31014,1.3644,1.2142,1.29427,1.28997,1.42082,1.33108,1.4192,1.3746,1.13063,0.886667,0.798,1.17483,1.27458,1.32446,1.46023,1.17345,0.886667,0.798,0.798,0.798,0.798,1.17483,1.34108,1.11387,0.886667,0.798,1.15267,0.975333,0.798,0.798,1.197,1.41867,1.41867,1.463,1.48517,1.49625,1.54612,1.52673,1.58353,1.58977,1.57072,1.53902,1.61185,1.55959,1.17879,0.798,1.15267,0.975333,0.798,0.798,0.798,0.798,1.15267,0.975333,0.798,0.842333,1.2635,1.05292,0.842333,0.798,0.798,0.798,0.798,0.798,0.798,1.24133,1.3965,1.54058,1.52396,1.16098,0.798,1.15267,0.975333,0.798,1.08617,1.42975,1.46854,1.13327,0.798,0.886667,1.16885,1.16885,1.16885,1.16885,1.16885,1.16885,1.16885,1.16885,1.16885,1.16885,1.16885,1.16885,1.16885,1.16885,1.16885,1.16885,1.16885,1.16885,1.16885,1.16885,1.16885,1.16885,1.16885,1.16885,1.16885,1.16885,1.16885,1.16885,1.16885,0,0,0
1.55167,1.24133,1.197,0.9975,0.798,0.886667,1.17483,1.14158,1.12496,1.29398,1.40066,1.25449,1.33658,1.31112,1.34273,1.29203,1.26668,1.18751,1.19225,1.12813,1.29556,1.09112,0.886667,0.798,0.798,0.886667,0.798,0.798,0.975333,1.064,1.15267,1.1305,1.20808,1.11387,1.26627,1.16514,1.11457,1.28878,1.28723,1.17561,1.16414,1.13624,1.14445,1.10423,1.23928,1.17381,1.1854,1.2577,1.24952,1.04593,0.842333,0.931,1.064,1.15267,1.30783,1.16375,1.18037,0.989187,0.798,0.798,0.975333,1.24133,1.08617,1.14158,1.14712,1.2829,1.10695,1.12981,1.25207,1.33537,1.24402,1.10968,1.3085,1.36359,1.21379,1.2054,1.11253,0.999599,0.886667,1.24133,1.01967,0.798,0.975333,1.10833,1.10833,1.17483,1.16375,1.20254,1.06677,1.13189,1.14228,1.21397,1.13899,1.16799,1.3155,1.05675,0.798,1.10833,1.01967,1.17483,1.09725,1.19146,1.17206,1.22886,1.27943,1.34905,1.29519,1.1796,1.34346,1.0929,0.842333,0.908833,0.975333,1.12891,1.12891,1.12891,1.12891,1.12891,1.12891,1.12891,1.12891,1.12891,1.12891,1.12891,1.12891,1.12891,1.12891,1.12891,1.12891,1.12891,1.12891,1.12891,1.12891,0,2,0
1.55167,1.17483,0.798,1.01967,0.908833,0.798,0.9975,1.25242,1.26904,1.34385,1.62509,1.27805,1.21536,1.05101,0.886667,1.15267,1.28567,1.35217,1.38542,1.31337,1.12219,1.15959,1.22263,1.09898,1.12582,1.22791,1.01296,0.798,0.798,0.886667,1.33,1.28567,1.596,1.35217,1.45192,1.34662,1.31615,1.27874,1.2822,1.28393,1.2848,1.39607,1.3187,1.28002,1.19418,1.43942,1.45121,1.36844,1.08322,0.798,0.798,1.1305,1.27458,1.36879,1.70406,1.36186,1.3016,1.0498,0.798,1.01967,1.2635,1.29675,1.31337,1.36602,1.41451,1.63826,1.35113,1.2519,1.02495,0.798,1.01967,1.2635,1.25242,1.22471,1.18869,1.21501,1.49417,1.36775,1.30454,1.0956,0.886667,1.44083,1.23025,1.25796,1.42698,1.44499,1.12149,0.798,0.886667,0.842333,0.798,0.9975,0.89775,0.798,1.04183,1.38542,1.33554,1.39927,1.29814,1.3584,1.32203,1.37035,1.32801,1.08517,0.842333,0.931,1.19553,1.19553,1.19553,1.19553,1.19553,1.19553,1.19553,1.19553,1.19553,1.19553,1.19553,1.19553,1.19553,1.19553,1.19553,1.19553,1.19553,1.19553,1.19553,1.19553,1.19553,1.19553,1.19553,1.19553,1.19553,1.19553,1.19553,6,2,0
1.064,1.064,1.15267,1.064,1.15267,1.064,1.04183,1.07508,1.06954,1.02244,1.08755,1.05361,1.10314,1.0614,1.17353,1.0966,1.19113,1.14973,1.30637,1.14085,1.36843,1.17188,1.42827,1.2018,1.35457,1.25362,1.44698,1.27765,1.39249,1.20608,1.26804,1.16602,1.15934,1.13384,1.07675,0.937376,0.798,0.931,0.9975,1.00858,1.05846,1.03906,1.0737,1.04668,1.09967,1.05967,1.10617,1.08508,1.11888,1.13577,1.18855,1.14844,1.19489,1.15161,1.19647,1.13024,1.20795,1.11381,1.13324,1.09862,1.14781,1.1059,1.17362,1.07448,1.06924,1.06662,1.06531,1.02032,1.04216,1.03091,1.02529,1.00031,1.05432,1.03699,1.09483,1.05725,1.12712,1.09556,1.19061,1.12731,1.25082,1.15741,1.28804,1.17602,0.98701,0.798,1.1305,1.09725,1.25796,1.13881,1.21224,1.13812,1.23406,1.14903,1.30601,1.18501,1.2575,1.18292,1.23429,1.12698,1.09549,1.10191,1.10512,1.04023,1.09645,1.05806,1.06103,1.04035,1.07434,1.047,1.0555,1.03758,1.09513,1.10173,1.1937,1.08452,0.975333,1.12202,1.12202,1.12202,1.12202,1.12202,1.12202,1.12202,1.12202,1.12202,1.12202,1.12202,1.12202,1.12202,1.12202,1.12202,1.12202,2,2,0
1.15267,1.30783,1.18592,1.08062,1.13881,1.01274,0.886667,0.931,1.04183,1.05292,1.08062,1.02798,1.04599,1.05499,1.0595,1.03958,1.02962,1.02465,1.04432,1.03199,0.981497,1.02275,0.999041,1.03152,1.00343,1.03371,1.11536,1.04535,1.05467,1.05934,1.08383,1.07392,1.15763,1.08865,1.25366,1.15883,1.06708,1.15421,1.1756,1.09764,1.16948,1.07241,1.1347,1.07719,1.24793,1.1338,1.14323,1.14795,1.17247,1.49507,1.39037,1.53752,1.25643,1.20455,1.17861,1.2543,1.13698,1.07833,1.13766,1.14516,1.10458,1.12862,1.14065,1.08016,1.11641,1.11237,1.04385,1.18693,1.08113,1.13906,1.0572,1.10493,1.0623,1.08532,1.03032,1.06933,1.0445,1.03208,1.04804,1.05602,1.06001,1.08417,1.05192,1.08013,1.02773,1.0902,1.03277,1.04838,1.05619,1.10443,1.10638,1.10736,1.10785,1.04159,1.07496,1.09165,1.07782,1.04875,1.18937,1.34835,1.27268,1.1905,1.17159,1.11779,1.11306,1.1107,1.15385,1.10892,1.17513,1.11956,1.06962,1.08897,1.07649,1.09241,1.07821,1.11544,1.31138,1.09903,0.886667,1.10847,1.10847,1.10847,1.10847,1.10847,1.10847,1.10847,1.10847,1.10847,1.10847,1.10847,1.10847,1.10847,1.10847,6,3,1
1.50733,1.37433,1.70683,1.36325,1.34662,1.51565,1.40066,1.52049,1.77991,1.42196,1.30948,1.07591,0.842333,1.08617,1.27458,1.30229,1.42698,1.37849,1.48724,1.38646,1.42473,1.3552,1.38693,1.69097,1.37748,1.37591,1.48595,1.38581,1.44657,1.38829,1.46998,1.75465,1.38716,1.35858,1.45512,1.3704,1.4167,1.35118,1.51792,1.57913,1.2994,1.3147,1.36668,1.30401,1.3835,1.37892,1.42096,1.70798,1.34166,1.33583,1.37725,1.33146,1.44156,1.74045,1.38006,1.73186,1.37576,1.35288,1.45227,1.36897,1.41599,1.37299,1.46233,1.66216,1.42958,1.73446,1.37706,1.3757,1.46368,1.41901,1.5075,1.79559,1.42979,1.42423,1.11111,0.798,1.064,1.08617,1.49625,1.25796,1.31615,1.05707,0.798,1.48517,1.23025,1.30229,1.42698,1.35632,1.43183,1.46958,1.44412,1.3649,1.14795,0.931,1.38656,1.38656,1.38656,1.38656,1.38656,1.38656,1.38656,1.38656,1.38656,1.38656,1.38656,1.38656,1.38656,1.38656,1.38656,1.38656,1.38656,1.38656,1.38656,1.38656,1.38656,1.38656,1.38656,1.38656,1.38656,1.38656,1.38656,1.38656,1.38656,1.38656,1.38656,1.38656,1.38656,1.38656,1.38656,1.38656,1.38656,1.38656,1.38656,2,4,0
1.01967,1.064,0.953167,0.842333,0.9975,1.54058,1.34662,1.69298,1.37849,1.64241,1.37537,1.68519,1.41893,1.72913,1.4409,1.42978,1.49072,1.7207,1.43668,1.78234,1.37884,1.70909,1.36438,1.59102,1.34968,1.65017,1.35709,1.72038,1.39219,1.69359,1.35663,1.67582,1.41424,1.54945,1.30673,1.71736,1.41285,1.68176,1.39505,1.31819,1.05809,0.798,1.3965,1.34108,1.69021,1.33277,1.10972,0.886667,0.953167,1.51842,1.33554,1.66527,1.34247,1.2919,1.04495,0.798,1.463,1.21917,1.42975,1.40204,1.47685,1.42559,1.5773,1.43148,1.77974,1.37754,1.5976,1.35297,1.38582,1.44658,1.56562,1.33698,1.42216,1.30958,1.69662,1.35814,1.41057,1.43679,1.44989,1.38995,1.67031,1.34499,1.47049,1.35591,1.56462,1.29214,1.35541,1.4092,1.72427,1.37197,1.01967,1.40555,1.40555,1.40555,1.40555,1.40555,1.40555,1.40555,1.40555,1.40555,1.40555,1.40555,1.40555,1.40555,1.40555,1.40555,1.40555,1.40555,1.40555,1.40555,1.40555,1.40555,1.40555,1.40555,1.40555,1.40555,1.40555,1.40555,1.40555,1.40555,1.40555,1.40555,1.40555,1.40555,1.40555,1.40555,1.40555,1.40555,1.40555,1.40555,1.40555,1.40555,1.40555,20,2,1
1.197,1.197,1.33,1.28567,1.37433,1.30783,1.42975,1.60154,1.35494,1.2538,1.46923,1.31095,1.43131,1.31415,1.32208,1.28171,1.28369,1.28468,1.28517,1.24109,1.24121,1.2191,1.25239,1.26903,1.34385,1.29259,1.42213,1.46473,1.35303,1.36368,1.41334,1.549,1.32867,1.32933,1.46267,1.32983,1.44075,1.31888,1.43527,1.3383,1.28982,1.55374,1.2867,1.28619,1.41893,1.30796,1.47415,1.40207,1.5212,1.38127,1.39997,1.34282,1.42508,1.71004,1.36485,1.30309,1.11705,1.06836,1.55384,1.28676,1.21971,1.09752,1.05859,1.3938,1.2289,1.39028,1.22714,1.2564,1.27104,1.30052,1.27093,1.30046,1.35956,1.56645,1.33739,1.57753,1.27643,1.23672,1.34986,1.31776,1.34605,1.24936,1.11235,1.17684,1.25342,1.22521,1.23327,1.21514,1.22823,1.23478,1.21589,1.20645,1.22389,1.25478,1.22589,1.16711,1.18206,1.23386,1.2376,1.24133,1.31718,1.31718,1.31718,1.31718,1.31718,1.31718,1.31718,1.31718,1.31718,1.31718,1.31718,1.31718,1.31718,1.31718,1.31718,1.31718,1.31718,1.31718,1.31718,1.31718,1.31718,1.31718,1.31718,1.31718,1.31718,1.31718,1.31718,1.31718,1.31718,1.31718,1.31718,1.31718,1.31718,6,2,2
2.03933,2.0615,1.56275,1.44637,1.14435,0.842333,0.820167,0.798,0.953167,1.27458,1.36879,1.70406,1.36186,1.39027,1.13847,0.886667,0.8645,0.842333,0.975333,1.28567,1.30783,1.76225,1.34662,1.78165,1.44499,1.58699,1.28116,1.43858,1.45079,1.7229,1.37128,1.70531,1.40682,1.76741,1.41571,1.52802,1.42901,1.49034,1.41017,1.70258,1.38329,1.64481,1.37657,1.50845,1.37489,1.39678,1.36339,1.56836,1.36051,1.61126,1.38196,1.48898,1.36516,1.41408,1.32771,1.52835,1.34051,1.49042,1.38804,1.46986,1.35559,1.29846,1.1369,1.36645,1.30389,1.49428,1.36781,1.50407,1.3727,1.37352,1.35176,1.45171,1.34652,1.09443,0.842333,0.798,1.197,1.24133,1.37433,1.28567,1.35217,1.25242,1.42421,1.3771,1.44222,1.36394,1.43564,1.36065,1.38966,1.27116,1.34491,1.27096,1.36698,1.30416,1.24133,1.36472,1.36472,1.36472,1.36472,1.36472,1.36472,1.36472,1.36472,1.36472,1.36472,1.36472,1.36472,1.36472,1.36472,1.36472,1.36472,1.36472,1.36472,1.36472,1.36472,1.36472,1.36472,1.36472,1.36472,1.36472,1.36472,1.36472,1.36472,1.36472,1.36472,1.36472,1.36472,1.36472,1.36472,1.36472,1.36472,1.36472,1.36472,6,3,2
1.10833,0.953167,0.798,1.01967,1.01967,1.08617,1.20808,1.13604,1.14435,1.25934,1.07301,0.886667,1.064,1.08617,1.11942,1.22471,1.21085,1.18176,1.23371,1.19319,1.1951,1.21821,1.07461,1.11364,1.19965,1.08749,1.12008,1.20287,1.06694,1.19847,1.37507,1.21953,1.56293,1.33563,1.28848,1.10974,1.15337,1.35252,1.09743,0.842333,1.08617,0.96425,0.842333,1.04183,1.05292,1.12496,1.20531,1.22332,1.18799,1.28116,1.15042,1.17371,1.25185,1.06926,0.886667,1.10833,1.064,1.1305,1.23025,1.19146,1.19423,1.26211,1.18522,1.16895,1.27164,1.05699,0.842333,0.9975,1.03075,1.09171,1.21085,1.07093,1.13396,1.27632,1.03716,0.798,1.01967,0.908833,0.798,1.04183,0.96425,0.886667,1.064,0.975333,0.886667,1.1305,0.96425,0.798,1.37433,1.2635,1.20808,1.06954,1.1111,1.26489,1.07578,0.886667,1.48517,1.34108,1.60154,1.33277,1.61955,1.36394,1.63514,1.3274,1.5282,1.25177,1.46822,1.22178,1.20939,1.197,1.14537,1.14537,1.14537,1.14537,1.14537,1.14537,1.14537,1.14537,1.14537,1.14537,1.14537,1.14537,1.14537,1.14537,1.14537,1.14537,1.14537,1.14537,1.14537,1.14537,1.14537,1.14537,1.14537,2,0,0
1.28567,1.2635,1.25242,1.22471,1.25519,1.22609,1.47755,1.31511,1.30039,1.33736,1.33368,1.33184,1.33092,1.35263,1.45215,1.28024,1.54895,1.32864,1.41799,1.37399,1.37416,1.55158,1.41862,1.10831,0.798,1.064,1.33,1.33,1.463,1.729,1.44083,1.76225,1.45746,1.43806,1.4062,1.39027,1.3823,1.62215,1.38741,1.66904,1.38869,1.38151,1.35575,1.32071,1.30319,1.31659,1.34546,1.31557,1.07895,0.842333,1.08617,1.05292,1.10279,1.32723,1.17345,1.58422,1.36845,1.34922,1.11794,0.886667,1.10833,0.953167,0.798,1.08617,1.20808,1.26904,1.32169,1.32584,1.35009,1.36221,1.43477,1.36022,1.32294,1.32647,1.30607,1.3402,1.35727,1.5653,1.35898,1.30016,1.24858,1.28929,1.22098,1.40849,1.21408,1.47154,1.3121,1.34322,1.29228,1.28897,1.28732,1.33083,1.30825,1.31912,1.23589,1.14995,1.12914,1.2074,1.28567,1.30614,1.30614,1.30614,1.30614,1.30614,1.30614,1.30614,1.30614,1.30614,1.30614,1.30614,1.30614,1.30614,1.30614,1.30614,1.30614,1.30614,1.30614,1.30614,1.30614,1.30614,1.30614,1.30614,1.30614,1.30614,1.30614,1.30614,1.30614,1.30614,1.30614,1.30614,1.30614,1.30614,1.30614,0,0,0
1.15267,0.9975,0.842333,1.04183,1.14158,1.14712,1.23856,1.30645,1.22956,1.27978,1.41572,1.28419,1.3071,1.05255,0.798,1.04183,1.00858,1.05846,1.19423,1.37295,1.24064,1.06365,0.886667,1.01967,1.21917,1.38542,1.71237,1.41035,1.34801,1.20601,1.2015,1.28792,1.13163,1.14215,1.59074,1.32737,1.28435,1.30718,1.22992,1.32429,1.52665,1.33966,1.37916,1.13291,0.886667,1.064,1.15267,1.15267,1.24133,1.30783,1.23025,1.28012,1.19423,1.17345,1.58422,1.32411,1.28272,1.06253,0.842333,1.064,0.9975,1.07508,1.51287,1.28844,1.24272,1.13119,1.14193,1.32463,1.12782,1.07374,1.29054,1.2216,1.2758,1.05907,0.842333,1.064,0.975333,0.886667,1.1305,1.07508,1.11387,1.62094,1.36464,1.30298,1.16133,1.157,1.2435,1.53058,1.34162,1.35798,1.60999,1.38133,1.37783,1.42042,1.28654,1.37477,1.08639,0.798,1.01967,1.01967,1.08617,1.18592,1.34662,1.27181,1.197,1.20805,1.20805,1.20805,1.20805,1.20805,1.20805,1.20805,1.20805,1.20805,1.20805,1.20805,1.20805,1.20805,1.20805,1.20805,1.20805,1.20805,1.20805,1.20805,1.20805,1.20805,1.20805,1.20805,1.20805,1.20805,1.20805,1.20805,1.20805,0,1,0
1.33,1.48517,1.45192,1.47962,1.36048,1.43391,1.40412,1.32273,1.06036,0.798,0.798,1.04183,1.25242,1.02521,0.798,1.41867,1.28567,1.50733,1.463,1.2635,1.36325,1.54612,1.46023,1.39511,1.14089,0.886667,1.10833,0.953167,0.798,1.41867,1.21917,1.31892,1.36879,1.4159,1.46161,1.37364,1.50699,1.61799,1.49616,1.36875,1.21637,1.27319,1.34593,1.36013,1.41157,1.48162,1.36147,1.34574,1.16054,1.2231,1.21005,1.15919,1.22243,1.32055,1.08144,0.842333,1.35217,1.45192,1.43529,1.13881,0.842333,1.21917,1.40758,1.36879,1.17206,1.11803,1.40135,1.49867,1.48084,1.13942,0.798,1.10833,1.1305,0.986417,0.842333,1.04183,0.986417,1.18037,1.18869,1.01551,0.842333,1.10833,1.2635,1.14158,1.25796,1.40481,1.41174,1.23787,1.0401,0.842333,1.2635,1.27458,1.16929,1.13881,1.21224,1.16029,1.13431,1.14349,1.05941,1.12821,1.27344,1.05788,0.842333,1.22259,1.22259,1.22259,1.22259,1.22259,1.22259,1.22259,1.22259,1.22259,1.22259,1.22259,1.22259,1.22259,1.22259,1.22259,1.22259,1.22259,1.22259,1.22259,1.22259,1.22259,1.22259,1.22259,1.22259,1.22259,1.22259,1.22259,1.22259,1.22259,1.22259,2,2,0
1.10833,1.197,1.37433,1.33,1.463,1.35217,1.42975,1.26904,1.78719,1.40343,1.41105,1.17102,1.09535,1.41217,1.37109,1.52788,1.47327,1.66764,1.49882,1.52524,1.16162,0.798,1.24133,1.30783,1.56275,1.42421,1.68744,1.48655,1.16444,0.842333,1.08617,1.34108,1.35771,1.56552,1.35909,1.47755,1.44811,1.49989,1.43711,1.82689,1.42328,1.86431,1.46415,1.57441,1.54087,1.34677,1.24972,1.44503,1.47618,1.91292,1.48846,1.8969,1.45828,1.54931,1.48399,1.53999,1.47933,1.82583,1.44492,1.38746,1.13706,0.886667,1.17483,1.34108,1.46854,1.42144,1.81905,1.41936,1.46335,1.15284,0.842333,0.820167,0.798,0.798,1.1305,1.29675,1.53504,1.38819,1.11526,0.842333,1.01967,1.28567,1.04183,0.798,1.01967,0.908833,0.798,1.064,1.28567,1.15267,1.30783,1.34108,1.15821,1.33277,1.50733,1.33334,1.33334,1.33334,1.33334,1.33334,1.33334,1.33334,1.33334,1.33334,1.33334,1.33334,1.33334,1.33334,1.33334,1.33334,1.33334,1.33334,1.33334,1.33334,1.33334,1.33334,1.33334,1.33334,1.33334,1.33334,1.33334,1.33334,1.33334,1.33334,1.33334,1.33334,1.33334,1.33334,1.33334,1.33334,1.33334,1.33334,1.33334,2,0,0
0.798,1.064,1.3965,1.42975,1.13604,0.842333,1.10833,1.44083,1.40758,1.45746,1.46023,1.43945,1.11872,0.798,1.01967,1.35217,1.38542,1.37987,1.46577,1.44222,1.47478,1.46889,1.48811,1.36472,1.14786,1.0616,1.1958,0.996899,0.798,1.1305,1.11942,1.51287,1.3106,1.29814,1.0924,0.886667,1.10833,0.9975,0.886667,1.08617,1.29675,1.33554,1.42144,1.42005,1.46369,1.52985,1.45209,1.70138,1.40486,1.38959,1.47063,1.40032,1.12132,0.842333,1.08617,0.986417,0.886667,1.44083,1.34108,1.66804,1.38819,1.42559,1.48863,1.32065,1.17016,1.09491,1.23462,1.21581,1.31724,1.05762,0.798,1.197,1.33,1.64033,1.35217,1.71792,1.45746,1.30506,1.2067,1.13535,1.34351,1.07075,0.798,1.064,1.3965,1.36325,1.50179,1.46023,1.55028,1.48447,1.14124,0.798,1.064,1.35217,1.38542,1.44637,1.43252,1.44776,1.41105,1.10452,0.798,1.26034,1.26034,1.26034,1.26034,1.26034,1.26034,1.26034,1.26034,1.26034,1.26034,1.26034,1.26034,1.26034,1.26034,1.26034,1.26034,1.26034,1.26034,1.26034,1.26034,1.26034,1.26034,1.26034,1.26034,1.26034,1.26034,1.26034,1.26034,1.26034,1.26034,1.26034,1.26034,4,4,1
0.886667,1.197,1.48517,1.45192,1.52396,1.62648,1.47824,1.51495,1.15648,0.798,0.886667,0.886667,0.886667,1.1305,1.14158,1.10279,1.2164,1.18453,1.14643,1.26038,1.47252,1.42343,1.62055,1.49744,1.25855,1.11694,1.22347,1.1659,1.11495,1.22248,1.14324,1.12579,1.29439,1.4452,1.40976,1.43638,1.47186,1.46743,1.50955,1.35327,1.38597,1.20282,1.13341,1.2982,1.0481,0.798,1.064,1.10833,1.08617,1.25242,1.11387,1.1111,1.28705,1.06469,0.842333,1.1305,1.05292,1.05846,1.23856,1.15128,1.15197,1.26315,1.23008,1.12487,1.2496,1.17897,1.12148,1.24791,1.06729,0.886667,1.15267,1.1305,1.23025,1.08062,1.05015,1.23441,1.45954,1.46127,1.43997,1.40715,1.56808,1.42687,1.28977,1.17688,1.12044,1.00355,0.886667,1.1305,1.40758,1.36879,1.10556,0.842333,1.10833,1.08617,1.09725,1.23579,1.17206,1.11803,1.64518,1.37676,1.33121,1.15327,1.0643,1.24148,1.19708,1.15267,1.21357,1.21357,1.21357,1.21357,1.21357,1.21357,1.21357,1.21357,1.21357,1.21357,1.21357,1.21357,1.21357,1.21357,1.21357,1.21357,1.21357,1.21357,1.21357,1.21357,1.21357,1.21357,1.21357,1.21357,1.21357,1.21357,1.21357,4,4,3
1.68467,0.886667,0.931,1.2635,1.18592,1.19146,1.03906,0.886667,1.17483,0.986417,0.798,0.9975,1.03075,1.02521,1.28844,1.17622,1.25311,1.11422,1.00044,0.886667,0.798,1.08617,1.05292,1.32446,1.23856,1.23995,1.30714,1.47374,1.4462,1.47677,1.44772,1.14503,0.842333,1.064,1.1305,1.05292,1.41312,1.32723,1.46161,1.48447,1.5624,1.20237,0.842333,0.798,1.064,1.33,1.21917,1.45192,1.25796,1.49348,1.34524,1.44845,1.18973,1.06036,1.37251,1.39559,1.4958,1.25773,1.2052,1.09027,1.05497,1.32548,1.37207,1.26237,1.07452,0.886667,0.886667,1.28567,1.33,1.24133,1.15267,1.197,0.9975,0.798,0.886667,1.04183,1.36325,1.19146,1.3494,1.56136,1.73385,1.55409,1.59721,1.44144,1.40789,1.12511,0.842333,1.10833,1.1305,1.14158,1.21362,1.11665,1.13466,1.45399,1.50283,1.61592,1.53946,1.30173,1.2937,1.22318,1.18792,1.21463,1.36098,1.50733,1.21831,1.21831,1.21831,1.21831,1.21831,1.21831,1.21831,1.21831,1.21831,1.21831,1.21831,1.21831,1.21831,1.21831,1.21831,1.21831,1.21831,1.21831,1.21831,1.21831,1.21831,1.21831,1.21831,1.21831,1.21831,1.21831,1.21831,1.21831,1.21831,2,1,0
1.15267,1.21917,1.31892,1.30229,1.38265,1.48932,1.36533,1.41416,1.32775,1.10721,0.886667,0.975333,0.953167,0.875583,0.798,0.9975,1.20808,1.18037,1.34385,1.35909,1.16721,1.00477,0.842333,0.820167,0.798,1.04183,1.23025,1.39096,1.31615,1.56691,1.38195,1.62198,1.43165,1.31433,1.12266,0.982499,0.842333,1.24133,1.28567,1.3965,1.34108,1.29121,1.53227,1.36464,1.30298,1.42733,1.46733,1.33216,1.33108,1.37487,1.3081,1.49639,1.41319,1.1721,1.05155,1.16861,1.16064,1.00149,0.842333,1.24133,1.30783,1.42975,1.40204,1.56552,1.38126,1.20046,1.19873,1.33087,1.5521,1.44105,1.60719,1.24693,0.886667,0.975333,1.197,1.35217,1.31892,1.23579,1.2829,1.39511,1.51772,1.35736,1.38801,1.13734,0.886667,0.886667,1.3965,1.51842,1.55721,1.42144,1.59739,1.68536,1.66285,1.42992,1.20263,1.06681,1.13191,1.07579,1.06989,1.15561,1.42014,1.68467,1.26113,1.26113,1.26113,1.26113,1.26113,1.26113,1.26113,1.26113,1.26113,1.26113,1.26113,1.26113,1.26113,1.26113,1.26113,1.26113,1.26113,1.26113,1.26113,1.26113,1.26113,1.26113,1.26113,1.26113,1.26113,1.26113,1.26113,1.26113,1.26113,1.26113,1.26113,0,1,0
1.463,1.50733,1.463,1.50733,1.197,0.886667,1.04183,1.11942,1.15821,1.1776,1.09864,1.23648,1.28324,1.39529,1.16314,1.20224,1.17745,1.16506,1.2032,1.15576,1.19855,1.26427,1.2528,1.24707,1.19987,1.24277,1.24205,1.17519,1.1861,1.14721,1.12777,1.14022,1.14644,1.12739,1.11786,1.1131,1.11072,1.15386,1.15326,1.24163,1.19715,1.39657,1.23029,1.10281,1.06124,1.12912,1.22956,1.16895,1.24947,1.22324,1.36528,1.30331,1.36099,1.25683,1.31558,1.18979,1.2599,1.25061,1.31247,1.23257,1.30345,1.29456,1.24578,1.22139,1.20919,1.29176,1.24438,1.39802,1.25318,1.20292,1.31079,1.27606,1.28087,1.28327,1.28447,1.28507,1.44053,1.31877,1.36872,1.26069,1.40618,1.34592,1.42663,1.42265,1.39849,1.29775,1.13654,1.2111,1.24838,1.24486,1.19876,1.22005,1.29719,1.2471,1.28855,1.22061,1.38614,1.31374,1.27753,1.32593,1.28363,1.26248,1.34058,1.29095,1.24133,1.24888,1.24888,1.24888,1.24888,1.24888,1.24888,1.24888,1.24888,1.24888,1.24888,1.24888,1.24888,1.24888,1.24888,1.24888,1.24888,1.24888,1.24888,1.24888,1.24888,1.24888,1.24888,1.24888,1.24888,1.24888,1.24888,1.24888,1.24888,10,4,7
1.596,1.48517,1.20808,1.40204,1.21085,1.35909,1.21155,1.42594,1.24497,1.50915,1.30874,1.45237,1.23602,1.23868,1.28434,1.44017,1.22992,1.45729,1.26065,1.58349,1.39024,1.29362,1.11231,1.17682,1.47508,1.26954,1.4771,1.27055,1.54411,1.37055,1.63844,1.39556,1.65094,1.40181,1.67624,1.45878,1.61606,1.3622,1.36826,1.39347,1.3174,1.14637,1.41552,1.28409,1.39571,1.25202,1.26884,1.27726,1.43663,1.22815,1.41207,1.2602,1.3616,1.23497,1.17165,1.20649,1.31258,1.23262,1.34781,1.20591,1.13495,1.14381,1.1704,1.1837,1.19035,1.14934,1.37267,1.174,1.42933,1.20233,1.244,1.26483,1.34175,1.26938,1.36619,1.28159,1.35013,1.3179,1.34612,1.31589,1.32295,1.28214,1.2174,1.0742,1.22427,1.21063,1.24815,1.22258,1.25412,1.18123,1.21128,1.13764,1.32249,1.08241,0.842333,0.931,1.01967,1.08617,1.11942,1.11387,1.13327,1.15267,1.29307,1.29307,1.29307,1.29307,1.29307,1.29307,1.29307,1.29307,1.29307,1.29307,1.29307,1.29307,1.29307,1.29307,1.29307,1.29307,1.29307,1.29307,1.29307,1.29307,1.29307,1.29307,1.29307,1.29307,1.29307,1.29307,1.29307,1.29307,1.29307,1.29307,1.29307,0,0,0
0.842333,0.842333,1.064,1.28567,1.24133,1.35217,1.09725,0.842333,1.01967,1.24133,1.55167,1.37433,1.37433,1.28567,1.24133,1.2635,1.45192,1.21362,1.33831,1.11249,0.886667,1.01967,1.15267,1.04183,1.11942,1.18037,0.989187,0.798,1.08617,1.00858,0.925458,0.842333,1.10833,1.15267,1.10833,1.10833,1.28567,1.197,1.08617,1.20808,1.31337,1.23302,1.28151,1.39442,1.25138,1.29069,1.33251,1.22042,1.27521,1.19177,1.15005,1.28436,1.10768,1.06367,1.1525,1.30775,1.07504,0.842333,1.04183,1.18592,1.16929,1.11665,1.22332,1.01066,0.798,0.886667,1.15267,1.064,0.953167,0.842333,1.1305,1.09725,1.05846,1.17206,1.3397,1.24618,1.31026,1.38663,1.33615,1.33307,1.10987,0.886667,1.04183,1.23025,1.14712,1.26073,1.0737,0.886667,0.9975,1.16375,1.00304,0.842333,1.08617,1.38542,1.22471,1.36602,1.61401,1.36117,1.38992,1.20479,1.1344,1.27653,1.4806,1.29447,1.3344,1.48737,1.32002,1.32501,1.33,1.16717,1.16717,1.16717,1.16717,1.16717,1.16717,1.16717,1.16717,1.16717,1.16717,1.16717,1.16717,1.16717,1.16717,1.16717,1.16717,1.16717,1.16717,1.16717,1.16717,1.16717,1.16717,1.16717,1.16717,0,0,0
1.197,1.17483,1.18592,1.08062,1.09448,1.19007,1.10487,1.15093,1.24047,1.32957,1.13028,1.18581,1.14707,1.08337,1.16235,1.13534,1.144,1.21484,1.29458,1.17929,1.21031,1.13716,1.10058,1.17096,1.16181,1.09074,1.1882,1.17043,1.22805,1.23469,1.17151,1.16209,1.17954,1.12177,1.18155,1.16711,1.18205,1.18953,1.19326,1.17297,1.09632,1.14666,1.14966,0.995998,0.842333,0.842333,0.886667,1.04183,1.09725,1.10279,1.1499,1.01828,0.886667,1.064,1.01967,1.08617,1.16375,1.11387,1.15544,1.28705,1.08686,0.886667,1.08617,0.942083,0.798,1.01967,0.9975,1.05292,1.16929,0.983646,0.798,1.35217,1.18592,1.59046,1.30506,1.2732,1.05777,0.842333,1.01967,0.931,0.842333,0.975333,0.975333,0.975333,1.15267,1.01967,0.886667,1.064,1.01967,1.15267,1.197,0.9975,0.798,0.842333,0.931,1.01967,1.10833,1.10833,1.08617,1.18592,1.03629,0.886667,1.3965,1.18592,1.16929,0.983646,0.798,0.9975,0.942083,0.886667,1.08617,1.05292,1.05846,1.1499,1.17345,1.07439,0.975333,1.09022,1.09022,1.09022,1.09022,1.09022,1.09022,1.09022,1.09022,1.09022,1.09022,1.09022,1.09022,1.09022,1.09022,1.09022,1.09022,2,0,0
0.975333,1.21917,1.56275,1.33554,1.28844,1.26489,1.40828,1.14747,0.886667,1.01967,1.17483,1.20808,1.04737,0.886667,1.30783,1.45192,1.32446,1.30506,1.22886,1.41243,1.34905,1.09569,0.842333,0.931,0.953167,1.56275,1.42421,1.3106,1.16514,1.2254,1.4107,1.28168,1.08418,0.886667,0.975333,0.908833,0.842333,1.37433,1.24133,1.24133,1.3965,1.54058,1.32446,1.10556,0.886667,0.908833,1.09725,1.30229,1.16098,1.22332,1.43183,1.22575,1.03404,0.842333,1.28567,1.48517,1.51842,1.53504,1.21085,0.886667,0.842333,1.30783,1.51842,1.49071,1.58769,1.43668,1.49417,1.47859,1.40429,1.12331,0.842333,1.064,0.9975,1.05292,1.28012,1.23856,1.28428,1.21847,1.45157,1.45729,1.30498,1.25099,1.22399,1.18833,1.05967,1.17267,1.207,1.15767,1.02217,0.886667,0.886667,0.886667,1.24133,1.50733,1.37433,1.30783,1.09725,0.886667,1.197,1.17483,1.00858,0.842333,1.01967,1.19844,1.19844,1.19844,1.19844,1.19844,1.19844,1.19844,1.19844,1.19844,1.19844,1.19844,1.19844,1.19844,1.19844,1.19844,1.19844,1.19844,1.19844,1.19844,1.19844,1.19844,1.19844,1.19844,1.19844,1.19844,1.19844,1.19844,1.19844,1.19844,1.19844,8,2,3
1.37433,1.3965,1.49625,1.61262,1.73731,1.48932,1.49833,1.17033,0.842333,0.886667,1.50733,1.44083,1.27458,1.10279,1.50456,1.35078,1.38472,1.37953,1.11093,0.842333,0.886667,0.975333,1.30783,1.40758,1.43529,1.71515,1.74424,1.60362,1.48898,1.52032,1.51383,1.42191,1.44246,1.12023,0.798,0.931,1.01967,1.44083,1.42975,1.69021,1.39927,1.63064,1.45815,1.41624,1.35095,1.14098,1.27982,1.30491,1.07362,0.842333,1.30783,1.82875,1.60154,1.48794,1.40897,1.23648,1.34974,1.14037,1.01352,0.886667,1.064,0.953167,0.842333,1.01967,1.197,0.9975,0.798,1.1305,1.00858,0.886667,0.842333,0.931,0.931,1.30783,1.40758,1.36879,1.4824,1.4727,1.13535,0.798,1.10833,1.01967,0.953167,0.886667,0.953167,1.40758,1.54612,1.46023,1.50595,1.50664,1.24099,1.32983,1.08608,0.842333,0.886667,1.15267,1.37433,1.596,1.25393,1.25393,1.25393,1.25393,1.25393,1.25393,1.25393,1.25393,1.25393,1.25393,1.25393,1.25393,1.25393,1.25393,1.25393,1.25393,1.25393,1.25393,1.25393,1.25393,1.25393,1.25393,1.25393,1.25393,1.25393,1.25393,1.25393,1.25393,1.25393,1.25393,1.25393,1.25393,1.25393,1.25393,1.25393,10,2,0
0.975333,1.1305,1.11942,1.13604,1.23302,1.05984,0.886667,1.08617,1.07508,1.11387,1.22194,1.2538,1.2254,1.29987,1.31493,1.2338,1.2819,1.19512,1.15173,1.26303,1.05268,0.842333,1.08617,1.07508,1.11387,1.22194,1.14297,1.14782,1.23891,1.12929,1.11881,1.22441,1.03337,0.842333,1.08617,1.07508,1.06954,1.19977,1.24272,1.17553,1.27493,1.32463,1.26082,1.29541,1.15754,1.11077,1.22038,1.16436,1.13635,1.23317,1.23725,1.19496,1.26248,1.27407,1.23554,1.2606,1.27313,1.23507,1.3047,1.16218,1.06876,1.22155,1.47527,1.38047,1.33307,1.2207,1.29752,1.26943,1.21105,1.27052,1.16726,1.09346,1.05657,1.01595,1.03997,1.16282,1.22424,1.16629,1.27031,1.30016,1.20424,1.26712,1.25423,1.18128,1.29997,1.09332,0.886667,1.10833,1.08617,1.09725,1.19146,1.2164,1.1402,1.25727,1.13847,1.1234,1.2267,1.03452,0.842333,1.064,1.064,1.08617,1.60708,1.29121,1.35494,1.27597,1.19215,1.28324,1.26229,1.07448,0.886667,1.17416,1.17416,1.17416,1.17416,1.17416,1.17416,1.17416,1.17416,1.17416,1.17416,1.17416,1.17416,1.17416,1.17416,1.17416,1.17416,1.17416,1.17416,1.17416,1.17416,1.17416,1.17416,8,2,0
1.463,1.68467,1.50733,1.2635,1.31892,1.16929,1.24965,1.15682,1.24341,1.22021,1.2086,1.18063,1.23315,1.19291,1.23929,1.19598,1.26299,1.16349,1.24675,1.13321,1.27594,1.10347,1.15023,1.21795,1.29614,1.24657,1.33262,1.22048,1.34174,1.15854,1.2221,1.18738,1.23653,1.21676,1.36205,1.25736,1.31585,1.32292,1.30429,1.29498,1.31249,1.23258,1.34779,1.18373,1.25686,1.13827,1.21197,1.13798,1.27832,1.149,1.28383,1.08525,0.886667,1.064,1.15267,1.197,1.28567,1.28567,1.44083,1.20808,1.26904,1.21085,1.24826,1.22263,1.29848,1.33641,1.2667,1.38702,1.42501,1.28884,1.33159,1.33079,1.35256,1.20828,1.26914,1.18874,1.28154,1.19493,1.41763,1.15215,0.886667,1.04183,1.20808,1.20254,1.22194,1.20947,1.31407,1.23337,1.21518,1.00659,0.798,1.01967,1.2635,1.25242,1.33554,1.13327,1.27597,1.12565,1.24999,1.24566,1.22133,1.34217,1.22525,1.21112,1.197,1.23479,1.23479,1.23479,1.23479,1.23479,1.23479,1.23479,1.23479,1.23479,1.23479,1.23479,1.23479,1.23479,1.23479,1.23479,1.23479,1.23479,1.23479,1.23479,1.23479,1.23479,1.23479,1.23479,1.23479,1.23479,1.23479,1.23479,1.23479,10,5,4
1.463,1.6625,1.49625,1.52396,1.60431,1.62232,1.58699,1.56933,1.51617,1.53392,1.60929,1.55831,1.66582,1.67524,1.59129,1.54931,1.50616,1.57324,1.49596,1.56814,1.38257,1.75529,1.45398,1.50282,1.57158,1.56162,1.55664,1.50982,1.17608,0.842333,1.08617,1.09725,1.05846,1.2829,1.57245,1.60639,1.55686,1.88676,1.47538,1.44702,1.14468,0.842333,1.21917,1.49625,1.50179,1.5489,1.48378,1.22956,1.14678,1.28272,1.10686,1.08543,1.34072,1.51269,1.46568,1.64167,1.53017,1.23058,1.16946,1.3384,1.11253,0.886667,1.17483,1.31892,1.59046,1.32723,1.63895,1.52881,1.47374,1.5792,1.63193,1.37013,1.43873,1.47303,1.55668,1.46551,1.44209,1.16438,0.886667,1.463,1.3965,1.47408,1.51287,1.5101,1.66389,1.56344,1.22505,0.886667,1.15267,1.064,1.064,1.064,1.40405,1.40405,1.40405,1.40405,1.40405,1.40405,1.40405,1.40405,1.40405,1.40405,1.40405,1.40405,1.40405,1.40405,1.40405,1.40405,1.40405,1.40405,1.40405,1.40405,1.40405,1.40405,1.40405,1.40405,1.40405,1.40405,1.40405,1.40405,1.40405,1.40405,1.40405,1.40405,1.40405,1.40405,1.40405,1.40405,1.40405,1.40405,1.40405,1.40405,1.40405,4,2,0
1.10833,1.30783,1.14158,1.01412,0.886667,1.17483,1.00858,0.842333,0.842333,0.842333,0.886667,1.08617,0.96425,0.842333,1.10833,1.08617,0.942083,0.798,0.886667,0.886667,0.886667,0.886667,1.10833,1.17483,1.36325,1.39096,1.42698,1.44499,1.16583,0.886667,1.2635,1.34108,1.40204,1.43252,1.33693,1.1118,0.886667,0.798,1.24133,1.2635,1.29675,1.46854,1.46577,1.50872,1.44153,1.4966,1.39113,1.51573,1.37853,1.08827,0.798,1.24133,1.30783,1.45192,1.41312,1.4824,1.38403,1.51218,1.33242,1.41988,1.39711,1.34139,1.11403,0.886667,0.798,0.798,0.798,1.197,1.10833,1.30783,1.40758,1.59046,1.4159,1.52811,1.45122,1.36845,1.21622,1.00711,0.798,0.842333,0.886667,1.10833,1.37433,1.57383,1.47408,1.33554,1.13327,1.09864,1.19215,1.01724,0.842333,1.28567,1.3965,1.45192,1.47962,1.49348,1.50041,1.39304,1.16202,1.00218,0.842333,1.01967,1.08617,1.15267,1.18786,1.18786,1.18786,1.18786,1.18786,1.18786,1.18786,1.18786,1.18786,1.18786,1.18786,1.18786,1.18786,1.18786,1.18786,1.18786,1.18786,1.18786,1.18786,1.18786,1.18786,1.18786,1.18786,1.18786,1.18786,1.18786,1.18786,1.18786,1.18786,8,1,0
1.50733,0.798,0.931,1.21917,1.20808,1.13604,1.25519,1.15959,1.15613,1.1544,1.2422,1.17527,1.0088,0.842333,1.04183,1.11942,1.33554,1.1776,1.16514,1.33623,1.13362,1.09881,1.25874,1.31654,1.19027,1.37097,1.39482,1.27374,1.39054,1.24944,1.17888,1.32094,1.08164,0.842333,1.15267,1.10833,1.10833,1.33,1.28567,1.17483,1.40758,1.52396,1.87031,1.46716,1.46508,1.33104,1.17535,1.31918,1.28025,1.23863,1.41731,1.35149,1.34075,1.13587,1.14427,1.03763,0.917817,0.798,1.17483,0.986417,0.798,1.10833,1.44083,1.47408,1.29121,1.1776,1.34247,1.31407,1.3442,1.35927,1.32247,1.2819,1.26162,1.11848,1.13557,1.29929,1.29248,1.11174,1.28737,1.28652,1.24176,1.41888,1.21927,1.20814,1.35773,1.10003,0.842333,1.15267,1.01967,0.886667,1.17483,1.18592,1.16929,1.31615,1.07924,0.842333,1.1305,1.03075,1.00304,1.25519,1.15959,1.15613,1.2874,1.3752,1.30827,1.24133,1.20588,1.20588,1.20588,1.20588,1.20588,1.20588,1.20588,1.20588,1.20588,1.20588,1.20588,1.20588,1.20588,1.20588,1.20588,1.20588,1.20588,1.20588,1.20588,1.20588,1.20588,1.20588,1.20588,1.20588,1.20588,1.20588,1.20588,0,0,0
1.50733,1.44083,1.36325,1.36879,1.46023,1.48378,1.27389,1.25761,1.04997,0.842333,0.842333,1.33,1.37433,1.197,1.04183,0.886667,1.01967,1.01967,1.15267,1.197,1.01967,0.842333,1.21917,1.40758,1.34662,1.42698,1.48932,1.14366,0.798,0.953167,1.23025,1.08062,1.09448,1.23441,1.1492,1.12877,1.25155,1.02478,0.798,1.10833,1.35217,1.45192,1.14712,0.842333,0.842333,0.886667,0.886667,0.842333,0.798,0.798,0.8645,0.96425,0.903292,0.842333,1.1305,1.03075,0.980875,1.35494,1.27597,1.36948,1.46058,1.59479,1.41806,1.64003,1.59585,1.68459,1.3078,1.0529,0.798,0.798,0.886667,0.842333,1.08617,0.942083,0.798,1.10833,1.21917,1.00858,0.798,0.908833,1.07508,1.24687,1.06677,0.886667,1.1305,1.20808,1.04737,0.886667,0.798,0.8645,0.853417,0.842333,0.886667,0.8645,0.842333,0.798,1.1305,1.09725,0.947625,0.798,0.798,1.04183,1.29675,1.51287,1.35494,1.07647,0.798,1.10833,1.17483,1.24133,1.1004,1.1004,1.1004,1.1004,1.1004,1.1004,1.1004,1.1004,1.1004,1.1004,1.1004,1.1004,1.1004,1.1004,1.1004,1.1004,1.1004,1.1004,1.1004,1.1004,1.1004,1.1004,1.1004,4,2,3
1.15267,1.10833,1.1305,1.29675,1.15821,1.13327,1.40897,1.54682,1.50491,1.63912,1.59539,1.7287,1.61802,1.23017,0.842333,1.55167,1.37433,1.463,1.1305,0.798,1.1305,0.96425,0.798,1.15267,0.9975,0.842333,1.15267,0.975333,0.798,1.10833,1.04183,1.05292,1.03629,1.27181,1.38957,1.55929,1.22298,0.886667,1.064,1.6625,1.40758,1.47962,1.62648,1.78857,1.49279,1.52223,1.42611,1.57756,1.52028,1.86847,1.53274,1.58653,1.5026,1.52713,1.56157,1.62312,1.21056,0.798,1.17483,1.09725,1.08062,1.27181,1.19007,1.1492,1.32827,1.12963,1.11898,1.33533,1.5765,1.58625,1.45812,1.48273,1.1847,0.886667,1.17483,1.07508,1.06954,1.3106,1.5863,1.50248,1.23891,1.15145,1.32939,1.10803,0.886667,1.17483,1.07508,1.11387,1.26627,1.0543,0.842333,1.17483,1.45192,1.47962,1.69298,1.57799,1.23233,0.886667,1.27631,1.27631,1.27631,1.27631,1.27631,1.27631,1.27631,1.27631,1.27631,1.27631,1.27631,1.27631,1.27631,1.27631,1.27631,1.27631,1.27631,1.27631,1.27631,1.27631,1.27631,1.27631,1.27631,1.27631,1.27631,1.27631,1.27631,1.27631,1.27631,1.27631,1.27631,1.27631,1.27631,1.27631,1.27631,4,1,1
1.01967,1.28567,1.33,1.463,1.35217,1.14158,1.03629,1.16098,1.02382,0.886667,1.1305,1.20808,1.18037,1.45469,1.34801,1.44984,1.32342,1.43754,1.71627,1.36797,1.32682,1.10674,0.886667,1.01967,1.01967,1.064,1.15267,1.01967,0.886667,1.01967,1.37433,1.33,1.50733,1.463,1.15267,0.842333,0.886667,1.33,1.30783,1.45192,1.41312,1.4159,1.32861,1.48447,1.34074,1.53487,1.60977,1.38122,1.35561,1.3428,1.29207,1.3997,1.14318,0.886667,1.10833,1.24133,1.2635,1.40758,1.34662,1.47131,1.37849,1.55374,1.41971,1.50785,1.39676,1.42988,1.37994,1.37714,1.30923,1.45262,1.39131,1.53799,1.38966,1.648,1.489,1.52033,1.403,1.41083,1.34825,1.38346,1.40106,1.3877,1.29235,1.51067,1.509,1.46384,1.35258,1.45213,1.34673,1.40486,1.23443,1.14922,1.21744,1.38455,1.33511,1.50989,1.33128,1.08681,0.842333,1.30476,1.30476,1.30476,1.30476,1.30476,1.30476,1.30476,1.30476,1.30476,1.30476,1.30476,1.30476,1.30476,1.30476,1.30476,1.30476,1.30476,1.30476,1.30476,1.30476,1.30476,1.30476,1.30476,1.30476,1.30476,1.30476,1.30476,1.30476,1.30476,1.30476,1.30476,1.30476,1.30476,1.30476,2,1,0
1.24133,1.2635,1.36325,1.21362,1.36048,1.30091,1.49279,1.23406,1.28203,1.37251,1.41776,1.39605,1.42952,1.29109,1.35488,1.34244,1.46922,1.28878,1.35372,1.34186,1.40243,1.29972,1.38136,1.35568,1.36501,1.0815,0.798,0.931,1.15267,1.1305,1.27458,1.23579,1.39373,1.29536,1.40135,1.34351,1.40325,1.36663,1.34831,1.33916,1.44541,1.23254,1.34777,1.27238,1.32336,1.30451,1.33942,1.31254,1.29911,1.29239,1.31119,1.2541,1.29205,1.31102,1.36485,1.25876,1.38304,1.17919,1.32109,1.23688,1.26127,1.2513,1.31282,1.27708,1.37004,1.28352,1.26243,1.03021,0.798,1.04183,1.23025,1.19146,1.2829,1.26211,1.36256,1.32411,1.37139,1.37286,1.39576,1.34072,1.31319,1.29943,1.33688,1.22261,1.36497,1.25882,1.27224,1.27895,1.34881,1.29507,1.4012,1.34343,1.35888,1.36661,1.37047,1.3724,1.37337,1.37385,1.44059,1.50733,1.30113,1.30113,1.30113,1.30113,1.30113,1.30113,1.30113,1.30113,1.30113,1.30113,1.30113,1.30113,1.30113,1.30113,1.30113,1.30113,1.30113,1.30113,1.30113,1.30113,1.30113,1.30113,1.30113,1.30113,1.30113,1.30113,1.30113,1.30113,1.30113,1.30113,1.30113,1.30113,1.30113,4,1,2
1.064,1.01967,1.1305,1.05292,1.10279,1.03906,1.11803,1.04668,1.09967,1.05967,1.12834,1.05183,1.12442,1.04988,1.10127,1.0383,1.09548,1.01324,1.10512,1.01806,1.10753,1.04143,1.11922,1.02511,1.08889,1.03211,1.09239,1.03386,1.09326,1.0343,1.09348,1.05657,1.37062,1.28381,1.08524,0.886667,0.931,1.04183,0.986417,1.06954,1.02244,1.08755,1.05361,1.1253,1.05032,1.10149,1.03841,1.09554,1.03544,1.09405,1.05686,1.10476,1.04005,1.09636,1.03585,1.11642,1.00154,0.886667,0.908833,1.05292,0.991958,1.07231,1.02382,1.11041,1.02071,1.10885,1.04209,1.09738,1.03636,1.09451,1.05709,1.10488,1.06227,1.10747,1.0414,1.1192,1.04727,1.12213,1.0709,1.11178,1.06573,1.4417,1.23068,1.08084,1.13892,1.05713,1.12706,1.02903,1.11302,1.04417,1.09842,1.05904,1.10586,1.04059,1.09663,1.03598,1.09432,1.03483,1.09375,1.01237,1.08252,1.02893,1.0908,1.0109,1.05962,1.01747,1.0629,1.01912,1.06373,0.997363,1.07501,1.00301,1.07784,1.02659,1.06746,0.99923,1.07595,1.02564,1.08915,1.01008,1.50254,1.995,1.08,1.08,1.08,1.08,1.08,1.08,1.08,1.08,1.08,1.08,1.08,2,0,0
1.24133,1.24133,1.30783,1.29675,1.60154,1.35494,1.36464,1.41382,1.39408,1.36204,1.36819,1.34909,1.62771,1.36802,1.37118,1.46142,1.41788,1.41827,1.37414,1.37423,1.37428,1.39648,1.40757,1.41312,1.39373,1.38403,1.37918,1.31026,1.25363,1.09231,1.18899,1.193,1.2615,1.27358,1.54562,1.30481,1.31741,1.4567,1.39335,1.47251,1.68942,1.37671,1.68586,1.41926,1.3968,1.47423,1.42428,1.44364,1.43115,1.46924,1.48829,1.40914,1.50257,1.30545,1.29556,1.33495,1.33247,1.2869,1.35278,1.31923,1.34678,1.31622,1.34528,1.42631,1.75499,1.40949,1.74658,1.33879,1.57823,1.27678,1.32556,1.43861,1.45081,1.54557,1.83678,1.47256,1.44561,1.56514,1.4919,1.45528,1.43698,1.42782,1.64491,1.33229,1.37548,1.37491,1.35245,1.42989,1.75678,1.45472,1.39236,1.11735,0.842333,1.24133,1.40112,1.40112,1.40112,1.40112,1.40112,1.40112,1.40112,1.40112,1.40112,1.40112,1.40112,1.40112,1.40112,1.40112,1.40112,1.40112,1.40112,1.40112,1.40112,1.40112,1.40112,1.40112,1.40112,1.40112,1.40112,1.40112,1.40112,1.40112,1.40112,1.40112,1.40112,1.40112,1.40112,1.40112,1.40112,1.40112,1.40112,1.40112,1.40112,18,14,9
1.01967,0.886667,0.9975,1.36325,1.34662,1.44915,1.45607,1.6812,1.54993,1.52863,1.16332,0.798,1.50733,1.28567,1.48517,1.49625,1.81212,1.52673,1.45053,1.2351,1.17172,1.36169,1.16851,1.09409,1.61104,1.40402,1.56651,1.53692,1.52213,1.3374,1.42237,1.11018,0.798,1.197,0.9975,0.798,1.37433,1.33,1.41867,1.3965,1.45192,1.45746,1.7484,1.42836,1.51218,1.17726,0.842333,1.15267,1.01967,0.886667,1.2635,1.36325,1.43529,1.13881,0.842333,1.197,1.064,1.10833,1.41867,1.10833,0.798,1.44083,1.34108,1.44637,1.41035,1.43668,1.16167,0.886667,1.197,1.064,1.08617,1.40758,1.43529,1.49348,1.56691,1.55929,1.17864,0.798,1.15267,1.064,1.10833,1.35217,1.07508,0.798,1.5295,1.23025,1.34662,1.18315,1.12357,1.38195,1.08998,0.798,1.24133,1.33,1.50733,1.41867,1.862,1.37433,0.886667,1.27105,1.27105,1.27105,1.27105,1.27105,1.27105,1.27105,1.27105,1.27105,1.27105,1.27105,1.27105,1.27105,1.27105,1.27105,1.27105,1.27105,1.27105,1.27105,1.27105,1.27105,1.27105,1.27105,1.27105,1.27105,1.27105,1.27105,1.27105,1.27105,1.27105,1.27105,1.27105,1.27105,1.27105,4,4,0
1.41867,1.28567,1.35217,1.47408,1.33554,1.35494,1.5863,1.36948,1.39408,1.60587,1.37927,1.3768,1.4199,1.30845,1.34139,1.4687,1.31068,1.32034,1.14784,0.995085,0.842333,1.15267,1.01967,0.886667,0.842333,1.1305,1.31892,1.25796,1.29398,1.35632,1.25449,1.31441,1.32221,1.2596,1.33914,1.3789,1.28795,1.35331,1.29732,1.22499,1.29966,1.204,1.134,1.25417,1.04825,0.842333,1.17483,1.45192,1.50179,1.5489,1.39511,1.22956,1.10245,1.26056,1.40611,1.27939,1.41553,1.32843,1.21838,1.27419,1.34643,1.29388,1.33411,1.42072,1.26453,1.31943,1.05872,0.798,0.975333,1.04183,1.29675,1.26904,1.29952,1.31476,1.23371,1.28186,1.3946,1.27363,1.32398,1.39349,1.27308,1.34587,1.33794,1.2453,1.33198,1.33099,1.21966,1.27483,1.30242,1.18321,1.2566,1.4263,1.28948,1.33191,1.33095,1.24181,1.33024,1.39662,1.29681,1.33557,1.37433,1.2786,1.2786,1.2786,1.2786,1.2786,1.2786,1.2786,1.2786,1.2786,1.2786,1.2786,1.2786,1.2786,1.2786,1.2786,1.2786,1.2786,1.2786,1.2786,1.2786,1.2786,1.2786,1.2786,1.2786,1.2786,1.2786,1.2786,1.2786,1.2786,1.2786,1.2786,1.2786,0,0,0
1.15267,1.2635,1.11942,1.06954,1.2441,1.17622,1.12011,1.38022,1.13344,0.886667,1.04183,1.23025,1.03629,0.842333,0.931,1.197,1.30783,1.42975,1.26904,1.36602,1.39234,1.22817,1.36775,1.14938,1.08452,1.29593,1.51246,1.42123,1.35345,1.12006,0.886667,0.975333,0.9975,1.29675,1.06954,0.842333,0.886667,0.842333,0.798,0.820167,0.842333,1.197,0.9975,0.798,0.9975,1.16375,1.33554,1.1776,1.3868,1.13673,0.886667,0.842333,0.798,1.1305,1.38542,1.09171,0.798,1.04183,1.07508,1.18037,1.27735,1.10418,1.10626,1.32896,1.12998,1.03049,1.18025,1.25512,1.20389,1.24478,1.30956,1.16461,1.40247,1.1224,0.842333,0.842333,0.842333,0.842333,1.15267,1.04183,1.14158,1.25796,1.16098,1.26766,1.07716,0.886667,1.1305,1.31892,1.05846,0.798,0.842333,0.820167,0.798,1.064,1.04183,1.20808,1.42421,1.26627,1.0543,0.842333,0.842333,0.842333,0.842333,0.908833,0.853417,0.798,0.798,0.798,1.17483,1.31892,1.21362,1.10833,1.09092,1.09092,1.09092,1.09092,1.09092,1.09092,1.09092,1.09092,1.09092,1.09092,1.09092,1.09092,1.09092,1.09092,1.09092,1.09092,1.09092,1.09092,1.09092,1.09092,1.09092,4,0,1
1.15267,0.798,1.17483,1.03075,0.886667,1.197,1.01967,0.842333,0.842333,0.842333,1.10833,0.953167,0.798,1.10833,0.9975,0.886667,1.10833,1.04183,0.919917,0.798,0.842333,0.886667,1.197,1.28567,1.08617,0.886667,0.8645,0.842333,1.01967,0.908833,0.798,0.886667,0.886667,0.886667,1.24133,1.3965,1.09725,0.798,0.886667,0.886667,0.886667,0.8645,0.842333,0.798,1.197,1.30783,1.09725,0.886667,1.064,0.9975,1.07508,1.22471,1.01135,0.798,0.820167,0.842333,0.886667,0.931,0.953167,0.875583,0.798,0.798,0.931,0.975333,1.08617,1.36325,1.30229,1.36048,1.07924,0.798,0.842333,0.886667,1.04183,0.986417,0.936542,0.886667,1.24133,1.37433,1.21917,1.09725,1.14712,1.37156,1.08478,0.798,0.820167,0.842333,0.798,0.798,1.10833,1.064,1.10833,1.10833,1.04183,1.09725,1.36879,1.39373,1.09586,0.798,1.04183,1.11942,1.00304,0.886667,0.842333,0.798,1.24133,1.08617,1.03075,1.18037,1.01135,0.842333,0.842333,1.21917,1.07508,0.980875,0.886667,1.04183,1.23025,1.41867,1.00914,1.00914,1.00914,1.00914,1.00914,1.00914,1.00914,1.00914,1.00914,1.00914,1.00914,1.00914,1.00914,1.00914,1.00914,0,0,0
1.33,1.10833,0.886667,1.21917,1.16375,1.06954,1.19977,1.02105,0.842333,0.842333,0.908833,1.11942,1.02521,1.0446,1.00997,1.28082,1.30541,1.4507,1.30169,1.44884,1.21209,1.04938,0.886667,1.24133,1.08617,1.05292,1.12496,1.33831,1.42282,1.37641,1.41971,1.37485,1.24159,1.39663,1.45198,1.41316,1.17208,1.11804,1.13535,1.36568,1.41434,1.37217,1.32892,1.10779,0.886667,1.1305,1.34108,1.37987,1.3106,1.43114,1.18107,1.0782,1.1376,0.9678,0.798,0.9975,1.09725,1.41312,1.2829,1.04045,0.798,0.886667,0.953167,1.03075,1.04737,0.967021,0.886667,1.10833,1.24133,1.30783,1.05292,0.798,0.842333,0.842333,0.842333,0.842333,0.9975,0.986417,1.31337,1.23302,1.10418,1.08409,1.02971,1.06902,1.19951,0.998756,0.798,1.197,1.1305,1.29675,1.51287,1.35494,1.40897,1.23648,1.12808,1.07387,1.00244,0.922384,0.842333,1.04183,1.18592,0.991958,0.798,0.842333,1.15267,0.9975,0.842333,0.908833,1.29675,1.11387,1.08894,1.064,1.12364,1.12364,1.12364,1.12364,1.12364,1.12364,1.12364,1.12364,1.12364,1.12364,1.12364,1.12364,1.12364,1.12364,1.12364,1.12364,1.12364,1.12364,1.12364,1.12364,1.12364,2,0,0
0.931,1.2635,1.34108,1.18037,1.03352,0.886667,0.908833,0.942083,1.09171,0.989187,0.886667,0.8645,0.842333,1.10833,1.2635,1.11942,1.04737,1.27735,1.03768,0.798,1.21917,1.29675,1.09171,0.886667,0.842333,0.8645,0.886667,0.842333,1.28567,1.37433,1.37433,1.21917,1.20808,1.26904,1.47685,1.44776,1.12288,0.798,1.064,0.931,0.798,1.10833,0.9975,0.886667,1.197,1.04183,0.886667,1.17483,1.11942,1.00304,0.886667,0.908833,0.919917,1.30229,1.42698,1.46716,1.19908,0.998539,0.798,0.886667,0.842333,0.798,0.798,0.842333,0.886667,0.886667,0.931,1.04183,1.14158,1.14712,1.12773,1.22886,1.01343,0.798,0.842333,0.886667,0.886667,0.886667,0.798,0.8645,1.07508,0.980875,0.886667,0.886667,1.21917,1.45192,1.21362,1.11665,1.31199,1.32099,1.126,1.13933,1.2125,1.07175,1.09004,1.21002,1.04834,0.886667,1.08617,0.986417,0.886667,1.15267,1.01967,0.886667,1.064,1.01967,0.908833,0.798,1.1305,0.96425,0.798,0.975333,1.30783,1.09725,0.886667,1.0451,1.0451,1.0451,1.0451,1.0451,1.0451,1.0451,1.0451,1.0451,1.0451,1.0451,1.0451,1.0451,1.0451,1.0451,1.0451,1.0451,1.0451,2,1,0
1.90633,1.70683,1.65142,1.51287,1.46577,1.35355,1.47478,1.22505,1.14453,1.43676,1.40555,1.45644,1.45972,1.52786,1.42893,1.51247,1.55423,1.24262,1.02031,0.798,1.08617,1.31892,1.36879,1.0834,0.798,0.886667,0.886667,0.886667,0.886667,0.931,0.953167,1.18592,1.12496,1.05015,1.27874,1.43737,1.42802,1.11301,0.798,1.17483,1.00858,0.842333,1.10833,1.08617,1.03075,1.31337,1.38819,1.40343,1.12288,0.842333,1.08617,1.03075,1.06954,1.26627,1.03214,0.798,1.197,1.37433,1.33,1.463,1.463,1.50733,1.48517,1.38542,1.40204,1.43252,1.38126,1.42213,1.46473,1.4417,1.47452,1.49092,1.5213,1.55865,1.48866,1.45366,1.414,1.4385,1.45075,1.45687,1.43777,1.58339,1.56753,1.4931,1.45588,1.45944,1.46122,1.50644,1.48472,1.60686,1.53493,1.56547,1.51423,1.46645,1.50906,1.28653,1.3526,1.41867,1.31216,1.31216,1.31216,1.31216,1.31216,1.31216,1.31216,1.31216,1.31216,1.31216,1.31216,1.31216,1.31216,1.31216,1.31216,1.31216,1.31216,1.31216,1.31216,1.31216,1.31216,1.31216,1.31216,1.31216,1.31216,1.31216,1.31216,1.31216,1.31216,1.31216,1.31216,1.31216,1.31216,1.31216,1.31216,24,11,14
0.798,1.10833,1.04183,1.05292,1.12496,0.983646,0.842333,0.842333,0.886667,1.1305,1.05292,1.10279,1.03906,0.918531,0.798,1.064,1.064,1.04183,1.27458,1.30229,1.20531,1.24549,1.22124,1.16479,1.31389,1.10028,0.886667,1.10833,1.064,1.24133,1.3965,1.38542,1.15821,1.28844,1.04322,0.798,0.9975,1.00858,1.01412,1.03906,0.918531,0.798,0.8645,0.875583,0.886667,1.21917,1.20808,1.04737,0.886667,1.1305,1.14158,1.28012,1.2164,1.16236,0.980182,0.798,1.15267,1.30783,1.18592,1.21362,1.00581,0.798,0.842333,0.842333,0.886667,0.798,1.1305,1.34108,1.15821,1.2441,1.24272,1.44153,1.27493,1.4133,1.12782,0.842333,1.17483,1.31892,1.16929,1.27181,1.07924,0.886667,0.9975,1.07508,1.15821,1.1776,1.14297,1.05915,0.972909,0.886667,1.17483,1.31892,1.25796,1.27181,1.10141,1.3487,1.45018,1.16843,0.886667,1.17483,1.09725,1.21362,1.05015,0.886667,0.842333,0.798,1.21917,1.03075,0.842333,1.1305,1.03075,1.06954,0.978104,0.886667,1.08258,1.08258,1.08258,1.08258,1.08258,1.08258,1.08258,1.08258,1.08258,1.08258,1.08258,1.08258,1.08258,1.08258,1.08258,1.08258,1.08258,1.08258,1.08258,6,3,3
0.931,0.9975,1.11942,1.09171,1.16652,1.22609,1.21155,1.18211,1.23389,1.17111,1.18406,1.25703,1.07185,0.886667,0.931,0.931,0.9975,1.16375,1.00304,0.842333,1.10833,1.04183,1.09725,1.19146,1.0834,1.16236,1.15752,1.06642,1.15388,1.19761,1.04214,0.886667,1.064,1.44083,1.36325,1.43529,1.64865,1.31199,1.34316,1.38091,1.08946,0.798,1.04183,1.11942,0.980875,0.842333,1.01967,0.953167,0.886667,1.064,0.9975,1.00858,1.12496,1.40481,1.45607,1.52604,1.31718,1.14626,1.1273,1.07348,0.957907,0.842333,0.975333,1.10833,1.15267,1.04183,1.05292,1.23579,1.30506,1.11803,1.00235,0.886667,0.842333,0.798,1.064,1.37433,1.35217,1.47408,1.42421,1.55444,1.39789,1.12011,0.842333,1.01967,0.931,0.842333,1.064,1.37433,1.35217,1.49625,1.39096,1.58215,1.43391,1.11595,0.798,0.9975,0.96425,1.03629,1.13881,1.03491,1.04945,1.10106,0.94953,0.798,1.01967,1.1305,1.20808,1.37987,1.33277,1.08755,0.842333,1.12746,1.12746,1.12746,1.12746,1.12746,1.12746,1.12746,1.12746,1.12746,1.12746,1.12746,1.12746,1.12746,1.12746,1.12746,1.12746,1.12746,1.12746,1.12746,1.12746,1.12746,1.12746,16,6,6
1.41867,1.28567,1.24133,1.1305,1.27458,1.45746,1.39373,1.29536,1.20185,1.26592,1.1428,1.01473,0.886667,0.798,0.798,0.798,0.975333,1.10833,1.10833,1.17483,0.986417,0.798,1.1305,0.986417,0.842333,1.01967,0.953167,0.886667,1.197,1.08617,0.96425,0.842333,0.908833,0.919917,1.19146,1.03906,0.886667,1.08617,0.96425,0.842333,1.064,0.931,0.798,1.08617,0.96425,0.842333,1.064,1.01967,1.08617,1.09725,1.05846,1.0169,1.12911,0.985724,0.842333,0.886667,0.931,0.975333,1.04183,1.03075,1.11387,1.19977,1.02105,0.842333,1.1305,0.96425,0.798,0.975333,0.975333,1.08617,1.25242,1.02521,0.798,1.1305,1.42975,1.40204,1.16652,1.15959,1.1783,1.01032,0.842333,1.01967,1.01967,1.01967,1.21917,1.38542,1.33554,1.53227,1.4533,1.12565,0.798,0.842333,1.064,1.08617,1.20808,1.22471,1.27735,1.25934,1.33901,1.24584,1.24358,1.10946,1.1089,1.35245,1.16389,1.22478,1.25522,1.20394,1.15614,0.97707,0.798,0.798,0.886667,1.17483,1.09725,1.01967,1.07482,1.07482,1.07482,1.07482,1.07482,1.07482,1.07482,1.07482,1.07482,1.07482,1.07482,1.07482,1.07482,1.07482,1.07482,1.07482,1.07482,4,0,0
1.55167,1.463,1.64033,1.44083,1.38542,1.40204,1.29952,1.33693,1.35563,1.27632,1.32532,1.48283,1.33991,1.33496,1.48765,1.34232,1.31399,1.322,1.23733,1.28367,1.3955,1.31842,1.32421,1.68177,1.43939,1.38469,1.09135,0.798,0.9975,1.16375,1.26904,1.16652,1.24826,1.15613,1.0879,1.07595,1.13647,1.21107,1.31487,1.52193,1.35947,1.3669,1.34845,1.25056,1.31245,1.36556,1.28128,1.30564,1.05182,0.798,0.975333,1.197,1.2635,1.23025,1.25796,1.42698,1.31199,1.34316,1.58041,1.38871,1.38152,1.44443,1.32071,1.30319,1.3831,1.26788,1.32111,1.43639,1.31669,1.34551,1.38209,1.28955,1.28761,1.22014,1.16423,1.26928,1.07798,0.886667,0.886667,1.08617,1.14158,1.25796,1.55998,1.35632,1.38749,1.46958,1.33329,1.35381,1.31974,1.21404,1.29418,1.33426,1.26563,1.31998,1.52449,1.36075,1.38971,1.42635,1.28951,1.15267,1.29642,1.29642,1.29642,1.29642,1.29642,1.29642,1.29642,1.29642,1.29642,1.29642,1.29642,1.29642,1.29642,1.29642,1.29642,1.29642,1.29642,1.29642,1.29642,1.29642,1.29642,1.29642,1.29642,1.29642,1.29642,1.29642,1.29642,1.29642,1.29642,1.29642,1.29642,1.29642,1.29642,24,7,12
1.463,0.886667,1.197,1.28567,1.24133,1.197,1.21917,1.20808,1.20254,1.42144,1.30922,1.31961,1.1253,1.02815,1.06824,1.19912,1.06506,0.93153,0.798,1.10833,1.064,0.931,0.798,1.1305,1.23025,1.28012,1.26073,1.25103,1.26835,1.32134,1.52517,1.31675,1.38988,1.1161,0.842333,0.798,1.15267,1.197,1.33,1.37433,1.41867,1.35217,1.29675,1.06954,0.842333,0.798,1.04183,1.07508,1.13604,1.21085,1.24826,1.2448,1.33173,1.22003,1.29718,1.33576,1.28855,1.17627,1.23097,1.05882,0.886667,1.08617,1.23025,1.19146,1.19423,1.28428,1.21847,1.2964,1.1137,1.22185,1.23159,1.03696,0.842333,0.9975,1.03075,1.20254,1.3106,1.36464,1.19215,1.28324,1.24012,1.19639,1.30753,1.20793,1.0473,0.886667,0.953167,1.03075,1.18037,1.10002,0.971177,0.842333,0.908833,0.942083,1.06954,0.933771,0.798,1.1305,1.34108,1.33554,1.1776,1.03214,0.886667,1.15267,0.9975,0.842333,0.975333,1.08617,1.16375,1.24133,1.14291,1.14291,1.14291,1.14291,1.14291,1.14291,1.14291,1.14291,1.14291,1.14291,1.14291,1.14291,1.14291,1.14291,1.14291,1.14291,1.14291,1.14291,1.14291,1.14291,1.14291,1.14291,1.14291,18,11,17
1.064,1.1305,1.20808,1.31337,1.25519,1.27043,1.32238,1.25969,1.27268,1.21267,1.18267,1.23417,1.28208,1.23954,1.30694,1.2298,1.19123,1.26062,1.25098,1.22399,1.29916,1.27025,1.25579,1.2929,1.20061,1.17664,1.25332,1.15866,1.15566,1.265,1.231,1.214,1.29417,1.48942,1.38754,1.2701,1.23355,1.28178,1.28372,1.24036,1.28518,1.19676,1.21905,1.25236,1.15818,1.15542,1.26488,1.23094,1.21397,1.24982,1.28991,1.26562,1.27564,1.23632,1.21666,1.25116,1.24625,1.22162,1.27581,1.25857,1.22779,1.27889,1.21578,1.18422,1.25711,1.09406,1.10119,1.23776,1.59422,1.46211,1.15222,0.842333,1.08617,1.45192,1.36879,1.23856,1.08478,0.941391,0.798,1.04183,1.05292,1.12496,1.20531,1.02382,0.842333,1.08617,1.07508,1.13604,1.23302,1.21501,1.22817,1.27909,1.23804,1.21752,1.27376,1.12455,1.13861,1.2343,1.19349,1.19524,1.26262,1.16331,1.18016,1.27724,1.05979,0.842333,1.04183,1.24133,1.20902,1.20902,1.20902,1.20902,1.20902,1.20902,1.20902,1.20902,1.20902,1.20902,1.20902,1.20902,1.20902,1.20902,1.20902,1.20902,1.20902,1.20902,1.20902,1.20902,1.20902,1.20902,1.20902,1.20902,1.20902,4,4,3
1.28567,1.28567,1.21917,1.18592,1.30229,1.27181,1.21224,1.24895,1.26731,1.20999,1.26999,1.27783,1.23742,1.26154,1.29577,1.24639,1.26603,1.20935,1.20317,1.24442,1.19854,1.15344,1.21955,1.18611,1.14722,1.19428,1.17347,1.1409,1.21328,1.18298,1.14565,1.23783,1.54991,1.41779,1.32956,1.26328,1.25231,1.31332,1.25516,1.24825,1.31129,1.25415,1.26991,1.23345,1.17089,1.20611,1.15722,1.19928,1.17597,1.18649,1.21391,1.20545,1.09039,1.0772,1.18143,1.45522,1.37044,1.54972,1.41769,1.55118,1.41842,1.57371,1.42969,1.15818,0.886667,1.08617,1.03075,1.09171,1.21085,1.20393,1.20046,1.24307,1.28653,1.24177,1.26372,1.09736,1.10285,1.19426,1.12913,1.1409,1.16895,1.13864,1.14565,1.21566,1.20633,1.1795,1.23258,1.32562,1.26131,1.27349,1.27958,1.23829,1.23981,1.21841,1.2077,1.24668,1.17751,1.18725,1.21429,1.02831,0.842333,1.04183,0.919917,0.798,1.01967,1.01967,0.975333,0.931,1.21134,1.21134,1.21134,1.21134,1.21134,1.21134,1.21134,1.21134,1.21134,1.21134,1.21134,1.21134,1.21134,1.21134,1.21134,1.21134,1.21134,1.21134,1.21134,1.21134,1.21134,1.21134,1.21134,1.21134,1.21134,6,4,6
0.798,0.9975,1.14158,1.32446,1.10556,0.886667,1.28567,1.30783,1.27458,1.25796,1.09448,1.23441,1.10487,1.1066,1.24047,1.06357,0.886667,1.1305,1.05292,0.925458,0.798,1.04183,0.986417,1.11387,1.1776,1.0543,1.19215,1.01724,0.842333,0.9975,1.49625,1.41312,1.32723,1.12911,1.27389,1.08028,0.886667,1.1305,1.49625,1.43529,1.31615,1.23441,1.2822,1.21743,1.20722,1.22428,1.58747,1.4144,1.1727,1.09618,1.16876,1.42671,1.44486,1.14359,0.842333,1.1305,1.05292,1.21362,1.64865,1.44499,1.23233,1.23683,1.28342,1.43971,1.56219,1.53476,1.18855,0.842333,1.21917,1.62925,1.52396,1.40481,1.25657,1.35979,1.34489,1.20445,1.28939,1.30969,1.23118,1.28059,1.12796,1.05165,1.43466,1.1385,0.842333,0.886667,0.931,1.04183,1.27458,1.47962,1.40481,1.34524,1.18245,1.30056,1.29311,1.15639,1.30969,1.18685,1.12542,1.24988,1.26777,1.27672,1.19253,1.08393,0.975333,1.20297,1.20297,1.20297,1.20297,1.20297,1.20297,1.20297,1.20297,1.20297,1.20297,1.20297,1.20297,1.20297,1.20297,1.20297,1.20297,1.20297,1.20297,1.20297,1.20297,1.20297,1.20297,1.20297,1.20297,1.20297,1.20297,1.20297,1.20297,14,7,9
1.68467,1.57383,1.49625,1.39096,1.29398,1.33416,1.06608,0.798,1.01967,1.2635,1.23025,1.01412,0.798,0.9975,0.919917,0.842333,1.197,1.48517,1.34108,1.49071,1.23302,1.17068,1.67151,1.38992,1.42646,1.5999,1.37628,1.44181,1.8514,1.5242,1.51577,1.20122,0.886667,1.01967,1.21917,1.27458,1.19146,1.30506,1.45053,1.32377,1.43772,1.22869,1.32368,1.23817,1.37275,1.44004,1.11902,0.798,1.15267,1.21917,1.23025,1.41312,1.39373,1.45053,1.41243,1.28255,1.35061,1.25164,1.26865,1.23283,1.34791,1.31679,1.07956,0.842333,1.17483,1.11942,1.11387,1.28844,1.42005,1.24203,1.48551,1.18609,0.886667,0.9975,1.29675,1.09171,0.886667,0.9975,1.23025,1.21362,1.18315,1.34524,1.11595,0.886667,1.04183,1.29675,1.09171,0.886667,1.01967,1.35217,1.25242,1.02521,0.798,1.15267,0.975333,0.798,1.15267,0.975333,0.798,0.9975,1.27458,1.55167,1.21682,1.21682,1.21682,1.21682,1.21682,1.21682,1.21682,1.21682,1.21682,1.21682,1.21682,1.21682,1.21682,1.21682,1.21682,1.21682,1.21682,1.21682,1.21682,1.21682,1.21682,1.21682,1.21682,1.21682,1.21682,1.21682,1.21682,1.21682,1.21682,1.21682,1.21682,12,7,3
1.50733,1.463,1.44083,1.29675,1.31337,1.29952,1.22609,1.30021,1.18211,1.27822,1.32628,1.39464,1.29582,1.35724,1.34362,1.40331,1.38882,1.33724,1.24496,1.30964,1.25332,1.20299,1.35516,1.09875,0.842333,1.15267,1.30783,1.23025,1.34662,1.36048,1.34524,1.35979,1.36706,1.21553,1.33926,1.2903,1.22148,1.32007,1.4137,1.28319,1.35093,1.5178,1.33523,1.39912,1.54189,1.32511,1.37189,1.10711,0.842333,0.886667,1.17483,1.34108,1.22471,1.29952,1.07093,0.842333,0.931,1.197,1.41867,1.24133,1.37433,1.55167,1.33,1.37433,1.48517,1.34108,1.40204,1.43252,1.27043,1.34455,1.38161,1.2893,1.35399,1.38633,1.2695,1.34408,1.22621,1.30027,1.38164,1.20065,1.13233,1.342,1.09216,0.842333,1.15267,1.21917,1.18592,1.25796,1.38265,1.26766,1.34316,1.29225,1.22246,1.2984,1.13686,1.10043,1.25955,1.13961,1.1018,1.2824,1.3727,1.463,1.27806,1.27806,1.27806,1.27806,1.27806,1.27806,1.27806,1.27806,1.27806,1.27806,1.27806,1.27806,1.27806,1.27806,1.27806,1.27806,1.27806,1.27806,1.27806,1.27806,1.27806,1.27806,1.27806,1.27806,1.27806,1.27806,1.27806,1.27806,1.27806,1.27806,1.27806,2,1,1
1.90633,1.61817,1.58492,1.43529,1.47131,1.40066,1.47616,1.40308,1.47737,1.66969,1.43334,1.66984,1.45559,1.39279,1.47223,1.40111,1.40989,1.34778,1.38322,1.35661,1.40981,1.5694,1.36103,1.56718,1.38209,1.57771,1.38736,1.29218,1.20026,1.26513,1.4084,1.6352,1.39393,1.65013,1.42357,1.70928,1.47531,1.71299,1.47716,1.40358,1.52196,1.44815,1.49991,1.43712,1.47223,1.44545,1.47639,1.42536,1.48851,1.40926,1.43613,1.3609,1.41195,1.61481,1.38374,1.71154,1.45427,1.36997,1.17265,1.16266,1.62316,1.41008,1.63604,1.39435,1.31784,1.30176,1.58188,1.38944,1.38189,1.46678,1.39839,1.47503,1.42468,1.42167,1.48667,1.31967,1.48,1.29417,1.57808,1.32104,1.70235,1.38318,1.37876,1.11054,0.842333,1.10833,1.04183,1.09725,1.23579,1.52673,1.42836,1.33,1.43107,1.43107,1.43107,1.43107,1.43107,1.43107,1.43107,1.43107,1.43107,1.43107,1.43107,1.43107,1.43107,1.43107,1.43107,1.43107,1.43107,1.43107,1.43107,1.43107,1.43107,1.43107,1.43107,1.43107,1.43107,1.43107,1.43107,1.43107,1.43107,1.43107,1.43107,1.43107,1.43107,1.43107,1.43107,1.43107,1.43107,1.43107,1.43107,1.43107,1.43107,0,0,0
1.28567,1.24133,1.2635,1.18592,1.19146,1.23856,1.17345,1.20739,1.22436,1.03335,0.842333,1.064,1.08617,1.14158,1.21362,1.27181,1.19007,1.2822,1.32827,1.2183,1.29632,1.31316,1.21075,1.31471,1.12285,1.13776,1.18955,1.01594,0.842333,1.01967,1.3965,1.34108,1.22471,1.23302,1.23718,1.30576,1.25138,1.24636,1.33251,1.26476,1.27521,1.19177,1.19439,1.24003,1.57318,1.38509,1.15804,1.17752,1.12076,0.981547,0.842333,1.04183,1.05292,1.12496,1.18315,1.01274,0.842333,1.04183,1.47408,1.35771,1.23302,1.21501,1.22817,1.25692,1.22696,1.25631,1.11582,1.15641,1.19887,1.0871,1.16422,1.22494,1.16664,1.15965,1.24483,1.15441,1.19787,1.2196,1.56297,1.40215,1.69858,1.46995,1.22264,1.20982,1.24774,1.11154,1.1321,1.18672,1.56869,1.38285,1.15692,1.17696,1.23131,1.21416,1.18341,1.23454,1.30444,1.22855,1.27928,1.14947,1.17324,1.20728,1.04698,0.886667,1.08617,1.07508,1.15821,1.24133,1.20359,1.20359,1.20359,1.20359,1.20359,1.20359,1.20359,1.20359,1.20359,1.20359,1.20359,1.20359,1.20359,1.20359,1.20359,1.20359,1.20359,1.20359,1.20359,1.20359,1.20359,1.20359,1.20359,1.20359,1.20359,6,0,0
1.596,1.57383,1.82875,1.44637,1.12219,0.798,1.01967,1.15267,1.1305,1.14158,1.39096,1.44915,1.38957,1.40412,1.38923,1.35961,1.47781,1.4039,1.72162,1.43714,1.38357,1.22379,1.14389,1.23695,1.23914,1.21807,1.27403,1.39068,1.27168,1.34517,1.33759,1.22296,1.23215,1.32541,1.21687,1.5616,1.5788,1.43223,1.20378,1.08956,1.18761,1.48047,1.38307,1.46737,1.33218,1.15376,1.44138,1.23052,1.30243,1.38271,1.33419,1.5316,1.47513,1.53557,1.49928,1.48114,1.73807,1.44537,1.38768,1.22584,1.16709,1.27071,1.27819,1.19326,1.32813,1.5064,1.44037,1.51818,1.46842,1.39921,1.36461,1.32514,1.32757,1.32878,1.35156,1.40728,1.36864,1.43799,1.38399,1.53433,1.4765,1.51408,1.39987,1.60877,1.44722,1.34428,1.31497,1.36682,1.39274,1.3392,1.31244,1.32122,1.30344,1.38322,1.35661,1.12164,0.886667,1.35531,1.35531,1.35531,1.35531,1.35531,1.35531,1.35531,1.35531,1.35531,1.35531,1.35531,1.35531,1.35531,1.35531,1.35531,1.35531,1.35531,1.35531,1.35531,1.35531,1.35531,1.35531,1.35531,1.35531,1.35531,1.35531,1.35531,1.35531,1.35531,1.35531,1.35531,1.35531,1.35531,1.35531,1.35531,1.35531,0,1,0
0.975333,1.28567,1.197,1.33,1.48517,1.34108,1.33554,1.3771,1.28705,1.30853,1.4301,1.29138,1.39936,1.51985,1.35842,1.38854,1.42577,1.31139,1.29853,1.40293,1.25563,1.35932,1.41116,1.30408,1.33921,1.37894,1.1993,1.10948,1.24191,1.19729,1.35231,1.42982,1.29124,1.37712,1.46439,1.37503,1.37468,1.41884,1.28575,1.33004,1.48519,1.29676,1.31338,1.43252,1.2926,1.33346,1.26523,1.16462,1.24731,1.31082,1.23174,1.34737,1.42735,1.29001,1.33217,1.33109,1.21971,1.29702,1.35784,1.27742,1.34804,1.47202,1.31234,1.32117,1.39209,1.29454,1.31227,1.23247,1.1704,1.3167,1.47852,1.33776,1.35605,1.43169,1.31434,1.32217,1.39259,1.27263,1.32348,1.43757,1.31729,1.41231,1.43765,1.33949,1.35691,1.32129,1.25915,1.31674,1.38987,1.27127,1.34497,1.44832,1.34483,1.35958,1.43346,1.31523,1.32261,1.34847,1.37433,1.33384,1.33384,1.33384,1.33384,1.33384,1.33384,1.33384,1.33384,1.33384,1.33384,1.33384,1.33384,1.33384,1.33384,1.33384,1.33384,1.33384,1.33384,1.33384,1.33384,1.33384,1.33384,1.33384,1.33384,1.33384,1.33384,1.33384,1.33384,1.33384,1.33384,1.33384,1.33384,1.33384,1.33384,6,4,4
0.886667,1.10833,1.15267,1.10833,1.15267,1.21917,1.31892,1.23579,1.3494,1.42836,1.15752,0.886667,0.975333,1.01967,1.04183,0.96425,0.886667,0.953167,0.96425,0.881125,0.798,0.798,0.798,0.798,1.01967,1.197,1.04183,0.886667,1.10833,1.04183,1.23025,1.23579,1.19423,1.15128,1.12981,1.18557,1.34645,1.11656,0.886667,1.01967,1.15267,1.15267,1.33,1.37433,1.2635,1.29675,1.18037,1.27735,1.34801,1.29467,1.135,1.14383,1.21475,1.27238,1.32335,1.21584,1.25076,1.17954,0.988772,0.798,0.886667,0.842333,1.04183,1.05292,1.21362,1.38265,1.13466,0.886667,0.975333,1.1305,1.14158,1.32446,1.23856,1.28428,1.21847,1.2299,1.36862,1.17198,1.05149,1.19074,1.08304,1.07352,1.20176,1.04421,0.886667,1.04183,0.96425,0.886667,0.842333,0.798,0.886667,1.15267,1.30783,1.40758,1.36879,1.0834,0.798,0.798,1.10833,1.1305,1.07508,0.980875,0.886667,0.975333,1.10833,1.17483,1.25242,1.24687,1.3106,1.27597,1.25865,1.07266,0.886667,1.10622,1.10622,1.10622,1.10622,1.10622,1.10622,1.10622,1.10622,1.10622,1.10622,1.10622,1.10622,1.10622,1.10622,1.10622,1.10622,1.10622,1.10622,1.10622,1.10622,8,3,2
1.37433,1.30783,1.31892,1.50179,1.37156,1.30645,1.45122,1.30195,1.38247,1.46707,1.33203,1.33102,1.39701,1.297,1.29134,1.488,1.3425,1.31408,1.65454,1.44794,1.38897,1.49248,1.36691,1.30412,1.33923,1.24595,1.28797,1.55282,1.39708,1.34137,1.42435,1.28851,1.28709,1.37504,1.26386,1.29693,1.4908,1.36607,1.34803,1.60502,1.44534,1.3655,1.43642,1.31671,1.30119,1.53726,1.41146,1.34857,1.60528,1.44547,1.38774,1.3367,1.22252,1.27626,1.43613,1.33873,1.33437,1.66468,1.47517,1.35825,1.34413,1.27056,1.27812,1.57006,1.42786,1.37893,1.64263,1.46415,1.37491,1.64062,1.46314,1.61824,1.42979,1.35773,1.6542,1.44776,1.36672,1.34836,1.25051,1.26809,1.40988,1.32561,1.30564,1.71682,1.47908,1.40454,1.58894,1.4373,1.36148,1.39008,1.3157,1.30069,1.13801,1.01234,0.886667,1.38794,1.38794,1.38794,1.38794,1.38794,1.38794,1.38794,1.38794,1.38794,1.38794,1.38794,1.38794,1.38794,1.38794,1.38794,1.38794,1.38794,1.38794,1.38794,1.38794,1.38794,1.38794,1.38794,1.38794,1.38794,1.38794,1.38794,1.38794,1.38794,1.38794,1.38794,1.38794,1.38794,1.38794,1.38794,1.38794,1.38794,1.38794,2,2,3
0.798,1.064,1.08617,1.03075,1.20254,1.33277,1.24272,1.33069,1.44118,1.36342,1.39104,1.42702,1.44501,1.40967,1.41417,1.41642,1.39538,1.45135,1.27984,1.12759,1.07363,1.20181,1.26591,1.43095,1.31398,1.36632,1.43683,1.36125,1.38996,1.49298,1.30066,1.38183,1.51108,1.33187,1.3531,1.29722,1.24711,1.33289,1.55311,1.30856,1.36361,1.28031,1.19432,1.08483,1.22958,1.03596,0.842333,0.886667,1.17483,1.20808,1.24687,1.39927,1.20947,1.13673,1.18903,0.993517,0.798,1.33,1.3965,1.25242,1.02521,0.798,0.798,0.798,0.798,0.798,0.798,0.886667,1.1305,0.96425,0.798,0.798,1.08617,1.38542,1.29121,1.35494,1.4533,1.41382,1.41624,1.41745,1.41806,1.3962,1.3631,1.28005,1.30502,1.31751,1.34592,1.40446,1.43373,1.24887,1.33377,1.37622,1.33094,1.39697,1.31915,1.25808,1.3162,1.23444,1.17138,1.22853,1.16843,1.07188,1.28961,1.50733,1.23633,1.23633,1.23633,1.23633,1.23633,1.23633,1.23633,1.23633,1.23633,1.23633,1.23633,1.23633,1.23633,1.23633,1.23633,1.23633,1.23633,1.23633,1.23633,1.23633,1.23633,1.23633,1.23633,1.23633,1.23633,1.23633,1.23633,1.23633,1.23633,8,3,2
1.50733,1.463,1.6625,1.49625,1.19146,0.886667,1.55167,1.30783,1.36325,1.12496,0.886667,0.886667,1.2635,1.60708,1.44637,1.16652,0.886667,1.10833,1.35217,1.45192,1.54612,1.50456,1.52811,1.31822,1.34628,1.27164,1.21215,1.33758,1.24512,1.37623,1.50828,1.68514,1.44107,1.6737,1.45752,1.48243,1.14021,0.798,1.1305,0.986417,0.842333,1.41867,1.35217,1.60708,1.42421,1.7761,1.39789,1.51911,1.55755,1.84278,1.47556,1.42494,1.15581,0.886667,0.798,1.04183,1.23025,1.12496,0.983646,0.842333,1.08617,1.62925,1.36879,1.4159,1.55028,1.44014,1.31857,1.32429,1.12764,1.00715,0.886667,1.10833,1.28567,1.30783,1.34108,1.51287,1.1776,0.842333,0.842333,0.886667,0.798,0.842333,0.886667,0.798,1.197,1.064,1.15267,1.10833,1.33,1.10833,0.886667,1.08617,1.07508,1.13604,1.29952,1.49209,1.45538,1.41867,1.25405,1.25405,1.25405,1.25405,1.25405,1.25405,1.25405,1.25405,1.25405,1.25405,1.25405,1.25405,1.25405,1.25405,1.25405,1.25405,1.25405,1.25405,1.25405,1.25405,1.25405,1.25405,1.25405,1.25405,1.25405,1.25405,1.25405,1.25405,1.25405,1.25405,1.25405,1.25405,1.25405,1.25405,1.25405,10,3,3
1.41867,1.28567,1.35217,1.18592,1.12496,1.27181,1.14574,1.17137,1.29502,1.26818,1.18825,1.32563,1.23915,1.19591,1.28512,1.17456,1.09711,1.25789,1.16095,1.13464,1.32099,1.21466,1.20583,1.29008,1.22137,1.16485,1.31393,1.1003,0.886667,1.17483,1.09725,1.14712,1.2829,1.17345,1.14089,1.12461,0.983473,0.842333,1.1305,1.18592,1.14712,1.2829,1.28428,1.19631,1.30749,1.18574,1.12487,1.22744,1.16788,1.16028,1.2673,1.25432,1.20349,1.35541,1.20971,1.13685,1.27776,1.10438,1.08419,1.22926,1.05796,0.886667,1.17483,1.07508,1.06954,1.28844,1.17622,1.14228,1.28047,1.15007,1.10703,1.26285,1.16343,1.15805,1.35486,1.54193,1.50246,1.28323,1.17362,1.25181,1.2244,1.18854,1.3036,1.20597,1.13498,1.29899,1.07066,0.842333,1.1305,0.96425,0.798,1.10833,1.08617,1.07508,1.20254,1.19977,1.17622,1.27528,1.2583,1.20549,1.28991,1.28779,1.22023,1.29728,1.18064,1.14449,1.25941,1.16171,1.17935,1.197,1.1896,1.1896,1.1896,1.1896,1.1896,1.1896,1.1896,1.1896,1.1896,1.1896,1.1896,1.1896,1.1896,1.1896,1.1896,1.1896,1.1896,1.1896,1.1896,1.1896,1.1896,1.1896,1.1896,0,0,0
0.931,1.197,1.463,1.463,1.50733,1.35217,1.14158,0.991958,0.842333,0.9975,0.942083,0.886667,1.28567,1.44083,1.45192,1.43529,1.55998,1.17899,0.798,0.9975,1.27458,1.25796,1.29398,1.31199,1.40966,1.41416,1.41642,1.43971,1.76169,1.30201,0.842333,1.15267,1.197,1.01967,0.842333,1.15267,1.21917,1.36325,1.36879,1.85923,1.46161,1.39581,1.25207,1.33537,1.26618,1.18726,1.6798,1.5714,1.56153,1.3571,1.09972,0.842333,0.820167,0.798,1.15267,1.41867,1.41867,1.61817,1.51842,1.15821,0.798,1.10833,1.15267,0.9975,0.842333,0.820167,0.798,1.1305,1.27458,1.08062,0.886667,0.842333,0.798,0.820167,0.842333,0.842333,0.842333,0.820167,0.798,1.10833,1.30783,1.07508,0.842333,1.08617,1.34108,1.35771,1.29952,1.04876,0.798,0.908833,0.942083,1.18037,1.54335,1.45884,1.68259,1.57279,1.34056,1.09145,0.842333,1.04183,0.986417,1.20254,1.41867,1.18106,1.18106,1.18106,1.18106,1.18106,1.18106,1.18106,1.18106,1.18106,1.18106,1.18106,1.18106,1.18106,1.18106,1.18106,1.18106,1.18106,1.18106,1.18106,1.18106,1.18106,1.18106,1.18106,1.18106,1.18106,1.18106,1.18106,1.18106,1.18106,1.18106,0,0,0
1.064,0.798,1.10833,1.17483,1.16375,1.26904,1.16652,0.98226,0.798,1.064,0.931,0.798,1.064,1.28567,1.30783,1.14158,1.25796,1.24965,1.15682,1.24341,1.28671,1.19752,1.33026,1.2858,1.1749,1.29678,1.29122,1.15545,1.26489,1.07578,0.886667,0.908833,0.853417,0.798,1.15267,0.9975,0.842333,0.886667,0.842333,0.798,0.798,1.064,1.3965,1.23025,1.32446,1.06123,0.798,0.975333,1.197,0.9975,0.798,0.886667,1.10833,1.21917,1.00858,0.798,0.798,1.01967,0.9975,1.16375,1.06954,1.06677,1.24272,1.28636,1.04218,0.798,0.931,0.8645,0.798,0.886667,0.798,1.064,1.10833,0.9975,0.886667,1.15267,1.28567,1.24133,1.17483,1.20808,1.13604,1.18869,1.17068,1.11734,1.09067,1.25467,1.248,1.023,0.798,1.064,1.197,1.08617,1.20808,1.00304,0.798,1.04183,1.23025,1.21362,1.18315,1.25657,1.29329,1.22298,1.23215,1.28108,1.17254,0.985269,0.798,0.798,0.8645,0.919917,0.858958,0.798,1.064,1.197,1.33,1.06972,1.06972,1.06972,1.06972,1.06972,1.06972,1.06972,1.06972,1.06972,1.06972,1.06972,1.06972,1.06972,1.06972,1.06972,1.06972,1.06972,1.06972,10,5,5
0.886667,1.197,1.04183,0.886667,0.798,1.064,0.931,0.798,0.798,0.798,0.798,0.798,1.10833,1.17483,1.31892,1.30229,1.29398,1.04599,0.798,0.798,0.975333,0.886667,0.798,1.10833,1.33,1.08617,0.842333,0.798,0.975333,0.886667,0.798,0.798,0.798,0.798,1.30783,1.31892,1.21362,1.18315,1.30091,1.31545,1.41139,1.32636,1.41685,1.41776,1.46255,1.32977,1.50722,1.26344,1.25239,1.33553,1.3106,1.40897,1.39165,1.42732,1.46733,1.39866,1.54167,1.30283,1.27208,1.34537,1.42635,1.20084,1.13242,1.36421,1.30277,1.40505,1.58919,1.43743,1.25071,1.02436,0.798,0.886667,1.10833,1.04183,1.27458,1.34662,1.16098,1.28982,1.15474,1.37537,1.35269,1.20834,1.3135,1.27742,1.34804,1.36119,1.19043,1.30455,1.18427,1.25714,1.24924,1.28962,1.44281,1.40857,1.50229,1.48264,1.38415,1.44574,1.32137,1.32569,1.37218,1.46192,1.39596,1.36298,1.23566,1.10833,1.19718,1.19718,1.19718,1.19718,1.19718,1.19718,1.19718,1.19718,1.19718,1.19718,1.19718,1.19718,1.19718,1.19718,1.19718,1.19718,1.19718,1.19718,1.19718,1.19718,1.19718,1.19718,1.19718,1.19718,1.19718,1.19718,1.19718,12,3,3
0.842333,0.820167,0.798,0.798,1.197,0.9975,0.798,1.064,1.064,1.28567,1.3965,1.36325,1.30229,1.05015,0.798,0.820167,0.842333,1.08617,1.29675,1.20254,1.22194,1.29814,1.33623,1.37745,1.35373,1.20886,1.26943,1.03372,0.798,0.798,0.886667,0.842333,0.798,0.886667,1.10833,1.197,1.1305,1.23025,1.36879,1.2164,1.4062,1.45677,1.17172,0.886667,0.842333,0.798,0.798,0.820167,0.842333,0.886667,1.04183,1.25242,1.42421,1.1776,1.3203,1.41382,1.15024,0.886667,1.197,1.17483,1.25242,1.37987,1.39927,1.40897,1.36948,1.30541,1.14037,1.27952,1.26043,1.33955,1.26827,1.34347,1.44757,1.43312,1.22639,1.18953,1.25976,1.33922,1.37894,1.44314,1.2979,1.40262,1.23331,1.14865,1.23933,1.35116,1.20758,1.37962,1.37698,1.33132,1.30849,1.25275,1.35787,1.41044,1.43672,1.27253,1.30126,1.38213,1.31173,1.40953,1.4806,1.2058,1.2014,1.35437,1.38652,1.09226,0.798,1.18249,1.18249,1.18249,1.18249,1.18249,1.18249,1.18249,1.18249,1.18249,1.18249,1.18249,1.18249,1.18249,1.18249,1.18249,1.18249,1.18249,1.18249,1.18249,1.18249,1.18249,1.18249,1.18249,1.18249,1.18249,1.18249,14,4,1
1.24133,0.798,0.886667,0.953167,1.29675,1.40204,1.14435,0.886667,1.064,1.10833,1.30783,1.34108,1.24687,1.33277,1.10972,0.886667,0.798,1.064,0.931,0.798,1.064,1.24133,1.30783,1.38542,1.35771,1.41035,1.10418,0.798,1.04183,1.18592,1.19146,1.2164,1.22886,1.5011,1.41555,1.10677,0.798,0.798,0.798,0.798,1.064,1.15267,1.17483,1.18592,1.36879,1.30506,1.18453,1.21293,1.13847,1.1899,0.99395,0.798,0.798,0.798,0.798,1.04183,1.14158,1.19146,1.2164,1.0072,0.798,0.975333,1.08617,1.14158,1.08062,1.16098,1.44499,1.47616,1.13708,0.798,0.975333,1.064,1.10833,1.17483,1.14158,1.05846,1.12773,1.11803,1.13535,1.18834,1.0375,0.886667,0.953167,1.09725,0.947625,0.798,0.9975,1.14158,1.19146,1.17206,1.0737,1.17968,1.25484,1.29242,1.31121,1.32061,1.30314,1.0949,0.886667,0.842333,0.798,0.798,0.798,0.798,1.15267,1.064,0.953167,0.842333,0.798,0.886667,1.01967,1.17483,1.25242,1.33,1.0855,1.0855,1.0855,1.0855,1.0855,1.0855,1.0855,1.0855,1.0855,1.0855,1.0855,1.0855,1.0855,1.0855,1.0855,1.0855,1.0855,1.0855,1.0855,12,7,6
1.197,1.3965,1.29675,1.18037,1.36602,1.14851,1.10626,0.952128,0.798,0.798,0.886667,1.30783,1.18592,1.12496,1.36048,1.23441,1.17137,1.25068,1.24601,1.155,1.28684,1.39708,1.18621,1.21377,1.18322,1.34528,1.2933,1.13432,1.14349,1.32541,1.08387,0.842333,0.820167,0.798,0.9975,0.919917,0.842333,0.798,0.931,1.1305,1.09725,1.12496,1.18315,1.07924,1.24895,1.37814,1.35407,1.2312,1.25843,1.11688,1.28994,1.4208,1.2424,1.10887,1.33027,1.24147,1.19707,0.997533,0.798,0.798,0.798,1.10833,1.10833,1.064,1.197,1.10833,1.1305,1.36325,1.08062,0.798,1.10833,1.04183,1.00858,1.05846,1.0834,1.16236,1.31268,1.16617,1.18159,1.12279,1.07123,1.11195,0.999308,0.886667,1.15267,1.24133,1.15267,1.15267,1.33,1.24133,1.15267,1.24133,1.01967,0.798,1.15267,1.04183,1.05292,1.12496,1.11665,1.09032,1.01066,1.0595,1.19475,1.21804,1.05235,0.886667,0.886667,0.886667,1.10833,1.2635,1.11942,1.13604,0.989187,0.842333,1.11508,1.11508,1.11508,1.11508,1.11508,1.11508,1.11508,1.11508,1.11508,1.11508,1.11508,1.11508,1.11508,1.11508,1.11508,1.11508,1.11508,1.11508,1.11508,14,4,1
1.41867,1.15267,0.886667,0.8645,0.842333,1.15267,0.975333,0.798,1.15267,0.975333,0.798,0.886667,1.064,0.931,0.798,0.798,0.798,1.04183,1.03075,0.914375,0.798,0.798,0.798,1.1305,1.00858,0.886667,0.8645,0.842333,0.842333,1.197,1.35217,1.56275,1.49071,1.23302,1.28151,1.23926,1.35113,1.1189,0.886667,1.10833,1.064,0.953167,0.842333,0.908833,0.986417,1.24687,1.1111,1.08755,1.20878,1.06989,1.06694,1.24281,1.06474,0.886667,1.197,0.9975,0.798,1.10833,0.9975,0.886667,1.10833,1.04183,0.919917,0.798,0.908833,1.09725,1.23579,1.2829,1.17345,1.25172,1.15786,1.11093,1.30913,1.2309,1.03662,0.842333,1.064,1.2635,1.45192,1.12496,0.798,1.21917,1.42975,1.42421,1.3106,1.0543,0.798,0.842333,0.886667,1.1305,0.986417,0.842333,1.08617,1.07508,1.06954,0.933771,0.798,0.886667,0.842333,0.798,0.820167,0.842333,1.1305,1.31892,1.36879,1.3494,1.16236,1.29052,1.11076,1.17605,1.29736,1.09201,0.886667,1.064,1.0555,1.0555,1.0555,1.0555,1.0555,1.0555,1.0555,1.0555,1.0555,1.0555,1.0555,1.0555,1.0555,1.0555,1.0555,1.0555,1.0555,1.0555,1.0555,16,5,3
0.886667,0.842333,0.798,0.886667,0.886667,1.15267,1.01967,0.886667,1.08617,1.47408,1.35771,1.25519,1.20393,1.08963,1.20982,1.22557,1.05612,0.886667,0.798,0.798,0.975333,1.064,0.931,0.798,0.886667,0.842333,0.798,0.798,0.798,1.01967,1.1305,1.09725,1.16929,1.16098,1.15682,1.15474,0.976372,0.798,1.04183,1.47408,1.37987,1.66527,1.4533,1.36948,1.39408,1.36204,1.12435,0.886667,1.064,0.931,0.798,0.798,0.798,1.064,0.931,0.798,1.064,1.197,1.28567,1.30783,1.27458,1.03629,0.798,1.10833,1.30783,1.31892,1.36879,1.17206,1.25103,1.35702,1.18834,1.28134,1.03967,0.798,0.798,0.842333,0.886667,0.931,0.953167,0.942083,1.20254,1.22194,1.00997,0.798,0.886667,1.064,1.10833,1.17483,1.20808,1.26904,1.29952,1.04876,0.798,0.9975,0.89775,0.798,0.975333,0.886667,0.798,1.01967,1.08617,1.16375,1.24687,1.28844,1.22055,1.25311,1.24722,1.24428,1.33147,1.37507,1.26387,1.29693,1.2913,1.28567,1.08117,1.08117,1.08117,1.08117,1.08117,1.08117,1.08117,1.08117,1.08117,1.08117,1.08117,1.08117,1.08117,1.08117,1.08117,1.08117,1.08117,1.08117,1.08117,8,5,4
1.01967,1.1305,1.38542,1.31337,1.54335,1.39234,1.44984,1.43425,1.35996,1.50015,1.48157,1.36145,1.39006,1.36003,1.38935,1.18234,1.27834,1.30417,1.31708,1.36788,1.4376,1.3838,1.5564,1.42103,1.48635,1.45251,1.39125,1.49363,1.58915,1.48174,1.67187,1.47877,1.64822,1.40044,1.49822,1.48061,1.62697,1.47849,1.53724,1.47795,1.40398,1.49999,1.57016,1.40575,1.50087,1.39327,1.49464,1.36798,1.41549,1.32841,1.28487,1.37394,1.30763,1.16365,1.33549,1.28841,1.39787,1.3196,1.41347,1.3274,1.48387,1.3626,1.12463,0.886667,0.886667,1.197,1.30783,1.47408,1.40204,1.63202,1.39234,1.47201,1.4675,1.35442,1.45304,1.52452,1.36076,1.50055,1.37094,1.3948,1.40674,1.39053,1.36027,1.34513,1.40407,1.3892,1.40393,1.43347,1.35957,1.32262,1.34848,1.27274,1.2792,1.28567,1.38932,1.38932,1.38932,1.38932,1.38932,1.38932,1.38932,1.38932,1.38932,1.38932,1.38932,1.38932,1.38932,1.38932,1.38932,1.38932,1.38932,1.38932,1.38932,1.38932,1.38932,1.38932,1.38932,1.38932,1.38932,1.38932,1.38932,1.38932,1.38932,1.38932,1.38932,1.38932,1.38932,1.38932,1.38932,1.38932,1.38932,1.38932,1.38932,16,7,7
1.24133,1.37433,1.3965,1.25242,1.20254,1.1776,1.34247,1.40273,1.32203,1.41468,1.23934,1.196,1.28517,1.21892,1.27446,1.21356,1.31611,1.32306,1.32653,1.28393,1.3513,1.25198,1.33532,1.244,1.33133,1.3085,1.36358,1.39112,1.31623,1.38961,1.27114,1.36707,1.25987,1.33927,1.2238,1.2769,1.25912,1.38323,1.22361,1.23247,1.19257,1.17262,1.20698,1.31282,1.23274,1.21487,1.2281,1.23472,1.23803,1.39485,1.20726,1.29079,1.19956,1.22045,1.27522,1.30261,1.31631,1.36749,1.26008,1.29504,1.35685,1.29909,1.27021,1.38877,1.27072,1.21169,1.31518,1.23392,1.30413,1.27273,1.25703,1.24918,1.24526,1.42063,1.19798,1.26399,1.20833,1.1805,1.21092,1.35912,1.21156,1.22645,1.23389,1.23761,1.23947,1.4399,1.20762,1.31314,1.1664,1.13737,1.27802,1.23751,1.21725,1.31796,1.19098,1.28266,1.1955,1.30708,1.18554,1.1691,1.33822,1.26761,1.18797,1.10833,1.27211,1.27211,1.27211,1.27211,1.27211,1.27211,1.27211,1.27211,1.27211,1.27211,1.27211,1.27211,1.27211,1.27211,1.27211,1.27211,1.27211,1.27211,1.27211,1.27211,1.27211,1.27211,1.27211,1.27211,1.27211,1.27211,1.27211,1.27211,1.27211,14,3,5
1.24133,1.15267,1.17483,1.16375,1.13604,1.32169,1.25934,1.13951,1.21259,1.22696,1.27848,1.39291,1.31712,1.30139,1.33786,1.11226,0.886667,0.842333,1.15267,1.21917,1.18592,1.25796,1.22748,1.21224,1.22679,1.27839,1.25986,1.02893,0.798,0.842333,0.953167,1.14158,1.10279,1.12773,0.985031,0.842333,1.04183,1.31892,1.19146,1.12773,1.18453,1.12427,1.1828,1.2564,1.38187,1.3116,1.3208,1.10373,0.886667,0.798,1.064,1.1305,1.14158,1.14712,1.1499,1.19561,1.30714,1.2299,1.14695,1.28281,1.1734,1.2517,1.15785,1.15526,1.3313,1.33065,1.28599,1.175,1.20816,1.31342,1.23304,1.23719,1.23926,1.26246,1.3849,1.26878,1.12206,1.20386,1.13393,1.1433,1.19232,1.17249,1.16258,1.02462,0.886667,0.886667,1.01967,0.975333,1.08617,1.07508,1.11387,1.26627,1.34247,1.2919,1.24445,1.22073,1.1202,1.24726,1.19997,1.26498,1.20882,1.22508,1.21104,1.20402,1.15618,0.977088,0.798,0.798,0.975333,1.064,1.01967,0.975333,1.15521,1.15521,1.15521,1.15521,1.15521,1.15521,1.15521,1.15521,1.15521,1.15521,1.15521,1.15521,1.15521,1.15521,1.15521,1.15521,1.15521,1.15521,1.15521,1.15521,1.15521,14,2,0
1.596,1.64033,1.3965,1.18592,0.991958,0.798,1.21917,1.20808,1.40204,1.18869,1.21501,1.27251,1.25692,1.51513,1.4004,1.5647,1.42518,1.57709,1.43138,1.11469,0.798,0.886667,0.842333,0.798,1.01967,1.35217,1.25242,1.15821,1.06677,1.19839,1.26419,1.0311,0.798,1.08617,1.16375,1.42421,1.35494,1.40897,1.30298,1.47166,1.40083,1.47625,1.31446,1.4109,1.32611,1.32806,1.24036,1.37385,1.26326,1.34096,1.24681,1.33274,1.26487,1.3861,1.66838,1.41053,1.32593,1.2393,1.19598,1.17432,1.11916,1.22458,1.23296,1.23715,1.15057,1.19595,1.12998,1.05265,1.16916,1.13875,1.23437,1.39302,1.36151,1.41226,1.39329,1.49465,1.36799,1.39333,1.31733,1.39017,1.29358,1.40046,1.3209,1.41411,1.32772,1.52836,1.34051,1.13576,1.05555,1.17061,1.42764,1.37882,1.46524,1.37545,1.53006,1.3857,1.09185,0.798,0.9975,0.89775,0.798,0.9975,1.197,1.25762,1.25762,1.25762,1.25762,1.25762,1.25762,1.25762,1.25762,1.25762,1.25762,1.25762,1.25762,1.25762,1.25762,1.25762,1.25762,1.25762,1.25762,1.25762,1.25762,1.25762,1.25762,1.25762,1.25762,1.25762,1.25762,1.25762,1.25762,1.25762,1.25762,12,6,6
1.50733,1.197,0.886667,0.886667,1.15267,1.2635,1.36325,1.28012,1.30506,1.22886,1.2351,1.26038,1.27302,1.30151,1.44876,1.38938,1.35969,1.58868,1.68101,1.61634,1.56183,1.46808,1.37688,1.5086,1.46364,1.39682,1.58508,1.3467,1.36052,1.43393,1.40413,1.25623,1.27095,1.38914,1.4039,1.32262,1.28198,1.37249,1.48424,1.31846,1.50156,1.48228,1.40614,1.19074,1.1052,1.32843,1.46222,1.39611,1.18572,1.01403,0.842333,0.953167,1.09725,1.32446,1.2164,1.11803,1.24618,1.11076,1.19821,1.44144,1.40789,1.52411,1.44922,1.61128,1.49281,1.63307,1.45937,1.32818,1.17393,1.1633,1.40181,1.38807,1.33687,1.4221,1.46472,1.30869,1.49668,1.28034,1.30517,1.45058,1.72279,1.4599,1.37278,1.21839,1.1412,1.3021,1.09438,0.886667,1.1305,1.47408,1.49071,1.49902,1.59184,1.46092,1.30679,1.1854,1.1247,1.064,1.33139,1.33139,1.33139,1.33139,1.33139,1.33139,1.33139,1.33139,1.33139,1.33139,1.33139,1.33139,1.33139,1.33139,1.33139,1.33139,1.33139,1.33139,1.33139,1.33139,1.33139,1.33139,1.33139,1.33139,1.33139,1.33139,1.33139,1.33139,1.33139,1.33139,1.33139,1.33139,1.33139,1.33139,1.33139,20,5,3
0.886667,0.886667,0.842333,0.798,0.886667,1.28567,1.2635,1.03075,0.798,1.10833,0.953167,0.798,0.975333,1.064,1.2635,1.25242,1.53504,1.38819,1.15959,0.978797,0.798,0.908833,0.853417,0.798,0.975333,1.04183,1.11942,1.09171,1.07785,1.15959,1.02313,0.886667,1.064,1.064,0.931,0.798,1.15267,1.33,1.30783,1.27458,1.08062,0.886667,0.798,1.24133,1.17483,1.18592,1.16929,0.983646,0.798,0.9975,0.942083,0.886667,1.10833,1.24133,1.1305,1.09725,1.19146,1.2164,1.31753,1.32377,1.32688,1.46144,1.35139,1.42936,1.29101,1.39917,1.32025,1.41379,1.32756,1.46178,1.39589,1.09695,0.798,0.9975,1.05292,1.01412,1.1499,0.973948,0.798,0.886667,1.21917,1.18592,1.03629,0.886667,0.886667,1.01967,1.04183,1.18592,1.16929,1.02798,0.886667,0.842333,0.798,1.064,1.41867,1.37433,1.10833,0.842333,1.064,0.975333,0.886667,1.064,0.975333,0.886667,0.798,1.24133,1.37433,1.44083,1.29675,1.20254,1.15544,1.06539,0.975333,1.08782,1.08782,1.08782,1.08782,1.08782,1.08782,1.08782,1.08782,1.08782,1.08782,1.08782,1.08782,1.08782,1.08782,1.08782,1.08782,1.08782,1.08782,1.08782,1.08782,18,7,3
0.886667,0.886667,0.798,0.886667,0.798,0.886667,0.842333,0.798,0.9975,1.07508,1.11387,1.0446,1.00997,0.903984,0.798,0.908833,1.27458,1.19146,1.1499,1.17345,1.16306,1.22436,1.36585,1.19276,1.32788,1.15161,1.1743,1.16348,1.00291,0.842333,0.886667,1.10833,1.21917,1.23025,1.30229,1.49348,1.16791,0.842333,0.798,0.886667,0.886667,0.886667,0.798,1.064,1.10833,0.953167,0.798,0.931,1.04183,1.23025,1.19146,1.26073,1.25103,1.24618,1.28809,1.19821,0.998106,0.798,0.798,0.798,0.798,0.886667,1.064,1.28567,1.2635,1.25242,1.06954,0.886667,0.798,0.975333,1.04183,1.29675,1.13604,1.14435,1.14851,1.37226,1.28463,1.21865,1.22999,1.23566,1.2385,1.55025,1.44012,1.2964,1.20236,1.19968,1.24267,1.375,1.153,1.13067,1.2525,1.26908,1.34388,1.33694,1.2448,1.2874,1.26437,1.25285,1.24709,1.24421,1.17627,1.2088,1.2694,1.25537,1.24835,1.24484,1.19875,1.22004,1.18636,1.30251,1.22759,1.34529,1.29331,1.24133,1.12168,1.12168,1.12168,1.12168,1.12168,1.12168,1.12168,1.12168,1.12168,1.12168,1.12168,1.12168,1.12168,1.12168,1.12168,1.12168,1.12168,1.12168,1.12168,20,6,7
1.24133,1.50733,1.57383,1.38542,1.49071,1.41035,1.45884,1.57176,1.47304,1.31286,1.05543,0.798,1.197,1.35217,1.16375,0.980875,0.798,0.798,0.842333,1.08617,1.05292,1.08062,1.40481,1.32307,1.32654,1.41693,1.37347,1.4404,1.7177,1.43518,1.20526,1.00163,0.798,1.10833,1.35217,1.29675,1.55721,1.62094,1.56414,1.44707,1.38853,1.2706,1.21163,1.20432,1.24499,1.26533,1.209,1.0035,0.798,0.798,0.798,1.10833,0.9975,0.886667,1.1305,1.14158,0.969792,0.798,1.24133,1.28567,1.33,1.35217,1.29675,1.04737,0.798,0.8645,0.96425,1.16929,1.02798,0.886667,1.17483,1.40758,1.32446,1.39373,1.22886,1.01343,0.798,0.798,1.01967,1.17483,1.18592,1.12496,1.27181,1.07924,0.886667,0.886667,0.886667,0.886667,0.886667,1.197,1.28567,1.30783,1.09725,0.886667,1.064,0.931,0.798,0.798,0.931,1.21917,1.00858,0.798,1.04183,1.09725,0.947625,0.798,0.798,0.798,1.13648,1.13648,1.13648,1.13648,1.13648,1.13648,1.13648,1.13648,1.13648,1.13648,1.13648,1.13648,1.13648,1.13648,1.13648,1.13648,1.13648,1.13648,1.13648,1.13648,1.13648,1.13648,1.13648,1.13648,1.13648,2,1,3
0.886667,0.886667,1.064,1.24133,1.28567,1.30783,1.60708,1.40204,1.38819,1.66943,1.34455,1.27077,1.52205,1.33736,1.42235,1.42051,1.37525,1.35263,1.20831,1.20266,1.222,1.32033,1.25867,1.3165,1.30108,1.35987,1.38927,1.1158,0.842333,0.798,1.01967,0.9975,0.89775,0.798,0.975333,1.15267,1.197,1.30783,1.36325,1.25796,1.42698,1.37849,1.33208,1.28671,1.04235,0.798,0.842333,1.1305,1.05292,0.925458,0.798,1.08617,1.25242,1.29121,1.22194,1.3203,1.36948,1.34974,1.29554,1.26844,1.34355,1.09294,0.842333,0.820167,0.798,0.975333,1.15267,1.197,1.21917,1.27458,1.12496,0.961479,0.798,1.064,1.01967,1.08617,1.07508,1.13604,1.47685,1.33693,1.33346,1.4204,1.33087,1.2861,1.39672,1.31902,1.32451,1.32726,1.32863,1.28498,1.30749,1.23008,1.23571,1.34935,1.27318,1.30159,1.49313,1.34506,1.33753,1.4446,1.40947,1.34757,1.38312,1.44522,1.50733,1.22012,1.22012,1.22012,1.22012,1.22012,1.22012,1.22012,1.22012,1.22012,1.22012,1.22012,1.22012,1.22012,1.22012,1.22012,1.22012,1.22012,1.22012,1.22012,1.22012,1.22012,1.22012,1.22012,1.22012,1.22012,1.22012,1.22012,1.22012,14,7,8
1.33,1.41867,1.28567,1.1305,1.25242,1.20254,1.13327,1.27597,1.23648,1.10591,1.17362,1.22964,1.19116,1.21624,1.18446,1.14639,1.2382,1.1511,1.19622,1.08577,1.05272,1.14703,1.19418,1.12909,1.20738,1.26869,1.43234,1.38117,1.08959,0.798,1.10833,1.01967,1.04183,1.27458,1.03629,0.798,1.04183,1.07508,1.02521,1.1776,1.1873,1.03698,0.886667,1.01967,0.9975,1.16375,1.13604,1.14435,1.23718,1.15059,1.08513,1.2519,1.24662,1.06664,0.886667,1.01967,0.9975,1.20808,1.15821,1.06677,1.19839,0.998193,0.798,1.10833,0.9975,0.886667,1.08617,1.11942,1.13604,1.23302,1.30368,1.05084,0.798,0.798,0.798,1.04183,1.05292,1.10279,1.2164,1.0737,1.15752,1.19942,1.13171,1.16436,1.24718,1.15559,1.13196,1.23098,1.14749,1.17225,1.20679,1.20189,1.11078,1.24256,1.19761,1.10864,1.26365,1.20816,1.11391,1.26629,1.03214,0.798,1.04183,1.07508,1.11387,1.3106,1.2538,1.07023,0.886667,1.04183,1.05292,1.01412,0.975333,1.11994,1.11994,1.11994,1.11994,1.11994,1.11994,1.11994,1.11994,1.11994,1.11994,1.11994,1.11994,1.11994,1.11994,1.11994,1.11994,1.11994,1.11994,1.11994,1.11994,12,3,7
1.15267,1.463,1.37433,1.35217,1.07508,0.798,0.886667,1.35217,1.38542,1.49071,1.16652,0.842333,1.1305,1.34108,1.37987,1.53227,1.63064,1.50248,1.48274,1.53937,1.45685,1.48209,1.45038,1.45669,1.45984,1.48359,1.65063,1.51248,1.48774,1.49754,1.48027,1.44947,1.12373,0.798,0.798,0.798,0.798,1.064,1.21917,1.14158,0.969792,0.798,0.798,0.798,0.886667,0.975333,1.28567,1.30783,1.09725,0.886667,0.798,1.08617,1.11942,0.958708,0.798,1.197,1.2635,1.03075,0.798,1.10833,1.44083,1.49625,1.23579,1.0169,0.798,1.15267,1.3965,1.36325,1.50179,1.39373,1.4727,1.42352,1.46542,1.50855,1.41927,1.48547,1.40773,1.45753,1.46027,1.46163,1.55098,1.52916,1.51825,1.49062,1.32164,1.25932,1.27249,1.36775,1.34887,1.4281,1.37905,1.55403,1.41985,1.55226,1.50763,1.46315,1.35224,1.07512,0.798,1.26256,1.26256,1.26256,1.26256,1.26256,1.26256,1.26256,1.26256,1.26256,1.26256,1.26256,1.26256,1.26256,1.26256,1.26256,1.26256,1.26256,1.26256,1.26256,1.26256,1.26256,1.26256,1.26256,1.26256,1.26256,1.26256,1.26256,1.26256,1.26256,1.26256,1.26256,1.26256,1.26256,1.26256,26,7,12
1.37433,1.28567,1.064,0.842333,0.798,1.01967,0.953167,0.886667,1.10833,1.10833,1.28567,1.3965,1.36325,1.08062,0.798,0.798,0.798,0.886667,1.48517,1.45192,1.12496,0.798,0.798,1.15267,1.21917,1.27458,1.34662,1.42698,1.42282,1.19908,0.998539,0.798,1.15267,0.975333,0.798,0.886667,0.842333,0.798,1.064,1.24133,1.30783,1.09725,0.886667,0.886667,0.842333,0.798,0.798,0.798,0.798,1.197,1.1305,1.00858,0.886667,0.931,0.9975,0.942083,0.886667,0.886667,0.886667,0.798,1.01967,0.908833,0.798,1.2635,1.25242,1.42421,1.33277,1.42005,1.46369,1.72935,1.52967,1.42984,1.15825,0.886667,1.08617,1.00858,0.925458,0.842333,1.064,1.15267,1.01967,0.886667,0.886667,0.798,0.8645,1.36325,1.30229,1.31615,1.32307,1.37087,1.3061,1.31805,1.39053,1.1386,0.886667,0.798,0.798,0.798,0.798,0.842333,0.886667,0.9975,1.25242,1.33554,1.1111,0.886667,0.798,1.3965,1.31892,1.32446,1.06123,0.798,1.07085,1.07085,1.07085,1.07085,1.07085,1.07085,1.07085,1.07085,1.07085,1.07085,1.07085,1.07085,1.07085,1.07085,1.07085,1.07085,1.07085,1.07085,1.07085,1.07085,1.07085,14,4,0
1.95067,1.70683,1.58492,1.52396,1.38265,1.44499,1.38749,1.42525,1.44412,1.52006,1.4472,1.5881,1.34822,1.40561,1.3013,1.38215,1.33391,1.39845,1.36423,1.43578,1.29422,1.37861,1.28781,1.39757,1.31945,1.19173,1.0392,0.886667,0.886667,1.10833,1.2635,1.34108,1.35771,1.38819,1.09309,0.798,0.798,1.1305,1.20808,1.26904,1.29952,1.33693,1.3113,1.38715,1.31424,1.47729,1.38148,1.46657,1.44262,1.47498,1.38032,1.35516,1.34258,1.46929,1.33315,1.44241,1.36404,1.50218,1.39393,1.38413,1.35706,1.3657,1.32568,1.41651,1.37325,1.50679,1.39623,1.65128,1.35764,1.58765,1.34799,1.5385,1.34558,1.38212,1.42256,1.39845,1.38639,1.3582,1.29976,1.24838,1.26702,1.36501,1.12584,0.886667,0.975333,1.21917,1.18592,1.36879,1.2829,1.46161,1.35147,1.38507,1.29104,1.42135,1.30918,1.36392,1.41867,1.34451,1.34451,1.34451,1.34451,1.34451,1.34451,1.34451,1.34451,1.34451,1.34451,1.34451,1.34451,1.34451,1.34451,1.34451,1.34451,1.34451,1.34451,1.34451,1.34451,1.34451,1.34451,1.34451,1.34451,1.34451,1.34451,1.34451,1.34451,1.34451,1.34451,1.34451,1.34451,1.34451,1.34451,1.34451,1.34451,10,5,2
1.24133,1.15267,1.197,1.17483,1.25242,1.20254,1.26627,1.29814,1.33623,1.31095,1.29831,1.24765,1.26666,1.23183,1.28092,1.28329,1.35098,1.34049,1.31308,1.25504,1.24819,1.20043,1.24305,1.26436,1.31934,1.30251,1.31625,1.27879,1.26006,1.20636,1.22385,1.18826,1.23696,1.23915,1.48407,1.25187,1.29094,1.26613,1.25373,1.2032,1.22227,1.20963,1.24765,1.24449,1.55325,1.28646,1.35256,1.34128,1.35781,1.29957,1.31479,1.30023,1.35945,1.32256,1.37061,1.32814,1.32907,1.26303,1.27435,1.23568,1.28284,1.26209,1.31821,1.2576,1.27164,1.21215,1.20458,1.17862,1.23214,1.17024,1.27229,1.23464,1.28232,1.21749,1.25158,1.20212,1.3104,1.23153,1.41377,1.32755,1.41744,1.35155,1.34078,1.26889,1.27728,1.23714,1.28357,1.24028,1.32948,1.30757,1.34095,1.33548,1.31057,1.27595,1.30298,1.20565,1.28999,1.2435,1.33108,1.30837,1.29702,1.31351,1.33,1.28023,1.28023,1.28023,1.28023,1.28023,1.28023,1.28023,1.28023,1.28023,1.28023,1.28023,1.28023,1.28023,1.28023,1.28023,1.28023,1.28023,1.28023,1.28023,1.28023,1.28023,1.28023,1.28023,1.28023,1.28023,1.28023,1.28023,1.28023,1.28023,1.28023,0,0,3
1.41867,1.30783,1.20808,1.20254,1.1776,1.16514,1.18107,1.16687,1.15977,1.17838,1.16553,1.18126,1.16696,1.18198,1.21166,1.2265,1.47775,1.20437,1.22285,1.23209,1.23671,1.26119,1.27343,1.30171,1.29369,1.28968,1.28767,1.2645,1.23075,1.23604,1.21652,1.25109,1.24621,1.28811,1.26472,1.29736,1.22501,1.25534,1.204,1.267,1.27633,1.25883,1.25008,1.26788,1.23244,1.19255,1.19478,1.17372,1.18536,1.19118,1.23842,1.23988,1.24061,1.24097,1.21898,1.20799,1.2025,1.22191,1.23162,1.21431,1.24999,1.24566,1.19916,1.19808,1.17537,1.18619,1.21376,1.18321,1.19011,1.21572,1.20636,1.22385,1.18826,1.19263,1.17265,1.18482,1.19091,1.17179,1.16223,1.20178,1.15506,1.1317,1.09785,1.10309,1.12788,1.09594,1.1243,1.11632,1.13449,1.12141,1.11487,1.1116,1.06563,1.08698,1.09766,1.08083,1.09458,1.05712,1.08273,1.02903,1.04652,1.03309,1.07071,1.04519,1.03243,1.04821,1.03394,1.0268,1.0454,1.03253,1.13693,1.24133,1.18645,1.18645,1.18645,1.18645,1.18645,1.18645,1.18645,1.18645,1.18645,1.18645,1.18645,1.18645,1.18645,1.18645,1.18645,1.18645,1.18645,1.18645,1.18645,1.18645,1.18645,0,1,0
1.064,0.9975,1.14158,1.05846,1.19423,1.08478,1.18522,1.10245,1.14972,1.08469,1.14085,1.05809,1.10538,1.06252,1.08543,1.03038,1.09152,1.03343,1.11521,1.13394,1.2098,1.11474,1.15587,1.10993,1.17563,1.05332,1.08083,1.05025,1.16796,1.02731,0.886667,0.975333,1.08617,1.07508,1.15821,1.08894,1.09864,1.05915,1.19458,1.01845,0.842333,0.886667,1.10833,0.975333,0.842333,0.953167,1.16375,1.13604,1.21085,1.11526,1.22263,1.12115,1.24774,1.1337,1.18752,1.08143,1.13921,1.07944,1.11605,1.04569,1.07701,1.04834,1.1005,1.06008,1.17288,1.11844,1.20205,1.22169,1.25368,1.18101,1.21117,1.11542,1.13404,1.07685,1.11476,1.06721,1.19861,1.10914,1.21957,1.16395,1.20264,1.15549,1.17624,1.09796,1.14748,1.08357,1.14029,1.05781,1.17174,1.0957,1.21285,1.13843,1.23421,1.14911,1.21739,1.11853,1.17993,1.0998,1.12623,1.09512,1.14606,1.10503,1.19535,1.15184,1.21875,1.14138,1.16919,1.13876,1.14571,1.08269,1.13985,1.10192,1.19379,1.1289,1.22945,1.05806,0.886667,1.11363,1.11363,1.11363,1.11363,1.11363,1.11363,1.11363,1.11363,1.11363,1.11363,1.11363,1.11363,1.11363,1.11363,1.11363,1.11363,2,0,1
1.28567,1.24133,1.2635,1.29675,1.22471,1.25519,1.07093,0.886667,1.04183,0.942083,0.842333,1.08617,1.07508,1.11387,1.22194,1.27597,1.19215,1.57141,1.3842,1.6896,1.39897,1.71915,1.41374,1.70437,1.36202,1.25734,1.072,0.886667,1.08617,1.00858,1.08062,1.51565,1.26766,1.60916,1.35875,1.32221,1.0601,0.798,1.37433,1.197,1.55167,1.33,1.30783,1.05292,0.798,1.10833,0.953167,0.798,1.33,1.17483,1.49625,1.30229,1.64865,1.42282,1.66458,1.31996,1.61314,1.33857,1.31212,1.09939,0.886667,1.463,1.28567,1.55167,1.28567,1.596,1.33,1.6625,1.40758,1.67912,1.37156,1.28428,1.12981,1.14124,1.23562,1.28281,1.19557,1.66179,1.36289,1.59028,1.32714,1.32857,1.35145,1.54023,1.25778,1.58206,1.32303,1.57035,1.29501,1.60067,1.3545,1.32008,1.28071,1.21669,1.53934,1.34601,1.64834,1.95067,1.30931,1.30931,1.30931,1.30931,1.30931,1.30931,1.30931,1.30931,1.30931,1.30931,1.30931,1.30931,1.30931,1.30931,1.30931,1.30931,1.30931,1.30931,1.30931,1.30931,1.30931,1.30931,1.30931,1.30931,1.30931,1.30931,1.30931,1.30931,1.30931,1.30931,1.30931,1.30931,1.30931,1.30931,1.30931,4,5,5
0.931,0.975333,1.44083,1.25242,1.29121,1.39927,1.3203,1.41382,1.68224,1.37312,1.70623,1.40728,1.32431,1.06115,0.798,1.04183,1.31892,1.30229,1.42698,1.66666,1.36533,1.61366,1.361,1.6115,1.33775,1.26737,1.40952,1.34759,1.36096,1.34548,1.40424,1.61095,1.35964,1.30049,1.40391,1.34479,1.40389,1.36695,1.41497,1.63849,1.35124,1.65096,1.40181,1.69841,1.40337,1.32235,1.43701,1.67167,1.36784,1.63708,1.35054,1.6506,1.37947,1.33257,1.39778,1.34173,1.3802,1.3551,1.40905,1.61336,1.33868,1.31217,1.36542,1.34771,1.33885,1.31226,1.4098,1.61373,1.3167,1.58935,1.32667,1.284,1.3735,1.30742,1.40738,1.63469,1.32718,1.30642,1.42904,1.33519,1.37693,1.30913,1.4304,1.3802,1.44377,1.65288,1.35844,1.29989,1.42578,1.31139,1.43153,1.64676,1.24455,0.842333,1.38706,1.38706,1.38706,1.38706,1.38706,1.38706,1.38706,1.38706,1.38706,1.38706,1.38706,1.38706,1.38706,1.38706,1.38706,1.38706,1.38706,1.38706,1.38706,1.38706,1.38706,1.38706,1.38706,1.38706,1.38706,1.38706,1.38706,1.38706,1.38706,1.38706,1.38706,1.38706,1.38706,1.38706,1.38706,1.38706,1.38706,1.38706,1.38706,4,1,3
1.463,1.3965,1.31892,1.28012,1.2164,1.25103,1.17968,1.25484,1.15942,1.28904,1.24302,1.30868,1.20851,1.26925,1.18879,1.21506,1.13953,1.23477,1.19372,1.26186,1.2516,1.3573,1.29932,1.40332,1.32233,1.34833,1.27267,1.3235,1.23808,1.26187,1.2516,1.31297,1.29932,1.33683,1.26691,1.29846,1.26989,1.29995,1.18197,1.18949,1.17108,1.25054,1.24594,1.3323,1.33115,1.35274,1.40787,1.36894,1.37163,1.35082,1.27391,1.32412,1.19406,1.26203,1.20735,1.29084,1.22175,1.36454,1.32511,1.48272,1.42853,1.46793,1.42113,1.39773,1.31953,1.3691,1.26088,1.31761,1.27947,1.34907,1.2952,1.3126,1.29913,1.33673,1.2447,1.24302,1.19784,1.26392,1.20829,1.26915,1.23307,1.41454,1.3501,1.38438,1.37936,1.35468,1.27584,1.30292,1.22779,1.30106,1.24903,1.35602,1.25434,1.31434,1.3,1.315,1.256,1.27083,1.21175,1.24871,1.20069,1.15267,1.29041,1.29041,1.29041,1.29041,1.29041,1.29041,1.29041,1.29041,1.29041,1.29041,1.29041,1.29041,1.29041,1.29041,1.29041,1.29041,1.29041,1.29041,1.29041,1.29041,1.29041,1.29041,1.29041,1.29041,1.29041,1.29041,1.29041,1.29041,1.29041,1.29041,1.29041,2,0,0
1.01967,0.953167,0.886667,1.44083,1.25242,1.62371,1.34385,1.64726,1.3113,1.25415,1.31424,1.32212,1.39256,1.60511,1.31239,1.60936,1.29235,1.53284,1.34275,1.29204,1.35536,1.27618,1.32526,1.34979,1.31773,1.41253,1.2826,1.32847,1.3514,1.6067,1.33535,1.68734,1.3535,1.31959,1.05879,0.798,0.9975,0.919917,0.842333,0.9975,0.96425,0.969792,1.0834,0.940698,0.798,1.37433,1.197,1.463,1.28567,1.2635,1.34108,1.29121,1.35494,1.54197,1.30298,1.40516,1.41191,1.63696,1.35048,1.34024,1.33512,1.59856,1.30911,1.56339,1.24719,1.59893,1.35363,1.56348,1.33591,1.28862,1.33148,1.30857,1.29712,1.57956,1.27745,1.54756,1.32794,1.39547,1.29624,1.42395,1.28831,1.61949,1.31958,1.59079,1.28306,1.63903,1.35152,1.65109,1.35755,1.65411,1.33689,1.57728,1.32064,1.23665,1.32766,1.26233,1.274,1.28567,1.32996,1.32996,1.32996,1.32996,1.32996,1.32996,1.32996,1.32996,1.32996,1.32996,1.32996,1.32996,1.32996,1.32996,1.32996,1.32996,1.32996,1.32996,1.32996,1.32996,1.32996,1.32996,1.32996,1.32996,1.32996,1.32996,1.32996,1.32996,1.32996,1.32996,1.32996,1.32996,1.32996,1.32996,1.32996,0,0,0
1.55167,1.6625,1.51842,1.57937,1.49902,1.59184,1.48309,1.69471,1.53452,1.23276,1.17055,1.27244,1.47855,1.47078,1.55556,1.55361,1.59697,1.52999,1.65166,1.53516,1.58775,1.50321,1.4831,1.51739,1.49019,1.49876,1.59171,1.50519,1.57276,1.49571,1.52369,1.49335,1.54467,1.4595,1.66075,1.56188,1.57894,1.4988,1.5474,1.52737,1.58385,1.47909,1.69271,1.55569,1.68668,1.55267,1.57434,1.4965,1.54625,1.48246,1.53923,1.47895,1.44881,1.41157,1.41512,1.43906,1.45103,1.45701,1.54867,1.48367,1.51767,1.446,1.56533,1.51417,1.17825,0.842333,1.064,1.08617,1.11942,1.22471,1.58769,1.48101,1.64934,1.55617,1.19925,0.842333,1.17483,1.49625,1.50179,1.46023,1.43945,1.40689,1.50145,1.37139,1.41719,1.48443,1.80622,1.32427,0.842333,1.46325,1.46325,1.46325,1.46325,1.46325,1.46325,1.46325,1.46325,1.46325,1.46325,1.46325,1.46325,1.46325,1.46325,1.46325,1.46325,1.46325,1.46325,1.46325,1.46325,1.46325,1.46325,1.46325,1.46325,1.46325,1.46325,1.46325,1.46325,1.46325,1.46325,1.46325,1.46325,1.46325,1.46325,1.46325,1.46325,1.46325,1.46325,1.46325,1.46325,1.46325,1.46325,1.46325,1.46325,2,0,0
1.10833,1.04183,1.05292,0.925458,0.798,0.9975,1.16375,1.15821,1.13327,1.16514,1.0259,0.886667,1.08617,0.942083,0.798,1.463,1.2635,1.31892,1.12496,1.13881,1.27874,1.06054,0.842333,0.9975,1.07508,1.11387,1.2441,1.08755,1.09794,1.30264,1.05032,0.798,0.953167,0.875583,0.798,1.37433,1.197,1.6625,1.36325,1.81212,1.4824,1.76086,1.4346,1.3823,1.13448,0.886667,1.21917,1.00858,0.798,1.57383,1.34108,1.11387,0.886667,0.9975,1.07508,0.936542,0.798,0.9975,0.942083,0.886667,1.50733,1.33,1.61817,1.34108,1.49071,1.34385,1.09309,0.842333,0.975333,1.197,1.04183,0.886667,0.842333,0.798,0.953167,1.49625,1.25796,1.33831,1.17899,1.14366,1.30333,1.18367,1.16817,1.29342,1.17871,1.14352,1.12593,0.98413,0.842333,1.064,0.931,0.798,1.5295,1.31892,1.10279,0.886667,0.953167,1.42975,1.22471,1.54335,1.21501,0.886667,1.01967,1.5295,1.29675,1.31337,1.33,1.14491,1.14491,1.14491,1.14491,1.14491,1.14491,1.14491,1.14491,1.14491,1.14491,1.14491,1.14491,1.14491,1.14491,1.14491,1.14491,1.14491,1.14491,1.14491,1.14491,1.14491,1.14491,1.14491,1.14491,1.14491,1.14491,4,0,0
1.28567,1.197,1.24133,1.33,1.2635,1.27458,1.36879,1.2829,1.30645,1.34039,1.2687,1.29935,1.07084,0.842333,1.064,1.08617,1.09725,1.21362,1.27181,1.21224,1.27112,1.30056,1.24878,1.31156,1.16561,1.11481,1.17807,1.09887,1.05927,1.19463,1.17365,1.14099,1.2355,1.26058,1.22879,1.2794,1.26036,1.22868,1.32367,1.57067,1.42817,1.26825,1.16613,1.24806,1.33336,1.28735,1.28651,1.44125,1.31913,1.32456,1.34945,1.27322,1.30161,1.11631,1.06799,1.19899,1.08716,1.07558,1.22496,1.21098,1.20399,1.26699,1.32066,1.23667,1.3055,1.27342,1.25737,1.27152,1.18993,1.1048,1.19523,1.10745,1.13006,1.23003,1.23568,1.19417,1.28425,1.30713,1.2299,1.27995,1.26064,1.22882,1.25724,1.18279,1.14556,1.21561,1.31714,1.2349,1.28245,1.37273,1.28486,1.30743,1.42955,1.31327,1.32164,1.21499,1.16166,1.24583,1.11058,1.08729,1.20865,1.20282,1.17774,1.25387,1.35844,1.463,1.23807,1.23807,1.23807,1.23807,1.23807,1.23807,1.23807,1.23807,1.23807,1.23807,1.23807,1.23807,1.23807,1.23807,1.23807,1.23807,1.23807,1.23807,1.23807,1.23807,1.23807,1.23807,1.23807,1.23807,1.23807,1.23807,1.23807,6,5,9
1.463,1.3965,1.49625,1.41312,1.37156,1.35078,1.36256,1.41278,1.43789,1.40611,1.41239,1.45986,1.4171,1.37355,1.37394,1.3963,1.31882,1.43524,1.33829,1.42281,1.39857,1.38645,1.46906,1.44386,1.56426,1.5358,1.47723,1.42578,1.40006,1.40936,1.45835,1.43851,1.49509,1.45688,1.45994,1.39497,1.53982,1.45708,1.4157,1.37285,1.46226,1.4183,1.50715,1.41857,1.59595,1.50731,1.57382,1.54058,1.47962,1.44914,1.41174,1.43737,1.51668,1.42334,1.53184,1.47525,1.46913,1.39956,1.40911,1.43606,1.44953,1.41193,1.50397,1.59432,1.43999,1.4515,1.50158,1.46012,1.39506,1.34036,1.40168,1.38801,1.44767,1.45534,1.437,1.42783,1.46758,1.44313,1.38656,1.40261,1.43281,1.42574,1.4887,1.47585,1.49159,1.49946,1.5699,1.53862,1.63381,1.43757,1.24133,1.44574,1.44574,1.44574,1.44574,1.44574,1.44574,1.44574,1.44574,1.44574,1.44574,1.44574,1.44574,1.44574,1.44574,1.44574,1.44574,1.44574,1.44574,1.44574,1.44574,1.44574,1.44574,1.44574,1.44574,1.44574,1.44574,1.44574,1.44574,1.44574,1.44574,1.44574,1.44574,1.44574,1.44574,1.44574,1.44574,1.44574,1.44574,1.44574,1.44574,1.44574,1.44574,18,9,14
1.28567,1.30783,1.34108,1.35771,1.41035,1.39234,1.11734,0.842333,1.064,0.931,0.798,1.064,1.35217,1.36325,1.56829,1.42698,1.15682,0.886667,1.08617,1.05292,1.12496,1.16098,1.15682,1.11041,1.24237,1.53002,1.40784,1.54625,1.43813,1.6279,1.43462,1.64831,1.44482,1.67558,1.50279,1.54939,1.3732,1.46243,1.44055,1.40744,1.41305,1.39369,1.42835,1.51217,1.46542,1.55288,1.46361,1.44114,1.4299,1.46862,1.44364,1.49765,1.45816,1.54925,1.48396,1.47348,1.40174,1.4102,1.41443,1.39438,1.40653,1.4126,1.39346,1.4504,1.41237,1.39335,1.33951,1.35692,1.34346,1.33673,1.33337,1.35385,1.38626,1.4468,1.36623,1.50328,1.41664,1.46199,1.37383,1.57358,1.42962,1.62365,1.47682,1.64724,1.46646,1.46473,1.3752,1.39693,1.38563,1.37998,1.37716,1.42008,1.35287,1.28567,1.37584,1.37584,1.37584,1.37584,1.37584,1.37584,1.37584,1.37584,1.37584,1.37584,1.37584,1.37584,1.37584,1.37584,1.37584,1.37584,1.37584,1.37584,1.37584,1.37584,1.37584,1.37584,1.37584,1.37584,1.37584,1.37584,1.37584,1.37584,1.37584,1.37584,1.37584,1.37584,1.37584,1.37584,1.37584,1.37584,1.37584,1.37584,1.37584,0,2,0
0.886667,1.10833,1.30783,1.60708,1.40204,1.76502,1.39234,1.36117,1.50075,1.14938,0.798,0.931,1.1305,1.14158,1.12496,1.18315,1.23441,1.1492,1.21743,1.18505,1.12453,1.18293,1.1678,1.20457,1.28945,1.06589,0.842333,1.1305,1.00858,0.886667,1.10833,0.975333,0.842333,1.08617,1.03075,1.00304,1.12219,1.04876,1.12288,1.24861,1.20064,1.11015,1.22008,1.0312,0.842333,1.064,1.44083,1.36325,1.14712,1.12773,1.31753,1.4346,1.67047,1.41157,1.34862,1.09547,0.842333,1.41867,1.24133,1.61817,1.29675,1.31337,1.16652,1.11526,1.20046,1.13223,1.12028,1.20297,1.00049,0.798,1.04183,1.05292,1.03629,1.13881,1.21224,1.07162,1.53331,1.27649,1.23674,1.03954,0.842333,1.04183,1.16375,1.00304,0.842333,1.08617,1.23025,1.41312,1.3494,1.09586,0.842333,1.064,1.064,1.10833,1.197,1.15267,1.1305,1.18592,1.16929,1.13881,1.19007,1.10487,1.06227,1.1518,1.06357,1.04162,1.18581,1.23574,1.28567,1.16002,1.16002,1.16002,1.16002,1.16002,1.16002,1.16002,1.16002,1.16002,1.16002,1.16002,1.16002,1.16002,1.16002,1.16002,1.16002,1.16002,1.16002,1.16002,1.16002,1.16002,1.16002,1.16002,1.16002,12,4,1
1.95067,1.6625,1.65142,1.51287,1.42144,1.48655,1.40828,1.36914,1.17224,0.985118,0.798,1.10833,1.064,0.975333,0.886667,1.197,1.44083,1.36325,1.34662,1.51565,1.37849,1.33208,1.48621,1.3416,1.3358,1.48807,1.3647,1.34735,1.49384,1.43409,1.44854,1.14544,0.842333,1.01967,1.17483,1.42975,1.31337,1.34385,1.09309,0.842333,0.886667,1.15267,0.9975,0.842333,1.04183,1.18592,1.12496,0.961479,0.798,1.08617,0.96425,0.842333,0.975333,1.17483,0.986417,0.798,0.9975,1.18592,1.39096,1.33831,1.37849,1.48724,1.36429,1.34714,1.51591,1.35645,1.36539,1.52503,1.40535,1.36767,1.4375,1.31725,1.32363,1.37115,1.32841,1.37354,1.5291,1.36305,1.34653,1.09443,0.842333,0.798,1.01967,1.28567,1.197,1.24133,1.463,1.30783,1.31892,1.39096,1.22748,1.30091,1.24895,1.15648,1.2654,1.3642,1.25843,1.31638,1.36753,1.23793,1.3283,1.41867,1.25153,1.25153,1.25153,1.25153,1.25153,1.25153,1.25153,1.25153,1.25153,1.25153,1.25153,1.25153,1.25153,1.25153,1.25153,1.25153,1.25153,1.25153,1.25153,1.25153,1.25153,1.25153,1.25153,1.25153,1.25153,1.25153,1.25153,1.25153,1.25153,1.25153,1.25153,14,2,1
1.50733,1.48517,1.34108,1.42421,1.19977,1.28705,1.19769,1.26385,1.29692,1.40213,1.29956,1.38128,1.33347,1.33174,1.3087,1.36368,1.28034,1.37167,1.28434,1.37367,1.374,1.39633,1.45183,1.41308,1.48238,1.40619,1.47893,1.3823,1.42265,1.37632,1.331,1.3305,1.26375,1.31904,1.25802,1.31618,1.27876,1.37088,1.32827,1.5508,1.32957,1.37412,1.37423,1.52945,1.36322,1.52394,1.40481,1.67774,1.43737,1.67185,1.47876,1.60388,1.46694,1.55364,1.46398,1.55216,1.46325,1.64046,1.46306,1.52953,1.42977,1.42422,1.39927,1.43114,1.38057,1.44395,1.36481,1.45824,1.32762,1.43964,1.31832,1.34633,1.316,1.41167,1.26,1.428,1.3125,1.40992,1.34779,1.42756,1.35661,1.52064,1.40315,1.54391,1.45912,1.59406,1.52853,1.49577,1.50155,1.50444,1.43939,1.65069,1.862,1.41617,1.41617,1.41617,1.41617,1.41617,1.41617,1.41617,1.41617,1.41617,1.41617,1.41617,1.41617,1.41617,1.41617,1.41617,1.41617,1.41617,1.41617,1.41617,1.41617,1.41617,1.41617,1.41617,1.41617,1.41617,1.41617,1.41617,1.41617,1.41617,1.41617,1.41617,1.41617,1.41617,1.41617,1.41617,1.41617,1.41617,1.41617,1.41617,1.41617,26,13,10
0.931,1.064,1.37433,1.08617,0.798,1.197,1.04183,0.886667,1.24133,1.33,1.21917,1.45192,1.41312,1.26073,1.0737,0.886667,0.798,0.842333,1.10833,1.24133,1.1305,1.38542,1.33554,1.22194,1.43114,1.38057,1.20012,1.37589,1.13128,0.886667,1.15267,1.17483,1.14158,1.43529,1.36048,1.19007,1.39304,1.36152,1.25709,1.51521,1.17877,0.842333,1.1305,1.05292,1.14712,1.37156,1.10695,0.842333,1.1305,0.986417,0.842333,0.842333,1.2635,1.36325,1.16929,1.40481,1.23441,1.1492,1.41693,1.1518,0.886667,1.24133,1.37433,1.197,1.35217,1.42975,1.29121,1.4436,1.40897,1.21432,1.24999,1.26783,1.16591,1.31446,1.2114,1.31503,1.47768,1.38167,1.26717,1.34292,1.13696,1.16698,1.11549,1.15624,1.11012,1.33089,1.06445,0.798,1.197,1.24133,1.15267,1.04183,0.919917,0.798,0.886667,1.2635,1.25242,1.13604,1.29952,1.42559,1.2448,1.33173,1.46387,1.24177,1.44105,1.64033,1.19834,1.19834,1.19834,1.19834,1.19834,1.19834,1.19834,1.19834,1.19834,1.19834,1.19834,1.19834,1.19834,1.19834,1.19834,1.19834,1.19834,1.19834,1.19834,1.19834,1.19834,1.19834,1.19834,1.19834,1.19834,1.19834,1.19834,14,4,3
1.77333,1.5295,1.56275,1.60154,1.4436,1.3868,1.1589,1.22228,1.01014,0.798,1.01967,1.33,1.30783,1.05292,0.798,1.064,1.197,1.33,1.35217,1.58492,1.36879,1.32723,1.57245,1.38472,1.31303,1.23285,1.01542,0.798,1.01967,1.35217,1.36325,1.34662,1.33831,1.26766,1.32099,1.259,1.27233,1.23467,1.105,0.973667,0.842333,1.08617,0.986417,0.886667,0.886667,1.08617,0.986417,0.886667,0.798,1.04183,1.16375,1.20254,1.2441,1.24272,1.15336,1.24168,1.21934,1.186,1.21367,1.24967,1.22333,1.23233,1.36983,1.23908,1.26238,1.18535,1.12468,1.16084,1.31192,1.21013,1.22573,1.36653,1.23743,1.28372,1.43986,1.29626,1.24663,1.31048,1.16507,1.22537,1.38852,1.27059,1.27813,1.43706,1.31703,1.27918,1.37109,1.28405,1.24052,1.26309,1.18571,1.25786,1.36043,1.32305,1.32652,1.46126,1.39563,1.31848,1.32424,1.21629,1.25098,1.35699,1.29916,1.29241,1.28567,1.23709,1.23709,1.23709,1.23709,1.23709,1.23709,1.23709,1.23709,1.23709,1.23709,1.23709,1.23709,1.23709,1.23709,1.23709,1.23709,1.23709,1.23709,1.23709,1.23709,1.23709,1.23709,1.23709,1.23709,1.23709,1.23709,1.23709,1.23709,2,0,1
0.842333,0.820167,0.798,1.1305,1.00858,0.886667,1.08617,1.40758,1.30229,1.27181,1.03491,0.798,1.08617,1.31892,1.50179,1.3494,1.65003,1.37918,1.66492,1.4088,1.39156,1.40512,1.61139,1.31553,1.6331,1.32638,1.66069,1.34018,1.60109,1.28821,1.64161,1.33064,1.70715,1.38558,1.42429,1.37714,1.64174,1.3307,1.28602,1.33018,1.24142,1.01971,0.798,1.01967,1.08617,1.03075,0.936542,0.842333,1.2635,1.23025,1.61262,1.33831,1.51149,1.33208,1.10937,0.886667,0.886667,1.33,1.30783,1.45192,1.41312,1.50456,1.37295,1.44014,1.4294,1.42404,1.46568,1.46434,1.39717,1.62959,1.32463,1.65981,1.36191,1.10212,0.842333,0.908833,1.07508,0.958708,0.842333,0.886667,1.37433,1.48517,1.23025,1.45746,1.32723,1.39511,1.45122,1.74528,1.38247,1.62224,1.29878,1.60256,1.28895,1.61981,1.3419,1.38028,1.41867,1.2983,1.2983,1.2983,1.2983,1.2983,1.2983,1.2983,1.2983,1.2983,1.2983,1.2983,1.2983,1.2983,1.2983,1.2983,1.2983,1.2983,1.2983,1.2983,1.2983,1.2983,1.2983,1.2983,1.2983,1.2983,1.2983,1.2983,1.2983,1.2983,1.2983,1.2983,1.2983,1.2983,1.2983,1.2983,1.2983,6,7,5
0.798,0.886667,1.17483,1.34108,1.20254,1.35494,1.20947,1.2254,1.45503,1.41468,1.19501,1.35117,1.20759,1.22446,1.01123,0.798,0.886667,1.17483,1.03075,0.886667,1.24133,1.10833,1.197,1.28567,1.04183,0.798,1.1305,1.34108,1.42421,1.2441,1.08755,1.03144,0.981221,1.19994,1.28714,1.50807,1.55203,1.35235,1.18601,1.3245,1.26075,1.20671,1.31269,1.09968,0.886667,1.28567,1.57383,1.45192,1.30229,1.13881,0.968406,0.798,0.842333,0.842333,0.798,1.24133,1.37433,1.30783,1.09725,0.886667,0.798,0.798,0.886667,1.33,1.3965,1.42975,1.53504,1.47685,1.22609,1.14505,1.32619,1.15076,1.12955,1.29627,1.49047,1.60974,1.40337,1.43318,1.20426,1.13413,1.3429,1.20345,1.11156,1.30945,1.56356,1.51328,1.53247,1.5199,1.66878,1.61023,1.38145,1.20056,1.04361,0.886667,1.197,1.35217,1.38542,1.40204,1.10002,0.798,1.1305,1.11942,0.980875,0.842333,1.04183,1.24133,1.20288,1.20288,1.20288,1.20288,1.20288,1.20288,1.20288,1.20288,1.20288,1.20288,1.20288,1.20288,1.20288,1.20288,1.20288,1.20288,1.20288,1.20288,1.20288,1.20288,1.20288,1.20288,1.20288,1.20288,1.20288,1.20288,1.20288,4,1,0
0.886667,0.975333,1.197,1.50733,1.33,1.15267,0.975333,0.798,0.886667,0.798,0.798,0.798,0.798,0.798,0.8645,0.96425,1.28012,1.2164,1.2732,1.1686,1.1163,0.95715,0.798,0.798,0.798,1.17483,1.11942,1.22471,1.14435,1.12634,1.16167,0.979836,0.798,0.953167,1.36325,1.08062,0.798,0.886667,0.975333,1.15267,1.01967,0.886667,0.798,0.953167,0.986417,1.18037,1.43252,1.38126,1.4443,1.43148,1.26991,1.34429,1.33714,1.06757,0.798,0.842333,0.886667,0.798,1.064,0.975333,0.886667,0.886667,1.04183,1.05292,1.01412,1.03906,1.18453,1.07993,1.29363,1.09015,0.886667,0.886667,0.9975,0.89775,0.798,1.01967,1.1305,0.96425,0.798,0.842333,0.886667,0.886667,1.08617,0.942083,0.798,0.886667,0.798,0.886667,0.975333,0.886667,0.798,1.064,1.21917,1.07508,1.31337,1.36602,1.39234,1.58284,1.50075,1.77004,1.30619,0.842333,0.975333,1.21917,1.03075,0.842333,0.886667,0.842333,0.798,1.2635,1.40758,1.36879,1.23856,1.10833,1.05092,1.05092,1.05092,1.05092,1.05092,1.05092,1.05092,1.05092,1.05092,1.05092,1.05092,1.05092,1.05092,1.05092,1.05092,1.05092,1.05092,1.05092,1.05092,4,4,1
0.798,1.01967,1.197,1.15267,1.04183,1.14158,1.32446,1.37156,1.35078,1.07439,0.798,0.798,0.798,0.798,1.04183,1.18592,1.08062,1.11665,1.26766,1.34316,1.33658,1.51062,1.35381,1.20891,1.18079,1.29973,1.40353,1.18943,1.10455,1.32811,1.43989,1.25194,1.02497,0.798,0.798,0.886667,0.931,1.21917,1.05292,0.886667,0.886667,1.15267,1.24133,1.197,1.30783,1.09725,0.886667,0.798,1.10833,1.064,0.9975,1.14158,1.36879,1.4159,1.32861,1.35147,1.45157,1.32429,1.54881,1.21774,0.886667,0.931,1.2635,1.16375,1.02521,0.886667,1.21917,1.07508,0.980875,0.886667,1.17483,1.11942,1.09171,1.16652,1.33693,1.15613,0.999232,0.842333,1.24133,1.197,1.17483,1.34108,1.37987,1.22194,1.00997,0.798,0.798,0.8645,1.16375,1.13604,1.14435,1.28151,1.08409,0.886667,1.197,1.1305,1.18592,1.36879,1.3494,1.29536,1.40135,1.32134,1.12617,1.31675,1.25688,1.2491,1.26739,1.14353,1.0816,1.01967,1.14028,1.14028,1.14028,1.14028,1.14028,1.14028,1.14028,1.14028,1.14028,1.14028,1.14028,1.14028,1.14028,1.14028,1.14028,1.14028,1.14028,1.14028,1.14028,1.14028,1.14028,1.14028,1.14028,0,3,2
0.886667,0.798,1.064,0.931,0.798,0.798,1.064,1.17483,1.07508,1.20254,1.3106,1.1873,1.30298,1.13916,1.01291,0.886667,1.10833,1.08617,1.11942,1.24687,1.2441,1.24272,1.02036,0.798,0.798,0.842333,1.17483,1.47408,1.64587,1.48794,1.43114,1.4914,1.32203,1.43685,1.20609,1.22371,1.18819,1.34776,1.22805,1.14602,1.32668,1.32834,1.2405,1.32958,1.48496,1.36315,1.39091,1.18312,1.16789,1.24895,1.08997,0.943987,0.798,1.10833,1.17483,0.986417,0.798,1.064,1.197,1.04183,0.886667,1.10833,1.04183,1.07508,1.29121,1.39927,1.23164,1.36948,1.10591,0.842333,1.04183,1.29675,1.20254,1.3106,1.1873,1.10348,1.26108,1.14037,1.08002,1.22718,1.30075,1.22671,1.18969,1.30418,1.27276,1.03538,0.798,1.08617,1.23025,1.16929,1.29398,1.06816,0.842333,0.842333,1.10833,1.30783,1.23025,1.28012,1.2164,1.11803,1.31268,1.32134,1.05967,0.798,1.1305,1.38542,1.26904,1.29952,1.33,1.15815,1.15815,1.15815,1.15815,1.15815,1.15815,1.15815,1.15815,1.15815,1.15815,1.15815,1.15815,1.15815,1.15815,1.15815,1.15815,1.15815,1.15815,1.15815,1.15815,1.15815,1.15815,1.15815,1.15815,10,8,4
1.68467,1.3965,1.27458,1.03629,0.798,0.798,1.1305,1.14158,1.39096,1.55998,1.31199,1.47616,1.29225,1.28896,1.04348,0.798,0.798,1.197,1.44083,1.34108,1.35771,1.47685,1.69159,1.4443,1.52015,1.33641,1.5327,1.32052,1.08143,0.842333,0.931,1.10833,1.48517,1.51842,1.15821,0.798,0.842333,1.21917,1.07508,1.02521,1.00027,1.20947,1.40273,1.36637,1.54768,1.35018,1.07409,0.798,1.01967,1.04183,1.16375,1.37987,1.26627,1.16514,1.0259,0.886667,0.975333,0.931,0.886667,1.33,1.33,1.30783,1.18592,1.03629,0.886667,1.197,1.48517,1.40758,1.56829,1.55998,1.40066,1.16583,1.13708,1.05621,0.971437,0.886667,1.064,0.931,0.798,0.886667,1.064,1.24133,1.33,1.10833,0.886667,0.9975,1.40758,1.36879,1.23856,1.10695,0.974641,0.842333,1.197,1.44083,1.29675,1.46854,1.46577,1.48655,1.36394,1.4578,1.28307,1.15137,0.974684,0.798,1.19229,1.19229,1.19229,1.19229,1.19229,1.19229,1.19229,1.19229,1.19229,1.19229,1.19229,1.19229,1.19229,1.19229,1.19229,1.19229,1.19229,1.19229,1.19229,1.19229,1.19229,1.19229,1.19229,1.19229,1.19229,1.19229,1.19229,1.19229,1.19229,14,6,4
1.41867,1.30783,1.07508,0.842333,0.842333,1.1305,1.31892,1.05846,0.798,0.886667,1.24133,1.21917,1.27458,1.25796,1.29398,1.26766,1.03283,0.798,0.798,1.01967,0.908833,0.798,1.15267,1.17483,1.07508,1.29121,1.06677,0.842333,1.197,1.33,1.35217,1.49625,1.41312,1.10556,0.798,0.798,0.798,0.798,0.798,0.886667,1.28567,1.30783,1.05292,0.798,1.04183,0.96425,0.886667,1.10833,1.04183,1.09725,1.21362,1.00581,0.798,1.10833,1.30783,1.47408,1.44637,1.16652,0.886667,1.064,0.975333,0.886667,0.798,1.30783,1.31892,1.14712,0.972562,0.798,0.798,0.886667,0.798,0.798,0.931,1.08617,1.23025,1.14712,1.30506,1.51703,1.42352,1.13292,0.842333,1.61817,1.25242,0.886667,1.197,1.30783,1.09725,0.886667,1.197,1.064,1.064,0.931,0.798,0.798,0.798,1.15267,0.975333,0.798,0.886667,1.30783,1.40758,1.10279,0.798,1.10833,0.9975,0.886667,1.21917,1.42975,1.49071,1.54335,1.21501,0.886667,1.08233,1.08233,1.08233,1.08233,1.08233,1.08233,1.08233,1.08233,1.08233,1.08233,1.08233,1.08233,1.08233,1.08233,1.08233,1.08233,1.08233,1.08233,1.08233,1.08233,1.08233,20,5,2
1.596,1.70683,1.40758,1.12496,0.842333,0.908833,0.875583,0.842333,1.15267,1.35217,1.38542,1.11387,0.842333,1.1305,1.36325,1.28012,1.30506,1.4062,1.34593,1.27147,1.27857,1.19345,1.21739,1.2737,1.23535,1.23834,1.17334,1.03,0.886667,0.798,1.08617,1.09725,1.16929,1.13881,1.25657,1.31545,1.32273,1.34853,1.33926,1.26813,1.32123,1.45862,1.39431,1.38432,1.46799,1.4655,1.15392,0.842333,0.842333,1.10833,1.44083,1.51842,1.26904,1.18869,1.34801,1.13951,1.12392,1.27129,1.05681,0.842333,1.1305,0.96425,0.798,0.820167,0.842333,1.1305,1.31892,1.08062,0.842333,1.1305,0.986417,0.842333,1.21917,1.03075,0.842333,1.17483,1.00858,0.842333,1.17483,1.00858,0.842333,1.17483,1.45192,1.50179,1.43806,1.51703,1.49002,1.27701,1.104,1.10617,1.06292,1.08563,1.16348,1.09157,0.966953,0.842333,1.08617,1.34108,1.44637,1.58769,1.34801,1.09517,0.842333,1.15267,1.41867,1.68467,1.17798,1.17798,1.17798,1.17798,1.17798,1.17798,1.17798,1.17798,1.17798,1.17798,1.17798,1.17798,1.17798,1.17798,1.17798,1.17798,1.17798,1.17798,1.17798,1.17798,1.17798,1.17798,1.17798,1.17798,1.17798,1.17798,1.17798,12,5,7
1.15267,1.35217,1.31892,1.23579,1.37156,1.08478,0.798,0.908833,0.853417,0.798,0.886667,1.01967,1.21917,1.38542,1.31337,1.36602,1.08201,0.798,0.798,1.1305,1.09725,0.991958,0.886667,1.197,0.9975,0.798,0.842333,0.820167,0.798,0.798,1.064,1.08617,1.29675,1.26904,1.25519,1.29259,1.3113,1.43148,1.24774,1.02287,0.798,1.15267,0.975333,0.798,0.931,1.21917,1.11942,1.26904,1.23302,1.01551,0.798,1.064,1.01967,1.17483,0.986417,0.798,0.798,0.798,0.798,0.798,0.798,1.10833,1.15267,1.28567,1.17483,0.986417,0.798,0.886667,0.9975,0.986417,1.02521,0.911604,0.798,0.886667,0.798,0.953167,1.23025,1.05846,0.886667,1.10833,1.2635,1.11942,0.980875,0.842333,1.04183,1.23025,1.30229,1.24965,1.04599,0.842333,0.842333,1.197,1.41867,1.30783,1.07508,0.842333,0.886667,0.886667,0.798,0.798,0.798,1.01967,1.04183,1.00858,1.25796,1.38265,1.37849,1.13258,0.886667,0.798,0.798,0.798,1.064,1.17483,0.986417,0.798,0.842333,0.886667,1.032,1.032,1.032,1.032,1.032,1.032,1.032,1.032,1.032,1.032,1.032,1.032,1.032,1.032,1.032,4,1,3
1.463,0.842333,1.15267,1.197,1.17483,1.36325,1.39096,1.31615,1.34524,1.33762,1.20081,1.30974,1.0982,0.886667,1.17483,1.31892,1.21362,1.00581,0.798,0.842333,1.1305,1.31892,1.25796,1.33831,1.44499,1.18799,1.14816,1.32775,1.08504,0.842333,1.17483,1.23025,1.14712,1.3494,1.3397,1.29052,1.35459,1.49746,1.34723,1.38295,1.33431,1.26565,1.34216,1.44691,1.32196,1.43681,1.44991,1.36779,1.41539,1.35053,1.2516,1.33513,1.33257,1.19828,1.37497,1.39682,1.31908,1.30237,1.11669,0.957343,0.798,1.1305,1.14158,1.16929,1.29398,1.11249,1.13258,1.25346,1.22523,1.21111,1.33706,1.26703,1.18768,1.23667,1.4385,1.40642,1.43471,1.13852,0.842333,0.9975,1.29675,1.35771,1.21085,1.35909,1.25588,1.40377,1.25605,1.04919,0.842333,1.17483,1.18592,1.21362,1.36048,1.41174,1.45954,1.46127,1.43997,1.47365,1.42399,1.33266,1.06533,0.798,1.10833,1.23922,1.23922,1.23922,1.23922,1.23922,1.23922,1.23922,1.23922,1.23922,1.23922,1.23922,1.23922,1.23922,1.23922,1.23922,1.23922,1.23922,1.23922,1.23922,1.23922,1.23922,1.23922,1.23922,1.23922,1.23922,1.23922,1.23922,1.23922,1.23922,1.23922,2,0,0
1.50733,1.5295,1.67358,1.54612,1.2164,0.886667,1.2635,1.29675,1.35771,1.12219,0.886667,1.21917,1.23025,1.23579,1.26073,1.2067,1.26835,1.18834,1.25917,1.18375,1.21254,1.3156,1.23414,1.2599,1.31712,1.32356,1.39328,1.27297,1.45665,1.45983,1.57225,1.47329,1.60114,1.59857,1.59729,1.55231,1.59632,1.55183,1.77341,1.64037,1.21919,0.798,1.10833,1.1305,1.14158,1.28012,1.1499,1.17345,1.31822,1.16895,1.16081,1.3119,1.63128,1.54714,1.72674,1.59487,1.66193,1.58463,1.61248,1.60424,1.57795,1.58698,1.63582,1.54941,1.19587,0.842333,1.1305,1.00858,0.886667,1.15267,1.1305,1.14158,1.32446,1.63756,1.52811,1.18522,0.842333,1.15267,1.463,1.463,1.1305,0.798,1.17483,1.54058,1.47962,1.33831,1.24549,1.39858,1.63029,1.52448,1.31641,1.23454,1.3266,1.48347,1.64033,1.33855,1.33855,1.33855,1.33855,1.33855,1.33855,1.33855,1.33855,1.33855,1.33855,1.33855,1.33855,1.33855,1.33855,1.33855,1.33855,1.33855,1.33855,1.33855,1.33855,1.33855,1.33855,1.33855,1.33855,1.33855,1.33855,1.33855,1.33855,1.33855,1.33855,1.33855,1.33855,1.33855,1.33855,1.33855,1.33855,1.33855,1.33855,8,3,2
1.24133,1.28567,1.2635,1.29675,1.26904,1.25519,1.22609,1.16721,1.20427,1.20064,1.22099,1.20899,1.336,1.2665,1.27608,1.30304,1.27219,1.27893,1.2823,1.19532,1.24049,1.08575,1.20787,1.2246,1.2773,1.21498,1.22816,1.19041,1.17154,1.20644,1.17955,1.18828,1.2148,1.2724,1.25687,1.2491,1.02355,0.798,0.798,0.975333,0.931,0.886667,0.798,1.01967,1.15267,1.197,1.21917,1.23025,1.19146,1.26073,1.29536,1.26835,1.25484,1.31459,1.27796,1.25965,1.20616,1.22375,1.23254,1.28127,1.30563,1.27348,1.03574,0.798,0.798,1.064,1.24133,1.33,1.28567,1.3965,1.29675,1.29121,1.4436,1.3203,1.32515,1.06158,0.798,0.798,1.04183,1.23025,1.30229,1.29398,1.51149,1.39858,1.31996,1.36931,1.30532,1.27333,1.39033,1.31583,1.27858,1.43729,1.33931,1.33466,1.44316,1.34225,1.42479,1.15573,0.886667,1.064,0.9975,1.16375,1.20254,1.08894,1.09864,1.14782,0.972909,0.798,1.19765,1.19765,1.19765,1.19765,1.19765,1.19765,1.19765,1.19765,1.19765,1.19765,1.19765,1.19765,1.19765,1.19765,1.19765,1.19765,1.19765,1.19765,1.19765,1.19765,1.19765,1.19765,1.19765,1.19765,1.19765,2,0,0
1.064,1.10833,1.15267,1.1305,1.14158,1.25796,1.24965,1.24549,1.28774,1.19804,1.19752,1.26376,1.03088,0.798,1.08617,1.03075,1.09171,1.23302,1.25934,1.27251,1.34559,1.07179,0.798,0.798,1.08617,1.25242,1.26904,1.27735,1.12634,1.11734,1.22367,1.18817,1.17042,1.27238,1.30119,1.27126,1.3228,1.41507,1.3282,1.35127,1.25197,1.20232,1.26616,1.05425,0.842333,1.08617,1.03075,1.11387,1.22194,1.2538,1.24757,1.33312,1.10989,0.886667,0.842333,1.1305,1.25242,1.24687,1.28844,1.37572,1.35286,1.34143,1.06971,0.798,1.064,1.24133,1.3965,1.42975,1.35771,1.34385,1.24826,1.28913,1.24307,1.22003,1.29718,1.42442,1.33288,1.33144,1.44155,1.38578,1.35789,1.18878,1.17072,1.25036,1.02418,0.798,1.064,1.15267,1.17483,1.29675,1.35771,1.27735,1.34801,1.33901,1.29017,1.33225,1.19813,1.19756,1.26378,1.29689,1.24695,1.33281,1.42007,1.35287,1.38577,1.41867,1.21008,1.21008,1.21008,1.21008,1.21008,1.21008,1.21008,1.21008,1.21008,1.21008,1.21008,1.21008,1.21008,1.21008,1.21008,1.21008,1.21008,1.21008,1.21008,1.21008,1.21008,1.21008,1.21008,1.21008,1.21008,1.21008,1.21008,8,2,3
1.41867,1.2635,1.36325,1.21362,1.22748,1.32307,1.26004,1.22852,1.34576,1.11621,0.886667,1.17483,1.11942,1.13604,1.32169,1.10418,0.886667,1.17483,1.07508,1.13604,1.29952,1.04876,0.798,1.1305,1.49625,1.50179,1.6819,1.59461,1.19631,0.798,1.1305,1.00858,0.886667,1.197,1.08617,1.11942,1.31337,1.60985,1.51426,1.2448,1.2209,1.34195,1.20297,1.17782,1.32041,1.19221,1.1946,1.3288,1.15207,1.1967,1.30768,1.14151,1.14709,1.32721,1.12911,1.16305,1.29086,1.04443,0.798,1.10833,0.953167,0.798,1.1305,1.00858,0.886667,0.842333,0.798,0.798,0.798,1.15267,1.5295,1.49625,1.21362,1.20531,1.33416,1.15474,1.17587,1.31944,1.65722,1.56011,1.31205,1.23236,1.34768,1.18367,1.19034,1.32667,1.23967,1.21833,1.34067,1.13583,1.16642,1.33688,1.6216,1.5423,1.21448,0.886667,1.17483,1.03075,0.886667,1.197,1.064,1.1305,1.27458,1.08062,0.886667,1.064,1.18976,1.18976,1.18976,1.18976,1.18976,1.18976,1.18976,1.18976,1.18976,1.18976,1.18976,1.18976,1.18976,1.18976,1.18976,1.18976,1.18976,1.18976,1.18976,1.18976,1.18976,1.18976,1.18976,1.18976,1.18976,1.18976,1.18976,0,0,0
1.064,1.10833,1.1305,1.25242,1.20254,1.1776,1.2538,1.24757,1.24445,1.30939,1.23103,1.30268,1.29417,1.22342,1.27671,1.12602,1.11718,1.20142,1.22138,1.23136,1.23634,1.21667,1.2955,1.09108,0.886667,1.10833,1.17483,1.16375,1.24687,1.28844,1.30922,1.20878,1.24722,1.26644,1.25389,1.33628,1.37747,1.22074,1.23103,1.39135,1.29418,1.33425,1.33213,1.28673,1.26403,1.16402,1.11401,1.222,1.2095,1.18108,1.25554,1.15977,1.20055,1.30961,1.0538,0.798,1.15267,1.3965,1.40758,1.59046,1.50456,1.21778,1.16306,1.22436,1.05551,0.886667,1.1305,1.38542,1.42421,1.6431,1.50872,1.30853,1.20843,1.31355,1.54344,1.43672,1.31686,1.3456,1.16047,1.15657,1.26545,1.03172,0.798,1.01967,1.1305,1.18592,1.03629,0.886667,1.15267,1.01967,0.886667,1.17483,1.47408,1.44637,1.63202,1.54751,1.21709,0.886667,1.1305,1.00858,0.886667,1.15267,1.37433,1.596,1.22469,1.22469,1.22469,1.22469,1.22469,1.22469,1.22469,1.22469,1.22469,1.22469,1.22469,1.22469,1.22469,1.22469,1.22469,1.22469,1.22469,1.22469,1.22469,1.22469,1.22469,1.22469,1.22469,1.22469,1.22469,1.22469,1.22469,1.22469,1.22469,0,2,0
1.33,1.30783,1.27458,1.32446,1.26073,1.31753,1.27943,1.30472,1.25086,1.29043,1.26588,1.29794,1.26964,1.29982,1.27058,1.27812,1.25973,1.22836,1.21268,1.24917,1.20092,1.30979,1.23123,1.28062,1.30531,1.47282,1.29058,1.33246,1.33123,1.33061,1.28597,1.37449,1.28574,1.37437,1.33002,1.37434,1.35217,1.38542,1.31338,1.36602,1.30368,1.31684,1.34559,1.33779,1.28956,1.30978,1.27556,1.34711,1.27206,1.32319,1.30443,1.31722,1.32361,1.37114,1.28407,1.3292,1.28527,1.3298,1.30773,1.34103,1.33552,1.37709,1.28705,1.30852,1.23059,1.25813,1.22757,1.32312,1.26006,1.3172,1.30143,1.33788,1.33394,1.28764,1.28665,1.28616,1.24158,1.28579,1.24139,1.26353,1.2746,1.3688,1.2829,1.35078,1.29606,1.31303,1.32151,1.41442,1.26138,1.29569,1.26851,1.29926,1.20379,1.28906,1.17653,1.2976,1.20297,1.31082,1.23174,1.36954,1.17244,0.975333,1.2959,1.2959,1.2959,1.2959,1.2959,1.2959,1.2959,1.2959,1.2959,1.2959,1.2959,1.2959,1.2959,1.2959,1.2959,1.2959,1.2959,1.2959,1.2959,1.2959,1.2959,1.2959,1.2959,1.2959,1.2959,1.2959,1.2959,1.2959,1.2959,1.2959,1.2959,20,6,8
1.15267,1.01967,0.886667,1.10833,0.9975,0.886667,1.21917,1.05292,0.886667,1.1305,1.14158,1.10279,1.30506,1.22886,1.14643,1.23822,1.30627,1.1408,1.32407,1.23837,1.19552,1.32926,1.3518,1.23006,1.25787,1.40477,1.21222,1.22677,1.23405,1.19336,1.26168,1.20717,1.20209,1.39904,1.20936,1.15884,1.20009,1.26504,1.23102,1.34701,1.18334,1.12367,1.3155,1.12325,1.09363,1.18965,1.32632,1.19516,1.28475,1.26304,1.27435,1.23568,1.37151,1.21775,1.27388,1.3241,1.17189,1.27311,1.39022,1.20494,1.33397,1.42065,1.26449,1.29725,1.35796,1.23314,1.25941,1.11737,1.20152,1.22143,1.14271,1.16986,1.31643,1.14588,1.19361,1.35047,1.2294,1.2132,1.38243,1.26755,1.21011,1.49172,1.14486,0.798,1.10833,1.08617,1.16375,1.33554,1.35494,1.1873,1.23648,1.32758,1.24012,1.32939,1.15236,1.17468,1.38534,1.136,0.886667,1.10833,1.21917,1.09725,1.54612,1.52673,1.4727,1.41867,1.2238,1.2238,1.2238,1.2238,1.2238,1.2238,1.2238,1.2238,1.2238,1.2238,1.2238,1.2238,1.2238,1.2238,1.2238,1.2238,1.2238,1.2238,1.2238,1.2238,1.2238,1.2238,1.2238,1.2238,1.2238,1.2238,1.2238,4,5,1
1.15267,0.798,0.908833,0.89775,0.886667,1.064,0.931,0.798,1.01967,0.9975,1.03075,1.26904,1.52119,1.49209,1.49971,1.54786,1.43893,1.38446,1.1134,0.842333,1.04183,0.919917,0.798,1.01967,0.908833,0.798,1.197,1.30783,1.49625,1.36879,1.4159,1.46161,1.35147,1.5624,1.69004,1.44352,1.49759,1.5468,1.39406,1.49503,1.65635,1.40451,1.63325,1.43729,1.31715,1.07974,0.842333,1.30783,1.40758,1.36879,1.1499,1.04045,1.11872,0.958362,0.798,0.931,0.975333,1.10833,1.15267,1.10833,1.1305,1.20808,1.06954,1.06677,0.954552,0.842333,0.798,0.886667,0.842333,0.798,1.064,1.01967,1.04183,1.11942,1.02521,1.13327,1.40897,1.43598,1.47166,1.13483,0.798,0.886667,0.842333,0.798,0.975333,0.886667,0.798,1.08617,1.29675,1.31337,1.41035,1.37018,1.35009,1.31788,1.36827,1.39347,1.4504,1.47887,1.44877,1.38938,1.09369,0.798,0.798,1.064,0.931,0.798,0.798,1.15416,1.15416,1.15416,1.15416,1.15416,1.15416,1.15416,1.15416,1.15416,1.15416,1.15416,1.15416,1.15416,1.15416,1.15416,1.15416,1.15416,1.15416,1.15416,1.15416,1.15416,1.15416,1.15416,1.15416,1.15416,1.15416,18,7,6
1.064,1.30783,1.27458,1.03629,0.798,0.798,1.197,1.15267,1.33,1.28567,1.3965,1.45192,1.54612,1.4824,1.1402,0.798,0.798,1.1305,1.23025,1.23579,1.37156,1.30645,1.34039,1.31303,1.23285,1.39226,1.1838,1.1904,1.17153,1.3616,1.2128,1.3379,1.33395,1.24331,1.37532,1.30833,1.25266,1.35783,1.23308,1.32587,1.2836,1.39547,1.4514,1.4572,1.43793,1.38397,1.40132,1.38783,1.35891,1.38879,1.31506,1.36686,1.2376,1.0178,0.798,0.798,0.975333,1.15267,1.15267,1.17483,1.20808,1.13604,1.23302,1.21501,1.05084,0.886667,0.798,1.15267,1.10833,0.953167,0.798,0.798,1.064,1.197,0.9975,0.798,0.886667,1.24133,1.28567,1.3965,1.36325,1.36879,1.3494,1.42836,1.26835,1.38784,1.33675,1.39988,1.45361,1.5913,1.32765,1.39533,1.274,1.34633,1.2495,1.02375,0.798,0.886667,0.975333,0.886667,0.798,0.931,0.8645,0.798,0.798,0.798,0.886667,1.15267,1.18126,1.18126,1.18126,1.18126,1.18126,1.18126,1.18126,1.18126,1.18126,1.18126,1.18126,1.18126,1.18126,1.18126,1.18126,1.18126,1.18126,1.18126,1.18126,1.18126,1.18126,1.18126,1.18126,1.18126,1.18126,8,3,4
0.975333,0.975333,0.931,0.886667,1.10833,1.04183,0.919917,0.798,0.931,1.1305,1.31892,1.19146,1.1499,1.10695,1.04114,1.05257,1.01395,1.12764,1.27315,1.34591,1.38229,1.37831,1.22116,1.27558,1.30279,1.40506,1.36753,1.2601,1.16205,1.35686,1.12176,0.886667,0.886667,0.886667,0.798,0.975333,0.931,0.886667,0.798,0.798,0.798,0.798,0.886667,0.842333,0.9975,1.03075,1.13604,1.38819,1.13743,0.886667,1.15267,1.15267,0.975333,0.798,0.908833,0.942083,1.11387,0.978104,0.842333,0.798,1.10833,1.2635,1.25242,1.20254,1.1776,1.07647,1.04807,1.18903,0.993517,0.798,0.886667,0.798,0.798,0.886667,0.886667,0.886667,1.21917,1.18592,1.16929,1.07231,1.20116,1.30991,1.34212,1.15873,1.33303,1.19852,1.17559,0.986795,0.798,0.886667,0.842333,0.798,1.2635,1.14158,1.12496,1.05015,1.01274,1.0162,1.1066,0.996634,0.886667,0.886667,1.197,1.10833,1.30783,1.36325,1.21362,1.13881,1.14574,1.19354,1.21743,1.25155,1.22428,1.34364,1.42549,1.50733,1.07773,1.07773,1.07773,1.07773,1.07773,1.07773,1.07773,1.07773,1.07773,1.07773,1.07773,1.07773,1.07773,1.07773,1.07773,1.07773,1.07773,6,2,5
0.975333,0.886667,0.798,0.886667,0.908833,1.03075,1.22471,1.05569,0.886667,1.064,0.931,0.798,0.798,0.798,0.842333,0.886667,1.01967,1.08617,1.11942,1.26904,1.12219,1.13743,1.30021,1.22644,1.05655,0.886667,0.842333,0.798,0.798,0.798,0.798,0.8645,1.00858,1.10279,1.1499,0.973948,0.798,0.798,0.798,0.975333,0.931,0.886667,1.08617,1.03075,0.958708,0.886667,1.1305,0.96425,0.798,1.2635,1.36325,1.59046,1.50456,1.19561,0.886667,1.064,1.15267,1.04183,1.09725,1.25796,1.38265,1.26766,1.21016,1.09275,0.945374,0.798,1.197,1.28567,1.1305,1.18592,1.21362,1.18315,1.16791,1.29329,1.44464,1.36515,1.12591,0.886667,0.975333,0.886667,0.798,0.798,0.798,1.08617,1.16375,1.06954,0.933771,0.798,0.798,0.798,0.975333,0.886667,0.798,1.01967,0.931,0.842333,1.08617,1.34108,1.29121,1.08894,0.886667,0.886667,1.21917,1.36325,1.16929,1.13881,1.01274,0.886667,0.842333,0.9975,0.942083,0.886667,1.197,1.35217,1.11942,0.886667,0.886667,1.03079,1.03079,1.03079,1.03079,1.03079,1.03079,1.03079,1.03079,1.03079,1.03079,1.03079,1.03079,1.03079,1.03079,1.03079,1.03079,14,7,5
1.41867,0.886667,0.886667,1.197,1.2635,1.29675,1.26904,1.21085,1.38126,1.20046,1.19873,1.0427,0.886667,0.798,0.798,0.798,0.798,0.798,0.798,0.798,0.975333,1.064,1.15267,1.24133,1.24133,1.064,0.886667,0.931,1.24133,1.197,1.08617,0.986417,0.886667,0.798,0.931,1.04183,0.942083,0.842333,0.908833,1.03075,1.26904,1.16652,1.20393,1.26696,1.23198,1.14799,1.106,1.085,1.11883,1.18008,1.16637,1.07085,1.08959,1.03246,1.0704,0.934199,0.798,1.21917,1.00858,0.798,0.798,0.842333,0.886667,1.08617,1.03075,1.22471,1.01135,0.798,1.064,1.01967,1.10833,1.2635,1.25242,1.15821,0.978104,0.798,0.798,0.798,0.842333,0.886667,0.798,0.886667,0.931,1.08617,1.11942,1.04737,0.967021,0.886667,0.931,1.197,1.1305,1.09725,1.12496,1.13881,1.19007,1.0827,0.940352,0.798,1.04183,1.09725,0.947625,0.798,0.798,1.064,1.197,1.21917,1.29675,1.22471,1.36602,1.25934,1.11734,1.04634,1.0995,1.12608,1.16154,1.4231,1.24355,1.28678,1.33,1.05277,1.05277,1.05277,1.05277,1.05277,1.05277,1.05277,1.05277,1.05277,1.05277,1.05277,1.05277,1.05277,1.05277,28,7,9
0.886667,1.24133,1.35217,1.20808,1.04737,0.886667,0.798,0.886667,0.975333,0.931,0.886667,1.17483,0.986417,0.798,0.886667,1.15267,1.064,0.931,0.798,0.886667,0.931,0.908833,0.886667,0.953167,0.96425,1.01412,0.994729,0.985031,1.00235,0.922341,0.842333,0.8645,0.886667,0.908833,0.89775,0.886667,0.842333,0.953167,1.00858,0.991958,1.27181,1.16791,0.982953,0.798,0.886667,0.931,0.953167,0.875583,0.798,0.798,0.842333,0.886667,0.798,0.975333,0.886667,0.798,0.842333,0.886667,0.931,0.953167,0.875583,0.798,0.886667,0.953167,1.09725,0.991958,0.886667,0.931,1.21917,1.14158,1.19146,1.39373,1.29536,1.09102,0.886667,0.931,1.04183,0.96425,0.886667,0.842333,0.798,1.17483,1.18592,1.03629,0.886667,0.886667,0.886667,0.931,0.975333,0.953167,0.96425,0.991958,0.939312,0.886667,0.842333,0.886667,1.21917,1.23025,1.10279,1.17206,1.4062,1.5676,1.20497,0.842333,0.886667,0.886667,0.842333,0.798,0.886667,0.798,0.798,1.17483,1.11942,1.18037,0.989187,0.798,0.886667,0.886667,0.931,1.28567,1.1305,0.96425,0.798,0.886667,1.15267,1.41867,0.979858,0.979858,0.979858,0.979858,0.979858,0.979858,0.979858,20,11,6
1.24133,1.37433,1.21917,1.11942,1.09171,1.27735,1.37018,1.12842,0.886667,0.798,1.01967,0.9975,0.942083,0.886667,1.08617,1.03075,1.22471,1.36602,1.10418,0.842333,0.953167,0.875583,0.798,0.798,0.842333,0.886667,0.953167,0.875583,0.798,1.064,1.197,1.17483,0.986417,0.798,0.798,1.01967,1.1305,1.14158,1.32446,1.37156,1.43945,1.22956,1.01378,0.798,1.15267,1.28567,1.3965,1.45192,1.12496,0.798,0.842333,1.064,1.064,1.24133,1.28567,1.064,0.842333,0.975333,1.28567,1.17483,1.29675,1.26904,1.25519,1.04876,0.842333,0.886667,1.15267,1.197,1.04183,0.886667,0.798,0.886667,0.886667,0.886667,0.798,0.886667,1.064,1.01967,0.908833,0.798,1.08617,1.03075,0.914375,0.798,1.15267,1.10833,1.35217,1.31892,1.36879,1.30506,1.22886,1.05777,0.886667,0.886667,1.064,1.064,1.1305,1.25242,1.24687,1.19977,1.39789,1.40828,1.47997,1.36065,1.43399,1.33766,1.06783,0.798,0.798,0.820167,0.842333,0.9975,0.89775,0.798,0.798,1.06802,1.06802,1.06802,1.06802,1.06802,1.06802,1.06802,1.06802,1.06802,1.06802,1.06802,1.06802,1.06802,1.06802,1.06802,1.06802,1.06802,1.06802,16,5,5
1.24133,0.798,0.9975,0.89775,0.798,0.886667,0.842333,0.798,0.798,0.820167,0.842333,0.798,0.798,0.798,0.798,1.15267,1.35217,1.29675,1.22471,1.01135,0.798,0.798,1.08617,1.25242,1.37987,1.3106,1.0543,0.798,0.886667,1.17483,1.25242,1.37987,1.3106,1.0543,0.798,0.842333,0.8645,0.886667,0.886667,0.886667,0.886667,0.798,0.798,0.798,0.798,0.798,0.798,0.798,1.08617,1.03075,1.00304,0.989187,0.98226,0.89013,0.798,0.975333,1.30783,1.40758,1.28012,1.2164,1.36186,1.3016,1.3823,1.33398,1.35416,1.43075,1.35821,1.3441,1.42572,1.42219,1.46476,1.28655,1.44127,1.4078,1.1029,0.798,0.798,0.798,0.798,0.975333,0.953167,1.03075,1.09171,1.36602,1.30368,1.49417,1.36775,1.50404,1.52785,1.51759,1.3573,1.47665,1.31466,1.411,1.34833,1.5165,1.33458,1.11062,0.886667,1.197,1.37433,1.61817,1.29675,1.35771,1.43252,1.35909,1.10071,0.842333,0.886667,0.886667,0.886667,1.10655,1.10655,1.10655,1.10655,1.10655,1.10655,1.10655,1.10655,1.10655,1.10655,1.10655,1.10655,1.10655,1.10655,1.10655,1.10655,1.10655,1.10655,1.10655,1.10655,1.10655,1.10655,14,7,8
1.24133,1.1305,1.23025,1.28012,1.26073,1.11803,1.17968,1.12184,1.13725,1.21146,1.04906,0.886667,1.01967,0.9975,1.07508,1.29121,1.15544,1.06539,1.19769,1.13085,1.18609,1.16938,1.02802,0.886667,0.931,0.953167,1.14158,0.969792,0.798,0.886667,1.2635,1.38542,1.35771,1.16652,1.07093,0.978797,0.886667,1.08617,1.29675,1.04737,0.798,0.798,0.798,1.10833,1.064,1.064,1.17483,1.47408,1.51287,1.62094,1.29814,1.20323,1.22228,1.05448,0.886667,0.886667,0.886667,0.931,1.10833,0.9975,0.886667,0.798,0.798,1.15267,1.064,1.01967,1.28567,1.2635,1.07508,0.886667,0.798,0.886667,0.931,1.17483,1.11942,1.02521,1.22194,1.09864,0.948318,0.798,0.931,0.953167,1.20808,1.00304,0.798,1.01967,0.908833,0.798,1.15267,1.30783,1.05292,0.798,0.798,0.886667,0.886667,0.886667,1.197,1.33,1.33,1.10833,0.886667,0.886667,0.886667,0.886667,1.1305,1.16375,1.15821,1.02244,0.886667,0.9975,0.96425,1.16929,1.11665,1.04599,0.921995,0.798,0.886667,1.05601,1.05601,1.05601,1.05601,1.05601,1.05601,1.05601,1.05601,1.05601,1.05601,1.05601,1.05601,1.05601,1.05601,1.05601,1.05601,12,9,9
1.064,1.1305,0.96425,0.798,0.931,0.953167,0.875583,0.798,1.15267,1.24133,1.15267,1.24133,1.3965,1.54058,1.39096,1.09448,0.798,1.04183,0.919917,0.798,1.15267,1.33,1.064,0.798,0.798,0.798,0.798,1.15267,1.064,1.01967,1.10833,1.04183,1.20808,1.15821,1.06677,1.10972,1.10903,0.997846,0.886667,1.01967,1.04183,1.03075,0.958708,0.886667,0.798,0.798,0.798,0.842333,0.886667,1.197,1.30783,1.05292,0.798,0.886667,1.10833,1.37433,1.2635,1.03075,0.798,0.798,0.798,0.798,1.064,0.931,0.798,0.798,1.15267,1.30783,1.31892,1.41312,1.32723,1.06261,0.798,0.842333,0.8645,0.886667,0.886667,0.931,0.8645,0.798,0.931,0.908833,0.886667,0.886667,0.798,0.798,0.953167,0.875583,0.798,1.15267,1.33,1.30783,1.40758,1.32446,1.4159,1.32861,1.46231,1.32965,1.10816,0.886667,0.798,0.798,0.798,1.08617,1.20808,1.18037,1.34385,1.44776,1.30021,1.22644,1.01222,0.798,0.798,0.8645,0.875583,0.886667,0.886667,0.886667,1.02836,1.02836,1.02836,1.02836,1.02836,1.02836,1.02836,1.02836,1.02836,1.02836,1.02836,1.02836,1.02836,1.02836,1.02836,8,2,2
1.01967,0.842333,0.953167,1.45192,1.30229,1.29398,1.04599,0.798,0.9975,1.00858,1.10279,1.17206,1.0737,1.13535,1.14401,0.993171,0.842333,0.9975,0.96425,1.08062,1.11665,1.02382,1.17691,1.25346,1.15873,1.1557,1.24285,1.06476,0.886667,1.01967,0.9975,1.03075,1.13604,1.10002,1.05984,1.19492,1.12946,1.1189,1.22445,1.14422,1.14845,1.28356,1.04078,0.798,0.9975,0.942083,0.886667,1.064,0.931,0.798,1.04183,1.00858,0.991958,1.16098,1.06816,1.08824,1.16479,1.07006,1.11136,1.17635,1.00934,0.842333,1.04183,0.919917,0.798,1.1305,0.96425,0.798,1.1305,1.05292,1.01412,1.23856,1.01828,0.798,0.842333,0.886667,0.842333,1.04183,0.919917,0.798,1.10833,1.04183,0.986417,1.15821,1.06677,1.06539,1.19769,1.13085,1.11959,1.31346,1.05573,0.798,0.798,0.798,0.953167,1.14158,0.969792,0.798,1.01967,0.9975,1.00858,1.12496,1.05015,1.05707,1.52604,1.33935,1.24601,1.022,0.798,1.01967,0.975333,0.975333,1.15267,1.01967,0.886667,1.10833,1.08617,1.03075,0.914375,0.798,1.04143,1.04143,1.04143,1.04143,1.04143,1.04143,1.04143,1.04143,1.04143,1.04143,1.04143,1.04143,1.04143,18,5,5
1.15267,1.08617,0.986417,0.886667,0.842333,0.886667,0.908833,0.875583,0.842333,0.842333,1.24133,1.04183,0.842333,0.842333,0.820167,0.798,0.9975,0.942083,0.886667,1.064,0.975333,0.886667,1.01967,0.908833,0.798,1.01967,1.04183,1.00858,1.25796,1.07231,0.886667,0.886667,1.197,0.9975,0.798,0.798,1.17483,1.03075,0.886667,0.798,0.798,0.798,1.064,0.953167,0.842333,1.04183,0.919917,0.798,1.10833,0.953167,0.798,0.886667,0.886667,0.886667,1.064,0.975333,0.886667,0.975333,0.953167,1.18592,0.991958,0.798,0.798,0.798,0.798,1.04183,1.09725,0.991958,0.886667,1.064,1.01967,0.9975,1.16375,0.980875,0.798,1.01967,0.975333,1.1305,1.14158,1.16929,1.07231,1.20116,1.08824,0.943122,0.798,1.1305,1.34108,1.46854,1.26627,1.16514,1.0924,1.12253,1.04893,1.05647,1.19323,1.08428,1.02981,1.06907,1.06654,1.06527,1.10897,0.953484,0.798,1.01967,0.931,0.842333,1.04183,0.96425,0.886667,1.197,1.08617,1.00858,1.16929,1.11665,1.13466,1.23233,1.10383,1.08392,1.14046,0.969229,0.798,1.15267,0.997607,0.997607,0.997607,0.997607,0.997607,0.997607,0.997607,0.997607,0.997607,0.997607,0.997607,10,5,7
1.37433,1.21917,1.38542,1.20254,1.19977,1.26489,1.25311,1.24722,1.26644,1.27606,1.30303,1.25001,1.33434,1.2435,1.19809,1.26404,1.23052,1.21376,1.20538,1.22336,1.23235,1.28117,1.26125,1.25129,1.24631,1.24382,1.22041,1.23087,1.2361,1.19438,1.17353,1.18526,1.19113,1.12757,1.16228,1.11314,1.17724,1.12062,1.22531,1.10032,1.23733,1.15066,1.28467,1.21867,1.363,1.30217,1.27175,1.36737,1.34869,1.29501,1.22384,1.27692,1.25913,1.22806,1.25686,1.22693,1.21197,1.20448,1.17857,1.20995,1.18131,1.21132,1.15983,1.20058,1.17662,1.20898,1.22516,1.23324,1.37029,1.17281,1.18491,1.23529,1.19398,1.23982,1.32924,1.19662,1.30764,1.27449,1.23574,1.28287,1.21777,1.27388,1.30194,1.24947,1.26757,1.23228,1.21464,1.22799,1.19033,1.19366,1.19533,1.174,1.16333,1.158,1.19967,1.154,1.19767,1.13083,1.18608,1.12504,1.18319,1.12359,1.1603,1.15648,1.28757,1.13145,0.975333,1.22372,1.22372,1.22372,1.22372,1.22372,1.22372,1.22372,1.22372,1.22372,1.22372,1.22372,1.22372,1.22372,1.22372,1.22372,1.22372,1.22372,1.22372,1.22372,1.22372,1.22372,1.22372,1.22372,1.22372,1.22372,1.22372,12,7,6
0.886667,0.798,0.931,0.8645,0.798,0.798,0.798,0.798,0.886667,0.886667,0.886667,0.842333,0.798,0.798,0.886667,0.798,0.798,0.975333,0.886667,0.798,0.886667,0.886667,0.886667,0.842333,0.798,0.798,0.798,0.798,0.798,0.798,0.798,1.17483,1.16375,1.20254,1.3106,1.1873,1.28082,1.30541,1.3177,1.41252,1.19393,1.01813,0.842333,1.197,0.9975,0.798,0.798,1.15267,1.064,1.30783,1.09725,0.886667,0.798,0.842333,0.9975,1.23025,1.41312,1.23856,1.37295,1.26281,1.27424,1.32429,1.26064,1.02932,0.798,0.798,0.931,0.886667,0.842333,0.9975,0.942083,0.886667,0.798,1.08617,1.25242,1.33554,1.33277,1.10972,0.886667,0.798,0.842333,0.886667,0.842333,0.798,0.886667,1.064,0.953167,0.842333,0.798,0.798,0.798,0.798,0.798,0.798,0.931,0.953167,0.919917,0.886667,0.798,0.798,1.17483,1.11942,1.31337,1.18869,1.39234,1.22817,1.43425,1.24913,1.0679,0.886667,0.798,0.842333,0.886667,0.9975,0.89775,0.798,1.04183,1.38542,1.26904,1.34385,1.27043,1.197,0.995153,0.995153,0.995153,0.995153,0.995153,0.995153,0.995153,0.995153,0.995153,0.995153,0.995153,18,6,5
1.01967,1.15267,1.197,1.197,1.21917,1.05292,0.886667,1.44083,1.36325,1.36879,1.32723,1.21778,1.25172,1.02486,0.798,0.798,1.01967,0.953167,0.886667,0.842333,1.064,1.28567,1.24133,1.28567,1.10833,1.17483,1.25242,1.15821,1.15544,1.24272,1.04253,0.842333,1.463,1.30783,1.54058,1.43529,1.73731,1.48932,1.40966,1.61366,1.71567,1.4785,1.78108,1.46687,1.44277,1.23122,1.21411,1.09472,0.946361,0.798,0.798,1.04183,1.00858,1.08062,1.16098,1.06816,1.06608,1.19804,1.13102,1.09751,1.25809,1.18321,1.16794,1.2933,1.13432,1.14349,1.28108,1.03954,0.798,1.41867,1.2635,1.29675,1.13604,1.10002,1.17068,0.984339,0.798,1.064,0.931,0.798,1.01967,1.21917,1.18592,1.25796,1.33831,1.28982,1.33208,1.19804,1.17535,1.25268,1.15834,1.19984,1.26492,1.20879,1.22506,1.34403,1.29268,1.22267,1.232,1.10367,1.1725,1.25125,1.15763,1.13298,1.27582,1.12558,1.22779,1.33,1.1865,1.1865,1.1865,1.1865,1.1865,1.1865,1.1865,1.1865,1.1865,1.1865,1.1865,1.1865,1.1865,1.1865,1.1865,1.1865,1.1865,1.1865,1.1865,1.1865,1.1865,1.1865,1.1865,1.1865,1.1865,6,0,1
1.064,0.798,1.01967,1.04183,1.18592,1.16929,1.11665,1.11249,1.04391,0.920956,0.798,0.886667,0.798,0.975333,0.9975,1.20808,1.18037,1.03352,0.886667,1.10833,1.10833,1.21917,1.23025,1.23579,1.23856,1.19561,1.26281,1.18557,1.08045,1.20523,1.37845,1.28772,1.10936,1.10885,0.997757,0.886667,0.931,0.8645,0.798,0.798,0.9975,0.942083,0.886667,0.975333,0.975333,1.15267,1.04183,1.05292,0.969792,0.886667,1.01967,0.908833,0.798,0.842333,0.798,0.975333,0.886667,0.798,1.064,1.08617,1.29675,1.18037,1.21085,1.00443,0.798,0.886667,0.798,1.064,1.10833,1.17483,1.07508,1.06954,1.0446,1.00997,1.08132,1.11699,1.00183,0.886667,1.08617,0.986417,0.886667,0.886667,1.01967,0.9975,1.11942,1.29121,1.13327,1.1873,1.08132,0.983992,0.886667,0.953167,1.11942,0.980875,0.842333,0.886667,0.842333,0.798,1.10833,1.35217,1.14158,1.14712,1.0169,0.886667,1.01967,1.04183,1.09725,1.08062,1.11665,1.17899,1.16583,1.09275,0.989707,0.886667,1.15267,0.975333,0.798,0.798,0.931,1.21917,1.50733,1.03311,1.03311,1.03311,1.03311,1.03311,1.03311,1.03311,1.03311,1.03311,1.03311,1.03311,1.03311,12,3,4
0.886667,0.842333,0.798,1.10833,1.21917,1.00858,0.798,1.01967,0.908833,0.798,1.01967,1.08617,1.03075,1.02521,1.13327,1.0543,1.05915,1.06158,1.01845,1.17423,1.40728,1.10264,0.798,1.064,0.975333,0.886667,1.064,0.953167,0.842333,0.9975,0.919917,0.842333,1.04183,0.96425,0.886667,0.953167,0.919917,0.886667,0.842333,0.798,1.01967,1.463,1.44083,1.11942,0.798,0.886667,0.9975,0.942083,0.886667,1.064,0.931,0.798,1.10833,0.975333,0.842333,1.08617,1.07508,1.09171,1.16652,1.07093,1.06746,1.1544,0.976199,0.798,1.04183,1.00858,0.991958,1.20531,1.04599,0.886667,1.21917,1.00858,0.798,1.197,1.3965,1.25242,1.02521,0.798,1.01967,1.01967,1.04183,1.27458,1.08062,0.886667,0.886667,0.8645,0.842333,1.10833,1.197,1.01967,0.842333,0.9975,1.03075,0.980875,1.0446,1.20947,1.0259,0.842333,1.28567,1.2635,1.25242,1.40204,1.18869,1.03768,0.886667,0.842333,0.798,0.798,0.886667,0.8645,0.842333,0.953167,0.875583,0.798,0.842333,0.886667,0.842333,0.9975,1.15267,1.00624,1.00624,1.00624,1.00624,1.00624,1.00624,1.00624,1.00624,1.00624,1.00624,1.00624,1.00624,1.00624,1.00624,18,7,12
1.24133,0.842333,1.064,1.197,1.15267,1.28567,1.2635,1.18592,1.23579,1.30506,1.18453,1.25727,1.3158,1.21207,1.31537,1.41135,1.23767,1.3725,1.17392,1.18546,1.25773,1.3382,1.24543,1.28772,1.22019,1.1421,1.25821,1.02811,0.798,1.04183,0.96425,0.886667,1.15267,0.975333,0.798,1.064,1.48517,1.45192,1.12496,0.798,1.10833,1.04183,1.18592,1.30229,1.20531,1.22332,1.27666,1.259,1.20583,1.00192,0.798,0.798,0.886667,1.2635,1.03075,0.798,0.886667,0.842333,0.798,1.064,0.975333,0.886667,1.10833,1.15267,1.15267,1.21917,1.25242,1.22471,1.27735,1.12634,1.13951,1.21259,1.18263,1.18981,1.32641,1.23954,1.24043,1.28522,1.32978,1.24122,1.28561,1.21914,1.23024,1.28012,1.30506,1.2732,1.3016,1.29363,1.26748,1.29874,1.2257,1.32219,1.28176,1.26155,1.20711,1.24639,1.28819,1.1761,1.25305,1.33586,1.24426,1.28713,1.30857,1.25278,1.29139,1.22203,1.18735,1.15267,1.17403,1.17403,1.17403,1.17403,1.17403,1.17403,1.17403,1.17403,1.17403,1.17403,1.17403,1.17403,1.17403,1.17403,1.17403,1.17403,1.17403,1.17403,1.17403,1.17403,1.17403,1.17403,1.17403,1.17403,1.17403,10,3,6
0.931,0.886667,0.842333,0.953167,0.89775,0.842333,0.886667,1.01967,0.9975,1.45192,1.28012,1.3494,1.31753,1.45677,1.30472,1.42819,1.3791,1.59838,1.39769,1.20868,1.06984,1.24425,1.28713,1.1534,1.3747,1.26368,1.34117,1.44642,1.54338,1.50319,1.23926,1.19596,1.10782,1.48491,1.29662,1.46848,1.31057,1.36462,1.28081,1.3719,1.28445,1.44023,1.34078,1.69006,1.35486,1.71926,1.36947,1.46057,1.32878,1.30722,1.14128,1.43514,1.27174,1.32303,1.10485,0.886667,1.01967,0.975333,1.04183,1.20808,1.04737,0.886667,0.975333,0.931,0.886667,1.17483,1.23025,1.32446,1.30506,1.4727,1.42352,1.55409,1.44205,1.43036,1.38018,1.42159,1.26496,1.40831,1.34699,1.42716,1.26775,1.36537,1.17035,1.29451,1.17926,1.43196,1.24798,1.37766,1.1765,1.31975,1.28054,1.3496,1.31764,1.56765,1.36016,1.30075,1.04937,0.798,1.15267,1.28567,1.3965,1.23025,1.064,1.26018,1.26018,1.26018,1.26018,1.26018,1.26018,1.26018,1.26018,1.26018,1.26018,1.26018,1.26018,1.26018,1.26018,1.26018,1.26018,1.26018,1.26018,1.26018,1.26018,1.26018,1.26018,1.26018,1.26018,1.26018,1.26018,1.26018,1.26018,1.26018,1.26018,8,7,5
0.886667,1.10833,1.28567,1.41867,1.37433,1.3965,1.47408,1.37987,1.13327,0.886667,1.01967,0.908833,0.798,1.01967,0.953167,0.886667,1.24133,1.21917,1.16375,1.11387,1.15544,1.15405,1.04253,1.05326,1.2138,1.29407,1.3342,1.3321,1.26455,1.43027,1.57964,1.41049,1.28158,1.08412,0.886667,1.064,0.953167,0.842333,0.886667,1.17483,1.20808,1.40204,1.32169,1.08201,0.842333,1.2635,1.38542,1.24687,1.1111,1.13189,1.27528,1.36914,1.37174,1.48387,1.45127,1.4793,1.62632,1.41166,1.43733,1.428,1.29033,1.19933,1.26467,1.36383,1.36908,1.43821,1.33977,1.44572,1.47653,1.3811,1.37771,1.42036,1.61901,1.40801,1.65717,1.36058,1.34529,1.35981,1.12324,0.886667,1.10833,1.197,1.30783,1.25242,1.35771,1.32169,1.52534,1.29467,1.29017,1.24358,1.22029,1.29731,1.26932,1.25533,1.24833,1.24483,1.24308,1.19787,1.24177,1.19722,1.24144,1.01972,0.798,1.24208,1.24208,1.24208,1.24208,1.24208,1.24208,1.24208,1.24208,1.24208,1.24208,1.24208,1.24208,1.24208,1.24208,1.24208,1.24208,1.24208,1.24208,1.24208,1.24208,1.24208,1.24208,1.24208,1.24208,1.24208,1.24208,1.24208,1.24208,1.24208,1.24208,8,4,2
1.064,0.975333,0.886667,1.15267,0.975333,0.798,1.064,0.975333,0.886667,1.064,1.35217,1.62925,1.34662,1.47131,1.24549,1.66458,1.36429,1.56881,1.29424,1.37862,1.33214,1.5749,1.38595,1.18064,1.21099,1.13749,1.41108,1.32621,1.37244,1.28472,1.37386,1.3076,1.4518,1.3244,1.4602,1.28427,1.37363,1.26315,1.49607,1.28004,1.65969,1.36184,1.34592,1.07196,0.798,1.30783,1.14158,1.41312,1.23856,1.61678,1.31822,1.56795,1.31597,1.58899,1.39299,1.58316,1.36791,1.26029,1.11781,1.09091,1.25479,1.02639,0.798,1.33,1.21917,1.54058,1.25796,1.55998,1.33416,1.46508,1.30887,1.62977,1.30255,1.71528,1.3453,1.29332,1.11216,1.04375,1.51937,1.29169,1.33301,1.30934,1.40834,1.36917,1.10575,0.842333,0.975333,1.44083,1.25242,1.46854,1.2441,1.50872,1.26419,1.47443,1.20271,1.55452,1.3536,1.4748,1.596,1.30379,1.30379,1.30379,1.30379,1.30379,1.30379,1.30379,1.30379,1.30379,1.30379,1.30379,1.30379,1.30379,1.30379,1.30379,1.30379,1.30379,1.30379,1.30379,1.30379,1.30379,1.30379,1.30379,1.30379,1.30379,1.30379,1.30379,1.30379,1.30379,1.30379,1.30379,1.30379,1.30379,1.30379,0,1,2
1.28567,1.35217,1.07508,0.798,1.1305,1.31892,1.39096,1.44915,1.34524,1.13812,1.12323,1.27095,1.12314,1.16007,1.2672,1.0991,1.21455,1.31661,1.41197,1.43749,1.45024,1.39012,1.13839,0.886667,1.17483,1.09725,1.12496,1.27181,1.05707,0.842333,1.01967,1.1305,1.29675,1.33554,1.59877,1.44222,1.14228,0.842333,1.01967,1.21917,1.05292,0.886667,1.24133,1.30783,1.38542,1.46854,1.46577,1.17622,0.886667,1.17483,1.11942,1.11387,1.33277,1.55305,1.53019,1.4301,1.60171,1.48802,1.45335,1.14784,0.842333,1.15267,1.04183,1.11942,1.24687,1.02244,0.798,1.17483,1.29675,1.49071,1.47685,1.49209,1.32238,1.28186,1.0621,0.842333,1.2635,1.45192,1.43529,1.53781,1.50041,1.45954,1.6386,1.50647,1.72857,1.46278,1.48506,1.4297,1.49068,1.38817,1.42559,1.48863,1.14331,0.798,1.04183,1.42975,1.40204,1.41035,1.39234,1.37433,1.26353,1.26353,1.26353,1.26353,1.26353,1.26353,1.26353,1.26353,1.26353,1.26353,1.26353,1.26353,1.26353,1.26353,1.26353,1.26353,1.26353,1.26353,1.26353,1.26353,1.26353,1.26353,1.26353,1.26353,1.26353,1.26353,1.26353,1.26353,1.26353,1.26353,1.26353,1.26353,1.26353,2,1,4
1.995,1.95067,1.50733,1.68467,1.35217,1.36325,1.28012,1.39373,1.2067,1.55652,1.22159,0.886667,0.975333,1.37433,1.17483,1.27458,1.19146,1.57106,1.2732,1.21293,1.07197,1.13448,1.21007,1.00404,0.798,1.3965,1.20808,1.33554,1.3106,1.69714,1.38057,1.75428,1.43131,1.58015,1.45508,1.52554,1.31694,1.38997,1.20482,1.46691,1.28762,1.50831,1.33049,1.61841,1.34121,1.51294,1.1998,0.886667,1.064,0.975333,0.886667,0.953167,1.40758,1.21362,1.44915,1.19007,1.2822,1.28393,1.6173,1.36282,1.65674,1.3382,1.57794,1.27663,1.32548,1.21691,1.33995,1.24631,1.64282,1.35341,1.71854,1.39127,1.42713,1.33423,1.37645,1.28673,1.3527,1.25268,1.64601,1.37717,1.61959,1.27529,1.30265,1.24982,1.44508,1.29887,1.51394,1.37763,1.48682,1.40841,1.65737,1.53802,1.23451,1.10492,1.50563,1.90633,1.35991,1.35991,1.35991,1.35991,1.35991,1.35991,1.35991,1.35991,1.35991,1.35991,1.35991,1.35991,1.35991,1.35991,1.35991,1.35991,1.35991,1.35991,1.35991,1.35991,1.35991,1.35991,1.35991,1.35991,1.35991,1.35991,1.35991,1.35991,1.35991,1.35991,1.35991,1.35991,1.35991,1.35991,1.35991,1.35991,1.35991,4,0,1
1.90633,1.5295,1.27458,1.30229,1.31615,1.63341,1.37087,1.32827,1.17397,1.16332,1.22449,1.07775,1.11521,1.2226,1.3428,1.31423,1.34428,1.64748,1.35574,1.67537,1.39185,1.40526,1.3898,1.3599,1.30062,1.42614,1.37807,1.75304,1.40852,1.67959,1.3053,1.33981,1.31274,1.52087,1.35894,1.80997,1.50348,1.83791,1.51745,1.46806,1.3547,1.34235,1.18101,1.63234,1.326,1.68267,1.35117,1.42925,1.33529,1.33265,1.33132,1.70749,1.38575,1.42437,1.11119,0.798,1.17483,1.27458,1.36879,1.3494,1.7387,1.42352,1.37676,1.13171,0.886667,1.17483,1.29675,1.26904,1.36602,1.65834,1.33901,1.667,1.38767,1.381,1.33333,1.11,0.886667,1.3965,1.23025,1.63479,1.39373,1.36186,1.32377,1.30472,1.29519,1.5121,1.24371,1.53069,1.29735,1.29151,1.28859,1.26496,1.25315,1.51324,1.19995,0.886667,1.36801,1.36801,1.36801,1.36801,1.36801,1.36801,1.36801,1.36801,1.36801,1.36801,1.36801,1.36801,1.36801,1.36801,1.36801,1.36801,1.36801,1.36801,1.36801,1.36801,1.36801,1.36801,1.36801,1.36801,1.36801,1.36801,1.36801,1.36801,1.36801,1.36801,1.36801,1.36801,1.36801,1.36801,1.36801,1.36801,1.36801,0,0,0
1.064,1.1305,1.23025,1.19146,1.26073,1.18453,1.27943,1.28255,1.26194,1.18514,1.25757,1.31595,1.32298,1.28215,1.30608,1.22937,1.30185,1.29376,1.33405,1.33202,1.33101,1.35267,1.34134,1.26917,1.29958,1.24829,1.28915,1.30957,1.36412,1.36923,1.37178,1.41739,1.39586,1.34076,1.33538,1.11102,0.886667,1.1305,1.29675,1.35771,1.34385,1.46993,1.42213,1.3539,1.34195,1.11431,0.886667,1.04183,1.20808,1.22471,1.32169,1.37018,1.35009,1.45088,1.45694,1.34914,1.33957,1.31262,1.36564,1.34782,1.38324,1.37879,1.39873,1.49736,1.43585,1.51592,1.42296,1.35431,1.36432,1.28066,1.34966,1.2955,1.31275,1.38787,1.3811,1.42205,1.42036,1.35301,1.29717,1.04759,0.798,1.04183,1.23025,1.30229,1.36048,1.43391,1.40412,1.50006,1.4372,1.3836,1.3568,1.3434,1.38103,1.44418,1.40926,1.5248,1.44956,1.56712,1.68467,1.31604,1.31604,1.31604,1.31604,1.31604,1.31604,1.31604,1.31604,1.31604,1.31604,1.31604,1.31604,1.31604,1.31604,1.31604,1.31604,1.31604,1.31604,1.31604,1.31604,1.31604,1.31604,1.31604,1.31604,1.31604,1.31604,1.31604,1.31604,1.31604,1.31604,1.31604,1.31604,1.31604,1.31604,10,4,4
1.37433,1.3965,1.31892,1.39096,1.31615,1.34524,1.31545,1.32273,1.39286,1.62743,1.32355,1.63711,1.30622,1.60628,1.29081,1.5764,1.27587,1.63543,1.30538,1.22903,1.01351,0.798,1.064,1.24133,1.3965,1.25242,1.33554,1.35494,1.4533,1.36948,1.34974,1.40637,1.34602,1.36018,1.30075,1.29321,1.37811,1.28755,1.28661,1.28614,1.39674,1.2747,1.54618,1.30509,1.49488,1.27944,1.57072,1.27303,1.54535,1.30467,1.51684,1.31258,1.32129,1.32565,1.57166,1.29566,1.601,1.31033,1.47533,1.314,1.322,1.34817,1.42775,1.33454,1.42094,1.37547,1.3749,1.33028,1.35231,1.34115,1.37991,1.35496,1.49764,1.30299,1.29433,1.33433,1.42083,1.33108,1.06454,0.798,0.798,1.064,1.197,1.28567,1.30783,1.45192,1.30229,1.27181,1.36741,1.2822,1.32827,1.4178,1.35173,1.60687,1.33543,1.31055,1.28567,1.33986,1.33986,1.33986,1.33986,1.33986,1.33986,1.33986,1.33986,1.33986,1.33986,1.33986,1.33986,1.33986,1.33986,1.33986,1.33986,1.33986,1.33986,1.33986,1.33986,1.33986,1.33986,1.33986,1.33986,1.33986,1.33986,1.33986,1.33986,1.33986,1.33986,1.33986,1.33986,1.33986,1.33986,1.33986,1.33986,8,4,0
1.37433,1.37433,1.1305,0.886667,0.9975,1.18592,1.14712,1.2829,1.10695,1.35147,1.14124,1.41295,1.21631,1.36182,1.30158,1.33796,1.26748,1.12141,1.07054,1.2446,1.0878,1.25323,1.15862,1.35514,1.23174,1.43604,1.22785,1.36759,1.19363,1.28398,1.17399,1.3185,1.19125,1.34929,1.22881,1.32374,1.21604,1.25085,1.17959,1.3213,1.21481,1.40541,1.3012,1.40427,1.2563,1.38182,1.24508,1.3762,1.3531,1.47455,1.35794,1.41047,1.30374,1.40553,1.25693,1.38213,1.2674,1.3652,1.30327,1.22797,1.05732,0.886667,0.975333,1.24133,1.2635,1.42975,1.29121,1.39927,1.2538,1.31407,1.16687,1.42577,1.20055,1.39828,1.23114,1.36924,1.21662,1.33981,1.17974,1.32137,1.17052,1.33893,1.26796,1.43198,1.31449,1.47741,1.24854,1.37794,1.17663,1.34198,1.22516,1.41058,1.32596,1.41664,1.26249,1.22974,1.01387,0.798,0.908833,1.20808,1.15821,1.10833,1.25813,1.25813,1.25813,1.25813,1.25813,1.25813,1.25813,1.25813,1.25813,1.25813,1.25813,1.25813,1.25813,1.25813,1.25813,1.25813,1.25813,1.25813,1.25813,1.25813,1.25813,1.25813,1.25813,1.25813,1.25813,1.25813,1.25813,1.25813,1.25813,1.25813,1.25813,0,0,0
1.95067,1.90633,1.55167,1.61817,1.34108,1.49071,1.25519,1.49209,1.27805,1.54786,1.35026,1.65046,1.42373,1.57637,1.34235,1.24751,1.15575,1.37588,1.21994,1.54097,1.32465,1.30516,1.05158,0.798,1.3965,1.31892,1.50179,1.30506,1.2732,1.32377,1.45988,1.23977,1.24055,1.21878,1.31872,1.19136,1.34935,1.25101,1.51217,1.35459,1.63046,1.3694,1.59353,1.3066,1.49563,1.25765,1.51549,1.31191,1.65346,1.42523,1.59928,1.37597,1.55249,1.28608,1.28587,1.17494,1.5628,1.3799,1.33278,1.15406,1.15336,1.26385,1.05309,0.842333,1.064,1.28567,1.5295,1.27458,1.59046,1.37156,1.59461,1.39581,1.51807,1.3132,1.43243,1.24822,1.48861,1.2763,1.59132,1.41633,1.57266,1.36266,1.302,1.3825,1.57792,1.38746,1.66906,1.41086,1.3926,1.11747,0.842333,1.21917,1.09725,1.39096,1.22748,1.064,1.36493,1.36493,1.36493,1.36493,1.36493,1.36493,1.36493,1.36493,1.36493,1.36493,1.36493,1.36493,1.36493,1.36493,1.36493,1.36493,1.36493,1.36493,1.36493,1.36493,1.36493,1.36493,1.36493,1.36493,1.36493,1.36493,1.36493,1.36493,1.36493,1.36493,1.36493,1.36493,1.36493,1.36493,1.36493,1.36493,1.36493,0,0,1
1.197,1.21917,1.25242,1.15821,1.15544,1.15405,1.17553,1.07543,1.11405,1.06686,1.10976,1.10905,1.13086,1.16393,1.20263,1.19982,1.22057,1.18662,1.19181,1.15007,1.1292,1.1631,1.20222,1.17744,1.25372,1.18103,1.16685,1.18192,1.14513,1.17106,1.2062,1.22377,1.25472,1.27019,1.25576,1.11555,1.15627,1.30964,1.27549,1.39141,1.3607,1.41185,1.34876,1.29505,1.24602,1.19934,1.19817,1.19759,1.21946,1.20823,1.26911,1.21089,1.24828,1.13397,1.14332,1.17016,1.20575,1.22354,1.2546,1.27013,1.23357,1.21528,1.18398,1.21265,1.24916,1.22308,1.27654,1.2146,1.2058,1.17923,1.21028,1.20364,1.20032,1.24299,1.24216,1.26392,1.23046,1.19156,1.03911,0.886667,1.064,1.197,1.2635,1.25242,1.20254,1.22194,1.23164,1.28082,1.28324,1.30662,1.27398,1.23549,1.21624,1.25096,1.29048,1.22157,1.23145,1.23639,1.26103,1.20685,1.22409,1.25488,1.27027,1.34447,1.38157,1.33362,1.28748,1.24133,1.21528,1.21528,1.21528,1.21528,1.21528,1.21528,1.21528,1.21528,1.21528,1.21528,1.21528,1.21528,1.21528,1.21528,1.21528,1.21528,1.21528,1.21528,1.21528,1.21528,1.21528,1.21528,1.21528,1.21528,1.21528,4,2,0
0.931,0.886667,1.08617,1.14158,1.30229,1.05015,0.798,1.10833,0.975333,0.842333,1.10833,1.15267,1.15267,1.28567,1.2635,1.23025,1.30229,1.11665,1.09032,1.21016,1.22575,1.21137,1.27069,1.38901,1.29301,1.35584,1.27642,1.23671,1.32769,1.06284,0.798,1.08617,0.942083,0.798,1.08617,1.14158,1.14712,1.23856,1.28428,1.21847,1.27424,1.21345,1.20523,1.31195,1.40964,1.34765,1.51616,1.44525,1.14379,0.842333,1.1305,1.11942,1.13604,1.25519,1.15959,1.15613,1.24307,1.55253,1.44127,1.25263,1.18048,1.27741,1.2372,1.2171,1.29572,1.24636,1.19951,1.28692,1.26413,1.23056,1.30245,1.22756,1.21228,1.31547,1.0789,0.842333,1.1305,1.38542,1.40204,1.58769,1.48101,1.20601,1.17934,1.25467,1.13717,1.14492,1.25963,1.25048,1.31241,1.4542,1.43643,1.11722,0.798,1.08617,1.14158,1.14712,1.26073,1.3397,1.26835,1.32134,1.32567,1.26134,1.31783,1.08008,0.842333,1.15267,1.19884,1.19884,1.19884,1.19884,1.19884,1.19884,1.19884,1.19884,1.19884,1.19884,1.19884,1.19884,1.19884,1.19884,1.19884,1.19884,1.19884,1.19884,1.19884,1.19884,1.19884,1.19884,1.19884,1.19884,1.19884,1.19884,1.19884,6,5,2
2.21667,1.862,1.3965,1.23025,1.23579,1.37156,1.48378,1.34039,1.44603,1.14418,0.842333,1.2635,1.34108,1.44637,1.45469,1.50318,1.48309,1.29571,1.06902,0.842333,1.01967,1.28567,1.1305,1.11942,1.13604,1.34385,1.51426,1.35563,1.43148,1.40291,1.27779,1.39256,1.62728,1.41214,1.10507,0.798,0.798,1.01967,1.28567,1.463,1.35217,1.45192,1.19146,1.19423,1.32861,1.08547,0.842333,1.17483,1.27458,1.23579,1.39373,1.22886,1.14643,1.39338,1.45036,1.50101,1.61501,1.51684,1.64508,1.59838,1.19819,0.798,0.975333,1.2635,1.60708,1.42421,1.48794,1.16514,0.842333,0.886667,1.24133,1.44083,1.31892,1.43529,1.51565,1.35632,1.40966,1.21466,1.20583,1.57825,1.54279,1.1704,0.798,0.953167,1.05292,0.991958,1.44915,1.65557,1.24895,0.842333,0.842333,0.798,1.28567,1.064,0.842333,1.01967,1.3965,1.51842,1.64033,1.27561,1.27561,1.27561,1.27561,1.27561,1.27561,1.27561,1.27561,1.27561,1.27561,1.27561,1.27561,1.27561,1.27561,1.27561,1.27561,1.27561,1.27561,1.27561,1.27561,1.27561,1.27561,1.27561,1.27561,1.27561,1.27561,1.27561,1.27561,1.27561,1.27561,1.27561,1.27561,1.27561,1.27561,0,0,0
1.28567,1.24133,1.28567,1.24133,1.21917,1.27458,1.10279,1.12773,1.2067,1.06885,1.11076,1.24255,1.15327,1.17514,1.25257,1.22478,1.21089,1.29261,1.08964,0.886667,1.10833,1.01967,1.08617,1.23025,1.10279,1.12773,1.25103,1.13535,1.14401,1.25917,1.09509,1.10171,1.19369,1.12884,1.14076,1.25754,1.13861,1.12347,1.0494,0.990201,1.07143,1.20072,1.08803,1.12035,1.22517,1.14459,1.17079,1.22823,1.05745,0.886667,1.08617,1.47408,1.73454,1.46577,1.77472,1.48586,1.80693,1.50196,1.39382,1.62791,1.87795,1.51531,1.46699,1.13249,0.798,1.1305,1.45192,1.43529,1.60431,1.86616,1.50941,1.44187,1.18644,1.16955,1.29411,1.57805,1.54269,1.36985,1.39426,1.60596,1.51231,1.22166,1.165,1.26966,1.1225,1.13758,1.23379,1.10456,1.12861,1.20714,1.15774,1.04437,1.29802,1.60218,1.48825,1.23179,1.17006,1.29437,1.55602,1.53167,1.56384,1.596,1.27382,1.27382,1.27382,1.27382,1.27382,1.27382,1.27382,1.27382,1.27382,1.27382,1.27382,1.27382,1.27382,1.27382,1.27382,1.27382,1.27382,1.27382,1.27382,1.27382,1.27382,1.27382,1.27382,1.27382,1.27382,1.27382,1.27382,1.27382,1.27382,1.27382,1.27382,16,6,4
1.28567,1.21917,1.27458,1.21362,1.11665,1.24549,1.50941,1.44187,1.16427,0.886667,1.10833,1.1305,1.09725,1.21362,1.22748,1.16791,1.22679,1.16756,1.11578,1.20072,0.999362,0.798,1.08617,1.03075,1.04737,1.14435,1.14851,1.12842,1.20704,1.20202,1.15518,1.24259,1.06463,0.886667,1.10833,0.953167,0.798,1.08617,1.47408,1.37987,1.55444,1.44222,1.18661,1.10314,1.15007,1.08487,1.0966,1.19113,1.14973,1.10687,1.19627,1.50697,1.41848,1.17474,1.11937,1.24685,1.06676,0.886667,1.15267,1.3965,1.38542,1.46854,1.39927,1.60847,1.46923,1.26662,1.16531,1.24765,1.11149,1.10991,1.24212,1.48556,1.40778,1.54622,1.43811,1.16239,0.886667,1.10833,1.04183,1.07508,1.20254,1.48794,1.43114,1.51357,1.44395,1.58648,1.45824,1.59362,1.50614,1.5289,1.45162,1.45731,1.39365,1.36183,1.32375,1.26037,1.25085,1.20176,1.24371,1.22036,1.29735,1.51317,1.39942,1.28567,1.24254,1.24254,1.24254,1.24254,1.24254,1.24254,1.24254,1.24254,1.24254,1.24254,1.24254,1.24254,1.24254,1.24254,1.24254,1.24254,1.24254,1.24254,1.24254,1.24254,1.24254,1.24254,1.24254,1.24254,1.24254,1.24254,1.24254,1.24254,1.24254,6,3,3
0.931,1.24133,1.61817,1.36325,1.14712,1.03906,1.1402,1.4346,1.33797,1.46698,1.33199,1.44183,1.38591,1.42446,1.3329,1.42011,1.21989,1.65178,1.40222,1.74294,1.49214,1.81007,1.4592,1.37243,1.46205,1.70636,1.40735,1.41301,1.1055,0.798,1.197,1.24133,1.57383,1.31892,1.32446,1.06123,0.798,1.1305,1.00858,0.886667,1.15267,1.04183,1.07508,1.35771,1.34385,1.66943,1.38888,1.75844,1.41122,1.65878,1.47222,1.75578,1.45422,1.41428,1.19481,1.57274,1.3627,1.74535,1.42684,1.53359,1.40963,1.61365,1.36099,1.72233,1.45966,1.4835,1.16292,0.842333,1.08617,1.00858,1.03629,1.44915,1.27874,1.70337,1.40585,1.43443,1.16055,0.886667,1.08617,1.05292,1.05846,1.6154,1.38403,1.40135,1.43217,1.64709,1.39988,1.43144,1.29205,1.68786,1.37593,1.75196,1.45232,1.36899,1.28567,1.35431,1.35431,1.35431,1.35431,1.35431,1.35431,1.35431,1.35431,1.35431,1.35431,1.35431,1.35431,1.35431,1.35431,1.35431,1.35431,1.35431,1.35431,1.35431,1.35431,1.35431,1.35431,1.35431,1.35431,1.35431,1.35431,1.35431,1.35431,1.35431,1.35431,1.35431,1.35431,1.35431,1.35431,1.35431,1.35431,1.35431,1.35431,0,0,0
1.24133,1.33,1.2635,1.38542,1.31337,1.29952,1.38126,1.39996,1.47582,1.33641,1.0672,0.798,0.798,0.798,0.798,1.21917,1.27458,1.39096,1.18315,1.05707,1.12704,1.40585,1.25709,1.07188,0.886667,0.842333,0.798,0.842333,1.10833,1.37433,1.3965,1.45192,1.36879,1.32723,1.35078,1.38472,1.42386,1.42126,1.50863,1.50798,1.46332,1.441,1.40766,1.43533,1.51567,1.46717,1.48725,1.40862,1.43581,1.38291,1.28995,1.37648,1.48624,1.31945,1.32473,1.32736,1.37301,1.28501,1.35184,1.29659,1.29113,1.1554,1.2427,1.37502,1.39684,1.36342,1.34671,1.38269,1.35634,1.43184,1.15925,0.886667,1.064,1.28567,1.3965,1.45192,1.39096,1.40481,1.36741,1.39304,1.31718,1.41226,1.37113,1.37273,1.35137,1.34068,1.29101,1.35484,1.29809,1.35838,1.36635,1.41468,1.35017,1.38442,1.35721,1.4766,1.4033,1.54398,1.39266,1.24133,1.30082,1.30082,1.30082,1.30082,1.30082,1.30082,1.30082,1.30082,1.30082,1.30082,1.30082,1.30082,1.30082,1.30082,1.30082,1.30082,1.30082,1.30082,1.30082,1.30082,1.30082,1.30082,1.30082,1.30082,1.30082,1.30082,1.30082,1.30082,1.30082,1.30082,1.30082,1.30082,1.30082,0,0,0
1.463,1.35217,1.29675,1.18037,1.21085,1.15959,1.22263,1.29848,1.24774,1.15587,1.24294,1.10913,1.1309,1.18612,1.19156,1.21645,1.22889,1.23511,1.17172,1.16219,1.15743,1.13288,1.23144,1.14772,1.15019,1.21793,1.27397,1.16898,1.20516,1.20108,1.17687,1.18694,1.21413,1.20557,1.22345,1.21023,1.15928,1.04514,1.0989,1.08145,1.18356,1.16811,1.16039,1.24519,1.19893,1.1758,1.20857,1.06978,1.13339,1.1652,1.22543,1.16688,1.20411,1.15622,1.22094,1.20897,1.15865,1.22216,1.18741,1.25871,1.27219,1.25676,1.40421,1.23411,1.25989,1.31711,1.25705,1.20486,1.2896,1.26547,1.23123,1.32495,1.26097,1.29549,1.33491,1.19946,1.22039,1.16436,1.18068,1.23317,1.32592,1.48313,1.40656,1.23528,1.21614,1.1179,1.13529,1.14398,1.14832,1.12833,1.16266,1.29067,1.1995,1.19825,1.13112,1.18623,1.21378,1.22756,1.19011,1.28222,1.23961,1.24047,1.26307,1.20787,1.20243,1.24405,1.28703,1.21985,1.15267,1.21428,1.21428,1.21428,1.21428,1.21428,1.21428,1.21428,1.21428,1.21428,1.21428,1.21428,1.21428,1.21428,1.21428,1.21428,1.21428,1.21428,1.21428,1.21428,1.21428,1.21428,1.21428,1.21428,1.21428,4,0,0
0.842333,1.064,0.931,0.798,1.41867,1.24133,1.30783,1.42975,1.33554,1.1776,1.16514,1.64657,1.35528,1.32048,1.12574,1.16137,1.22352,1.12159,1.11496,1.20031,1.04349,0.886667,1.10833,1.3965,1.34108,1.11387,0.886667,1.08617,1.25242,1.20254,1.26627,1.14297,1.14782,1.21674,1.47287,1.37927,1.1108,0.842333,1.08617,1.16375,1.15821,1.2441,1.33139,1.24203,1.26385,1.03092,0.798,1.04183,1.07508,1.09171,1.27735,1.32584,1.32792,1.37329,1.32948,1.41841,1.32987,1.13044,1.14155,1.23578,1.17205,1.16236,1.22401,1.14401,1.1705,1.22809,1.03521,0.842333,1.064,1.197,1.17483,1.25242,1.33554,1.2441,1.28705,1.15336,1.15301,1.19717,1.08625,1.09729,1.21365,1.27182,1.21224,1.27112,1.25623,1.18228,1.21181,1.09357,1.16745,1.22656,1.38911,1.24872,1.28936,1.30968,1.20901,1.2695,1.25542,1.18188,1.23377,1.12672,1.13969,1.03535,1.07184,1.11225,1.22113,1.27556,1.21411,1.15267,1.1885,1.1885,1.1885,1.1885,1.1885,1.1885,1.1885,1.1885,1.1885,1.1885,1.1885,1.1885,1.1885,1.1885,1.1885,1.1885,1.1885,1.1885,1.1885,1.1885,1.1885,1.1885,1.1885,1.1885,1.1885,6,1,4
1.463,1.37433,1.41867,1.33,1.3965,1.34108,1.37987,1.33277,1.35355,1.29744,1.38022,1.31078,1.36472,1.34736,1.36085,1.34542,1.35988,1.30061,1.20447,1.0899,1.25428,1.15914,1.2224,1.23187,1.28093,1.26113,1.2734,1.3017,1.29368,1.28968,1.30984,1.29775,1.29171,1.28869,1.33151,1.30859,1.18629,1.12515,1.20541,1.28987,1.2656,1.27563,1.23632,1.28316,1.30658,1.27396,1.30198,1.31599,1.32299,1.3265,1.35042,1.38454,1.4016,1.3658,1.32573,1.32787,1.26243,1.27405,1.36853,1.2606,1.31746,1.32373,1.34903,1.33952,1.42342,1.35455,1.34227,1.33614,1.33307,1.30937,1.36402,1.36918,1.39392,1.40629,1.41248,1.48207,1.4282,1.4456,1.3878,1.46973,1.3777,1.22085,1.29759,1.29163,1.33298,1.30932,1.31966,1.32483,1.37175,1.35087,1.3626,1.4128,1.39357,1.45045,1.36806,1.41553,1.3506,1.3403,1.33,1.32721,1.32721,1.32721,1.32721,1.32721,1.32721,1.32721,1.32721,1.32721,1.32721,1.32721,1.32721,1.32721,1.32721,1.32721,1.32721,1.32721,1.32721,1.32721,1.32721,1.32721,1.32721,1.32721,1.32721,1.32721,1.32721,1.32721,1.32721,1.32721,1.32721,1.32721,1.32721,1.32721,1.32721,10,1,7
1.28567,1.33,1.48517,1.36325,1.47962,1.36048,1.45607,1.4152,1.5056,1.43997,1.49582,1.39074,1.38254,1.3341,1.39855,1.36428,1.45797,1.34965,1.42849,1.40141,1.43221,1.3811,1.44422,1.34278,1.46939,1.35536,1.47568,1.35851,1.29992,1.24846,1.3779,1.30962,1.43064,1.31382,1.41058,1.32596,1.41664,1.32899,1.35166,1.27433,1.32433,1.26067,1.384,1.31267,1.32133,1.28133,1.30567,1.31783,1.41258,1.28262,1.43931,1.36249,1.41274,1.37137,1.37285,1.37359,1.46263,1.37415,1.48507,1.3632,1.43527,1.38263,1.40065,1.34316,1.40308,1.32221,1.37044,1.26155,1.34011,1.29072,1.39903,1.34235,1.40267,1.34417,1.44792,1.34463,1.40381,1.34474,1.42604,1.33368,1.37618,1.30875,1.43021,1.38011,1.42155,1.42011,1.44155,1.36361,1.34681,1.36057,1.38962,1.31548,1.4114,1.34854,1.40577,1.463,1.37724,1.37724,1.37724,1.37724,1.37724,1.37724,1.37724,1.37724,1.37724,1.37724,1.37724,1.37724,1.37724,1.37724,1.37724,1.37724,1.37724,1.37724,1.37724,1.37724,1.37724,1.37724,1.37724,1.37724,1.37724,1.37724,1.37724,1.37724,1.37724,1.37724,1.37724,1.37724,1.37724,1.37724,1.37724,1.37724,1.37724,0,0,0
1.33,1.35217,1.40758,1.34662,1.44915,1.36741,1.4817,1.40585,1.52309,1.42655,1.55561,1.4428,1.5194,1.40253,1.4106,1.34813,1.36123,1.34562,1.33781,1.28957,1.35412,1.29773,1.2917,1.24435,1.26501,1.25317,1.29159,1.28863,1.39798,1.34182,1.53541,1.78737,1.47002,1.37784,1.35392,1.31979,1.54656,1.39395,1.62797,1.47899,1.62616,1.47808,1.58137,1.45569,1.45934,1.39467,1.451,1.41267,1.46,1.395,1.429,1.35733,1.36583,1.32575,1.35004,1.34002,1.40151,1.41009,1.48088,1.40544,1.43422,1.35994,1.41147,1.37074,1.41687,1.35127,1.45147,1.36857,1.32712,1.28423,1.30711,1.29639,1.37969,1.24401,1.08751,1.20875,1.24721,1.24427,1.26497,1.27532,1.30266,1.3385,1.31208,1.36537,1.30335,1.29451,1.29009,1.24354,1.22027,1.20864,1.15848,1.17774,1.14304,1.19219,1.17243,1.22905,1.28567,1.36258,1.36258,1.36258,1.36258,1.36258,1.36258,1.36258,1.36258,1.36258,1.36258,1.36258,1.36258,1.36258,1.36258,1.36258,1.36258,1.36258,1.36258,1.36258,1.36258,1.36258,1.36258,1.36258,1.36258,1.36258,1.36258,1.36258,1.36258,1.36258,1.36258,1.36258,1.36258,1.36258,1.36258,1.36258,1.36258,10,4,4
0.798,1.10833,1.04183,1.09725,1.28012,1.12773,1.1402,1.32377,1.23822,1.23977,1.39572,1.31853,1.41293,1.37147,1.35073,1.09653,0.842333,1.08617,0.96425,0.842333,0.908833,0.853417,0.798,1.04183,1.16375,1.18037,1.16652,1.15959,0.978797,0.798,1.01967,0.908833,0.798,1.08617,1.07508,0.958708,0.842333,0.842333,0.798,0.842333,0.886667,1.197,1.15267,1.37433,1.3965,1.09725,0.798,0.842333,0.842333,0.886667,0.886667,0.886667,0.9975,1.07508,1.24687,1.2441,1.19839,1.39719,1.31926,1.43546,1.3384,1.4672,1.37643,1.48622,1.58544,1.59072,1.48253,1.42843,1.13538,0.842333,1.17483,1.23025,1.23579,1.2829,1.17345,1.29606,1.35736,1.41018,1.23709,1.26138,1.09619,1.08009,0.939047,0.798,0.842333,1.1305,1.23025,1.05846,0.886667,0.798,0.798,0.798,0.953167,0.96425,1.23579,1.32723,1.23995,1.19631,1.13015,1.29658,1.24679,1.17756,1.16511,1.33622,1.33311,1.13206,1.03153,1.00343,0.922882,0.842333,1.04183,1.05292,1.064,1.11503,1.11503,1.11503,1.11503,1.11503,1.11503,1.11503,1.11503,1.11503,1.11503,1.11503,1.11503,1.11503,1.11503,1.11503,1.11503,1.11503,1.11503,1.11503,1.11503,14,7,9
1.41867,1.33,1.3965,1.27458,1.21362,1.31615,1.43391,1.42629,1.20081,1.15457,1.22012,1.36373,1.3247,1.41601,1.30651,1.22959,1.21329,1.04998,0.886667,1.064,0.931,0.798,1.15267,1.1305,1.18592,1.34662,1.49348,1.27874,1.30437,1.05118,0.798,1.197,1.04183,0.886667,1.15267,1.28567,1.197,1.30783,1.18592,1.10279,1.3494,1.4727,1.44568,1.29917,1.18159,1.34446,1.40373,1.2782,1.34843,1.33922,1.33461,1.37664,1.13165,0.886667,1.21917,1.09725,1.12496,1.27181,1.32307,1.17137,1.29502,1.17951,1.09959,1.30346,1.09506,0.886667,0.798,0.842333,0.886667,1.197,1.08617,1.09725,1.30229,1.09448,0.886667,0.886667,1.21917,1.29675,1.06954,0.842333,1.08617,1.18592,1.12496,1.27181,1.05707,0.842333,1.08617,0.986417,0.886667,1.15267,1.197,1.21917,1.27458,1.28012,1.23856,1.10695,0.952474,0.798,1.064,0.931,0.798,1.10833,1.17483,1.18592,1.25796,1.24965,1.02382,0.798,1.15899,1.15899,1.15899,1.15899,1.15899,1.15899,1.15899,1.15899,1.15899,1.15899,1.15899,1.15899,1.15899,1.15899,1.15899,1.15899,1.15899,1.15899,1.15899,1.15899,1.15899,1.15899,1.15899,1.15899,1.15899,6,1,0
1.463,1.41867,1.10833,0.798,0.886667,0.886667,0.886667,1.197,1.08617,0.942083,0.798,1.1305,1.29675,1.29121,1.42144,1.50872,1.37503,1.44118,1.16392,0.886667,0.908833,1.16375,1.33554,1.2441,1.39789,1.47478,1.33589,1.06694,0.798,0.798,0.9975,1.27458,1.25796,1.18315,0.990573,0.798,0.798,0.975333,1.24133,1.21917,1.14158,1.32446,1.2829,1.17345,1.34039,1.44603,1.27718,1.39226,1.3833,1.26798,1.40982,1.48075,1.31671,1.43419,1.53726,1.30063,1.38181,1.33374,1.22104,1.38635,1.42468,1.24434,1.37584,1.28642,1.17521,1.34127,1.33564,1.19982,1.35358,1.29745,1.15856,1.19995,1.08764,1.16449,1.29158,1.35512,1.25389,1.35845,1.07822,0.798,0.886667,1.15267,1.33,1.21917,1.36325,1.08062,0.798,0.798,1.15267,1.21917,1.11942,1.29121,1.0446,0.798,0.798,1.1305,1.31892,1.30229,1.38265,1.35632,1.25449,1.38091,1.51062,1.33165,1.37516,1.41867,1.20445,1.20445,1.20445,1.20445,1.20445,1.20445,1.20445,1.20445,1.20445,1.20445,1.20445,1.20445,1.20445,1.20445,1.20445,1.20445,1.20445,1.20445,1.20445,1.20445,1.20445,1.20445,1.20445,1.20445,1.20445,1.20445,1.20445,12,5,4
1.15267,1.41867,1.37433,1.5295,1.20808,0.886667,0.8645,0.842333,0.842333,0.842333,0.798,1.10833,1.064,1.064,1.04183,0.942083,0.842333,1.064,0.953167,0.842333,0.842333,1.01967,1.28567,1.064,0.842333,0.820167,0.798,0.798,0.798,0.798,1.064,0.9975,1.00858,1.19146,1.0834,0.962865,0.842333,0.886667,1.17483,1.31892,1.21362,1.22748,1.27874,1.12704,0.984685,0.842333,0.820167,0.798,1.197,1.28567,1.21917,1.18592,1.25796,1.02798,0.798,0.842333,0.798,1.1305,1.11942,1.20254,1.2441,1.22055,1.18661,1.1253,1.00599,0.886667,0.842333,0.798,0.886667,1.17483,1.00858,0.842333,1.064,1.197,1.197,1.064,0.975333,0.886667,0.931,0.886667,0.842333,0.975333,0.931,0.886667,0.975333,1.17483,1.18592,1.28012,1.1499,1.28428,1.04114,0.798,0.886667,0.8645,0.842333,0.886667,1.15267,1.33,1.37433,1.17483,1.31892,1.21362,1.31615,1.12357,0.982953,0.842333,1.24133,1.30783,1.16375,1.26904,1.07785,0.886667,0.842333,0.798,0.886667,0.908833,0.931,1.03595,1.03595,1.03595,1.03595,1.03595,1.03595,1.03595,1.03595,1.03595,1.03595,1.03595,1.03595,1.03595,1.03595,1.03595,1.03595,4,1,4
1.01967,0.886667,1.17483,1.03075,0.886667,0.842333,1.04183,1.05292,1.14712,1.2164,1.25103,1.24618,1.24376,1.26471,1.38602,1.46884,1.37726,1.13196,0.886667,1.08617,1.18592,1.05846,0.928229,0.798,1.1305,1.36325,1.39096,1.42698,1.22332,1.14366,1.23683,1.34992,1.38429,1.31281,1.34357,1.13729,1.01198,0.886667,1.15267,1.30783,1.40758,1.34662,1.36048,1.32307,1.32654,1.19527,1.10747,1.19657,1.21895,1.20798,1.06949,1.22191,1.27596,1.43598,1.31649,1.32324,1.30446,1.40589,1.25711,1.20489,1.31178,1.36522,1.34761,1.27231,1.34549,1.33774,1.28954,1.4206,1.19797,1.15315,1.24158,1.13062,1.23031,1.32449,1.23858,1.17346,1.29606,1.22436,1.27718,1.28142,1.41655,1.21811,1.36272,1.21336,1.20518,1.26759,1.38746,1.22573,1.34437,1.27068,1.18951,1.30409,1.29488,1.26811,1.25472,1.31453,1.32226,1.37046,1.41673,1.17387,1.2741,1.25772,1.27169,1.25651,1.24133,1.23336,1.23336,1.23336,1.23336,1.23336,1.23336,1.23336,1.23336,1.23336,1.23336,1.23336,1.23336,1.23336,1.23336,1.23336,1.23336,1.23336,1.23336,1.23336,1.23336,1.23336,1.23336,1.23336,1.23336,1.23336,1.23336,1.23336,1.23336,6,2,2
1.50733,1.57383,1.42975,1.53504,1.43252,1.60293,1.4443,1.58665,1.39182,1.09491,0.798,1.04183,0.942083,0.842333,1.04183,0.96425,0.886667,1.08617,0.96425,0.842333,1.04183,1.09725,1.12496,1.13881,1.05707,1.12704,1.20635,1.06868,1.0885,1.16492,1.00363,0.842333,1.08617,1.00858,0.991958,1.13881,1.01274,0.886667,1.08617,1.36325,1.30229,1.58215,1.45607,1.12704,0.798,1.08617,1.45192,1.36879,1.52673,1.4062,1.14643,0.886667,0.798,1.21917,1.29675,1.46854,1.39927,1.09864,0.798,1.197,1.37433,1.33,1.10833,0.886667,1.064,0.931,0.798,1.04183,1.40758,1.34662,1.33831,1.22332,1.27666,1.03733,0.798,1.04183,1.03075,1.06954,1.1776,1.07647,1.07023,1.17795,1.45348,1.36957,1.61579,1.45073,1.1687,0.886667,1.10833,1.08617,1.09725,1.14712,1.03906,1.05153,1.14643,1.08305,1.07352,1.1796,1.09963,1.05965,1.17266,1.11833,1.069,1.15517,1.04308,1.00921,1.12527,1.42714,1.729,1.16082,1.16082,1.16082,1.16082,1.16082,1.16082,1.16082,1.16082,1.16082,1.16082,1.16082,1.16082,1.16082,1.16082,1.16082,1.16082,1.16082,1.16082,1.16082,1.16082,1.16082,1.16082,1.16082,1.16082,8,6,3
1.28567,1.197,1.21917,1.58492,1.43529,1.62648,1.76641,1.45954,1.72727,1.46213,1.39607,1.2522,1.18027,1.25513,1.15957,1.17828,1.20981,1.22557,1.16695,1.24848,1.40007,1.23204,1.32535,1.50501,1.2845,1.35159,1.29646,1.18023,1.29945,1.35906,1.2337,1.30401,1.36134,1.23484,1.30459,1.22863,1.19065,1.23816,1.08458,1.11862,1.20214,1.13307,1.1207,1.22535,1.16684,1.15975,1.24488,1.24311,1.17572,1.25286,1.06976,0.886667,1.04183,0.942083,0.842333,1.064,1.15267,1.10833,1.2635,1.29675,1.18037,1.29952,1.18176,1.18938,1.23752,1.0621,0.886667,1.08617,0.96425,0.842333,1.48517,1.25242,1.26904,1.34385,1.20393,1.3113,1.36498,1.23666,1.3055,1.18475,1.16871,1.22719,1.21209,1.13805,1.27836,1.25985,1.18409,1.30138,1.29352,1.17876,1.29871,1.13702,1.14485,1.21526,1.56079,1.42323,1.13278,0.842333,1.10833,1.04183,1.09725,1.21362,1.13881,1.14574,1.15267,1.22804,1.22804,1.22804,1.22804,1.22804,1.22804,1.22804,1.22804,1.22804,1.22804,1.22804,1.22804,1.22804,1.22804,1.22804,1.22804,1.22804,1.22804,1.22804,1.22804,1.22804,1.22804,1.22804,1.22804,1.22804,1.22804,1.22804,1.22804,4,1,1
1.37433,1.28567,1.33,1.2635,1.16375,1.29121,1.19977,1.17622,1.25311,1.11422,1.13344,1.23172,1.14786,1.10593,1.2623,1.14098,1.10249,1.23841,1.19554,1.1741,1.31855,1.25778,1.18305,1.30086,1.1381,1.10105,1.25986,1.1841,1.12405,1.24919,1.13443,1.12138,1.22569,1.23351,1.14876,1.28371,1.08519,0.886667,1.15267,1.10833,1.064,1.21917,1.23025,1.12496,1.24965,1.22332,1.16583,1.24791,1.17812,1.0989,1.23661,1.19464,1.12932,1.27399,1.21333,1.07217,1.17892,1.01062,0.842333,1.08617,1.11942,1.06954,1.22194,1.20947,1.13673,1.25553,1.29277,1.17838,1.29853,1.26993,1.25563,1.29282,1.17841,1.1877,1.28102,1.10601,1.10717,1.26292,1.22996,1.19131,1.30499,1.33966,1.20183,1.24375,1.22037,1.20869,1.26934,1.25534,1.204,1.31133,1.20983,1.20342,1.26671,1.20969,1.11468,1.22234,1.16534,1.11467,1.2445,1.19858,1.13129,1.27498,1.23599,1.12783,1.27325,1.10212,1.0609,1.26195,1.18514,1.10833,1.19216,1.19216,1.19216,1.19216,1.19216,1.19216,1.19216,1.19216,1.19216,1.19216,1.19216,1.19216,1.19216,1.19216,1.19216,1.19216,1.19216,1.19216,1.19216,1.19216,1.19216,1.19216,1.19216,6,1,0
1.463,0.798,1.1305,1.07508,1.15821,1.35494,1.34247,1.20323,1.37745,1.50889,1.28645,1.24172,1.37453,1.2636,1.3633,1.08065,0.798,1.08617,1.11942,1.18037,1.34385,1.31476,1.21155,1.02694,0.842333,0.798,0.886667,1.2635,1.16375,1.15821,1.2441,1.10972,1.21986,1.27493,1.43546,1.29407,1.37853,1.3986,1.2978,1.3804,1.17787,1.18743,1.34738,1.31652,1.21243,1.31555,1.14544,1.25989,1.07328,0.886667,0.842333,0.798,0.798,1.17483,1.03075,0.886667,1.01967,1.28567,1.08617,0.886667,1.04183,1.09725,1.30229,1.27181,1.36741,1.50387,1.3726,1.43997,1.20765,1.09149,1.07775,1.33687,1.44427,1.2763,1.34748,1.51608,1.29004,1.35435,1.43084,1.22525,1.29979,1.1819,1.16728,1.33731,1.31149,1.23208,1.43621,1.36094,1.10163,0.842333,0.842333,0.798,1.01967,1.2635,1.23025,1.21362,1.78165,1.42282,1.46508,1.22021,1.2086,1.57963,1.32182,1.43674,1.55167,1.21526,1.21526,1.21526,1.21526,1.21526,1.21526,1.21526,1.21526,1.21526,1.21526,1.21526,1.21526,1.21526,1.21526,1.21526,1.21526,1.21526,1.21526,1.21526,1.21526,1.21526,1.21526,1.21526,1.21526,1.21526,1.21526,1.21526,1.21526,6,3,3
1.28567,1.15267,1.28567,1.28567,1.30783,1.36325,1.39096,1.42698,1.44499,1.38749,1.40308,1.36654,1.34827,1.38347,1.33457,1.39878,1.38656,1.38045,1.26656,1.14311,1.30306,1.25003,1.26785,1.34326,1.3588,1.32223,1.39262,1.31697,1.30132,1.31566,1.2785,1.28208,1.39471,1.27369,1.34618,1.27159,1.36729,1.25998,1.33932,1.246,1.288,1.28683,1.21975,1.29704,1.38002,1.22201,1.29817,1.20325,1.26663,1.23181,1.28091,1.26112,1.29556,1.24628,1.31031,1.27582,1.39158,1.29429,1.26781,1.32107,1.17037,1.13935,1.25684,1.22692,1.36713,1.23773,1.41687,1.2626,1.31847,1.2799,1.28278,1.28422,1.24061,1.28531,1.32982,1.24124,1.28562,1.21914,1.34107,1.20254,1.33277,1.26488,1.29744,1.31372,1.32186,1.3481,1.27255,1.30127,1.29347,1.28957,1.30978,1.25339,1.31386,1.25543,1.35922,1.25594,1.29297,1.28932,1.28749,1.24225,1.197,1.29795,1.29795,1.29795,1.29795,1.29795,1.29795,1.29795,1.29795,1.29795,1.29795,1.29795,1.29795,1.29795,1.29795,1.29795,1.29795,1.29795,1.29795,1.29795,1.29795,1.29795,1.29795,1.29795,1.29795,1.29795,1.29795,1.29795,1.29795,1.29795,1.29795,1.29795,1.29795,12,5,9
1.197,1.197,1.197,1.28567,1.197,1.197,1.30783,1.07508,0.842333,1.1305,0.986417,0.842333,1.08617,1.09725,1.12496,1.27181,1.03491,0.798,1.08617,1.16375,1.18037,1.27735,1.25934,1.22817,1.32342,1.10504,0.886667,1.1305,1.05292,1.12496,1.24965,1.20116,1.19908,1.30887,1.16427,1.15847,1.28857,1.13195,1.16448,1.2694,1.12237,1.15968,1.28918,1.59775,1.46388,1.66294,1.5408,1.54623,1.74845,1.47273,1.4457,1.43218,1.31459,1.34446,1.2264,1.2117,1.35952,1.54426,1.54796,1.37248,1.37341,1.10787,0.842333,1.10833,1.01967,1.10833,1.24133,1.17483,1.18592,1.30229,1.05015,0.798,1.08617,1.51842,1.44637,1.21085,1.20393,1.28913,1.17657,1.18678,1.28056,1.17228,1.18464,1.27949,1.19391,1.19545,1.30706,1.05253,0.798,1.064,1.064,1.10833,1.24133,1.17483,1.20808,1.29121,1.1111,1.15405,1.26419,1.58526,1.4798,1.5379,1.47828,1.41867,1.22406,1.22406,1.22406,1.22406,1.22406,1.22406,1.22406,1.22406,1.22406,1.22406,1.22406,1.22406,1.22406,1.22406,1.22406,1.22406,1.22406,1.22406,1.22406,1.22406,1.22406,1.22406,1.22406,1.22406,1.22406,1.22406,1.22406,1.22406,1.22406,14,5,4
1.24133,1.24133,1.55167,1.3965,1.09725,0.798,1.01967,1.37433,1.28567,1.463,1.37433,1.57383,1.40758,1.10279,0.798,0.9975,0.919917,0.842333,0.9975,1.38542,1.31337,1.43252,1.35909,1.47755,1.38161,1.59964,1.44265,1.12033,0.798,1.01967,0.975333,1.10833,1.15267,1.5295,1.38542,1.51287,1.3771,1.55305,1.39719,1.65176,1.42438,1.13336,0.842333,1.01967,0.975333,1.08617,1.16375,1.49071,1.36602,1.48101,1.36117,1.45642,1.39321,1.58327,1.43447,1.6704,1.47803,1.67002,1.36701,1.52584,1.36142,1.43438,1.36002,1.43368,1.35967,1.5,1.39283,1.56092,1.37896,1.66481,1.40874,1.56887,1.38293,1.44513,1.2989,1.42528,1.57714,1.38707,1.29204,1.11152,1.15426,1.1978,1.15306,1.15287,1.1971,1.13055,1.16377,1.20255,1.46578,1.35356,1.45261,1.39131,1.51582,1.60024,1.33212,1.33106,1.06453,0.798,1.30999,1.30999,1.30999,1.30999,1.30999,1.30999,1.30999,1.30999,1.30999,1.30999,1.30999,1.30999,1.30999,1.30999,1.30999,1.30999,1.30999,1.30999,1.30999,1.30999,1.30999,1.30999,1.30999,1.30999,1.30999,1.30999,1.30999,1.30999,1.30999,1.30999,1.30999,1.30999,1.30999,1.30999,1.30999,18,8,12
1.33,1.33,1.5295,1.42975,1.11387,0.798,1.064,1.48517,1.40758,1.10279,0.798,1.064,1.50733,1.3965,1.14158,0.886667,1.08617,1.42975,1.37987,1.59877,1.46439,1.64103,1.46335,1.13067,0.798,1.04183,0.919917,0.798,1.04183,1.38542,1.20254,1.4436,1.3868,1.1589,1.17795,1.23181,1.6134,1.42737,1.71118,1.49843,1.68021,1.48294,1.5173,1.42365,1.46549,1.37558,1.57446,1.43006,1.69036,1.46585,1.15409,0.842333,1.04183,1.00858,1.10279,1.19423,1.52811,1.40689,1.10245,0.798,1.04183,1.00858,1.10279,1.19423,1.01828,0.842333,1.08617,1.51842,1.40204,1.54335,1.41451,1.59392,1.48413,1.69523,1.57912,1.41022,1.34795,1.64931,1.48965,1.58716,1.45858,1.48296,1.38431,1.37932,1.33249,1.30908,1.29737,1.33585,1.31076,1.40905,1.48036,1.47168,1.40084,1.60925,1.46963,1.33,1.31429,1.31429,1.31429,1.31429,1.31429,1.31429,1.31429,1.31429,1.31429,1.31429,1.31429,1.31429,1.31429,1.31429,1.31429,1.31429,1.31429,1.31429,1.31429,1.31429,1.31429,1.31429,1.31429,1.31429,1.31429,1.31429,1.31429,1.31429,1.31429,1.31429,1.31429,1.31429,1.31429,1.31429,1.31429,1.31429,1.31429,8,5,1
0.798,1.37433,1.21917,1.20808,1.00304,0.798,0.9975,0.919917,0.842333,1.04183,1.03075,1.06954,1.15544,1.02105,0.886667,1.01967,1.064,1.064,1.15267,1.15267,1.15267,1.197,1.064,1.08617,1.51842,1.33554,1.55444,1.30922,1.25311,1.15855,1.17778,1.20956,1.18111,1.14472,1.14869,0.995514,0.842333,0.9975,0.96425,1.05846,1.1499,1.01828,0.886667,1.10833,0.9975,0.886667,1.3965,1.23025,1.19146,0.994729,0.798,1.01967,0.953167,0.886667,1.064,0.931,0.798,0.953167,1.07508,1.11387,1.19977,1.10972,1.10903,1.19735,1.06417,1.17492,1.16379,1.20256,1.15545,1.17622,1.23095,1.14747,1.1944,1.10703,1.06335,0.975009,0.886667,0.975333,1.15267,1.064,1.064,1.55167,1.41867,1.33,1.5295,1.65142,1.35771,1.58769,1.34801,1.60501,1.268,1.565,1.29233,1.24467,1.11,1.087,1.142,1.0365,0.98375,1.06821,1.04394,1.12047,1.20307,1.2222,1.18743,1.23655,1.39411,1.22905,1.23519,1.17176,1.11788,1.064,1.13783,1.13783,1.13783,1.13783,1.13783,1.13783,1.13783,1.13783,1.13783,1.13783,1.13783,1.13783,1.13783,1.13783,1.13783,1.13783,1.13783,1.13783,1.13783,1.13783,1.13783,0,0,0
1.55167,1.48517,1.65142,1.55721,1.1776,0.798,1.15267,1.57383,1.51842,1.57937,1.47685,1.18176,0.886667,1.17483,1.56275,1.51287,1.55444,1.50872,1.64103,1.55201,1.75134,1.6515,1.62375,1.54338,1.70269,1.56068,1.20151,0.842333,1.17483,1.40758,1.43529,1.62648,1.45607,1.6147,1.56102,1.60068,1.50967,1.7745,1.64092,1.75146,1.60723,1.62378,1.54339,1.72486,1.59393,1.75013,1.62873,1.63453,1.54877,1.52805,1.51769,1.60118,1.55426,1.66379,1.58556,1.59078,1.50472,1.5282,1.4956,1.6123,1.53765,1.65549,1.58141,1.63304,1.52585,1.51659,1.3568,1.38773,1.44753,1.5661,1.53672,1.69936,1.55901,1.59967,1.487,1.1425,0.798,1.1305,0.96425,0.798,1.10833,1.04183,1.09725,1.25796,1.49348,1.45607,1.6147,1.77333,1.4674,1.4674,1.4674,1.4674,1.4674,1.4674,1.4674,1.4674,1.4674,1.4674,1.4674,1.4674,1.4674,1.4674,1.4674,1.4674,1.4674,1.4674,1.4674,1.4674,1.4674,1.4674,1.4674,1.4674,1.4674,1.4674,1.4674,1.4674,1.4674,1.4674,1.4674,1.4674,1.4674,1.4674,1.4674,1.4674,1.4674,1.4674,1.4674,1.4674,1.4674,1.4674,1.4674,1.4674,1.4674,0,0,1
0.975333,1.15267,1.2635,1.20808,1.31337,1.05569,0.798,1.064,0.9975,1.09725,1.21362,1.27181,1.23441,1.32654,1.35043,1.27372,1.32403,1.30485,1.27309,1.30154,1.04977,0.798,1.10833,1.2635,1.34108,1.18037,1.16652,1.27043,1.25588,1.22644,1.34472,1.49253,1.41126,1.17113,1.1619,1.29028,1.28797,1.24249,1.33058,1.39679,1.29689,1.35778,1.07789,0.798,1.064,1.10833,1.15267,1.2635,1.47408,1.33554,1.3771,1.57522,1.38611,1.40239,1.45486,1.32593,1.35013,1.5174,1.3572,1.2771,1.30355,1.25027,1.33447,1.4209,1.30895,1.36381,1.12524,0.886667,1.10833,1.08617,1.11942,1.26904,1.41035,1.28151,1.37226,1.41763,1.32948,1.35191,1.18579,1.16923,1.24961,1.20114,1.1769,1.27562,1.36931,1.28315,1.35091,1.51779,1.33523,1.37695,1.28697,1.24199,1.37466,1.5075,1.46308,1.57387,1.58494,1.3688,1.37157,1.30645,1.20739,1.10833,1.26636,1.26636,1.26636,1.26636,1.26636,1.26636,1.26636,1.26636,1.26636,1.26636,1.26636,1.26636,1.26636,1.26636,1.26636,1.26636,1.26636,1.26636,1.26636,1.26636,1.26636,1.26636,1.26636,1.26636,1.26636,1.26636,1.26636,1.26636,1.26636,1.26636,1.26636,6,2,3
