unique_id,emotion,video_path,status,reason,frame_count,fps,detected_frames,detection_rate,raw_length,output_length,signal_std,dominant_bpm
1120307023_20251120152526,calm,/Users/geziwang/Desktop/teenager_ppg/cleaned_video_outputs/emotion_clips/1120307023_20251120152526/calm.mp4,ok,ok,730,23.9997,730,1,730,900,0.000812434,89.999
1120307023_20251120152526,sadness,/Users/geziwang/Desktop/teenager_ppg/cleaned_video_outputs/emotion_clips/1120307023_20251120152526/sadness.mp4,ok,ok,724,23.9997,724,1,724,900,0.000994634,67.4993
1120307023_20251120152526,happiness,/Users/geziwang/Desktop/teenager_ppg/cleaned_video_outputs/emotion_clips/1120307023_20251120152526/happiness.mp4,ok,ok,723,24,723,1,723,900,0.00128335,61.875
1120307023_20251120152526,fearness,/Users/geziwang/Desktop/teenager_ppg/cleaned_video_outputs/emotion_clips/1120307023_20251120152526/fearness.mp4,ok,ok,723,24,723,1,723,900,0.00154967,84.375
1120307023_20251120152526,tension,/Users/geziwang/Desktop/teenager_ppg/cleaned_video_outputs/emotion_clips/1120307023_20251120152526/tension.mp4,ok,ok,721,24,721,1,721,900,0.0014266,50.625
1120307024_20251120153625,calm,/Users/geziwang/Desktop/teenager_ppg/cleaned_video_outputs/emotion_clips/1120307024_20251120153625/calm.mp4,ok,ok,731,23.9997,731,1,731,900,0.00911976,50.6244
1120307024_20251120153625,sadness,/Users/geziwang/Desktop/teenager_ppg/cleaned_video_outputs/emotion_clips/1120307024_20251120153625/sadness.mp4,ok,ok,723,23.9997,723,1,723,900,0.0108733,44.9995
1120307024_20251120153625,happiness,/Users/geziwang/Desktop/teenager_ppg/cleaned_video_outputs/emotion_clips/1120307024_20251120153625/happiness.mp4,ok,ok,723,24,723,1,723,900,0.0150584,56.25
1120307024_20251120153625,fearness,/Users/geziwang/Desktop/teenager_ppg/cleaned_video_outputs/emotion_clips/1120307024_20251120153625/fearness.mp4,ok,ok,723,24,723,1,723,900,0.00865559,67.5
1120307024_20251120153625,tension,/Users/geziwang/Desktop/teenager_ppg/cleaned_video_outputs/emotion_clips/1120307024_20251120153625/tension.mp4,ok,ok,720,24,720,1,720,900,0.00739406,45
1120307025_20251120154846,calm,/Users/geziwang/Desktop/teenager_ppg/cleaned_video_outputs/emotion_clips/1120307025_20251120154846/calm.mp4,ok,ok,731,23.9997,731,1,731,900,0.00114921,84.3741
1120307025_20251120154846,sadness,/Users/geziwang/Desktop/teenager_ppg/cleaned_video_outputs/emotion_clips/1120307025_20251120154846/sadness.mp4,ok,ok,723,23.9997,723,1,723,900,0.00290154,61.8743
1120307025_20251120154846,happiness,/Users/geziwang/Desktop/teenager_ppg/cleaned_video_outputs/emotion_clips/1120307025_20251120154846/happiness.mp4,ok,ok,723,24,723,1,723,900,0.00409604,84.375
1120307025_20251120154846,fearness,/Users/geziwang/Desktop/teenager_ppg/cleaned_video_outputs/emotion_clips/1120307025_20251120154846/fearness.mp4,ok,ok,723,24,723,1,723,900,0.0035095,61.875
1120307025_20251120154846,tension,/Users/geziwang/Desktop/teenager_ppg/cleaned_video_outputs/emotion_clips/1120307025_20251120154846/tension.mp4,ok,ok,719,24,719,1,719,900,0.00272694,84.375
1120307026_20251120155826,calm,/Users/geziwang/Desktop/teenager_ppg/cleaned_video_outputs/emotion_clips/1120307026_20251120155826/calm.mp4,ok,ok,731,23.9997,731,1,731,900,0.000933041,67.4993
1120307026_20251120155826,sadness,/Users/geziwang/Desktop/teenager_ppg/cleaned_video_outputs/emotion_clips/1120307026_20251120155826/sadness.mp4,ok,ok,723,23.9997,723,1,723,900,0.00122234,56.2494
1120307026_20251120155826,happiness,/Users/geziwang/Desktop/teenager_ppg/cleaned_video_outputs/emotion_clips/1120307026_20251120155826/happiness.mp4,ok,ok,722,24,722,1,722,900,0.00114496,56.25
1120307026_20251120155826,fearness,/Users/geziwang/Desktop/teenager_ppg/cleaned_video_outputs/emotion_clips/1120307026_20251120155826/fearness.mp4,ok,ok,722,24,722,1,722,900,0.0012707,78.75
1120307026_20251120155826,tension,/Users/geziwang/Desktop/teenager_ppg/cleaned_video_outputs/emotion_clips/1120307026_20251120155826/tension.mp4,ok,ok,721,24,721,1,721,900,0.00151424,78.75
1120307027_20251120161005,calm,/Users/geziwang/Desktop/teenager_ppg/cleaned_video_outputs/emotion_clips/1120307027_20251120161005/calm.mp4,ok,ok,732,23.9997,732,1,732,900,0.000970625,56.2494
1120307027_20251120161005,sadness,/Users/geziwang/Desktop/teenager_ppg/cleaned_video_outputs/emotion_clips/1120307027_20251120161005/sadness.mp4,ok,ok,723,23.9997,723,1,723,900,0.00102171,95.6239
1120307027_20251120161005,happiness,/Users/geziwang/Desktop/teenager_ppg/cleaned_video_outputs/emotion_clips/1120307027_20251120161005/happiness.mp4,ok,ok,723,24,723,1,723,900,0.00117346,56.25
1120307027_20251120161005,fearness,/Users/geziwang/Desktop/teenager_ppg/cleaned_video_outputs/emotion_clips/1120307027_20251120161005/fearness.mp4,ok,ok,723,24,723,1,723,900,0.000864854,73.125
1120307027_20251120161005,tension,/Users/geziwang/Desktop/teenager_ppg/cleaned_video_outputs/emotion_clips/1120307027_20251120161005/tension.mp4,ok,ok,719,24,719,1,719,900,0.000961317,84.375
1120307028_20251120161934,calm,/Users/geziwang/Desktop/teenager_ppg/cleaned_video_outputs/emotion_clips/1120307028_20251120161934/calm.mp4,ok,ok,732,23.9997,732,1,732,900,0.00077015,56.2494
1120307028_20251120161934,sadness,/Users/geziwang/Desktop/teenager_ppg/cleaned_video_outputs/emotion_clips/1120307028_20251120161934/sadness.mp4,ok,ok,723,23.9997,723,1,723,900,0.00106896,118.124
1120307028_20251120161934,happiness,/Users/geziwang/Desktop/teenager_ppg/cleaned_video_outputs/emotion_clips/1120307028_20251120161934/happiness.mp4,ok,ok,723,24,723,1,723,900,0.00101093,61.875
1120307028_20251120161934,fearness,/Users/geziwang/Desktop/teenager_ppg/cleaned_video_outputs/emotion_clips/1120307028_20251120161934/fearness.mp4,ok,ok,723,24,723,1,723,900,0.00103533,56.25
1120307028_20251120161934,tension,/Users/geziwang/Desktop/teenager_ppg/cleaned_video_outputs/emotion_clips/1120307028_20251120161934/tension.mp4,ok,ok,721,24,721,1,721,900,0.00104001,61.875
1120309017_20251120141310,calm,/Users/geziwang/Desktop/teenager_ppg/cleaned_video_outputs/emotion_clips/1120309017_20251120141310/calm.mp4,ok,ok,732,23.9997,732,1,732,900,0.000763505,56.2494
1120309017_20251120141310,sadness,/Users/geziwang/Desktop/teenager_ppg/cleaned_video_outputs/emotion_clips/1120309017_20251120141310/sadness.mp4,ok,ok,723,23.9997,723,1,723,900,0.000718808,84.3741
1120309017_20251120141310,happiness,/Users/geziwang/Desktop/teenager_ppg/cleaned_video_outputs/emotion_clips/1120309017_20251120141310/happiness.mp4,ok,ok,722,24,722,1,722,900,0.000852195,95.625
1120309017_20251120141310,fearness,/Users/geziwang/Desktop/teenager_ppg/cleaned_video_outputs/emotion_clips/1120309017_20251120141310/fearness.mp4,ok,ok,722,24,722,1,722,900,0.000918939,61.875
1120309017_20251120141310,tension,/Users/geziwang/Desktop/teenager_ppg/cleaned_video_outputs/emotion_clips/1120309017_20251120141310/tension.mp4,ok,ok,720,24,720,1,720,900,0.000900279,61.875
1120309018_20251120143016,calm,/Users/geziwang/Desktop/teenager_ppg/cleaned_video_outputs/emotion_clips/1120309018_20251120143016/calm.mp4,ok,ok,729,23.9997,729,1,729,900,0.000976995,78.7491
1120309018_20251120143016,sadness,/Users/geziwang/Desktop/teenager_ppg/cleaned_video_outputs/emotion_clips/1120309018_20251120143016/sadness.mp4,ok,ok,723,23.9997,723,1,723,900,0.00105057,61.8743
1120309018_20251120143016,happiness,/Users/geziwang/Desktop/teenager_ppg/cleaned_video_outputs/emotion_clips/1120309018_20251120143016/happiness.mp4,ok,ok,722,24,722,1,722,900,0.000915271,90
1120309018_20251120143016,fearness,/Users/geziwang/Desktop/teenager_ppg/cleaned_video_outputs/emotion_clips/1120309018_20251120143016/fearness.mp4,ok,ok,722,24,722,1,722,900,0.000915667,101.25
1120309018_20251120143016,tension,/Users/geziwang/Desktop/teenager_ppg/cleaned_video_outputs/emotion_clips/1120309018_20251120143016/tension.mp4,ok,ok,720,24,720,1,720,900,0.00148415,61.875
1120309019_20251120144036,calm,/Users/geziwang/Desktop/teenager_ppg/cleaned_video_outputs/emotion_clips/1120309019_20251120144036/calm.mp4,ok,ok,732,23.9997,732,1,732,900,0.00184402,56.2494
1120309019_20251120144036,sadness,/Users/geziwang/Desktop/teenager_ppg/cleaned_video_outputs/emotion_clips/1120309019_20251120144036/sadness.mp4,ok,ok,723,23.9997,723,1,723,900,0.0012504,56.2494
1120309019_20251120144036,happiness,/Users/geziwang/Desktop/teenager_ppg/cleaned_video_outputs/emotion_clips/1120309019_20251120144036/happiness.mp4,ok,ok,723,24,723,1,723,900,0.00168308,56.25
1120309019_20251120144036,fearness,/Users/geziwang/Desktop/teenager_ppg/cleaned_video_outputs/emotion_clips/1120309019_20251120144036/fearness.mp4,ok,ok,723,24,723,1,723,900,0.00200339,84.375
1120309019_20251120144036,tension,/Users/geziwang/Desktop/teenager_ppg/cleaned_video_outputs/emotion_clips/1120309019_20251120144036/tension.mp4,ok,ok,720,24,720,1,720,900,0.0016206,73.125
1120309020_20251120145039,calm,/Users/geziwang/Desktop/teenager_ppg/cleaned_video_outputs/emotion_clips/1120309020_20251120145039/calm.mp4,ok,ok,733,23.9997,733,1,733,900,0.0520776,89.999
1120309020_20251120145039,sadness,/Users/geziwang/Desktop/teenager_ppg/cleaned_video_outputs/emotion_clips/1120309020_20251120145039/sadness.mp4,ok,ok,723,23.9997,723,1,723,900,0.0536404,67.4993
1120309020_20251120145039,happiness,/Users/geziwang/Desktop/teenager_ppg/cleaned_video_outputs/emotion_clips/1120309020_20251120145039/happiness.mp4,ok,ok,723,24,723,1,723,900,0.0491158,73.125
1120309020_20251120145039,fearness,/Users/geziwang/Desktop/teenager_ppg/cleaned_video_outputs/emotion_clips/1120309020_20251120145039/fearness.mp4,ok,ok,723,24,723,1,723,900,0.0241943,61.875
1120309020_20251120145039,tension,/Users/geziwang/Desktop/teenager_ppg/cleaned_video_outputs/emotion_clips/1120309020_20251120145039/tension.mp4,ok,ok,719,24,719,1,719,900,0.0278489,61.875
1120309021_20251120150051,calm,/Users/geziwang/Desktop/teenager_ppg/cleaned_video_outputs/emotion_clips/1120309021_20251120150051/calm.mp4,ok,ok,732,23.9997,732,1,732,900,0.00105681,56.2494
1120309021_20251120150051,sadness,/Users/geziwang/Desktop/teenager_ppg/cleaned_video_outputs/emotion_clips/1120309021_20251120150051/sadness.mp4,ok,ok,723,23.9997,723,1,723,900,0.00118684,61.8743
1120309021_20251120150051,happiness,/Users/geziwang/Desktop/teenager_ppg/cleaned_video_outputs/emotion_clips/1120309021_20251120150051/happiness.mp4,ok,ok,723,24,723,1,723,900,0.00132206,73.125
1120309021_20251120150051,fearness,/Users/geziwang/Desktop/teenager_ppg/cleaned_video_outputs/emotion_clips/1120309021_20251120150051/fearness.mp4,ok,ok,723,24,723,1,723,900,0.00106432,67.5
1120309021_20251120150051,tension,/Users/geziwang/Desktop/teenager_ppg/cleaned_video_outputs/emotion_clips/1120309021_20251120150051/tension.mp4,ok,ok,719,24,719,1,719,900,0.00153768,50.625
1120309022_20251120151425,calm,/Users/geziwang/Desktop/teenager_ppg/cleaned_video_outputs/emotion_clips/1120309022_20251120151425/calm.mp4,ok,ok,732,23.9997,732,1,732,900,0.00188879,56.2494
1120309022_20251120151425,sadness,/Users/geziwang/Desktop/teenager_ppg/cleaned_video_outputs/emotion_clips/1120309022_20251120151425/sadness.mp4,ok,ok,724,23.9997,724,1,724,900,0.00132963,67.4993
1120309022_20251120151425,happiness,/Users/geziwang/Desktop/teenager_ppg/cleaned_video_outputs/emotion_clips/1120309022_20251120151425/happiness.mp4,ok,ok,723,24,723,1,723,900,0.000962197,90
1120309022_20251120151425,fearness,/Users/geziwang/Desktop/teenager_ppg/cleaned_video_outputs/emotion_clips/1120309022_20251120151425/fearness.mp4,ok,ok,723,24,723,1,723,900,0.00109187,78.75
1120309022_20251120151425,tension,/Users/geziwang/Desktop/teenager_ppg/cleaned_video_outputs/emotion_clips/1120309022_20251120151425/tension.mp4,ok,ok,721,24,721,1,721,900,0.00224043,56.25
1120706001_20251120085909,calm,/Users/geziwang/Desktop/teenager_ppg/cleaned_video_outputs/emotion_clips/1120706001_20251120085909/calm.mp4,ok,ok,729,23.9997,729,1,729,900,0.00124955,67.4993
1120706001_20251120085909,sadness,/Users/geziwang/Desktop/teenager_ppg/cleaned_video_outputs/emotion_clips/1120706001_20251120085909/sadness.mp4,ok,ok,722,23.9997,722,1,722,900,0.0010695,56.2494
1120706001_20251120085909,happiness,/Users/geziwang/Desktop/teenager_ppg/cleaned_video_outputs/emotion_clips/1120706001_20251120085909/happiness.mp4,ok,ok,721,24,721,1,721,900,0.0011504,78.75
1120706001_20251120085909,fearness,/Users/geziwang/Desktop/teenager_ppg/cleaned_video_outputs/emotion_clips/1120706001_20251120085909/fearness.mp4,ok,ok,721,24,721,1,721,900,0.00136488,45
1120706001_20251120085909,tension,/Users/geziwang/Desktop/teenager_ppg/cleaned_video_outputs/emotion_clips/1120706001_20251120085909/tension.mp4,ok,ok,719,24,719,1,719,900,0.00132001,45
1120706002_20251120091034,calm,/Users/geziwang/Desktop/teenager_ppg/cleaned_video_outputs/emotion_clips/1120706002_20251120091034/calm.mp4,ok,ok,730,23.9997,730,1,730,900,0.0008337,101.249
1120706002_20251120091034,sadness,/Users/geziwang/Desktop/teenager_ppg/cleaned_video_outputs/emotion_clips/1120706002_20251120091034/sadness.mp4,ok,ok,723,23.9997,723,1,723,900,0.00108218,123.749
1120706002_20251120091034,happiness,/Users/geziwang/Desktop/teenager_ppg/cleaned_video_outputs/emotion_clips/1120706002_20251120091034/happiness.mp4,ok,ok,722,24,722,1,722,900,0.00118079,95.625
1120706002_20251120091034,fearness,/Users/geziwang/Desktop/teenager_ppg/cleaned_video_outputs/emotion_clips/1120706002_20251120091034/fearness.mp4,ok,ok,722,24,722,1,722,900,0.00144934,61.875
1120706002_20251120091034,tension,/Users/geziwang/Desktop/teenager_ppg/cleaned_video_outputs/emotion_clips/1120706002_20251120091034/tension.mp4,ok,ok,719,24,719,1,719,900,0.00141064,84.375
1120706003_20251120091942,calm,/Users/geziwang/Desktop/teenager_ppg/cleaned_video_outputs/emotion_clips/1120706003_20251120091942/calm.mp4,ok,ok,733,23.9997,733,1,733,900,0.00110255,84.3741
1120706003_20251120091942,sadness,/Users/geziwang/Desktop/teenager_ppg/cleaned_video_outputs/emotion_clips/1120706003_20251120091942/sadness.mp4,ok,ok,723,23.9997,723,1,723,900,0.0014467,84.3741
1120706003_20251120091942,happiness,/Users/geziwang/Desktop/teenager_ppg/cleaned_video_outputs/emotion_clips/1120706003_20251120091942/happiness.mp4,ok,ok,722,24,722,1,722,900,0.00104819,84.375
1120706003_20251120091942,fearness,/Users/geziwang/Desktop/teenager_ppg/cleaned_video_outputs/emotion_clips/1120706003_20251120091942/fearness.mp4,ok,ok,722,24,722,1,722,900,0.00157381,50.625
1120706003_20251120091942,tension,/Users/geziwang/Desktop/teenager_ppg/cleaned_video_outputs/emotion_clips/1120706003_20251120091942/tension.mp4,ok,ok,719,24,719,1,719,900,0.00134447,90
1120706004_20251120093255,calm,/Users/geziwang/Desktop/teenager_ppg/cleaned_video_outputs/emotion_clips/1120706004_20251120093255/calm.mp4,ok,ok,732,23.9997,732,1,732,900,0.00169735,78.7491
1120706004_20251120093255,sadness,/Users/geziwang/Desktop/teenager_ppg/cleaned_video_outputs/emotion_clips/1120706004_20251120093255/sadness.mp4,ok,ok,722,23.9997,722,1,722,900,0.00143401,73.1242
1120706004_20251120093255,happiness,/Users/geziwang/Desktop/teenager_ppg/cleaned_video_outputs/emotion_clips/1120706004_20251120093255/happiness.mp4,ok,ok,721,24,721,1,721,900,0.00132683,45
1120706004_20251120093255,fearness,/Users/geziwang/Desktop/teenager_ppg/cleaned_video_outputs/emotion_clips/1120706004_20251120093255/fearness.mp4,ok,ok,721,24,721,1,721,900,0.00129522,67.5
1120706004_20251120093255,tension,/Users/geziwang/Desktop/teenager_ppg/cleaned_video_outputs/emotion_clips/1120706004_20251120093255/tension.mp4,ok,ok,719,24,719,1,719,900,0.00138232,56.25
1120706005_20251120095104,calm,/Users/geziwang/Desktop/teenager_ppg/cleaned_video_outputs/emotion_clips/1120706005_20251120095104/calm.mp4,ok,ok,729,23.9997,729,1,729,900,0.00150516,84.3741
1120706005_20251120095104,sadness,/Users/geziwang/Desktop/teenager_ppg/cleaned_video_outputs/emotion_clips/1120706005_20251120095104/sadness.mp4,ok,ok,722,23.9997,722,1,722,900,0.00134373,67.4993
1120706005_20251120095104,happiness,/Users/geziwang/Desktop/teenager_ppg/cleaned_video_outputs/emotion_clips/1120706005_20251120095104/happiness.mp4,ok,ok,722,24,722,1,722,900,0.00142387,67.5
1120706005_20251120095104,fearness,/Users/geziwang/Desktop/teenager_ppg/cleaned_video_outputs/emotion_clips/1120706005_20251120095104/fearness.mp4,ok,ok,721,24,721,1,721,900,0.00138,67.5
1120706005_20251120095104,tension,/Users/geziwang/Desktop/teenager_ppg/cleaned_video_outputs/emotion_clips/1120706005_20251120095104/tension.mp4,ok,ok,719,24,719,1,719,900,0.0017194,123.75
1120706006_20251120100543,calm,/Users/geziwang/Desktop/teenager_ppg/cleaned_video_outputs/emotion_clips/1120706006_20251120100543/calm.mp4,ok,ok,730,23.9997,730,1,730,900,0.00115366,50.6244
1120706006_20251120100543,sadness,/Users/geziwang/Desktop/teenager_ppg/cleaned_video_outputs/emotion_clips/1120706006_20251120100543/sadness.mp4,ok,ok,722,23.9997,722,1,722,900,0.00127537,73.1242
1120706006_20251120100543,happiness,/Users/geziwang/Desktop/teenager_ppg/cleaned_video_outputs/emotion_clips/1120706006_20251120100543/happiness.mp4,ok,ok,722,24,722,1,722,900,0.00120297,67.5
1120706006_20251120100543,fearness,/Users/geziwang/Desktop/teenager_ppg/cleaned_video_outputs/emotion_clips/1120706006_20251120100543/fearness.mp4,ok,ok,721,24,721,1,721,900,0.00138325,61.875
1120706006_20251120100543,tension,/Users/geziwang/Desktop/teenager_ppg/cleaned_video_outputs/emotion_clips/1120706006_20251120100543/tension.mp4,ok,ok,719,24,719,1,719,900,0.00125655,61.875
1120707007_20251120101542,calm,/Users/geziwang/Desktop/teenager_ppg/cleaned_video_outputs/emotion_clips/1120707007_20251120101542/calm.mp4,ok,ok,731,23.9997,731,1,731,900,0.000757191,67.4993
1120707007_20251120101542,sadness,/Users/geziwang/Desktop/teenager_ppg/cleaned_video_outputs/emotion_clips/1120707007_20251120101542/sadness.mp4,ok,ok,722,23.9997,722,1,722,900,0.0013845,78.7491
1120707007_20251120101542,happiness,/Users/geziwang/Desktop/teenager_ppg/cleaned_video_outputs/emotion_clips/1120707007_20251120101542/happiness.mp4,ok,ok,722,24,722,1,722,900,0.00155991,67.5
1120707007_20251120101542,fearness,/Users/geziwang/Desktop/teenager_ppg/cleaned_video_outputs/emotion_clips/1120707007_20251120101542/fearness.mp4,ok,ok,721,24,721,1,721,900,0.0016589,45
1120707007_20251120101542,tension,/Users/geziwang/Desktop/teenager_ppg/cleaned_video_outputs/emotion_clips/1120707007_20251120101542/tension.mp4,ok,ok,719,24,719,1,719,900,0.00128839,61.875
1120707008_20251120102419,calm,/Users/geziwang/Desktop/teenager_ppg/cleaned_video_outputs/emotion_clips/1120707008_20251120102419/calm.mp4,ok,ok,731,23.9997,731,1,731,900,0.00106956,56.2494
1120707008_20251120102419,sadness,/Users/geziwang/Desktop/teenager_ppg/cleaned_video_outputs/emotion_clips/1120707008_20251120102419/sadness.mp4,ok,ok,722,23.9997,722,1,722,900,0.00125003,73.1242
1120707008_20251120102419,happiness,/Users/geziwang/Desktop/teenager_ppg/cleaned_video_outputs/emotion_clips/1120707008_20251120102419/happiness.mp4,ok,ok,722,24,722,1,722,900,0.00120258,67.5
1120707008_20251120102419,fearness,/Users/geziwang/Desktop/teenager_ppg/cleaned_video_outputs/emotion_clips/1120707008_20251120102419/fearness.mp4,ok,ok,721,24,721,1,721,900,0.00185846,78.75
1120707008_20251120102419,tension,/Users/geziwang/Desktop/teenager_ppg/cleaned_video_outputs/emotion_clips/1120707008_20251120102419/tension.mp4,ok,ok,720,24,720,1,720,900,0.00133266,78.75
1120707009_20251120103356,calm,/Users/geziwang/Desktop/teenager_ppg/cleaned_video_outputs/emotion_clips/1120707009_20251120103356/calm.mp4,ok,ok,732,23.9997,732,1,732,900,0.00133698,78.7491
1120707009_20251120103356,sadness,/Users/geziwang/Desktop/teenager_ppg/cleaned_video_outputs/emotion_clips/1120707009_20251120103356/sadness.mp4,ok,ok,722,23.9997,722,1,722,900,0.00117112,61.8743
1120707009_20251120103356,happiness,/Users/geziwang/Desktop/teenager_ppg/cleaned_video_outputs/emotion_clips/1120707009_20251120103356/happiness.mp4,ok,ok,722,24,722,1,722,900,0.00147505,50.625
1120707009_20251120103356,fearness,/Users/geziwang/Desktop/teenager_ppg/cleaned_video_outputs/emotion_clips/1120707009_20251120103356/fearness.mp4,ok,ok,721,24,721,1,721,900,0.00116977,50.625
1120707009_20251120103356,tension,/Users/geziwang/Desktop/teenager_ppg/cleaned_video_outputs/emotion_clips/1120707009_20251120103356/tension.mp4,ok,ok,719,24,719,1,719,900,0.0011243,61.875
1120707010_20251120104254,calm,/Users/geziwang/Desktop/teenager_ppg/cleaned_video_outputs/emotion_clips/1120707010_20251120104254/calm.mp4,ok,ok,731,23.9997,731,1,731,900,0.00201609,73.1242
1120707010_20251120104254,sadness,/Users/geziwang/Desktop/teenager_ppg/cleaned_video_outputs/emotion_clips/1120707010_20251120104254/sadness.mp4,ok,ok,722,23.9997,722,1,722,900,0.00123154,84.3741
1120707010_20251120104254,happiness,/Users/geziwang/Desktop/teenager_ppg/cleaned_video_outputs/emotion_clips/1120707010_20251120104254/happiness.mp4,ok,ok,722,24,722,1,722,900,0.00113816,73.125
1120707010_20251120104254,fearness,/Users/geziwang/Desktop/teenager_ppg/cleaned_video_outputs/emotion_clips/1120707010_20251120104254/fearness.mp4,ok,ok,721,24,721,1,721,900,0.00127874,78.75
1120707010_20251120104254,tension,/Users/geziwang/Desktop/teenager_ppg/cleaned_video_outputs/emotion_clips/1120707010_20251120104254/tension.mp4,ok,ok,719,24,719,1,719,900,0.00116192,50.625
1120707011_20251120105213,calm,/Users/geziwang/Desktop/teenager_ppg/cleaned_video_outputs/emotion_clips/1120707011_20251120105213/calm.mp4,ok,ok,732,23.9997,732,1,732,900,0.00118767,73.1242
1120707011_20251120105213,sadness,/Users/geziwang/Desktop/teenager_ppg/cleaned_video_outputs/emotion_clips/1120707011_20251120105213/sadness.mp4,ok,ok,720,23.9997,720,1,720,900,0.00145601,67.4993
1120707011_20251120105213,happiness,/Users/geziwang/Desktop/teenager_ppg/cleaned_video_outputs/emotion_clips/1120707011_20251120105213/happiness.mp4,ok,ok,720,24,720,1,720,900,0.00131376,50.625
1120707011_20251120105213,fearness,/Users/geziwang/Desktop/teenager_ppg/cleaned_video_outputs/emotion_clips/1120707011_20251120105213/fearness.mp4,ok,ok,720,24,720,1,720,900,0.00128401,61.875
1120707011_20251120105213,tension,/Users/geziwang/Desktop/teenager_ppg/cleaned_video_outputs/emotion_clips/1120707011_20251120105213/tension.mp4,ok,ok,718,24,718,1,718,900,0.00121254,73.125
1120707012_20251120110302,calm,/Users/geziwang/Desktop/teenager_ppg/cleaned_video_outputs/emotion_clips/1120707012_20251120110302/calm.mp4,ok,ok,730,23.9997,730,1,730,900,0.00233107,67.4993
1120707012_20251120110302,sadness,/Users/geziwang/Desktop/teenager_ppg/cleaned_video_outputs/emotion_clips/1120707012_20251120110302/sadness.mp4,ok,ok,723,23.9997,723,1,723,900,0.00117585,61.8743
1120707012_20251120110302,happiness,/Users/geziwang/Desktop/teenager_ppg/cleaned_video_outputs/emotion_clips/1120707012_20251120110302/happiness.mp4,ok,ok,723,24,723,1,723,900,0.00114729,61.875
1120707012_20251120110302,fearness,/Users/geziwang/Desktop/teenager_ppg/cleaned_video_outputs/emotion_clips/1120707012_20251120110302/fearness.mp4,ok,ok,723,24,723,1,723,900,0.00199362,67.5
1120707012_20251120110302,tension,/Users/geziwang/Desktop/teenager_ppg/cleaned_video_outputs/emotion_clips/1120707012_20251120110302/tension.mp4,ok,ok,721,24,721,1,721,900,0.00186677,61.875
1120708013_20251120111339,calm,/Users/geziwang/Desktop/teenager_ppg/cleaned_video_outputs/emotion_clips/1120708013_20251120111339/calm.mp4,ok,ok,731,23.9997,731,1,731,900,0.00242255,56.2494
1120708013_20251120111339,sadness,/Users/geziwang/Desktop/teenager_ppg/cleaned_video_outputs/emotion_clips/1120708013_20251120111339/sadness.mp4,ok,ok,723,23.9997,723,1,723,900,0.000875126,84.3741
1120708013_20251120111339,happiness,/Users/geziwang/Desktop/teenager_ppg/cleaned_video_outputs/emotion_clips/1120708013_20251120111339/happiness.mp4,ok,ok,723,24,723,1,723,900,0.001282,78.75
1120708013_20251120111339,fearness,/Users/geziwang/Desktop/teenager_ppg/cleaned_video_outputs/emotion_clips/1120708013_20251120111339/fearness.mp4,ok,ok,723,24,723,1,723,900,0.000858369,67.5
1120708013_20251120111339,tension,/Users/geziwang/Desktop/teenager_ppg/cleaned_video_outputs/emotion_clips/1120708013_20251120111339/tension.mp4,ok,ok,719,24,719,1,719,900,0.000720699,78.75
1120708014_20251120112500,calm,/Users/geziwang/Desktop/teenager_ppg/cleaned_video_outputs/emotion_clips/1120708014_20251120112500/calm.mp4,ok,ok,730,23.9997,730,1,730,900,0.00116703,67.4993
1120708014_20251120112500,sadness,/Users/geziwang/Desktop/teenager_ppg/cleaned_video_outputs/emotion_clips/1120708014_20251120112500/sadness.mp4,ok,ok,723,23.9997,723,1,723,900,0.0011856,50.6244
1120708014_20251120112500,happiness,/Users/geziwang/Desktop/teenager_ppg/cleaned_video_outputs/emotion_clips/1120708014_20251120112500/happiness.mp4,ok,ok,722,24,722,1,722,900,0.000969449,78.75
1120708014_20251120112500,fearness,/Users/geziwang/Desktop/teenager_ppg/cleaned_video_outputs/emotion_clips/1120708014_20251120112500/fearness.mp4,ok,ok,722,24,722,1,722,900,0.000937735,78.75
1120708014_20251120112500,tension,/Users/geziwang/Desktop/teenager_ppg/cleaned_video_outputs/emotion_clips/1120708014_20251120112500/tension.mp4,ok,ok,721,24,721,1,721,900,0.00103905,67.5
1120708015_20251120113417,calm,/Users/geziwang/Desktop/teenager_ppg/cleaned_video_outputs/emotion_clips/1120708015_20251120113417/calm.mp4,ok,ok,733,23.9997,733,1,733,900,0.000959821,67.4993
1120708015_20251120113417,sadness,/Users/geziwang/Desktop/teenager_ppg/cleaned_video_outputs/emotion_clips/1120708015_20251120113417/sadness.mp4,ok,ok,723,23.9997,723,1,723,900,0.00121209,84.3741
1120708015_20251120113417,happiness,/Users/geziwang/Desktop/teenager_ppg/cleaned_video_outputs/emotion_clips/1120708015_20251120113417/happiness.mp4,ok,ok,723,24,723,1,723,900,0.000928176,67.5
1120708015_20251120113417,fearness,/Users/geziwang/Desktop/teenager_ppg/cleaned_video_outputs/emotion_clips/1120708015_20251120113417/fearness.mp4,ok,ok,723,24,723,1,723,900,0.00119286,61.875
1120708015_20251120113417,tension,/Users/geziwang/Desktop/teenager_ppg/cleaned_video_outputs/emotion_clips/1120708015_20251120113417/tension.mp4,ok,ok,720,24,720,1,720,900,0.00126715,61.875
1120708016_20251120114338,calm,/Users/geziwang/Desktop/teenager_ppg/cleaned_video_outputs/emotion_clips/1120708016_20251120114338/calm.mp4,ok,ok,733,23.9997,733,1,733,900,0.00090248,67.4993
1120708016_20251120114338,sadness,/Users/geziwang/Desktop/teenager_ppg/cleaned_video_outputs/emotion_clips/1120708016_20251120114338/sadness.mp4,ok,ok,721,23.9997,721,1,721,900,0.000950161,89.999
1120708016_20251120114338,happiness,/Users/geziwang/Desktop/teenager_ppg/cleaned_video_outputs/emotion_clips/1120708016_20251120114338/happiness.mp4,ok,ok,721,24,721,1,721,900,0.000903518,50.625
1120708016_20251120114338,fearness,/Users/geziwang/Desktop/teenager_ppg/cleaned_video_outputs/emotion_clips/1120708016_20251120114338/fearness.mp4,ok,ok,720,24,720,1,720,900,0.000935636,61.875
1120708016_20251120114338,tension,/Users/geziwang/Desktop/teenager_ppg/cleaned_video_outputs/emotion_clips/1120708016_20251120114338/tension.mp4,ok,ok,719,24,719,1,719,900,0.000892877,56.25
1120708029_20251120162904,calm,/Users/geziwang/Desktop/teenager_ppg/cleaned_video_outputs/emotion_clips/1120708029_20251120162904/calm.mp4,ok,ok,731,23.9997,731,1,731,900,0.000968925,50.6244
1120708029_20251120162904,sadness,/Users/geziwang/Desktop/teenager_ppg/cleaned_video_outputs/emotion_clips/1120708029_20251120162904/sadness.mp4,ok,ok,723,23.9997,723,1,723,900,0.00110864,61.8743
1120708029_20251120162904,happiness,/Users/geziwang/Desktop/teenager_ppg/cleaned_video_outputs/emotion_clips/1120708029_20251120162904/happiness.mp4,ok,ok,723,24,723,1,723,900,0.000930458,67.5
1120708029_20251120162904,fearness,/Users/geziwang/Desktop/teenager_ppg/cleaned_video_outputs/emotion_clips/1120708029_20251120162904/fearness.mp4,ok,ok,723,24,723,1,723,900,0.000943127,90
1120708029_20251120162904,tension,/Users/geziwang/Desktop/teenager_ppg/cleaned_video_outputs/emotion_clips/1120708029_20251120162904/tension.mp4,ok,ok,719,24,719,1,719,900,0.00087722,73.125
1120708030_20251120163937,calm,/Users/geziwang/Desktop/teenager_ppg/cleaned_video_outputs/emotion_clips/1120708030_20251120163937/calm.mp4,ok,ok,732,23.9997,732,1,732,900,0.00112494,106.874
1120708030_20251120163937,sadness,/Users/geziwang/Desktop/teenager_ppg/cleaned_video_outputs/emotion_clips/1120708030_20251120163937/sadness.mp4,ok,ok,723,23.9997,723,1,723,900,0.00126926,50.6244
1120708030_20251120163937,happiness,/Users/geziwang/Desktop/teenager_ppg/cleaned_video_outputs/emotion_clips/1120708030_20251120163937/happiness.mp4,ok,ok,723,24,723,1,723,900,0.00106728,78.75
1120708030_20251120163937,fearness,/Users/geziwang/Desktop/teenager_ppg/cleaned_video_outputs/emotion_clips/1120708030_20251120163937/fearness.mp4,ok,ok,723,24,723,1,723,900,0.00100565,67.5
1120708030_20251120163937,tension,/Users/geziwang/Desktop/teenager_ppg/cleaned_video_outputs/emotion_clips/1120708030_20251120163937/tension.mp4,ok,ok,721,24,721,1,721,900,0.000994755,106.875
1120905006_20251128110629,calm,/Users/geziwang/Desktop/teenager_ppg/cleaned_video_outputs/emotion_clips/1120905006_20251128110629/calm.mp4,ok,ok,730,23.9997,730,1,730,900,0.00142808,56.2494
1120905006_20251128110629,sadness,/Users/geziwang/Desktop/teenager_ppg/cleaned_video_outputs/emotion_clips/1120905006_20251128110629/sadness.mp4,ok,ok,721,23.9997,721,1,721,900,0.00150647,84.3741
1120905006_20251128110629,happiness,/Users/geziwang/Desktop/teenager_ppg/cleaned_video_outputs/emotion_clips/1120905006_20251128110629/happiness.mp4,ok,ok,721,24,721,1,721,900,0.00201817,56.25
1120905006_20251128110629,fearness,/Users/geziwang/Desktop/teenager_ppg/cleaned_video_outputs/emotion_clips/1120905006_20251128110629/fearness.mp4,ok,ok,720,24,720,1,720,900,0.00125728,61.875
1120905006_20251128110629,tension,/Users/geziwang/Desktop/teenager_ppg/cleaned_video_outputs/emotion_clips/1120905006_20251128110629/tension.mp4,ok,ok,719,24,719,1,719,900,0.00190584,73.125
1120905007_20251128111407,calm,/Users/geziwang/Desktop/teenager_ppg/cleaned_video_outputs/emotion_clips/1120905007_20251128111407/calm.mp4,ok,ok,731,23.9997,731,1,731,900,0.00103695,78.7491
1120905007_20251128111407,sadness,/Users/geziwang/Desktop/teenager_ppg/cleaned_video_outputs/emotion_clips/1120905007_20251128111407/sadness.mp4,ok,ok,723,23.9997,723,1,723,900,0.00101239,84.3741
1120905007_20251128111407,happiness,/Users/geziwang/Desktop/teenager_ppg/cleaned_video_outputs/emotion_clips/1120905007_20251128111407/happiness.mp4,ok,ok,722,24,722,1,722,900,0.00100523,78.75
1120905007_20251128111407,fearness,/Users/geziwang/Desktop/teenager_ppg/cleaned_video_outputs/emotion_clips/1120905007_20251128111407/fearness.mp4,ok,ok,722,24,722,1,722,900,0.000917987,78.75
1120905007_20251128111407,tension,/Users/geziwang/Desktop/teenager_ppg/cleaned_video_outputs/emotion_clips/1120905007_20251128111407/tension.mp4,ok,ok,719,24,719,1,719,900,0.0012899,78.75
1120905008_20251128112516,calm,/Users/geziwang/Desktop/teenager_ppg/cleaned_video_outputs/emotion_clips/1120905008_20251128112516/calm.mp4,ok,ok,728,23.9997,728,1,728,900,0.00110202,118.124
1120905008_20251128112516,sadness,/Users/geziwang/Desktop/teenager_ppg/cleaned_video_outputs/emotion_clips/1120905008_20251128112516/sadness.mp4,ok,ok,721,23.9997,721,1,721,900,0.00121934,56.2494
1120905008_20251128112516,happiness,/Users/geziwang/Desktop/teenager_ppg/cleaned_video_outputs/emotion_clips/1120905008_20251128112516/happiness.mp4,ok,ok,720,24,720,1,720,900,0.00112187,61.875
1120905008_20251128112516,fearness,/Users/geziwang/Desktop/teenager_ppg/cleaned_video_outputs/emotion_clips/1120905008_20251128112516/fearness.mp4,ok,ok,721,24,721,1,721,900,0.0011301,61.875
1120905008_20251128112516,tension,/Users/geziwang/Desktop/teenager_ppg/cleaned_video_outputs/emotion_clips/1120905008_20251128112516/tension.mp4,ok,ok,718,24,718,1,718,900,0.00132398,56.25
1120905009_20251128113156,calm,/Users/geziwang/Desktop/teenager_ppg/cleaned_video_outputs/emotion_clips/1120905009_20251128113156/calm.mp4,ok,ok,732,23.9997,732,1,732,900,0.000913575,84.3741
1120905009_20251128113156,sadness,/Users/geziwang/Desktop/teenager_ppg/cleaned_video_outputs/emotion_clips/1120905009_20251128113156/sadness.mp4,ok,ok,721,23.9997,721,1,721,900,0.00138221,67.4993
1120905009_20251128113156,happiness,/Users/geziwang/Desktop/teenager_ppg/cleaned_video_outputs/emotion_clips/1120905009_20251128113156/happiness.mp4,ok,ok,720,24,720,1,720,900,0.00103671,84.375
1120905009_20251128113156,fearness,/Users/geziwang/Desktop/teenager_ppg/cleaned_video_outputs/emotion_clips/1120905009_20251128113156/fearness.mp4,ok,ok,721,24,721,1,721,900,0.00117971,78.75
1120905009_20251128113156,tension,/Users/geziwang/Desktop/teenager_ppg/cleaned_video_outputs/emotion_clips/1120905009_20251128113156/tension.mp4,ok,ok,718,24,718,1,718,900,0.0010138,90
1120905010_20251128113907,calm,/Users/geziwang/Desktop/teenager_ppg/cleaned_video_outputs/emotion_clips/1120905010_20251128113907/calm.mp4,ok,ok,732,23.9997,732,1,732,900,0.00120537,78.7491
1120905010_20251128113907,sadness,/Users/geziwang/Desktop/teenager_ppg/cleaned_video_outputs/emotion_clips/1120905010_20251128113907/sadness.mp4,ok,ok,722,23.9997,722,1,722,900,0.000991824,78.7491
1120905010_20251128113907,happiness,/Users/geziwang/Desktop/teenager_ppg/cleaned_video_outputs/emotion_clips/1120905010_20251128113907/happiness.mp4,ok,ok,721,24,721,1,721,900,0.0010434,56.25
1120905010_20251128113907,fearness,/Users/geziwang/Desktop/teenager_ppg/cleaned_video_outputs/emotion_clips/1120905010_20251128113907/fearness.mp4,ok,ok,721,24,721,1,721,900,0.00115757,73.125
1120905010_20251128113907,tension,/Users/geziwang/Desktop/teenager_ppg/cleaned_video_outputs/emotion_clips/1120905010_20251128113907/tension.mp4,ok,ok,719,24,719,1,719,900,0.000838916,73.125
1120907001_20251128094605,calm,/Users/geziwang/Desktop/teenager_ppg/cleaned_video_outputs/emotion_clips/1120907001_20251128094605/calm.mp4,ok,ok,732,23.9997,732,1,732,900,0.000730621,73.1242
1120907001_20251128094605,sadness,/Users/geziwang/Desktop/teenager_ppg/cleaned_video_outputs/emotion_clips/1120907001_20251128094605/sadness.mp4,ok,ok,722,23.9997,722,1,722,900,0.00114211,50.6244
1120907001_20251128094605,happiness,/Users/geziwang/Desktop/teenager_ppg/cleaned_video_outputs/emotion_clips/1120907001_20251128094605/happiness.mp4,ok,ok,721,24,721,1,721,900,0.000800107,84.375
1120907001_20251128094605,fearness,/Users/geziwang/Desktop/teenager_ppg/cleaned_video_outputs/emotion_clips/1120907001_20251128094605/fearness.mp4,ok,ok,721,24,721,1,721,900,0.000669694,73.125
1120907001_20251128094605,tension,/Users/geziwang/Desktop/teenager_ppg/cleaned_video_outputs/emotion_clips/1120907001_20251128094605/tension.mp4,ok,ok,719,24,719,1,719,900,0.000751064,56.25
1120907002_20251128095433,calm,/Users/geziwang/Desktop/teenager_ppg/cleaned_video_outputs/emotion_clips/1120907002_20251128095433/calm.mp4,ok,ok,731,23.9997,731,1,731,900,0.00224733,61.8743
1120907002_20251128095433,sadness,/Users/geziwang/Desktop/teenager_ppg/cleaned_video_outputs/emotion_clips/1120907002_20251128095433/sadness.mp4,ok,ok,720,23.9997,720,1,720,900,0.00105674,50.6244
1120907002_20251128095433,happiness,/Users/geziwang/Desktop/teenager_ppg/cleaned_video_outputs/emotion_clips/1120907002_20251128095433/happiness.mp4,ok,ok,720,24,720,1,720,900,0.000886985,56.25
1120907002_20251128095433,fearness,/Users/geziwang/Desktop/teenager_ppg/cleaned_video_outputs/emotion_clips/1120907002_20251128095433/fearness.mp4,ok,ok,720,24,720,1,720,900,0.000770725,61.875
1120907002_20251128095433,tension,/Users/geziwang/Desktop/teenager_ppg/cleaned_video_outputs/emotion_clips/1120907002_20251128095433/tension.mp4,ok,ok,718,24,718,1,718,900,0.000915921,67.5
1120907003_20251128100235,calm,/Users/geziwang/Desktop/teenager_ppg/cleaned_video_outputs/emotion_clips/1120907003_20251128100235/calm.mp4,ok,ok,730,23.9997,730,1,730,900,0.00175139,61.8743
1120907003_20251128100235,sadness,/Users/geziwang/Desktop/teenager_ppg/cleaned_video_outputs/emotion_clips/1120907003_20251128100235/sadness.mp4,ok,ok,721,23.9997,721,1,721,900,0.00131963,67.4993
1120907003_20251128100235,happiness,/Users/geziwang/Desktop/teenager_ppg/cleaned_video_outputs/emotion_clips/1120907003_20251128100235/happiness.mp4,ok,ok,720,24,720,1,720,900,0.00193825,50.625
1120907003_20251128100235,fearness,/Users/geziwang/Desktop/teenager_ppg/cleaned_video_outputs/emotion_clips/1120907003_20251128100235/fearness.mp4,ok,ok,721,24,721,1,721,900,0.00172948,78.75
1120907003_20251128100235,tension,/Users/geziwang/Desktop/teenager_ppg/cleaned_video_outputs/emotion_clips/1120907003_20251128100235/tension.mp4,ok,ok,717,24,717,1,717,900,0.00192759,67.5
1120907004_20251128101134,calm,/Users/geziwang/Desktop/teenager_ppg/cleaned_video_outputs/emotion_clips/1120907004_20251128101134/calm.mp4,ok,ok,732,23.9997,732,1,732,900,0.000953128,73.1242
1120907004_20251128101134,sadness,/Users/geziwang/Desktop/teenager_ppg/cleaned_video_outputs/emotion_clips/1120907004_20251128101134/sadness.mp4,ok,ok,722,23.9997,722,1,722,900,0.00137502,56.2494
1120907004_20251128101134,happiness,/Users/geziwang/Desktop/teenager_ppg/cleaned_video_outputs/emotion_clips/1120907004_20251128101134/happiness.mp4,ok,ok,722,24,722,1,722,900,0.000887095,50.625
1120907004_20251128101134,fearness,/Users/geziwang/Desktop/teenager_ppg/cleaned_video_outputs/emotion_clips/1120907004_20251128101134/fearness.mp4,ok,ok,721,24,721,1,721,900,0.000941275,56.25
1120907004_20251128101134,tension,/Users/geziwang/Desktop/teenager_ppg/cleaned_video_outputs/emotion_clips/1120907004_20251128101134/tension.mp4,ok,ok,719,24,719,1,719,900,0.00105042,50.625
1120907005_20251128101824,calm,/Users/geziwang/Desktop/teenager_ppg/cleaned_video_outputs/emotion_clips/1120907005_20251128101824/calm.mp4,ok,ok,732,23.9997,732,1,732,900,0.000949582,67.4993
1120907005_20251128101824,sadness,/Users/geziwang/Desktop/teenager_ppg/cleaned_video_outputs/emotion_clips/1120907005_20251128101824/sadness.mp4,ok,ok,722,23.9997,722,1,722,900,0.00122628,67.4993
1120907005_20251128101824,happiness,/Users/geziwang/Desktop/teenager_ppg/cleaned_video_outputs/emotion_clips/1120907005_20251128101824/happiness.mp4,ok,ok,722,24,722,1,722,900,0.000842999,56.25
1120907005_20251128101824,fearness,/Users/geziwang/Desktop/teenager_ppg/cleaned_video_outputs/emotion_clips/1120907005_20251128101824/fearness.mp4,ok,ok,721,24,721,1,721,900,0.000731788,84.375
1120907005_20251128101824,tension,/Users/geziwang/Desktop/teenager_ppg/cleaned_video_outputs/emotion_clips/1120907005_20251128101824/tension.mp4,ok,ok,719,24,719,1,719,900,0.000742317,90
1121005031_20251121084628,calm,/Users/geziwang/Desktop/teenager_ppg/cleaned_video_outputs/emotion_clips/1121005031_20251121084628/calm.mp4,ok,ok,729,23.9997,729,1,729,900,0.000784645,89.999
1121005031_20251121084628,sadness,/Users/geziwang/Desktop/teenager_ppg/cleaned_video_outputs/emotion_clips/1121005031_20251121084628/sadness.mp4,ok,ok,722,23.9997,722,1,722,900,0.000704302,89.999
1121005031_20251121084628,happiness,/Users/geziwang/Desktop/teenager_ppg/cleaned_video_outputs/emotion_clips/1121005031_20251121084628/happiness.mp4,ok,ok,722,24,722,1,722,900,0.000756584,78.75
1121005031_20251121084628,fearness,/Users/geziwang/Desktop/teenager_ppg/cleaned_video_outputs/emotion_clips/1121005031_20251121084628/fearness.mp4,ok,ok,721,24,721,1,721,900,0.000698242,78.75
1121005031_20251121084628,tension,/Users/geziwang/Desktop/teenager_ppg/cleaned_video_outputs/emotion_clips/1121005031_20251121084628/tension.mp4,ok,ok,719,24,719,1,719,900,0.000778349,73.125
1121005032_20251121085359,calm,/Users/geziwang/Desktop/teenager_ppg/cleaned_video_outputs/emotion_clips/1121005032_20251121085359/calm.mp4,ok,ok,730,23.9997,730,1,730,900,0.00138791,56.2494
1121005032_20251121085359,sadness,/Users/geziwang/Desktop/teenager_ppg/cleaned_video_outputs/emotion_clips/1121005032_20251121085359/sadness.mp4,ok,ok,722,23.9997,722,1,722,900,0.00107005,61.8743
1121005032_20251121085359,happiness,/Users/geziwang/Desktop/teenager_ppg/cleaned_video_outputs/emotion_clips/1121005032_20251121085359/happiness.mp4,ok,ok,721,24,721,1,721,900,0.00114846,73.125
1121005032_20251121085359,fearness,/Users/geziwang/Desktop/teenager_ppg/cleaned_video_outputs/emotion_clips/1121005032_20251121085359/fearness.mp4,ok,ok,721,24,721,1,721,900,0.00103138,67.5
1121005032_20251121085359,tension,/Users/geziwang/Desktop/teenager_ppg/cleaned_video_outputs/emotion_clips/1121005032_20251121085359/tension.mp4,ok,ok,718,24,718,1,718,900,0.000783264,67.5
1121005033_20251121090418,calm,/Users/geziwang/Desktop/teenager_ppg/cleaned_video_outputs/emotion_clips/1121005033_20251121090418/calm.mp4,ok,ok,729,23.9997,729,1,729,900,0.000806849,56.2494
1121005033_20251121090418,sadness,/Users/geziwang/Desktop/teenager_ppg/cleaned_video_outputs/emotion_clips/1121005033_20251121090418/sadness.mp4,ok,ok,723,23.9997,723,1,723,900,0.00103568,67.4993
1121005033_20251121090418,happiness,/Users/geziwang/Desktop/teenager_ppg/cleaned_video_outputs/emotion_clips/1121005033_20251121090418/happiness.mp4,ok,ok,723,24,723,1,723,900,0.000815312,61.875
1121005033_20251121090418,fearness,/Users/geziwang/Desktop/teenager_ppg/cleaned_video_outputs/emotion_clips/1121005033_20251121090418/fearness.mp4,ok,ok,723,24,723,1,723,900,0.000876635,45
1121005033_20251121090418,tension,/Users/geziwang/Desktop/teenager_ppg/cleaned_video_outputs/emotion_clips/1121005033_20251121090418/tension.mp4,ok,ok,720,24,720,1,720,900,0.00192934,180
1121005034_20251121092243,calm,/Users/geziwang/Desktop/teenager_ppg/cleaned_video_outputs/emotion_clips/1121005034_20251121092243/calm.mp4,ok,ok,719,23.9997,719,1,719,900,0.00328405,157.498
1121005034_20251121092243,sadness,/Users/geziwang/Desktop/teenager_ppg/cleaned_video_outputs/emotion_clips/1121005034_20251121092243/sadness.mp4,ok,ok,722,23.9997,722,1,722,900,0.00132132,95.6239
1121005034_20251121092243,happiness,/Users/geziwang/Desktop/teenager_ppg/cleaned_video_outputs/emotion_clips/1121005034_20251121092243/happiness.mp4,ok,ok,722,24,722,1,722,900,0.00103695,67.5
1121005034_20251121092243,fearness,/Users/geziwang/Desktop/teenager_ppg/cleaned_video_outputs/emotion_clips/1121005034_20251121092243/fearness.mp4,ok,ok,721,24,721,1,721,900,0.00108297,56.25
1121005034_20251121092243,tension,/Users/geziwang/Desktop/teenager_ppg/cleaned_video_outputs/emotion_clips/1121005034_20251121092243/tension.mp4,ok,ok,720,24,720,1,720,900,0.00103239,73.125
1121005035_20251121093855,calm,/Users/geziwang/Desktop/teenager_ppg/cleaned_video_outputs/emotion_clips/1121005035_20251121093855/calm.mp4,ok,ok,719,23.9997,719,1,719,900,0.000954788,61.8743
1121005035_20251121093855,sadness,/Users/geziwang/Desktop/teenager_ppg/cleaned_video_outputs/emotion_clips/1121005035_20251121093855/sadness.mp4,ok,ok,720,23.9997,720,1,720,900,0.00100735,61.8743
1121005035_20251121093855,happiness,/Users/geziwang/Desktop/teenager_ppg/cleaned_video_outputs/emotion_clips/1121005035_20251121093855/happiness.mp4,ok,ok,720,24,720,1,720,900,0.00124352,50.625
1121005035_20251121093855,fearness,/Users/geziwang/Desktop/teenager_ppg/cleaned_video_outputs/emotion_clips/1121005035_20251121093855/fearness.mp4,ok,ok,720,24,720,1,720,900,0.00106445,67.5
1121005035_20251121093855,tension,/Users/geziwang/Desktop/teenager_ppg/cleaned_video_outputs/emotion_clips/1121005035_20251121093855/tension.mp4,ok,ok,718,24,718,1,718,900,0.00155426,56.25
1121005036_20251121094542,calm,/Users/geziwang/Desktop/teenager_ppg/cleaned_video_outputs/emotion_clips/1121005036_20251121094542/calm.mp4,ok,ok,725,23.9997,725,1,725,900,0.000925768,67.4993
1121005036_20251121094542,sadness,/Users/geziwang/Desktop/teenager_ppg/cleaned_video_outputs/emotion_clips/1121005036_20251121094542/sadness.mp4,ok,ok,716,23.9997,716,1,716,900,0.000823483,67.4992
1121005036_20251121094542,happiness,/Users/geziwang/Desktop/teenager_ppg/cleaned_video_outputs/emotion_clips/1121005036_20251121094542/happiness.mp4,ok,ok,716,24,716,1,716,900,0.000691983,61.875
1121005036_20251121094542,fearness,/Users/geziwang/Desktop/teenager_ppg/cleaned_video_outputs/emotion_clips/1121005036_20251121094542/fearness.mp4,ok,ok,716,24,716,1,716,900,0.000996428,67.5
1121005036_20251121094542,tension,/Users/geziwang/Desktop/teenager_ppg/cleaned_video_outputs/emotion_clips/1121005036_20251121094542/tension.mp4,ok,ok,714,24,714,1,714,900,0.00107236,61.875
1121005037_20251121095348,calm,/Users/geziwang/Desktop/teenager_ppg/cleaned_video_outputs/emotion_clips/1121005037_20251121095348/calm.mp4,ok,ok,729,23.9997,729,1,729,900,0.000773585,56.2494
1121005037_20251121095348,sadness,/Users/geziwang/Desktop/teenager_ppg/cleaned_video_outputs/emotion_clips/1121005037_20251121095348/sadness.mp4,ok,ok,723,23.9997,723,1,723,900,0.000939848,61.8743
1121005037_20251121095348,happiness,/Users/geziwang/Desktop/teenager_ppg/cleaned_video_outputs/emotion_clips/1121005037_20251121095348/happiness.mp4,ok,ok,722,24,722,1,722,900,0.000800462,56.25
1121005037_20251121095348,fearness,/Users/geziwang/Desktop/teenager_ppg/cleaned_video_outputs/emotion_clips/1121005037_20251121095348/fearness.mp4,ok,ok,722,24,722,1,722,900,0.00111162,50.625
1121005037_20251121095348,tension,/Users/geziwang/Desktop/teenager_ppg/cleaned_video_outputs/emotion_clips/1121005037_20251121095348/tension.mp4,ok,ok,720,24,720,1,720,900,0.000941287,50.625
1121005038_20251121100220,calm,/Users/geziwang/Desktop/teenager_ppg/cleaned_video_outputs/emotion_clips/1121005038_20251121100220/calm.mp4,ok,ok,725,23.9997,725,1,725,900,0.000904474,73.1242
1121005038_20251121100220,sadness,/Users/geziwang/Desktop/teenager_ppg/cleaned_video_outputs/emotion_clips/1121005038_20251121100220/sadness.mp4,ok,ok,719,23.9997,719,1,719,900,0.00101747,56.2494
1121005038_20251121100220,happiness,/Users/geziwang/Desktop/teenager_ppg/cleaned_video_outputs/emotion_clips/1121005038_20251121100220/happiness.mp4,ok,ok,718,24,718,1,718,900,0.00076559,90
1121005038_20251121100220,fearness,/Users/geziwang/Desktop/teenager_ppg/cleaned_video_outputs/emotion_clips/1121005038_20251121100220/fearness.mp4,ok,ok,718,24,718,1,718,900,0.000804346,61.875
1121005038_20251121100220,tension,/Users/geziwang/Desktop/teenager_ppg/cleaned_video_outputs/emotion_clips/1121005038_20251121100220/tension.mp4,ok,ok,717,24,717,1,717,900,0.00107546,67.5
1121005039_20251121101356,calm,/Users/geziwang/Desktop/teenager_ppg/cleaned_video_outputs/emotion_clips/1121005039_20251121101356/calm.mp4,ok,ok,729,23.9997,729,1,729,900,0.0011655,61.8743
1121005039_20251121101356,sadness,/Users/geziwang/Desktop/teenager_ppg/cleaned_video_outputs/emotion_clips/1121005039_20251121101356/sadness.mp4,ok,ok,722,23.9997,722,1,722,900,0.00108411,78.7491
1121005039_20251121101356,happiness,/Users/geziwang/Desktop/teenager_ppg/cleaned_video_outputs/emotion_clips/1121005039_20251121101356/happiness.mp4,ok,ok,722,24,722,1,722,900,0.00105725,50.625
1121005039_20251121101356,fearness,/Users/geziwang/Desktop/teenager_ppg/cleaned_video_outputs/emotion_clips/1121005039_20251121101356/fearness.mp4,ok,ok,721,24,721,1,721,900,0.00101684,78.75
1121005039_20251121101356,tension,/Users/geziwang/Desktop/teenager_ppg/cleaned_video_outputs/emotion_clips/1121005039_20251121101356/tension.mp4,ok,ok,720,24,720,1,720,900,0.00129854,56.25
1121006040_20251121102417,calm,/Users/geziwang/Desktop/teenager_ppg/cleaned_video_outputs/emotion_clips/1121006040_20251121102417/calm.mp4,ok,ok,725,23.9997,725,1,725,900,0.00120371,84.3741
1121006040_20251121102417,sadness,/Users/geziwang/Desktop/teenager_ppg/cleaned_video_outputs/emotion_clips/1121006040_20251121102417/sadness.mp4,ok,ok,722,23.9997,722,1,722,900,0.00101269,61.8743
1121006040_20251121102417,happiness,/Users/geziwang/Desktop/teenager_ppg/cleaned_video_outputs/emotion_clips/1121006040_20251121102417/happiness.mp4,ok,ok,722,24,722,1,722,900,0.00123964,61.875
1121006040_20251121102417,fearness,/Users/geziwang/Desktop/teenager_ppg/cleaned_video_outputs/emotion_clips/1121006040_20251121102417/fearness.mp4,ok,ok,721,24,721,1,721,900,0.00139208,56.25
1121006040_20251121102417,tension,/Users/geziwang/Desktop/teenager_ppg/cleaned_video_outputs/emotion_clips/1121006040_20251121102417/tension.mp4,ok,ok,719,24,719,1,719,900,0.00124275,61.875
1121006041_20251121103211,calm,/Users/geziwang/Desktop/teenager_ppg/cleaned_video_outputs/emotion_clips/1121006041_20251121103211/calm.mp4,ok,ok,725,23.9997,725,1,725,900,0.00118223,61.8743
1121006041_20251121103211,sadness,/Users/geziwang/Desktop/teenager_ppg/cleaned_video_outputs/emotion_clips/1121006041_20251121103211/sadness.mp4,ok,ok,722,23.9997,722,1,722,900,0.00103896,89.999
1121006041_20251121103211,happiness,/Users/geziwang/Desktop/teenager_ppg/cleaned_video_outputs/emotion_clips/1121006041_20251121103211/happiness.mp4,ok,ok,721,24,721,1,721,900,0.00125429,73.125
1121006041_20251121103211,fearness,/Users/geziwang/Desktop/teenager_ppg/cleaned_video_outputs/emotion_clips/1121006041_20251121103211/fearness.mp4,ok,ok,721,24,721,1,721,900,0.000965679,61.875
1121006041_20251121103211,tension,/Users/geziwang/Desktop/teenager_ppg/cleaned_video_outputs/emotion_clips/1121006041_20251121103211/tension.mp4,ok,ok,718,24,718,1,718,900,0.00123908,56.25
1121006049_20251121113556,calm,/Users/geziwang/Desktop/teenager_ppg/cleaned_video_outputs/emotion_clips/1121006049_20251121113556/calm.mp4,ok,ok,723,23.9997,723,1,723,900,0.000849945,67.4993
1121006049_20251121113556,sadness,/Users/geziwang/Desktop/teenager_ppg/cleaned_video_outputs/emotion_clips/1121006049_20251121113556/sadness.mp4,ok,ok,717,23.9997,717,1,717,900,0.000940967,67.4992
1121006049_20251121113556,happiness,/Users/geziwang/Desktop/teenager_ppg/cleaned_video_outputs/emotion_clips/1121006049_20251121113556/happiness.mp4,ok,ok,716,24,716,1,716,900,0.00124166,56.25
1121006049_20251121113556,fearness,/Users/geziwang/Desktop/teenager_ppg/cleaned_video_outputs/emotion_clips/1121006049_20251121113556/fearness.mp4,ok,ok,716,24,716,1,716,900,0.00104884,90
1121006049_20251121113556,tension,/Users/geziwang/Desktop/teenager_ppg/cleaned_video_outputs/emotion_clips/1121006049_20251121113556/tension.mp4,ok,ok,714,24,714,1,714,900,0.00191832,78.75
1121006050_20251121114420,calm,/Users/geziwang/Desktop/teenager_ppg/cleaned_video_outputs/emotion_clips/1121006050_20251121114420/calm.mp4,ok,ok,728,23.9997,728,1,728,900,0.00325594,67.4993
1121006050_20251121114420,sadness,/Users/geziwang/Desktop/teenager_ppg/cleaned_video_outputs/emotion_clips/1121006050_20251121114420/sadness.mp4,ok,ok,719,23.9997,719,1,719,900,0.00159491,56.2494
1121006050_20251121114420,happiness,/Users/geziwang/Desktop/teenager_ppg/cleaned_video_outputs/emotion_clips/1121006050_20251121114420/happiness.mp4,ok,ok,718,24,718,1,718,900,0.00161654,73.125
1121006050_20251121114420,fearness,/Users/geziwang/Desktop/teenager_ppg/cleaned_video_outputs/emotion_clips/1121006050_20251121114420/fearness.mp4,ok,ok,718,24,718,1,718,900,0.0010013,67.5
1121006050_20251121114420,tension,/Users/geziwang/Desktop/teenager_ppg/cleaned_video_outputs/emotion_clips/1121006050_20251121114420/tension.mp4,ok,ok,717,24,717,1,717,900,0.0016574,50.625
1121007042_20251121104121,calm,/Users/geziwang/Desktop/teenager_ppg/cleaned_video_outputs/emotion_clips/1121007042_20251121104121/calm.mp4,ok,ok,721,23.9997,721,1,721,900,0.00150471,73.1242
1121007042_20251121104121,sadness,/Users/geziwang/Desktop/teenager_ppg/cleaned_video_outputs/emotion_clips/1121007042_20251121104121/sadness.mp4,ok,ok,719,23.9997,719,1,719,900,0.00121978,50.6244
1121007042_20251121104121,happiness,/Users/geziwang/Desktop/teenager_ppg/cleaned_video_outputs/emotion_clips/1121007042_20251121104121/happiness.mp4,ok,ok,718,24,718,1,718,900,0.00160045,67.5
1121007042_20251121104121,fearness,/Users/geziwang/Desktop/teenager_ppg/cleaned_video_outputs/emotion_clips/1121007042_20251121104121/fearness.mp4,ok,ok,718,24,718,1,718,900,0.00142048,61.875
1121007042_20251121104121,tension,/Users/geziwang/Desktop/teenager_ppg/cleaned_video_outputs/emotion_clips/1121007042_20251121104121/tension.mp4,ok,ok,715,24,715,1,715,900,0.00140713,61.875
1121007043_20251121104833,calm,/Users/geziwang/Desktop/teenager_ppg/cleaned_video_outputs/emotion_clips/1121007043_20251121104833/calm.mp4,ok,ok,725,23.9997,725,1,725,900,0.00146759,61.8743
1121007043_20251121104833,sadness,/Users/geziwang/Desktop/teenager_ppg/cleaned_video_outputs/emotion_clips/1121007043_20251121104833/sadness.mp4,ok,ok,721,23.9997,721,1,721,900,0.000845963,95.6239
1121007043_20251121104833,happiness,/Users/geziwang/Desktop/teenager_ppg/cleaned_video_outputs/emotion_clips/1121007043_20251121104833/happiness.mp4,ok,ok,720,24,720,1,720,900,0.000900029,106.875
1121007043_20251121104833,fearness,/Users/geziwang/Desktop/teenager_ppg/cleaned_video_outputs/emotion_clips/1121007043_20251121104833/fearness.mp4,ok,ok,721,24,721,1,721,900,0.000829153,61.875
1121007043_20251121104833,tension,/Users/geziwang/Desktop/teenager_ppg/cleaned_video_outputs/emotion_clips/1121007043_20251121104833/tension.mp4,ok,ok,718,24,718,1,718,900,0.000759099,73.125
1121007044_20251121105636,calm,/Users/geziwang/Desktop/teenager_ppg/cleaned_video_outputs/emotion_clips/1121007044_20251121105636/calm.mp4,ok,ok,725,23.9997,725,1,725,900,0.0011739,56.2494
1121007044_20251121105636,sadness,/Users/geziwang/Desktop/teenager_ppg/cleaned_video_outputs/emotion_clips/1121007044_20251121105636/sadness.mp4,ok,ok,722,23.9997,722,1,722,900,0.00138132,56.2494
1121007044_20251121105636,happiness,/Users/geziwang/Desktop/teenager_ppg/cleaned_video_outputs/emotion_clips/1121007044_20251121105636/happiness.mp4,ok,ok,722,24,722,1,722,900,0.00124599,73.125
1121007044_20251121105636,fearness,/Users/geziwang/Desktop/teenager_ppg/cleaned_video_outputs/emotion_clips/1121007044_20251121105636/fearness.mp4,ok,ok,721,24,721,1,721,900,0.000812693,73.125
1121007044_20251121105636,tension,/Users/geziwang/Desktop/teenager_ppg/cleaned_video_outputs/emotion_clips/1121007044_20251121105636/tension.mp4,ok,ok,720,24,720,1,720,900,0.0013481,67.5
1121007045_20251121110351,calm,/Users/geziwang/Desktop/teenager_ppg/cleaned_video_outputs/emotion_clips/1121007045_20251121110351/calm.mp4,ok,ok,728,23.9997,728,1,728,900,0.00124231,73.1242
1121007045_20251121110351,sadness,/Users/geziwang/Desktop/teenager_ppg/cleaned_video_outputs/emotion_clips/1121007045_20251121110351/sadness.mp4,ok,ok,718,23.9997,718,1,718,900,0.00100248,44.9995
1121007045_20251121110351,happiness,/Users/geziwang/Desktop/teenager_ppg/cleaned_video_outputs/emotion_clips/1121007045_20251121110351/happiness.mp4,ok,ok,718,24,718,1,718,900,0.00119216,78.75
1121007045_20251121110351,fearness,/Users/geziwang/Desktop/teenager_ppg/cleaned_video_outputs/emotion_clips/1121007045_20251121110351/fearness.mp4,ok,ok,717,24,717,1,717,900,0.000893311,78.75
1121007045_20251121110351,tension,/Users/geziwang/Desktop/teenager_ppg/cleaned_video_outputs/emotion_clips/1121007045_20251121110351/tension.mp4,ok,ok,715,24,715,1,715,900,0.00099195,78.75
1121007046_20251121111134,calm,/Users/geziwang/Desktop/teenager_ppg/cleaned_video_outputs/emotion_clips/1121007046_20251121111134/calm.mp4,ok,ok,723,23.9997,723,1,723,900,0.00324296,67.4993
1121007046_20251121111134,sadness,/Users/geziwang/Desktop/teenager_ppg/cleaned_video_outputs/emotion_clips/1121007046_20251121111134/sadness.mp4,ok,ok,719,23.9997,719,1,719,900,0.00247046,146.248
1121007046_20251121111134,happiness,/Users/geziwang/Desktop/teenager_ppg/cleaned_video_outputs/emotion_clips/1121007046_20251121111134/happiness.mp4,ok,ok,719,24,719,1,719,900,0.00127824,56.25
1121007046_20251121111134,fearness,/Users/geziwang/Desktop/teenager_ppg/cleaned_video_outputs/emotion_clips/1121007046_20251121111134/fearness.mp4,ok,ok,719,24,719,1,719,900,0.00292422,67.5
1121007046_20251121111134,tension,/Users/geziwang/Desktop/teenager_ppg/cleaned_video_outputs/emotion_clips/1121007046_20251121111134/tension.mp4,ok,ok,717,24,717,1,717,900,0.00291463,95.625
1121007047_20251121112018,calm,/Users/geziwang/Desktop/teenager_ppg/cleaned_video_outputs/emotion_clips/1121007047_20251121112018/calm.mp4,ok,ok,724,23.9997,724,1,724,900,0.00102751,84.3741
1121007047_20251121112018,sadness,/Users/geziwang/Desktop/teenager_ppg/cleaned_video_outputs/emotion_clips/1121007047_20251121112018/sadness.mp4,ok,ok,720,23.9997,720,1,720,900,0.00264812,78.7491
1121007047_20251121112018,happiness,/Users/geziwang/Desktop/teenager_ppg/cleaned_video_outputs/emotion_clips/1121007047_20251121112018/happiness.mp4,ok,ok,719,24,719,1,719,900,0.00131679,84.375
1121007047_20251121112018,fearness,/Users/geziwang/Desktop/teenager_ppg/cleaned_video_outputs/emotion_clips/1121007047_20251121112018/fearness.mp4,ok,ok,720,24,720,1,720,900,0.0011803,90
1121007047_20251121112018,tension,/Users/geziwang/Desktop/teenager_ppg/cleaned_video_outputs/emotion_clips/1121007047_20251121112018/tension.mp4,ok,ok,716,24,716,1,716,900,0.00117633,95.625
1121007048_20251121112758,calm,/Users/geziwang/Desktop/teenager_ppg/cleaned_video_outputs/emotion_clips/1121007048_20251121112758/calm.mp4,ok,ok,725,23.9997,725,1,725,900,0.000825089,61.8743
1121007048_20251121112758,sadness,/Users/geziwang/Desktop/teenager_ppg/cleaned_video_outputs/emotion_clips/1121007048_20251121112758/sadness.mp4,ok,ok,716,23.9997,716,1,716,900,0.000846413,56.2494
1121007048_20251121112758,happiness,/Users/geziwang/Desktop/teenager_ppg/cleaned_video_outputs/emotion_clips/1121007048_20251121112758/happiness.mp4,ok,ok,716,24,716,1,716,900,0.000825981,67.5
1121007048_20251121112758,fearness,/Users/geziwang/Desktop/teenager_ppg/cleaned_video_outputs/emotion_clips/1121007048_20251121112758/fearness.mp4,ok,ok,716,24,716,1,716,900,0.000790909,61.875
1121007048_20251121112758,tension,/Users/geziwang/Desktop/teenager_ppg/cleaned_video_outputs/emotion_clips/1121007048_20251121112758/tension.mp4,ok,ok,714,24,714,1,714,900,0.000795437,56.25
1121201011_20251130103832,calm,/Users/geziwang/Desktop/teenager_ppg/cleaned_video_outputs/emotion_clips/1121201011_20251130103832/calm.mp4,ok,ok,729,23.9997,729,1,729,900,0.000959958,56.2494
1121201011_20251130103832,sadness,/Users/geziwang/Desktop/teenager_ppg/cleaned_video_outputs/emotion_clips/1121201011_20251130103832/sadness.mp4,ok,ok,722,23.9997,722,1,722,900,0.00105781,67.4993
1121201011_20251130103832,happiness,/Users/geziwang/Desktop/teenager_ppg/cleaned_video_outputs/emotion_clips/1121201011_20251130103832/happiness.mp4,ok,ok,721,24,721,1,721,900,0.00110811,78.75
1121201011_20251130103832,fearness,/Users/geziwang/Desktop/teenager_ppg/cleaned_video_outputs/emotion_clips/1121201011_20251130103832/fearness.mp4,ok,ok,721,24,721,1,721,900,0.000803747,61.875
1121201011_20251130103832,tension,/Users/geziwang/Desktop/teenager_ppg/cleaned_video_outputs/emotion_clips/1121201011_20251130103832/tension.mp4,ok,ok,717,24,717,1,717,900,0.000868514,73.125
1121201012_20251130104714,calm,/Users/geziwang/Desktop/teenager_ppg/cleaned_video_outputs/emotion_clips/1121201012_20251130104714/calm.mp4,ok,ok,732,23.9997,732,1,732,900,0.00178009,67.4993
1121201012_20251130104714,sadness,/Users/geziwang/Desktop/teenager_ppg/cleaned_video_outputs/emotion_clips/1121201012_20251130104714/sadness.mp4,ok,ok,722,23.9997,722,1,722,900,0.00128294,73.1242
1121201012_20251130104714,happiness,/Users/geziwang/Desktop/teenager_ppg/cleaned_video_outputs/emotion_clips/1121201012_20251130104714/happiness.mp4,ok,ok,721,24,721,1,721,900,0.00123904,73.125
1121201012_20251130104714,fearness,/Users/geziwang/Desktop/teenager_ppg/cleaned_video_outputs/emotion_clips/1121201012_20251130104714/fearness.mp4,ok,ok,721,24,721,1,721,900,0.00123678,73.125
1121201012_20251130104714,tension,/Users/geziwang/Desktop/teenager_ppg/cleaned_video_outputs/emotion_clips/1121201012_20251130104714/tension.mp4,ok,ok,719,24,719,1,719,900,0.0010646,73.125
1121201013_20251130105450,calm,/Users/geziwang/Desktop/teenager_ppg/cleaned_video_outputs/emotion_clips/1121201013_20251130105450/calm.mp4,ok,ok,730,23.9997,730,1,730,900,0.000705848,118.124
1121201013_20251130105450,sadness,/Users/geziwang/Desktop/teenager_ppg/cleaned_video_outputs/emotion_clips/1121201013_20251130105450/sadness.mp4,ok,ok,722,23.9997,722,1,722,900,0.000757559,67.4993
1121201013_20251130105450,happiness,/Users/geziwang/Desktop/teenager_ppg/cleaned_video_outputs/emotion_clips/1121201013_20251130105450/happiness.mp4,ok,ok,722,24,722,1,722,900,0.000639769,67.5
1121201013_20251130105450,fearness,/Users/geziwang/Desktop/teenager_ppg/cleaned_video_outputs/emotion_clips/1121201013_20251130105450/fearness.mp4,ok,ok,721,24,721,1,721,900,0.000834464,67.5
1121201013_20251130105450,tension,/Users/geziwang/Desktop/teenager_ppg/cleaned_video_outputs/emotion_clips/1121201013_20251130105450/tension.mp4,ok,ok,719,24,719,1,719,900,0.000832986,61.875
1121201014_20251130110546,calm,/Users/geziwang/Desktop/teenager_ppg/cleaned_video_outputs/emotion_clips/1121201014_20251130110546/calm.mp4,ok,ok,730,23.9997,730,1,730,900,0.00196128,84.3741
1121201014_20251130110546,sadness,/Users/geziwang/Desktop/teenager_ppg/cleaned_video_outputs/emotion_clips/1121201014_20251130110546/sadness.mp4,ok,ok,722,23.9997,722,1,722,900,0.00192549,50.6244
1121201014_20251130110546,happiness,/Users/geziwang/Desktop/teenager_ppg/cleaned_video_outputs/emotion_clips/1121201014_20251130110546/happiness.mp4,ok,ok,722,24,722,1,722,900,0.00157148,61.875
1121201014_20251130110546,fearness,/Users/geziwang/Desktop/teenager_ppg/cleaned_video_outputs/emotion_clips/1121201014_20251130110546/fearness.mp4,ok,ok,721,24,721,1,721,900,0.00175466,61.875
1121201014_20251130110546,tension,/Users/geziwang/Desktop/teenager_ppg/cleaned_video_outputs/emotion_clips/1121201014_20251130110546/tension.mp4,ok,ok,720,24,720,1,720,900,0.00137981,56.25
1121201015_20251130111239,calm,/Users/geziwang/Desktop/teenager_ppg/cleaned_video_outputs/emotion_clips/1121201015_20251130111239/calm.mp4,ok,ok,729,23.9997,729,1,729,900,0.00143362,67.4993
1121201015_20251130111239,sadness,/Users/geziwang/Desktop/teenager_ppg/cleaned_video_outputs/emotion_clips/1121201015_20251130111239/sadness.mp4,ok,ok,722,23.9997,722,1,722,900,0.0010786,50.6244
1121201015_20251130111239,happiness,/Users/geziwang/Desktop/teenager_ppg/cleaned_video_outputs/emotion_clips/1121201015_20251130111239/happiness.mp4,ok,ok,721,24,721,1,721,900,0.00132674,67.5
1121201015_20251130111239,fearness,/Users/geziwang/Desktop/teenager_ppg/cleaned_video_outputs/emotion_clips/1121201015_20251130111239/fearness.mp4,ok,ok,721,24,721,1,721,900,0.00167315,90
1121201015_20251130111239,tension,/Users/geziwang/Desktop/teenager_ppg/cleaned_video_outputs/emotion_clips/1121201015_20251130111239/tension.mp4,ok,ok,719,24,719,1,719,900,0.00134454,90
1121201016_20251130111907,calm,/Users/geziwang/Desktop/teenager_ppg/cleaned_video_outputs/emotion_clips/1121201016_20251130111907/calm.mp4,ok,ok,729,23.9997,729,1,729,900,0.00113557,67.4993
1121201016_20251130111907,sadness,/Users/geziwang/Desktop/teenager_ppg/cleaned_video_outputs/emotion_clips/1121201016_20251130111907/sadness.mp4,ok,ok,722,23.9997,722,1,722,900,0.00104666,73.1242
1121201016_20251130111907,happiness,/Users/geziwang/Desktop/teenager_ppg/cleaned_video_outputs/emotion_clips/1121201016_20251130111907/happiness.mp4,ok,ok,721,24,721,1,721,900,0.00145057,61.875
1121201016_20251130111907,fearness,/Users/geziwang/Desktop/teenager_ppg/cleaned_video_outputs/emotion_clips/1121201016_20251130111907/fearness.mp4,ok,ok,721,24,721,1,721,900,0.00103187,61.875
1121201016_20251130111907,tension,/Users/geziwang/Desktop/teenager_ppg/cleaned_video_outputs/emotion_clips/1121201016_20251130111907/tension.mp4,ok,ok,718,24,718,1,718,900,0.000926191,73.125
1121201018_20251130113930,calm,/Users/geziwang/Desktop/teenager_ppg/cleaned_video_outputs/emotion_clips/1121201018_20251130113930/calm.mp4,ok,ok,730,23.9997,730,1,730,900,0.00136795,61.8743
1121201018_20251130113930,sadness,/Users/geziwang/Desktop/teenager_ppg/cleaned_video_outputs/emotion_clips/1121201018_20251130113930/sadness.mp4,ok,ok,722,23.9997,722,1,722,900,0.00174902,56.2494
1121201018_20251130113930,happiness,/Users/geziwang/Desktop/teenager_ppg/cleaned_video_outputs/emotion_clips/1121201018_20251130113930/happiness.mp4,ok,ok,721,24,721,1,721,900,0.00116499,90
1121201018_20251130113930,fearness,/Users/geziwang/Desktop/teenager_ppg/cleaned_video_outputs/emotion_clips/1121201018_20251130113930/fearness.mp4,ok,ok,721,24,721,1,721,900,0.00103182,73.125
1121201018_20251130113930,tension,/Users/geziwang/Desktop/teenager_ppg/cleaned_video_outputs/emotion_clips/1121201018_20251130113930/tension.mp4,ok,ok,718,24,718,1,718,900,0.00121107,78.75
1121201019_20251130114858,calm,/Users/geziwang/Desktop/teenager_ppg/cleaned_video_outputs/emotion_clips/1121201019_20251130114858/calm.mp4,ok,ok,727,23.9997,727,1,727,900,0.00116498,78.7491
1121201019_20251130114858,sadness,/Users/geziwang/Desktop/teenager_ppg/cleaned_video_outputs/emotion_clips/1121201019_20251130114858/sadness.mp4,ok,ok,722,23.9997,722,1,722,900,0.0011649,56.2494
1121201019_20251130114858,happiness,/Users/geziwang/Desktop/teenager_ppg/cleaned_video_outputs/emotion_clips/1121201019_20251130114858/happiness.mp4,ok,ok,721,24,721,1,721,900,0.00125233,78.75
1121201019_20251130114858,fearness,/Users/geziwang/Desktop/teenager_ppg/cleaned_video_outputs/emotion_clips/1121201019_20251130114858/fearness.mp4,ok,ok,721,24,721,1,721,900,0.00125104,78.75
1121201019_20251130114858,tension,/Users/geziwang/Desktop/teenager_ppg/cleaned_video_outputs/emotion_clips/1121201019_20251130114858/tension.mp4,ok,ok,719,24,719,1,719,900,0.00116313,84.375
1121201020_20251130115509,calm,/Users/geziwang/Desktop/teenager_ppg/cleaned_video_outputs/emotion_clips/1121201020_20251130115509/calm.mp4,ok,ok,731,23.9997,731,1,731,900,0.00101808,61.8743
1121201020_20251130115509,sadness,/Users/geziwang/Desktop/teenager_ppg/cleaned_video_outputs/emotion_clips/1121201020_20251130115509/sadness.mp4,ok,ok,721,23.9997,721,1,721,900,0.00112783,78.7491
1121201020_20251130115509,happiness,/Users/geziwang/Desktop/teenager_ppg/cleaned_video_outputs/emotion_clips/1121201020_20251130115509/happiness.mp4,ok,ok,720,24,720,1,720,900,0.000884984,61.875
1121201020_20251130115509,fearness,/Users/geziwang/Desktop/teenager_ppg/cleaned_video_outputs/emotion_clips/1121201020_20251130115509/fearness.mp4,ok,ok,721,24,721,1,721,900,0.000937691,95.625
1121201020_20251130115509,tension,/Users/geziwang/Desktop/teenager_ppg/cleaned_video_outputs/emotion_clips/1121201020_20251130115509/tension.mp4,ok,ok,718,24,718,1,718,900,0.0010774,61.875
1121201021_20251130135554,calm,/Users/geziwang/Desktop/teenager_ppg/cleaned_video_outputs/emotion_clips/1121201021_20251130135554/calm.mp4,ok,ok,732,23.9997,732,1,732,900,0.00112213,101.249
1121201021_20251130135554,sadness,/Users/geziwang/Desktop/teenager_ppg/cleaned_video_outputs/emotion_clips/1121201021_20251130135554/sadness.mp4,ok,ok,719,23.9997,719,1,719,900,0.00139181,67.4992
1121201021_20251130135554,happiness,/Users/geziwang/Desktop/teenager_ppg/cleaned_video_outputs/emotion_clips/1121201021_20251130135554/happiness.mp4,ok,ok,719,24,719,1,719,900,0.00127673,61.875
1121201021_20251130135554,fearness,/Users/geziwang/Desktop/teenager_ppg/cleaned_video_outputs/emotion_clips/1121201021_20251130135554/fearness.mp4,ok,ok,719,24,719,1,719,900,0.00111137,61.875
1121201021_20251130135554,tension,/Users/geziwang/Desktop/teenager_ppg/cleaned_video_outputs/emotion_clips/1121201021_20251130135554/tension.mp4,ok,ok,717,24,717,1,717,900,0.00102739,90
1121209022_20251130141301,calm,/Users/geziwang/Desktop/teenager_ppg/cleaned_video_outputs/emotion_clips/1121209022_20251130141301/calm.mp4,ok,ok,730,23.9997,730,1,730,900,0.00191327,50.6244
1121209022_20251130141301,sadness,/Users/geziwang/Desktop/teenager_ppg/cleaned_video_outputs/emotion_clips/1121209022_20251130141301/sadness.mp4,ok,ok,720,23.9997,720,1,720,900,0.00136933,50.6244
1121209022_20251130141301,happiness,/Users/geziwang/Desktop/teenager_ppg/cleaned_video_outputs/emotion_clips/1121209022_20251130141301/happiness.mp4,ok,ok,719,24,719,1,719,900,0.00127206,95.625
1121209022_20251130141301,fearness,/Users/geziwang/Desktop/teenager_ppg/cleaned_video_outputs/emotion_clips/1121209022_20251130141301/fearness.mp4,ok,ok,720,24,720,1,720,900,0.00765836,50.625
1121209022_20251130141301,tension,/Users/geziwang/Desktop/teenager_ppg/cleaned_video_outputs/emotion_clips/1121209022_20251130141301/tension.mp4,ok,ok,717,24,717,1,717,900,0.00202031,67.5
1121209023_20251130142307,calm,/Users/geziwang/Desktop/teenager_ppg/cleaned_video_outputs/emotion_clips/1121209023_20251130142307/calm.mp4,ok,ok,729,23.9997,729,1,729,900,0.0256234,140.623
1121209023_20251130142307,sadness,/Users/geziwang/Desktop/teenager_ppg/cleaned_video_outputs/emotion_clips/1121209023_20251130142307/sadness.mp4,ok,ok,722,23.9997,722,1,722,900,0.00934159,61.8743
1121209023_20251130142307,happiness,/Users/geziwang/Desktop/teenager_ppg/cleaned_video_outputs/emotion_clips/1121209023_20251130142307/happiness.mp4,ok,ok,722,24,722,1,722,900,0.0069945,95.625
1121209023_20251130142307,fearness,/Users/geziwang/Desktop/teenager_ppg/cleaned_video_outputs/emotion_clips/1121209023_20251130142307/fearness.mp4,ok,ok,721,24,721,1,721,900,0.0117903,61.875
1121209023_20251130142307,tension,/Users/geziwang/Desktop/teenager_ppg/cleaned_video_outputs/emotion_clips/1121209023_20251130142307/tension.mp4,ok,ok,719,24,719,1,719,900,0.00758451,61.875
1121209024_20251130142959,calm,/Users/geziwang/Desktop/teenager_ppg/cleaned_video_outputs/emotion_clips/1121209024_20251130142959/calm.mp4,ok,ok,732,23.9997,732,1,732,900,0.00116745,89.999
1121209024_20251130142959,sadness,/Users/geziwang/Desktop/teenager_ppg/cleaned_video_outputs/emotion_clips/1121209024_20251130142959/sadness.mp4,ok,ok,720,23.9997,720,1,720,900,0.00154657,78.7491
1121209024_20251130142959,happiness,/Users/geziwang/Desktop/teenager_ppg/cleaned_video_outputs/emotion_clips/1121209024_20251130142959/happiness.mp4,ok,ok,720,24,720,1,720,900,0.00112582,95.625
1121209024_20251130142959,fearness,/Users/geziwang/Desktop/teenager_ppg/cleaned_video_outputs/emotion_clips/1121209024_20251130142959/fearness.mp4,ok,ok,720,24,720,1,720,900,0.00131595,95.625
1121209024_20251130142959,tension,/Users/geziwang/Desktop/teenager_ppg/cleaned_video_outputs/emotion_clips/1121209024_20251130142959/tension.mp4,ok,ok,718,24,718,1,718,900,0.00133094,61.875
1121209025_20251130143822,calm,/Users/geziwang/Desktop/teenager_ppg/cleaned_video_outputs/emotion_clips/1121209025_20251130143822/calm.mp4,ok,ok,732,23.9997,732,1,732,900,0.00110885,67.4993
1121209025_20251130143822,sadness,/Users/geziwang/Desktop/teenager_ppg/cleaned_video_outputs/emotion_clips/1121209025_20251130143822/sadness.mp4,ok,ok,722,23.9997,722,1,722,900,0.000891919,78.7491
1121209025_20251130143822,happiness,/Users/geziwang/Desktop/teenager_ppg/cleaned_video_outputs/emotion_clips/1121209025_20251130143822/happiness.mp4,ok,ok,722,24,722,1,722,900,0.000801215,73.125
1121209025_20251130143822,fearness,/Users/geziwang/Desktop/teenager_ppg/cleaned_video_outputs/emotion_clips/1121209025_20251130143822/fearness.mp4,ok,ok,721,24,721,1,721,900,0.00133677,67.5
1121209025_20251130143822,tension,/Users/geziwang/Desktop/teenager_ppg/cleaned_video_outputs/emotion_clips/1121209025_20251130143822/tension.mp4,ok,ok,719,24,719,1,719,900,0.00189167,73.125
1121209026_20251130144944,calm,/Users/geziwang/Desktop/teenager_ppg/cleaned_video_outputs/emotion_clips/1121209026_20251130144944/calm.mp4,ok,ok,731,23.9997,731,1,731,900,0.00128285,118.124
1121209026_20251130144944,sadness,/Users/geziwang/Desktop/teenager_ppg/cleaned_video_outputs/emotion_clips/1121209026_20251130144944/sadness.mp4,ok,ok,722,23.9997,722,1,722,900,0.00130992,73.1242
1121209026_20251130144944,happiness,/Users/geziwang/Desktop/teenager_ppg/cleaned_video_outputs/emotion_clips/1121209026_20251130144944/happiness.mp4,ok,ok,722,24,722,1,722,900,0.00179919,78.75
1121209026_20251130144944,fearness,/Users/geziwang/Desktop/teenager_ppg/cleaned_video_outputs/emotion_clips/1121209026_20251130144944/fearness.mp4,ok,ok,721,24,721,1,721,900,0.00131879,78.75
1121209026_20251130144944,tension,/Users/geziwang/Desktop/teenager_ppg/cleaned_video_outputs/emotion_clips/1121209026_20251130144944/tension.mp4,ok,ok,719,24,719,1,719,900,0.00140219,56.25
1121209027_20251130145630,calm,/Users/geziwang/Desktop/teenager_ppg/cleaned_video_outputs/emotion_clips/1121209027_20251130145630/calm.mp4,ok,ok,732,23.9997,732,1,732,900,0.00110688,89.999
1121209027_20251130145630,sadness,/Users/geziwang/Desktop/teenager_ppg/cleaned_video_outputs/emotion_clips/1121209027_20251130145630/sadness.mp4,ok,ok,722,23.9997,722,1,722,900,0.00124991,56.2494
1121209027_20251130145630,happiness,/Users/geziwang/Desktop/teenager_ppg/cleaned_video_outputs/emotion_clips/1121209027_20251130145630/happiness.mp4,ok,ok,722,24,722,1,722,900,0.00173031,106.875
1121209027_20251130145630,fearness,/Users/geziwang/Desktop/teenager_ppg/cleaned_video_outputs/emotion_clips/1121209027_20251130145630/fearness.mp4,ok,ok,721,24,721,1,721,900,0.00202345,84.375
1121209027_20251130145630,tension,/Users/geziwang/Desktop/teenager_ppg/cleaned_video_outputs/emotion_clips/1121209027_20251130145630/tension.mp4,ok,ok,719,24,719,1,719,900,0.00218233,95.625
1121209028_20251130150400,calm,/Users/geziwang/Desktop/teenager_ppg/cleaned_video_outputs/emotion_clips/1121209028_20251130150400/calm.mp4,ok,ok,732,23.9997,732,1,732,900,0.00318983,56.2494
1121209028_20251130150400,sadness,/Users/geziwang/Desktop/teenager_ppg/cleaned_video_outputs/emotion_clips/1121209028_20251130150400/sadness.mp4,ok,ok,722,23.9997,722,1,722,900,0.00118778,73.1242
1121209028_20251130150400,happiness,/Users/geziwang/Desktop/teenager_ppg/cleaned_video_outputs/emotion_clips/1121209028_20251130150400/happiness.mp4,ok,ok,721,24,721,1,721,900,0.00496937,73.125
1121209028_20251130150400,fearness,/Users/geziwang/Desktop/teenager_ppg/cleaned_video_outputs/emotion_clips/1121209028_20251130150400/fearness.mp4,ok,ok,721,24,721,1,721,900,0.00303216,50.625
1121209028_20251130150400,tension,/Users/geziwang/Desktop/teenager_ppg/cleaned_video_outputs/emotion_clips/1121209028_20251130150400/tension.mp4,ok,ok,719,24,719,1,719,900,0.00110721,84.375
1121209029_20251130151209,calm,/Users/geziwang/Desktop/teenager_ppg/cleaned_video_outputs/emotion_clips/1121209029_20251130151209/calm.mp4,ok,ok,732,23.9997,732,1,732,900,0.000890548,84.3741
1121209029_20251130151209,sadness,/Users/geziwang/Desktop/teenager_ppg/cleaned_video_outputs/emotion_clips/1121209029_20251130151209/sadness.mp4,ok,ok,724,23.9997,724,1,724,900,0.00101302,67.4993
1121209029_20251130151209,happiness,/Users/geziwang/Desktop/teenager_ppg/cleaned_video_outputs/emotion_clips/1121209029_20251130151209/happiness.mp4,ok,ok,723,24,723,1,723,900,0.00205579,61.875
1121209029_20251130151209,fearness,/Users/geziwang/Desktop/teenager_ppg/cleaned_video_outputs/emotion_clips/1121209029_20251130151209/fearness.mp4,ok,ok,723,24,723,1,723,900,0.000824026,78.75
1121209029_20251130151209,tension,/Users/geziwang/Desktop/teenager_ppg/cleaned_video_outputs/emotion_clips/1121209029_20251130151209/tension.mp4,ok,ok,721,24,721,1,721,900,0.000847518,73.125
1121209030_20251130151737,calm,/Users/geziwang/Desktop/teenager_ppg/cleaned_video_outputs/emotion_clips/1121209030_20251130151737/calm.mp4,ok,ok,730,23.9997,730,1,730,900,0.00305219,50.6244
1121209030_20251130151737,sadness,/Users/geziwang/Desktop/teenager_ppg/cleaned_video_outputs/emotion_clips/1121209030_20251130151737/sadness.mp4,ok,ok,722,23.9997,722,1,722,900,0.0042185,50.6244
1121209030_20251130151737,happiness,/Users/geziwang/Desktop/teenager_ppg/cleaned_video_outputs/emotion_clips/1121209030_20251130151737/happiness.mp4,ok,ok,721,24,721,1,721,900,0.000853546,61.875
1121209030_20251130151737,fearness,/Users/geziwang/Desktop/teenager_ppg/cleaned_video_outputs/emotion_clips/1121209030_20251130151737/fearness.mp4,ok,ok,721,24,721,1,721,900,0.0008731,73.125
1121209030_20251130151737,tension,/Users/geziwang/Desktop/teenager_ppg/cleaned_video_outputs/emotion_clips/1121209030_20251130151737/tension.mp4,ok,ok,719,24,719,1,719,900,0.000926844,61.875
1121209031_20251130152431,calm,/Users/geziwang/Desktop/teenager_ppg/cleaned_video_outputs/emotion_clips/1121209031_20251130152431/calm.mp4,ok,ok,730,23.9997,730,1,730,900,0.000846169,95.624
1121209031_20251130152431,sadness,/Users/geziwang/Desktop/teenager_ppg/cleaned_video_outputs/emotion_clips/1121209031_20251130152431/sadness.mp4,ok,ok,723,23.9997,723,1,723,900,0.0011739,44.9995
1121209031_20251130152431,happiness,/Users/geziwang/Desktop/teenager_ppg/cleaned_video_outputs/emotion_clips/1121209031_20251130152431/happiness.mp4,ok,ok,723,24,723,1,723,900,0.00110157,84.375
1121209031_20251130152431,fearness,/Users/geziwang/Desktop/teenager_ppg/cleaned_video_outputs/emotion_clips/1121209031_20251130152431/fearness.mp4,ok,ok,723,24,723,1,723,900,0.000895585,61.875
1121209031_20251130152431,tension,/Users/geziwang/Desktop/teenager_ppg/cleaned_video_outputs/emotion_clips/1121209031_20251130152431/tension.mp4,ok,ok,719,24,719,1,719,900,0.000937859,73.125
1121209032_20251130153251,calm,/Users/geziwang/Desktop/teenager_ppg/cleaned_video_outputs/emotion_clips/1121209032_20251130153251/calm.mp4,ok,ok,728,23.9997,728,1,728,900,0.00305784,56.2494
1121209032_20251130153251,sadness,/Users/geziwang/Desktop/teenager_ppg/cleaned_video_outputs/emotion_clips/1121209032_20251130153251/sadness.mp4,ok,ok,722,23.9997,722,1,722,900,0.00276816,78.7491
1121209032_20251130153251,happiness,/Users/geziwang/Desktop/teenager_ppg/cleaned_video_outputs/emotion_clips/1121209032_20251130153251/happiness.mp4,ok,ok,721,24,721,1,721,900,0.00102149,61.875
1121209032_20251130153251,fearness,/Users/geziwang/Desktop/teenager_ppg/cleaned_video_outputs/emotion_clips/1121209032_20251130153251/fearness.mp4,ok,ok,721,24,721,1,721,900,0.00107493,50.625
1121209032_20251130153251,tension,/Users/geziwang/Desktop/teenager_ppg/cleaned_video_outputs/emotion_clips/1121209032_20251130153251/tension.mp4,ok,ok,719,24,719,1,719,900,0.00129845,56.25
2120307026_20251120151918,calm,/Users/geziwang/Desktop/teenager_ppg/cleaned_video_outputs/emotion_clips/2120307026_20251120151918/calm.mp4,ok,ok,916,29.9984,916,1,916,900,0.00166729,84.3704
2120307026_20251120151918,sadness,/Users/geziwang/Desktop/teenager_ppg/cleaned_video_outputs/emotion_clips/2120307026_20251120151918/sadness.mp4,ok,ok,904,29.9983,904,1,904,900,0.00173261,112.494
2120307026_20251120151918,happiness,/Users/geziwang/Desktop/teenager_ppg/cleaned_video_outputs/emotion_clips/2120307026_20251120151918/happiness.mp4,ok,ok,903,29.9983,903,1,903,900,0.001676,63.2778
2120307026_20251120151918,fearness,/Users/geziwang/Desktop/teenager_ppg/cleaned_video_outputs/emotion_clips/2120307026_20251120151918/fearness.mp4,ok,ok,903,30,903,1,903,900,0.00143936,63.2812
2120307026_20251120151918,tension,/Users/geziwang/Desktop/teenager_ppg/cleaned_video_outputs/emotion_clips/2120307026_20251120151918/tension.mp4,ok,ok,901,29.9984,901,1,901,900,0.00204123,77.3395
2120307027_20251120152725,calm,/Users/geziwang/Desktop/teenager_ppg/cleaned_video_outputs/emotion_clips/2120307027_20251120152725/calm.mp4,ok,ok,915,29.9984,915,1,915,900,0.0017311,84.3704
2120307027_20251120152725,sadness,/Users/geziwang/Desktop/teenager_ppg/cleaned_video_outputs/emotion_clips/2120307027_20251120152725/sadness.mp4,ok,ok,906,29.9983,906,1,906,900,0.00154387,56.2469
2120307027_20251120152725,happiness,/Users/geziwang/Desktop/teenager_ppg/cleaned_video_outputs/emotion_clips/2120307027_20251120152725/happiness.mp4,ok,ok,906,29.9984,906,1,906,900,0.00133303,119.525
2120307027_20251120152725,fearness,/Users/geziwang/Desktop/teenager_ppg/cleaned_video_outputs/emotion_clips/2120307027_20251120152725/fearness.mp4,ok,ok,906,30,906,1,906,900,0.00178518,56.25
2120307027_20251120152725,tension,/Users/geziwang/Desktop/teenager_ppg/cleaned_video_outputs/emotion_clips/2120307027_20251120152725/tension.mp4,ok,ok,903,29.9984,903,1,903,900,0.00152225,49.2161
2120307028_20251120153536,calm,/Users/geziwang/Desktop/teenager_ppg/cleaned_video_outputs/emotion_clips/2120307028_20251120153536/calm.mp4,ok,ok,916,29.9984,916,1,916,900,0.00266942,49.2161
2120307028_20251120153536,sadness,/Users/geziwang/Desktop/teenager_ppg/cleaned_video_outputs/emotion_clips/2120307028_20251120153536/sadness.mp4,ok,ok,904,29.9983,904,1,904,900,0.00227674,63.2778
2120307028_20251120153536,happiness,/Users/geziwang/Desktop/teenager_ppg/cleaned_video_outputs/emotion_clips/2120307028_20251120153536/happiness.mp4,ok,ok,904,29.9983,904,1,904,900,0.00236552,63.2778
2120307028_20251120153536,fearness,/Users/geziwang/Desktop/teenager_ppg/cleaned_video_outputs/emotion_clips/2120307028_20251120153536/fearness.mp4,ok,ok,904,30,904,1,904,900,0.00245912,70.3125
2120307028_20251120153536,tension,/Users/geziwang/Desktop/teenager_ppg/cleaned_video_outputs/emotion_clips/2120307028_20251120153536/tension.mp4,ok,ok,901,29.9983,901,1,901,900,0.00216322,56.2469
2120307029_20251120154629,calm,/Users/geziwang/Desktop/teenager_ppg/cleaned_video_outputs/emotion_clips/2120307029_20251120154629/calm.mp4,ok,ok,915,29.9984,915,1,915,900,0.00216177,63.2778
2120307029_20251120154629,sadness,/Users/geziwang/Desktop/teenager_ppg/cleaned_video_outputs/emotion_clips/2120307029_20251120154629/sadness.mp4,ok,ok,904,29.9983,904,1,904,900,0.00208785,77.3395
2120307029_20251120154629,happiness,/Users/geziwang/Desktop/teenager_ppg/cleaned_video_outputs/emotion_clips/2120307029_20251120154629/happiness.mp4,ok,ok,904,29.9983,904,1,904,900,0.00247147,56.2469
2120307029_20251120154629,fearness,/Users/geziwang/Desktop/teenager_ppg/cleaned_video_outputs/emotion_clips/2120307029_20251120154629/fearness.mp4,ok,ok,904,30,904,1,904,900,0.00211455,77.3438
2120307029_20251120154629,tension,/Users/geziwang/Desktop/teenager_ppg/cleaned_video_outputs/emotion_clips/2120307029_20251120154629/tension.mp4,ok,ok,901,29.9983,901,1,901,900,0.00179333,63.2778
2120307030_20251120155346,calm,/Users/geziwang/Desktop/teenager_ppg/cleaned_video_outputs/emotion_clips/2120307030_20251120155346/calm.mp4,ok,ok,917,29.9984,917,1,917,900,0.00269458,77.3395
2120307030_20251120155346,sadness,/Users/geziwang/Desktop/teenager_ppg/cleaned_video_outputs/emotion_clips/2120307030_20251120155346/sadness.mp4,ok,ok,905,29.9983,905,1,905,900,0.00194389,63.2778
2120307030_20251120155346,happiness,/Users/geziwang/Desktop/teenager_ppg/cleaned_video_outputs/emotion_clips/2120307030_20251120155346/happiness.mp4,ok,ok,905,29.9983,905,1,905,900,0.00231446,63.2778
2120307030_20251120155346,fearness,/Users/geziwang/Desktop/teenager_ppg/cleaned_video_outputs/emotion_clips/2120307030_20251120155346/fearness.mp4,ok,ok,905,30,905,1,905,900,0.00161252,63.2812
2120307030_20251120155346,tension,/Users/geziwang/Desktop/teenager_ppg/cleaned_video_outputs/emotion_clips/2120307030_20251120155346/tension.mp4,ok,ok,902,29.9984,902,1,902,900,0.0016707,49.2161
2120307031_20251120160016,calm,/Users/geziwang/Desktop/teenager_ppg/cleaned_video_outputs/emotion_clips/2120307031_20251120160016/calm.mp4,ok,ok,917,29.9984,917,1,917,900,0.00160126,98.4321
2120307031_20251120160016,sadness,/Users/geziwang/Desktop/teenager_ppg/cleaned_video_outputs/emotion_clips/2120307031_20251120160016/sadness.mp4,ok,ok,904,29.9983,904,1,904,900,0.00145624,56.2469
2120307031_20251120160016,happiness,/Users/geziwang/Desktop/teenager_ppg/cleaned_video_outputs/emotion_clips/2120307031_20251120160016/happiness.mp4,ok,ok,904,30,904,1,904,900,0.00165275,91.4062
2120307031_20251120160016,fearness,/Users/geziwang/Desktop/teenager_ppg/cleaned_video_outputs/emotion_clips/2120307031_20251120160016/fearness.mp4,ok,ok,903,29.9983,903,1,903,900,0.00170083,63.2778
2120307031_20251120160016,tension,/Users/geziwang/Desktop/teenager_ppg/cleaned_video_outputs/emotion_clips/2120307031_20251120160016/tension.mp4,ok,ok,901,29.9983,901,1,901,900,0.00149937,63.2778
2120307032_20251120160746,calm,/Users/geziwang/Desktop/teenager_ppg/cleaned_video_outputs/emotion_clips/2120307032_20251120160746/calm.mp4,ok,ok,917,29.9984,917,1,917,900,0.00312477,70.3087
2120307032_20251120160746,sadness,/Users/geziwang/Desktop/teenager_ppg/cleaned_video_outputs/emotion_clips/2120307032_20251120160746/sadness.mp4,ok,ok,906,29.9983,906,1,906,900,0.00330987,63.2778
2120307032_20251120160746,happiness,/Users/geziwang/Desktop/teenager_ppg/cleaned_video_outputs/emotion_clips/2120307032_20251120160746/happiness.mp4,ok,ok,905,29.9984,905,1,905,900,0.00262787,70.3086
2120307032_20251120160746,fearness,/Users/geziwang/Desktop/teenager_ppg/cleaned_video_outputs/emotion_clips/2120307032_20251120160746/fearness.mp4,ok,ok,905,30,905,1,905,900,0.00360031,70.3125
2120307032_20251120160746,tension,/Users/geziwang/Desktop/teenager_ppg/cleaned_video_outputs/emotion_clips/2120307032_20251120160746/tension.mp4,ok,ok,903,29.9984,903,1,903,900,0.00415976,77.3395
2120307033_20251120161425,calm,/Users/geziwang/Desktop/teenager_ppg/cleaned_video_outputs/emotion_clips/2120307033_20251120161425/calm.mp4,ok,ok,916,29.9984,916,1,916,900,0.0015632,63.2778
2120307033_20251120161425,sadness,/Users/geziwang/Desktop/teenager_ppg/cleaned_video_outputs/emotion_clips/2120307033_20251120161425/sadness.mp4,ok,ok,905,29.9983,905,1,905,900,0.00179855,91.4012
2120307033_20251120161425,happiness,/Users/geziwang/Desktop/teenager_ppg/cleaned_video_outputs/emotion_clips/2120307033_20251120161425/happiness.mp4,ok,ok,905,30,905,1,905,900,0.00214929,63.2812
2120307033_20251120161425,fearness,/Users/geziwang/Desktop/teenager_ppg/cleaned_video_outputs/emotion_clips/2120307033_20251120161425/fearness.mp4,ok,ok,905,29.9984,905,1,905,900,0.00151489,63.2778
2120307033_20251120161425,tension,/Users/geziwang/Desktop/teenager_ppg/cleaned_video_outputs/emotion_clips/2120307033_20251120161425/tension.mp4,ok,ok,902,29.9984,902,1,902,900,0.00152617,63.2778
2120307034_20251120162102,calm,/Users/geziwang/Desktop/teenager_ppg/cleaned_video_outputs/emotion_clips/2120307034_20251120162102/calm.mp4,ok,ok,915,29.9984,915,1,915,900,0.00266763,56.2469
2120307034_20251120162102,sadness,/Users/geziwang/Desktop/teenager_ppg/cleaned_video_outputs/emotion_clips/2120307034_20251120162102/sadness.mp4,ok,ok,904,29.9983,904,1,904,900,0.00280469,49.216
2120307034_20251120162102,happiness,/Users/geziwang/Desktop/teenager_ppg/cleaned_video_outputs/emotion_clips/2120307034_20251120162102/happiness.mp4,ok,ok,903,29.9983,903,1,903,900,0.0038,56.2469
2120307034_20251120162102,fearness,/Users/geziwang/Desktop/teenager_ppg/cleaned_video_outputs/emotion_clips/2120307034_20251120162102/fearness.mp4,ok,ok,903,30,903,1,903,900,0.00276399,84.375
2120307034_20251120162102,tension,/Users/geziwang/Desktop/teenager_ppg/cleaned_video_outputs/emotion_clips/2120307034_20251120162102/tension.mp4,ok,ok,901,29.9983,901,1,901,900,0.00216082,56.2469
2120309018_20251120140925,calm,/Users/geziwang/Desktop/teenager_ppg/cleaned_video_outputs/emotion_clips/2120309018_20251120140925/calm.mp4,ok,ok,915,29.9984,915,1,915,900,0.00142193,63.2778
2120309018_20251120140925,sadness,/Users/geziwang/Desktop/teenager_ppg/cleaned_video_outputs/emotion_clips/2120309018_20251120140925/sadness.mp4,ok,ok,904,29.9983,904,1,904,900,0.00122328,63.2778
2120309018_20251120140925,happiness,/Users/geziwang/Desktop/teenager_ppg/cleaned_video_outputs/emotion_clips/2120309018_20251120140925/happiness.mp4,ok,ok,904,29.9983,904,1,904,900,0.00165265,63.2778
2120309018_20251120140925,fearness,/Users/geziwang/Desktop/teenager_ppg/cleaned_video_outputs/emotion_clips/2120309018_20251120140925/fearness.mp4,ok,ok,904,30,904,1,904,900,0.00161617,56.25
2120309018_20251120140925,tension,/Users/geziwang/Desktop/teenager_ppg/cleaned_video_outputs/emotion_clips/2120309018_20251120140925/tension.mp4,ok,ok,901,29.9983,901,1,901,900,0.00167552,63.2778
2120309019_20251120141849,calm,/Users/geziwang/Desktop/teenager_ppg/cleaned_video_outputs/emotion_clips/2120309019_20251120141849/calm.mp4,ok,ok,916,29.9984,916,1,916,900,0.00105269,63.2778
2120309019_20251120141849,sadness,/Users/geziwang/Desktop/teenager_ppg/cleaned_video_outputs/emotion_clips/2120309019_20251120141849/sadness.mp4,ok,ok,904,29.9983,904,1,904,900,0.00119527,63.2778
2120309019_20251120141849,happiness,/Users/geziwang/Desktop/teenager_ppg/cleaned_video_outputs/emotion_clips/2120309019_20251120141849/happiness.mp4,ok,ok,904,29.9983,904,1,904,900,0.00164507,70.3086
2120309019_20251120141849,fearness,/Users/geziwang/Desktop/teenager_ppg/cleaned_video_outputs/emotion_clips/2120309019_20251120141849/fearness.mp4,ok,ok,904,30,904,1,904,900,0.00131709,56.25
2120309019_20251120141849,tension,/Users/geziwang/Desktop/teenager_ppg/cleaned_video_outputs/emotion_clips/2120309019_20251120141849/tension.mp4,ok,ok,901,29.9984,901,1,901,900,0.00139792,63.2778
2120309020_20251120142801,calm,/Users/geziwang/Desktop/teenager_ppg/cleaned_video_outputs/emotion_clips/2120309020_20251120142801/calm.mp4,ok,ok,914,29.9984,914,1,914,900,0.00160377,84.3704
2120309020_20251120142801,sadness,/Users/geziwang/Desktop/teenager_ppg/cleaned_video_outputs/emotion_clips/2120309020_20251120142801/sadness.mp4,ok,ok,904,29.9983,904,1,904,900,0.00154574,63.2778
2120309020_20251120142801,happiness,/Users/geziwang/Desktop/teenager_ppg/cleaned_video_outputs/emotion_clips/2120309020_20251120142801/happiness.mp4,ok,ok,903,29.9983,903,1,903,900,0.00205696,84.3704
2120309020_20251120142801,fearness,/Users/geziwang/Desktop/teenager_ppg/cleaned_video_outputs/emotion_clips/2120309020_20251120142801/fearness.mp4,ok,ok,903,30,903,1,903,900,0.00167574,91.4062
2120309020_20251120142801,tension,/Users/geziwang/Desktop/teenager_ppg/cleaned_video_outputs/emotion_clips/2120309020_20251120142801/tension.mp4,ok,ok,901,29.9984,901,1,901,900,0.00146468,63.2778
2120309021_20251120143635,calm,/Users/geziwang/Desktop/teenager_ppg/cleaned_video_outputs/emotion_clips/2120309021_20251120143635/calm.mp4,ok,ok,916,29.9984,916,1,916,900,0.00163054,56.2469
2120309021_20251120143635,sadness,/Users/geziwang/Desktop/teenager_ppg/cleaned_video_outputs/emotion_clips/2120309021_20251120143635/sadness.mp4,ok,ok,904,29.9983,904,1,904,900,0.00138807,63.2778
2120309021_20251120143635,happiness,/Users/geziwang/Desktop/teenager_ppg/cleaned_video_outputs/emotion_clips/2120309021_20251120143635/happiness.mp4,ok,ok,903,29.9983,903,1,903,900,0.00124813,84.3703
2120309021_20251120143635,fearness,/Users/geziwang/Desktop/teenager_ppg/cleaned_video_outputs/emotion_clips/2120309021_20251120143635/fearness.mp4,ok,ok,903,30,903,1,903,900,0.00118181,49.2188
2120309021_20251120143635,tension,/Users/geziwang/Desktop/teenager_ppg/cleaned_video_outputs/emotion_clips/2120309021_20251120143635/tension.mp4,ok,ok,901,29.9983,901,1,901,900,0.00145447,63.2778
2120309022_20251120144414,calm,/Users/geziwang/Desktop/teenager_ppg/cleaned_video_outputs/emotion_clips/2120309022_20251120144414/calm.mp4,ok,ok,914,29.9984,914,1,914,900,0.00223453,42.1852
2120309022_20251120144414,sadness,/Users/geziwang/Desktop/teenager_ppg/cleaned_video_outputs/emotion_clips/2120309022_20251120144414/sadness.mp4,ok,ok,904,29.9983,904,1,904,900,0.00178275,63.2778
2120309022_20251120144414,happiness,/Users/geziwang/Desktop/teenager_ppg/cleaned_video_outputs/emotion_clips/2120309022_20251120144414/happiness.mp4,ok,ok,904,29.9983,904,1,904,900,0.0018393,70.3086
2120309022_20251120144414,fearness,/Users/geziwang/Desktop/teenager_ppg/cleaned_video_outputs/emotion_clips/2120309022_20251120144414/fearness.mp4,ok,ok,904,30,904,1,904,900,0.00179074,56.25
2120309022_20251120144414,tension,/Users/geziwang/Desktop/teenager_ppg/cleaned_video_outputs/emotion_clips/2120309022_20251120144414/tension.mp4,ok,ok,901,29.9984,901,1,901,900,0.00153182,77.3395
2120309023_20251120145207,calm,/Users/geziwang/Desktop/teenager_ppg/cleaned_video_outputs/emotion_clips/2120309023_20251120145207/calm.mp4,ok,ok,914,29.9984,914,1,914,900,0.00237474,63.2778
2120309023_20251120145207,sadness,/Users/geziwang/Desktop/teenager_ppg/cleaned_video_outputs/emotion_clips/2120309023_20251120145207/sadness.mp4,ok,ok,904,29.9983,904,1,904,900,0.0019556,56.2469
2120309023_20251120145207,happiness,/Users/geziwang/Desktop/teenager_ppg/cleaned_video_outputs/emotion_clips/2120309023_20251120145207/happiness.mp4,ok,ok,904,29.9983,904,1,904,900,0.00254886,77.3395
2120309023_20251120145207,fearness,/Users/geziwang/Desktop/teenager_ppg/cleaned_video_outputs/emotion_clips/2120309023_20251120145207/fearness.mp4,ok,ok,904,30,904,1,904,900,0.0017482,126.562
2120309023_20251120145207,tension,/Users/geziwang/Desktop/teenager_ppg/cleaned_video_outputs/emotion_clips/2120309023_20251120145207/tension.mp4,ok,ok,901,29.9983,901,1,901,900,0.00204846,63.2778
2120309024_20251120150213,calm,/Users/geziwang/Desktop/teenager_ppg/cleaned_video_outputs/emotion_clips/2120309024_20251120150213/calm.mp4,ok,ok,914,29.9984,914,1,914,900,0.000879324,63.2778
2120309024_20251120150213,sadness,/Users/geziwang/Desktop/teenager_ppg/cleaned_video_outputs/emotion_clips/2120309024_20251120150213/sadness.mp4,ok,ok,904,29.9983,904,1,904,900,0.00109163,77.3395
2120309024_20251120150213,happiness,/Users/geziwang/Desktop/teenager_ppg/cleaned_video_outputs/emotion_clips/2120309024_20251120150213/happiness.mp4,ok,ok,904,29.9983,904,1,904,900,0.00117881,63.2778
2120309024_20251120150213,fearness,/Users/geziwang/Desktop/teenager_ppg/cleaned_video_outputs/emotion_clips/2120309024_20251120150213/fearness.mp4,ok,ok,904,30,904,1,904,900,0.00102273,77.3438
2120309024_20251120150213,tension,/Users/geziwang/Desktop/teenager_ppg/cleaned_video_outputs/emotion_clips/2120309024_20251120150213/tension.mp4,ok,ok,901,29.9983,901,1,901,900,0.00108624,63.2778
2120309025_20251120151135,calm,/Users/geziwang/Desktop/teenager_ppg/cleaned_video_outputs/emotion_clips/2120309025_20251120151135/calm.mp4,ok,ok,916,29.9984,916,1,916,900,0.00193361,63.2778
2120309025_20251120151135,sadness,/Users/geziwang/Desktop/teenager_ppg/cleaned_video_outputs/emotion_clips/2120309025_20251120151135/sadness.mp4,ok,ok,904,29.9983,904,1,904,900,0.0013733,63.2778
2120309025_20251120151135,happiness,/Users/geziwang/Desktop/teenager_ppg/cleaned_video_outputs/emotion_clips/2120309025_20251120151135/happiness.mp4,ok,ok,903,29.9983,903,1,903,900,0.00157133,63.2778
2120309025_20251120151135,fearness,/Users/geziwang/Desktop/teenager_ppg/cleaned_video_outputs/emotion_clips/2120309025_20251120151135/fearness.mp4,ok,ok,903,30,903,1,903,900,0.00159931,70.3125
2120309025_20251120151135,tension,/Users/geziwang/Desktop/teenager_ppg/cleaned_video_outputs/emotion_clips/2120309025_20251120151135/tension.mp4,ok,ok,901,29.9984,901,1,901,900,0.00157044,63.2778
2120508014_20251120110530,calm,/Users/geziwang/Desktop/teenager_ppg/cleaned_video_outputs/emotion_clips/2120508014_20251120110530/calm.mp4,ok,ok,915,29.9984,915,1,915,900,0.00129944,63.2778
2120508014_20251120110530,sadness,/Users/geziwang/Desktop/teenager_ppg/cleaned_video_outputs/emotion_clips/2120508014_20251120110530/sadness.mp4,ok,ok,902,29.9983,902,1,902,900,0.00141355,77.3395
2120508014_20251120110530,happiness,/Users/geziwang/Desktop/teenager_ppg/cleaned_video_outputs/emotion_clips/2120508014_20251120110530/happiness.mp4,ok,ok,902,29.9983,902,1,902,900,0.00144996,77.3395
2120508014_20251120110530,fearness,/Users/geziwang/Desktop/teenager_ppg/cleaned_video_outputs/emotion_clips/2120508014_20251120110530/fearness.mp4,ok,ok,902,30,902,1,902,900,0.00156001,56.25
2120508014_20251120110530,tension,/Users/geziwang/Desktop/teenager_ppg/cleaned_video_outputs/emotion_clips/2120508014_20251120110530/tension.mp4,ok,ok,899,29.9983,899,1,899,900,0.00133959,77.3395
2120706001_20251120085735,calm,/Users/geziwang/Desktop/teenager_ppg/cleaned_video_outputs/emotion_clips/2120706001_20251120085735/calm.mp4,ok,ok,913,29.9984,913,1,913,900,0.00117937,91.4012
2120706001_20251120085735,sadness,/Users/geziwang/Desktop/teenager_ppg/cleaned_video_outputs/emotion_clips/2120706001_20251120085735/sadness.mp4,ok,ok,904,29.9983,904,1,904,900,0.00122127,91.4012
2120706001_20251120085735,happiness,/Users/geziwang/Desktop/teenager_ppg/cleaned_video_outputs/emotion_clips/2120706001_20251120085735/happiness.mp4,ok,ok,903,29.9983,903,1,903,900,0.00139128,98.4321
2120706001_20251120085735,fearness,/Users/geziwang/Desktop/teenager_ppg/cleaned_video_outputs/emotion_clips/2120706001_20251120085735/fearness.mp4,ok,ok,904,29.9983,904,1,904,900,0.00122158,63.2778
2120706001_20251120085735,tension,/Users/geziwang/Desktop/teenager_ppg/cleaned_video_outputs/emotion_clips/2120706001_20251120085735/tension.mp4,ok,ok,901,30,901,1,901,900,0.0010042,91.4062
2120706002_20251120090701,calm,/Users/geziwang/Desktop/teenager_ppg/cleaned_video_outputs/emotion_clips/2120706002_20251120090701/calm.mp4,ok,ok,915,29.9984,915,1,915,900,0.0012502,63.2778
2120706002_20251120090701,sadness,/Users/geziwang/Desktop/teenager_ppg/cleaned_video_outputs/emotion_clips/2120706002_20251120090701/sadness.mp4,ok,ok,904,29.9983,904,1,904,900,0.00116023,77.3395
2120706002_20251120090701,happiness,/Users/geziwang/Desktop/teenager_ppg/cleaned_video_outputs/emotion_clips/2120706002_20251120090701/happiness.mp4,ok,ok,904,29.9983,904,1,904,900,0.00136228,63.2778
2120706002_20251120090701,fearness,/Users/geziwang/Desktop/teenager_ppg/cleaned_video_outputs/emotion_clips/2120706002_20251120090701/fearness.mp4,ok,ok,904,29.9983,904,1,904,900,0.00130753,56.2469
2120706002_20251120090701,tension,/Users/geziwang/Desktop/teenager_ppg/cleaned_video_outputs/emotion_clips/2120706002_20251120090701/tension.mp4,ok,ok,901,30,901,1,901,900,0.00112944,77.3438
2120706003_20251120091828,calm,/Users/geziwang/Desktop/teenager_ppg/cleaned_video_outputs/emotion_clips/2120706003_20251120091828/calm.mp4,ok,ok,916,29.9984,916,1,916,900,0.00103734,63.2778
2120706003_20251120091828,sadness,/Users/geziwang/Desktop/teenager_ppg/cleaned_video_outputs/emotion_clips/2120706003_20251120091828/sadness.mp4,ok,ok,904,29.9983,904,1,904,900,0.00118995,105.463
2120706003_20251120091828,happiness,/Users/geziwang/Desktop/teenager_ppg/cleaned_video_outputs/emotion_clips/2120706003_20251120091828/happiness.mp4,ok,ok,904,29.9983,904,1,904,900,0.00118699,63.2778
2120706003_20251120091828,fearness,/Users/geziwang/Desktop/teenager_ppg/cleaned_video_outputs/emotion_clips/2120706003_20251120091828/fearness.mp4,ok,ok,904,29.9983,904,1,904,900,0.00118149,98.4321
2120706003_20251120091828,tension,/Users/geziwang/Desktop/teenager_ppg/cleaned_video_outputs/emotion_clips/2120706003_20251120091828/tension.mp4,ok,ok,901,30,901,1,901,900,0.00160036,105.469
2120706004_20251120092846,calm,/Users/geziwang/Desktop/teenager_ppg/cleaned_video_outputs/emotion_clips/2120706004_20251120092846/calm.mp4,ok,ok,915,29.9984,915,1,915,900,0.00161102,70.3087
2120706004_20251120092846,sadness,/Users/geziwang/Desktop/teenager_ppg/cleaned_video_outputs/emotion_clips/2120706004_20251120092846/sadness.mp4,ok,ok,904,29.9983,904,1,904,900,0.00126513,84.3703
2120706004_20251120092846,happiness,/Users/geziwang/Desktop/teenager_ppg/cleaned_video_outputs/emotion_clips/2120706004_20251120092846/happiness.mp4,ok,ok,904,29.9983,904,1,904,900,0.00115952,98.4321
2120706004_20251120092846,fearness,/Users/geziwang/Desktop/teenager_ppg/cleaned_video_outputs/emotion_clips/2120706004_20251120092846/fearness.mp4,ok,ok,904,29.9983,904,1,904,900,0.00136708,98.4321
2120706004_20251120092846,tension,/Users/geziwang/Desktop/teenager_ppg/cleaned_video_outputs/emotion_clips/2120706004_20251120092846/tension.mp4,ok,ok,901,30,901,1,901,900,0.0014493,98.4375
2120706005_20251120093821,calm,/Users/geziwang/Desktop/teenager_ppg/cleaned_video_outputs/emotion_clips/2120706005_20251120093821/calm.mp4,ok,ok,916,29.9984,916,1,916,900,0.00158257,77.3395
2120706005_20251120093821,sadness,/Users/geziwang/Desktop/teenager_ppg/cleaned_video_outputs/emotion_clips/2120706005_20251120093821/sadness.mp4,ok,ok,904,29.9983,904,1,904,900,0.00163775,77.3395
2120706005_20251120093821,happiness,/Users/geziwang/Desktop/teenager_ppg/cleaned_video_outputs/emotion_clips/2120706005_20251120093821/happiness.mp4,ok,ok,904,29.9983,904,1,904,900,0.00144352,63.2778
2120706005_20251120093821,fearness,/Users/geziwang/Desktop/teenager_ppg/cleaned_video_outputs/emotion_clips/2120706005_20251120093821/fearness.mp4,ok,ok,904,29.9983,904,1,904,900,0.00110442,63.2778
2120706005_20251120093821,tension,/Users/geziwang/Desktop/teenager_ppg/cleaned_video_outputs/emotion_clips/2120706005_20251120093821/tension.mp4,ok,ok,901,30,901,1,901,900,0.00133511,77.3438
2120706006_20251120095328,calm,/Users/geziwang/Desktop/teenager_ppg/cleaned_video_outputs/emotion_clips/2120706006_20251120095328/calm.mp4,ok,ok,916,29.9984,916,1,916,900,0.000924184,98.4321
2120706006_20251120095328,sadness,/Users/geziwang/Desktop/teenager_ppg/cleaned_video_outputs/emotion_clips/2120706006_20251120095328/sadness.mp4,ok,ok,904,29.9983,904,1,904,900,0.00154919,63.2778
2120706006_20251120095328,happiness,/Users/geziwang/Desktop/teenager_ppg/cleaned_video_outputs/emotion_clips/2120706006_20251120095328/happiness.mp4,ok,ok,904,29.9983,904,1,904,900,0.00145642,98.4321
2120706006_20251120095328,fearness,/Users/geziwang/Desktop/teenager_ppg/cleaned_video_outputs/emotion_clips/2120706006_20251120095328/fearness.mp4,ok,ok,904,30,904,1,904,900,0.00234153,63.2812
2120706006_20251120095328,tension,/Users/geziwang/Desktop/teenager_ppg/cleaned_video_outputs/emotion_clips/2120706006_20251120095328/tension.mp4,ok,ok,901,29.9983,901,1,901,900,0.00165909,98.4321
2120707007_20251120100315,calm,/Users/geziwang/Desktop/teenager_ppg/cleaned_video_outputs/emotion_clips/2120707007_20251120100315/calm.mp4,ok,ok,915,29.9984,915,1,915,900,0.00194951,77.3395
2120707007_20251120100315,sadness,/Users/geziwang/Desktop/teenager_ppg/cleaned_video_outputs/emotion_clips/2120707007_20251120100315/sadness.mp4,ok,ok,904,29.9983,904,1,904,900,0.00149631,84.3703
2120707007_20251120100315,happiness,/Users/geziwang/Desktop/teenager_ppg/cleaned_video_outputs/emotion_clips/2120707007_20251120100315/happiness.mp4,ok,ok,904,29.9983,904,1,904,900,0.00152161,63.2778
2120707007_20251120100315,fearness,/Users/geziwang/Desktop/teenager_ppg/cleaned_video_outputs/emotion_clips/2120707007_20251120100315/fearness.mp4,ok,ok,904,29.9983,904,1,904,900,0.00142822,63.2778
2120707007_20251120100315,tension,/Users/geziwang/Desktop/teenager_ppg/cleaned_video_outputs/emotion_clips/2120707007_20251120100315/tension.mp4,ok,ok,901,30,901,1,901,900,0.00123545,84.375
2120707008_20251120101302,calm,/Users/geziwang/Desktop/teenager_ppg/cleaned_video_outputs/emotion_clips/2120707008_20251120101302/calm.mp4,ok,ok,915,29.9984,915,1,915,900,0.00228353,70.3087
2120707008_20251120101302,sadness,/Users/geziwang/Desktop/teenager_ppg/cleaned_video_outputs/emotion_clips/2120707008_20251120101302/sadness.mp4,ok,ok,904,29.9983,904,1,904,900,0.00204191,70.3086
2120707008_20251120101302,happiness,/Users/geziwang/Desktop/teenager_ppg/cleaned_video_outputs/emotion_clips/2120707008_20251120101302/happiness.mp4,ok,ok,904,29.9983,904,1,904,900,0.00205871,70.3086
2120707008_20251120101302,fearness,/Users/geziwang/Desktop/teenager_ppg/cleaned_video_outputs/emotion_clips/2120707008_20251120101302/fearness.mp4,ok,ok,904,30,904,1,904,900,0.00239338,70.3125
2120707008_20251120101302,tension,/Users/geziwang/Desktop/teenager_ppg/cleaned_video_outputs/emotion_clips/2120707008_20251120101302/tension.mp4,ok,ok,901,29.9983,901,1,901,900,0.00177329,63.2778
2120707009_20251120102050,calm,/Users/geziwang/Desktop/teenager_ppg/cleaned_video_outputs/emotion_clips/2120707009_20251120102050/calm.mp4,ok,ok,915,29.9984,915,1,915,900,0.00169558,98.4321
2120707009_20251120102050,sadness,/Users/geziwang/Desktop/teenager_ppg/cleaned_video_outputs/emotion_clips/2120707009_20251120102050/sadness.mp4,ok,ok,904,29.9983,904,1,904,900,0.00179955,91.4012
2120707009_20251120102050,happiness,/Users/geziwang/Desktop/teenager_ppg/cleaned_video_outputs/emotion_clips/2120707009_20251120102050/happiness.mp4,ok,ok,904,29.9983,904,1,904,900,0.00172769,91.4012
2120707009_20251120102050,fearness,/Users/geziwang/Desktop/teenager_ppg/cleaned_video_outputs/emotion_clips/2120707009_20251120102050/fearness.mp4,ok,ok,904,29.9983,904,1,904,900,0.00181618,91.4012
2120707009_20251120102050,tension,/Users/geziwang/Desktop/teenager_ppg/cleaned_video_outputs/emotion_clips/2120707009_20251120102050/tension.mp4,ok,ok,901,30,901,1,901,900,0.001635,91.4062
2120707010_20251120102905,calm,/Users/geziwang/Desktop/teenager_ppg/cleaned_video_outputs/emotion_clips/2120707010_20251120102905/calm.mp4,ok,ok,915,29.9984,915,1,915,900,0.00139614,63.2778
2120707010_20251120102905,sadness,/Users/geziwang/Desktop/teenager_ppg/cleaned_video_outputs/emotion_clips/2120707010_20251120102905/sadness.mp4,ok,ok,904,29.9983,904,1,904,900,0.0015491,77.3395
2120707010_20251120102905,happiness,/Users/geziwang/Desktop/teenager_ppg/cleaned_video_outputs/emotion_clips/2120707010_20251120102905/happiness.mp4,ok,ok,904,29.9983,904,1,904,900,0.00187486,84.3703
2120707010_20251120102905,fearness,/Users/geziwang/Desktop/teenager_ppg/cleaned_video_outputs/emotion_clips/2120707010_20251120102905/fearness.mp4,ok,ok,904,30,904,1,904,900,0.00142192,77.3438
2120707010_20251120102905,tension,/Users/geziwang/Desktop/teenager_ppg/cleaned_video_outputs/emotion_clips/2120707010_20251120102905/tension.mp4,ok,ok,901,29.9983,901,1,901,900,0.00139442,84.3703
2120707011_20251120103743,calm,/Users/geziwang/Desktop/teenager_ppg/cleaned_video_outputs/emotion_clips/2120707011_20251120103743/calm.mp4,ok,ok,916,29.9984,916,1,916,900,0.0009766,77.3395
2120707011_20251120103743,sadness,/Users/geziwang/Desktop/teenager_ppg/cleaned_video_outputs/emotion_clips/2120707011_20251120103743/sadness.mp4,ok,ok,904,29.9983,904,1,904,900,0.00124109,77.3395
2120707011_20251120103743,happiness,/Users/geziwang/Desktop/teenager_ppg/cleaned_video_outputs/emotion_clips/2120707011_20251120103743/happiness.mp4,ok,ok,904,29.9983,904,1,904,900,0.000932657,84.3703
2120707011_20251120103743,fearness,/Users/geziwang/Desktop/teenager_ppg/cleaned_video_outputs/emotion_clips/2120707011_20251120103743/fearness.mp4,ok,ok,904,30,904,1,904,900,0.00112588,63.2812
2120707011_20251120103743,tension,/Users/geziwang/Desktop/teenager_ppg/cleaned_video_outputs/emotion_clips/2120707011_20251120103743/tension.mp4,ok,ok,901,29.9984,901,1,901,900,0.00110252,77.3395
2120707012_20251120104606,calm,/Users/geziwang/Desktop/teenager_ppg/cleaned_video_outputs/emotion_clips/2120707012_20251120104606/calm.mp4,ok,ok,916,29.9984,916,1,916,900,0.00157585,63.2778
2120707012_20251120104606,sadness,/Users/geziwang/Desktop/teenager_ppg/cleaned_video_outputs/emotion_clips/2120707012_20251120104606/sadness.mp4,ok,ok,904,29.9983,904,1,904,900,0.00214339,63.2778
2120707012_20251120104606,happiness,/Users/geziwang/Desktop/teenager_ppg/cleaned_video_outputs/emotion_clips/2120707012_20251120104606/happiness.mp4,ok,ok,903,29.9983,903,1,903,900,0.00157146,63.2778
2120707012_20251120104606,fearness,/Users/geziwang/Desktop/teenager_ppg/cleaned_video_outputs/emotion_clips/2120707012_20251120104606/fearness.mp4,ok,ok,903,30,903,1,903,900,0.00137709,77.3438
2120707012_20251120104606,tension,/Users/geziwang/Desktop/teenager_ppg/cleaned_video_outputs/emotion_clips/2120707012_20251120104606/tension.mp4,ok,ok,901,29.9983,901,1,901,900,0.00148756,84.3704
2120707013_20251120105437,calm,/Users/geziwang/Desktop/teenager_ppg/cleaned_video_outputs/emotion_clips/2120707013_20251120105437/calm.mp4,ok,ok,916,29.9984,916,1,916,900,0.00161641,63.2778
2120707013_20251120105437,sadness,/Users/geziwang/Desktop/teenager_ppg/cleaned_video_outputs/emotion_clips/2120707013_20251120105437/sadness.mp4,ok,ok,904,29.9983,904,1,904,900,0.00135922,77.3395
2120707013_20251120105437,happiness,/Users/geziwang/Desktop/teenager_ppg/cleaned_video_outputs/emotion_clips/2120707013_20251120105437/happiness.mp4,ok,ok,904,29.9983,904,1,904,900,0.00132261,63.2778
2120707013_20251120105437,fearness,/Users/geziwang/Desktop/teenager_ppg/cleaned_video_outputs/emotion_clips/2120707013_20251120105437/fearness.mp4,ok,ok,904,30,904,1,904,900,0.00149841,56.25
2120707013_20251120105437,tension,/Users/geziwang/Desktop/teenager_ppg/cleaned_video_outputs/emotion_clips/2120707013_20251120105437/tension.mp4,ok,ok,901,29.9983,901,1,901,900,0.00147445,91.4012
2120708015_20251120111454,calm,/Users/geziwang/Desktop/teenager_ppg/cleaned_video_outputs/emotion_clips/2120708015_20251120111454/calm.mp4,ok,ok,916,29.9984,916,1,916,900,0.00191127,63.2778
2120708015_20251120111454,sadness,/Users/geziwang/Desktop/teenager_ppg/cleaned_video_outputs/emotion_clips/2120708015_20251120111454/sadness.mp4,ok,ok,904,29.9983,904,1,904,900,0.00170372,84.3703
2120708015_20251120111454,happiness,/Users/geziwang/Desktop/teenager_ppg/cleaned_video_outputs/emotion_clips/2120708015_20251120111454/happiness.mp4,ok,ok,904,29.9983,904,1,904,900,0.0017655,77.3395
2120708015_20251120111454,fearness,/Users/geziwang/Desktop/teenager_ppg/cleaned_video_outputs/emotion_clips/2120708015_20251120111454/fearness.mp4,ok,ok,904,30,904,1,904,900,0.00146468,84.375
2120708015_20251120111454,tension,/Users/geziwang/Desktop/teenager_ppg/cleaned_video_outputs/emotion_clips/2120708015_20251120111454/tension.mp4,ok,ok,901,29.9983,901,1,901,900,0.00165543,84.3704
2120708016_20251120112615,calm,/Users/geziwang/Desktop/teenager_ppg/cleaned_video_outputs/emotion_clips/2120708016_20251120112615/calm.mp4,ok,ok,914,29.9984,914,1,914,900,0.000635512,70.3087
2120708016_20251120112615,sadness,/Users/geziwang/Desktop/teenager_ppg/cleaned_video_outputs/emotion_clips/2120708016_20251120112615/sadness.mp4,ok,ok,905,29.9983,905,1,905,900,0.00109284,63.2778
2120708016_20251120112615,happiness,/Users/geziwang/Desktop/teenager_ppg/cleaned_video_outputs/emotion_clips/2120708016_20251120112615/happiness.mp4,ok,ok,905,29.9983,905,1,905,900,0.00105178,63.2778
2120708016_20251120112615,fearness,/Users/geziwang/Desktop/teenager_ppg/cleaned_video_outputs/emotion_clips/2120708016_20251120112615/fearness.mp4,ok,ok,905,30,905,1,905,900,0.0010548,56.25
2120708016_20251120112615,tension,/Users/geziwang/Desktop/teenager_ppg/cleaned_video_outputs/emotion_clips/2120708016_20251120112615/tension.mp4,ok,ok,902,29.9984,902,1,902,900,0.00129719,63.2778
2120708017_20251120113509,calm,/Users/geziwang/Desktop/teenager_ppg/cleaned_video_outputs/emotion_clips/2120708017_20251120113509/calm.mp4,ok,ok,915,29.9984,915,1,915,900,0.00122691,63.2778
2120708017_20251120113509,sadness,/Users/geziwang/Desktop/teenager_ppg/cleaned_video_outputs/emotion_clips/2120708017_20251120113509/sadness.mp4,ok,ok,904,29.9983,904,1,904,900,0.00126254,91.4012
2120708017_20251120113509,happiness,/Users/geziwang/Desktop/teenager_ppg/cleaned_video_outputs/emotion_clips/2120708017_20251120113509/happiness.mp4,ok,ok,904,29.9983,904,1,904,900,0.00126246,56.2469
2120708017_20251120113509,fearness,/Users/geziwang/Desktop/teenager_ppg/cleaned_video_outputs/emotion_clips/2120708017_20251120113509/fearness.mp4,ok,ok,904,30,904,1,904,900,0.0011542,63.2812
2120708017_20251120113509,tension,/Users/geziwang/Desktop/teenager_ppg/cleaned_video_outputs/emotion_clips/2120708017_20251120113509/tension.mp4,ok,ok,901,29.9984,901,1,901,900,0.00146604,63.2778
2120708035_20251120162834,calm,/Users/geziwang/Desktop/teenager_ppg/cleaned_video_outputs/emotion_clips/2120708035_20251120162834/calm.mp4,ok,ok,914,29.9984,914,1,914,900,0.00176141,63.2778
2120708035_20251120162834,sadness,/Users/geziwang/Desktop/teenager_ppg/cleaned_video_outputs/emotion_clips/2120708035_20251120162834/sadness.mp4,ok,ok,906,29.9983,906,1,906,900,0.00141758,63.2778
2120708035_20251120162834,happiness,/Users/geziwang/Desktop/teenager_ppg/cleaned_video_outputs/emotion_clips/2120708035_20251120162834/happiness.mp4,ok,ok,906,29.9984,906,1,906,900,0.00135715,49.216
2120708035_20251120162834,fearness,/Users/geziwang/Desktop/teenager_ppg/cleaned_video_outputs/emotion_clips/2120708035_20251120162834/fearness.mp4,ok,ok,906,30,906,1,906,900,0.001408,63.2812
2120708035_20251120162834,tension,/Users/geziwang/Desktop/teenager_ppg/cleaned_video_outputs/emotion_clips/2120708035_20251120162834/tension.mp4,ok,ok,903,29.9984,903,1,903,900,0.00170051,63.2778
2120708036_20251120163622,calm,/Users/geziwang/Desktop/teenager_ppg/cleaned_video_outputs/emotion_clips/2120708036_20251120163622/calm.mp4,ok,ok,916,29.9984,916,1,916,900,0.00311423,84.3704
2120708036_20251120163622,sadness,/Users/geziwang/Desktop/teenager_ppg/cleaned_video_outputs/emotion_clips/2120708036_20251120163622/sadness.mp4,ok,ok,904,29.9983,904,1,904,900,0.00129612,91.4012
2120708036_20251120163622,happiness,/Users/geziwang/Desktop/teenager_ppg/cleaned_video_outputs/emotion_clips/2120708036_20251120163622/happiness.mp4,ok,ok,904,30,904,1,904,900,0.00157949,56.25
2120708036_20251120163622,fearness,/Users/geziwang/Desktop/teenager_ppg/cleaned_video_outputs/emotion_clips/2120708036_20251120163622/fearness.mp4,ok,ok,903,29.9983,903,1,903,900,0.00186159,91.4012
2120708036_20251120163622,tension,/Users/geziwang/Desktop/teenager_ppg/cleaned_video_outputs/emotion_clips/2120708036_20251120163622/tension.mp4,ok,ok,901,29.9983,901,1,901,900,0.00122986,126.556
2120708037_20251120164325,calm,/Users/geziwang/Desktop/teenager_ppg/cleaned_video_outputs/emotion_clips/2120708037_20251120164325/calm.mp4,ok,ok,915,29.9984,915,1,915,900,0.00144627,70.3087
2120708037_20251120164325,sadness,/Users/geziwang/Desktop/teenager_ppg/cleaned_video_outputs/emotion_clips/2120708037_20251120164325/sadness.mp4,ok,ok,904,29.9983,904,1,904,900,0.00142553,91.4012
2120708037_20251120164325,happiness,/Users/geziwang/Desktop/teenager_ppg/cleaned_video_outputs/emotion_clips/2120708037_20251120164325/happiness.mp4,ok,ok,903,29.9983,903,1,903,900,0.00130179,63.2778
2120708037_20251120164325,fearness,/Users/geziwang/Desktop/teenager_ppg/cleaned_video_outputs/emotion_clips/2120708037_20251120164325/fearness.mp4,ok,ok,903,30,903,1,903,900,0.00131238,77.3438
2120708037_20251120164325,tension,/Users/geziwang/Desktop/teenager_ppg/cleaned_video_outputs/emotion_clips/2120708037_20251120164325/tension.mp4,ok,ok,901,29.9983,901,1,901,900,0.00132607,56.2469
2120905005_20251128111014,calm,/Users/geziwang/Desktop/teenager_ppg/cleaned_video_outputs/emotion_clips/2120905005_20251128111014/calm.mp4,ok,ok,915,29.9984,915,1,915,900,0.00182737,77.3395
2120905005_20251128111014,sadness,/Users/geziwang/Desktop/teenager_ppg/cleaned_video_outputs/emotion_clips/2120905005_20251128111014/sadness.mp4,ok,ok,904,29.9983,904,1,904,900,0.00141579,63.2778
2120905005_20251128111014,happiness,/Users/geziwang/Desktop/teenager_ppg/cleaned_video_outputs/emotion_clips/2120905005_20251128111014/happiness.mp4,ok,ok,904,29.9983,904,1,904,900,0.00146073,63.2778
2120905005_20251128111014,fearness,/Users/geziwang/Desktop/teenager_ppg/cleaned_video_outputs/emotion_clips/2120905005_20251128111014/fearness.mp4,ok,ok,904,29.9983,904,1,904,900,0.00149997,63.2778
2120905005_20251128111014,tension,/Users/geziwang/Desktop/teenager_ppg/cleaned_video_outputs/emotion_clips/2120905005_20251128111014/tension.mp4,ok,ok,901,30,901,1,901,900,0.00125381,63.2812
2120905006_20251128111803,calm,/Users/geziwang/Desktop/teenager_ppg/cleaned_video_outputs/emotion_clips/2120905006_20251128111803/calm.mp4,ok,ok,917,29.9984,917,1,917,900,0.00184625,112.494
2120905006_20251128111803,sadness,/Users/geziwang/Desktop/teenager_ppg/cleaned_video_outputs/emotion_clips/2120905006_20251128111803/sadness.mp4,ok,ok,904,29.9983,904,1,904,900,0.00184759,63.2778
2120905006_20251128111803,happiness,/Users/geziwang/Desktop/teenager_ppg/cleaned_video_outputs/emotion_clips/2120905006_20251128111803/happiness.mp4,ok,ok,903,29.9983,903,1,903,900,0.00165392,91.4012
2120905006_20251128111803,fearness,/Users/geziwang/Desktop/teenager_ppg/cleaned_video_outputs/emotion_clips/2120905006_20251128111803/fearness.mp4,ok,ok,903,30,903,1,903,900,0.00171629,84.375
2120905006_20251128111803,tension,/Users/geziwang/Desktop/teenager_ppg/cleaned_video_outputs/emotion_clips/2120905006_20251128111803/tension.mp4,ok,ok,901,29.9984,901,1,901,900,0.00180156,63.2778
2120905007_20251128112535,calm,/Users/geziwang/Desktop/teenager_ppg/cleaned_video_outputs/emotion_clips/2120905007_20251128112535/calm.mp4,ok,ok,917,29.9984,917,1,917,900,0.00161464,63.2778
2120905007_20251128112535,sadness,/Users/geziwang/Desktop/teenager_ppg/cleaned_video_outputs/emotion_clips/2120905007_20251128112535/sadness.mp4,ok,ok,904,29.9983,904,1,904,900,0.00139923,70.3086
2120905007_20251128112535,happiness,/Users/geziwang/Desktop/teenager_ppg/cleaned_video_outputs/emotion_clips/2120905007_20251128112535/happiness.mp4,ok,ok,904,29.9983,904,1,904,900,0.00161064,63.2778
2120905007_20251128112535,fearness,/Users/geziwang/Desktop/teenager_ppg/cleaned_video_outputs/emotion_clips/2120905007_20251128112535/fearness.mp4,ok,ok,904,30,904,1,904,900,0.00150963,70.3125
2120905007_20251128112535,tension,/Users/geziwang/Desktop/teenager_ppg/cleaned_video_outputs/emotion_clips/2120905007_20251128112535/tension.mp4,ok,ok,901,29.9984,901,1,901,900,0.00143972,70.3086
2120905008_20251128113450,calm,/Users/geziwang/Desktop/teenager_ppg/cleaned_video_outputs/emotion_clips/2120905008_20251128113450/calm.mp4,ok,ok,918,29.9984,918,1,918,900,0.00760469,63.2778
2120905008_20251128113450,sadness,/Users/geziwang/Desktop/teenager_ppg/cleaned_video_outputs/emotion_clips/2120905008_20251128113450/sadness.mp4,ok,ok,904,29.9983,904,1,904,900,0.193099,70.3086
2120905008_20251128113450,happiness,/Users/geziwang/Desktop/teenager_ppg/cleaned_video_outputs/emotion_clips/2120905008_20251128113450/happiness.mp4,ok,ok,903,29.9983,903,1,903,900,0.237808,56.2469
2120905008_20251128113450,fearness,/Users/geziwang/Desktop/teenager_ppg/cleaned_video_outputs/emotion_clips/2120905008_20251128113450/fearness.mp4,ok,ok,903,30,903,1,903,900,0.0180638,63.2812
2120905008_20251128113450,tension,/Users/geziwang/Desktop/teenager_ppg/cleaned_video_outputs/emotion_clips/2120905008_20251128113450/tension.mp4,ok,ok,901,29.9983,901,1,901,900,0.116426,49.216
2120905009_20251128114508,calm,/Users/geziwang/Desktop/teenager_ppg/cleaned_video_outputs/emotion_clips/2120905009_20251128114508/calm.mp4,ok,ok,917,29.9984,917,1,917,900,0.00196831,56.2469
2120905009_20251128114508,sadness,/Users/geziwang/Desktop/teenager_ppg/cleaned_video_outputs/emotion_clips/2120905009_20251128114508/sadness.mp4,ok,ok,904,29.9983,904,1,904,900,0.00160618,63.2778
2120905009_20251128114508,happiness,/Users/geziwang/Desktop/teenager_ppg/cleaned_video_outputs/emotion_clips/2120905009_20251128114508/happiness.mp4,ok,ok,904,29.9983,904,1,904,900,0.00173002,70.3086
2120905009_20251128114508,fearness,/Users/geziwang/Desktop/teenager_ppg/cleaned_video_outputs/emotion_clips/2120905009_20251128114508/fearness.mp4,ok,ok,904,30,904,1,904,900,0.00180482,70.3125
2120905009_20251128114508,tension,/Users/geziwang/Desktop/teenager_ppg/cleaned_video_outputs/emotion_clips/2120905009_20251128114508/tension.mp4,ok,ok,901,29.9983,901,1,901,900,0.00162909,70.3086
2120907001_20251128095059,calm,/Users/geziwang/Desktop/teenager_ppg/cleaned_video_outputs/emotion_clips/2120907001_20251128095059/calm.mp4,ok,ok,916,29.9984,916,1,916,900,0.00121351,63.2778
2120907001_20251128095059,sadness,/Users/geziwang/Desktop/teenager_ppg/cleaned_video_outputs/emotion_clips/2120907001_20251128095059/sadness.mp4,ok,ok,904,29.9983,904,1,904,900,0.0014967,63.2778
2120907001_20251128095059,happiness,/Users/geziwang/Desktop/teenager_ppg/cleaned_video_outputs/emotion_clips/2120907001_20251128095059/happiness.mp4,ok,ok,904,29.9983,904,1,904,900,0.00151253,63.2778
2120907001_20251128095059,fearness,/Users/geziwang/Desktop/teenager_ppg/cleaned_video_outputs/emotion_clips/2120907001_20251128095059/fearness.mp4,ok,ok,904,29.9983,904,1,904,900,0.00122549,63.2778
2120907001_20251128095059,tension,/Users/geziwang/Desktop/teenager_ppg/cleaned_video_outputs/emotion_clips/2120907001_20251128095059/tension.mp4,ok,ok,901,30,901,1,901,900,0.00146849,63.2812
2120907002_20251128095749,calm,/Users/geziwang/Desktop/teenager_ppg/cleaned_video_outputs/emotion_clips/2120907002_20251128095749/calm.mp4,ok,ok,917,29.9984,917,1,917,900,0.00178688,49.2161
2120907002_20251128095749,sadness,/Users/geziwang/Desktop/teenager_ppg/cleaned_video_outputs/emotion_clips/2120907002_20251128095749/sadness.mp4,ok,ok,904,29.9983,904,1,904,900,0.00137317,63.2778
2120907002_20251128095749,happiness,/Users/geziwang/Desktop/teenager_ppg/cleaned_video_outputs/emotion_clips/2120907002_20251128095749/happiness.mp4,ok,ok,903,29.9983,903,1,903,900,0.00153221,91.4012
2120907002_20251128095749,fearness,/Users/geziwang/Desktop/teenager_ppg/cleaned_video_outputs/emotion_clips/2120907002_20251128095749/fearness.mp4,ok,ok,904,29.9983,904,1,904,900,0.00111507,77.3395
2120907002_20251128095749,tension,/Users/geziwang/Desktop/teenager_ppg/cleaned_video_outputs/emotion_clips/2120907002_20251128095749/tension.mp4,ok,ok,901,30,901,1,901,900,0.0013814,63.2812
2120907003_20251128100547,calm,/Users/geziwang/Desktop/teenager_ppg/cleaned_video_outputs/emotion_clips/2120907003_20251128100547/calm.mp4,ok,ok,916,29.9984,916,1,916,900,0.00138542,84.3704
2120907003_20251128100547,sadness,/Users/geziwang/Desktop/teenager_ppg/cleaned_video_outputs/emotion_clips/2120907003_20251128100547/sadness.mp4,ok,ok,904,29.9983,904,1,904,900,0.00150816,91.4012
2120907003_20251128100547,happiness,/Users/geziwang/Desktop/teenager_ppg/cleaned_video_outputs/emotion_clips/2120907003_20251128100547/happiness.mp4,ok,ok,904,29.9983,904,1,904,900,0.00176069,84.3703
2120907003_20251128100547,fearness,/Users/geziwang/Desktop/teenager_ppg/cleaned_video_outputs/emotion_clips/2120907003_20251128100547/fearness.mp4,ok,ok,904,30,904,1,904,900,0.00156699,84.375
2120907003_20251128100547,tension,/Users/geziwang/Desktop/teenager_ppg/cleaned_video_outputs/emotion_clips/2120907003_20251128100547/tension.mp4,ok,ok,901,29.9983,901,1,901,900,0.00162759,77.3395
2120907004_20251128101526,calm,/Users/geziwang/Desktop/teenager_ppg/cleaned_video_outputs/emotion_clips/2120907004_20251128101526/calm.mp4,ok,ok,917,29.9984,917,1,917,900,0.00210219,70.3087
2120907004_20251128101526,sadness,/Users/geziwang/Desktop/teenager_ppg/cleaned_video_outputs/emotion_clips/2120907004_20251128101526/sadness.mp4,ok,ok,904,29.9983,904,1,904,900,0.00195846,70.3086
2120907004_20251128101526,happiness,/Users/geziwang/Desktop/teenager_ppg/cleaned_video_outputs/emotion_clips/2120907004_20251128101526/happiness.mp4,ok,ok,903,29.9983,903,1,903,900,0.00248796,77.3395
2120907004_20251128101526,fearness,/Users/geziwang/Desktop/teenager_ppg/cleaned_video_outputs/emotion_clips/2120907004_20251128101526/fearness.mp4,ok,ok,903,30,903,1,903,900,0.00274746,70.3125
2120907004_20251128101526,tension,/Users/geziwang/Desktop/teenager_ppg/cleaned_video_outputs/emotion_clips/2120907004_20251128101526/tension.mp4,ok,ok,901,29.9983,901,1,901,900,0.00233073,63.2778
2121005039_20251121085912,calm,/Users/geziwang/Desktop/teenager_ppg/cleaned_video_outputs/emotion_clips/2121005039_20251121085912/calm.mp4,ok,ok,918,29.9984,918,1,918,900,0.00122688,63.2778
2121005039_20251121085912,sadness,/Users/geziwang/Desktop/teenager_ppg/cleaned_video_outputs/emotion_clips/2121005039_20251121085912/sadness.mp4,ok,ok,904,29.9983,904,1,904,900,0.00119549,63.2778
2121005039_20251121085912,happiness,/Users/geziwang/Desktop/teenager_ppg/cleaned_video_outputs/emotion_clips/2121005039_20251121085912/happiness.mp4,ok,ok,903,29.9983,903,1,903,900,0.00178834,98.4321
2121005039_20251121085912,fearness,/Users/geziwang/Desktop/teenager_ppg/cleaned_video_outputs/emotion_clips/2121005039_20251121085912/fearness.mp4,ok,ok,903,30,903,1,903,900,0.0010811,91.4062
2121005039_20251121085912,tension,/Users/geziwang/Desktop/teenager_ppg/cleaned_video_outputs/emotion_clips/2121005039_20251121085912/tension.mp4,ok,ok,901,29.9983,901,1,901,900,0.00117544,91.4012
2121005040_20251121091420,calm,/Users/geziwang/Desktop/teenager_ppg/cleaned_video_outputs/emotion_clips/2121005040_20251121091420/calm.mp4,ok,ok,916,29.9984,916,1,916,900,0.00264475,63.2778
2121005040_20251121091420,sadness,/Users/geziwang/Desktop/teenager_ppg/cleaned_video_outputs/emotion_clips/2121005040_20251121091420/sadness.mp4,ok,ok,904,29.9983,904,1,904,900,0.00162484,63.2778
2121005040_20251121091420,happiness,/Users/geziwang/Desktop/teenager_ppg/cleaned_video_outputs/emotion_clips/2121005040_20251121091420/happiness.mp4,ok,ok,904,29.9983,904,1,904,900,0.00191118,70.3086
2121005040_20251121091420,fearness,/Users/geziwang/Desktop/teenager_ppg/cleaned_video_outputs/emotion_clips/2121005040_20251121091420/fearness.mp4,ok,ok,904,30,904,1,904,900,0.00104375,63.2812
2121005040_20251121091420,tension,/Users/geziwang/Desktop/teenager_ppg/cleaned_video_outputs/emotion_clips/2121005040_20251121091420/tension.mp4,ok,ok,901,29.9984,901,1,901,900,0.00204142,63.2778
2121005042_20251121095125,calm,/Users/geziwang/Desktop/teenager_ppg/cleaned_video_outputs/emotion_clips/2121005042_20251121095125/calm.mp4,ok,ok,908,29.9983,908,1,908,900,0.00294772,56.2469
2121005042_20251121095125,sadness,/Users/geziwang/Desktop/teenager_ppg/cleaned_video_outputs/emotion_clips/2121005042_20251121095125/sadness.mp4,ok,ok,904,29.9983,904,1,904,900,0.00320825,98.4321
2121005042_20251121095125,happiness,/Users/geziwang/Desktop/teenager_ppg/cleaned_video_outputs/emotion_clips/2121005042_20251121095125/happiness.mp4,ok,ok,904,30,904,1,904,900,0.0023884,49.2188
2121005042_20251121095125,fearness,/Users/geziwang/Desktop/teenager_ppg/cleaned_video_outputs/emotion_clips/2121005042_20251121095125/fearness.mp4,ok,ok,903,29.9983,903,1,903,900,0.00430431,77.3395
2121005042_20251121095125,tension,/Users/geziwang/Desktop/teenager_ppg/cleaned_video_outputs/emotion_clips/2121005042_20251121095125/tension.mp4,ok,ok,901,29.9983,901,1,901,900,0.00390949,63.2778
2121005043_20251121100113,calm,/Users/geziwang/Desktop/teenager_ppg/cleaned_video_outputs/emotion_clips/2121005043_20251121100113/calm.mp4,ok,ok,916,29.9984,916,1,916,900,0.00181141,70.3087
2121005043_20251121100113,sadness,/Users/geziwang/Desktop/teenager_ppg/cleaned_video_outputs/emotion_clips/2121005043_20251121100113/sadness.mp4,ok,ok,905,29.9983,905,1,905,900,0.00281888,63.2778
2121005043_20251121100113,happiness,/Users/geziwang/Desktop/teenager_ppg/cleaned_video_outputs/emotion_clips/2121005043_20251121100113/happiness.mp4,ok,ok,905,29.9983,905,1,905,900,0.00204415,77.3395
2121005043_20251121100113,fearness,/Users/geziwang/Desktop/teenager_ppg/cleaned_video_outputs/emotion_clips/2121005043_20251121100113/fearness.mp4,ok,ok,905,30,905,1,905,900,0.00227683,70.3125
2121005043_20251121100113,tension,/Users/geziwang/Desktop/teenager_ppg/cleaned_video_outputs/emotion_clips/2121005043_20251121100113/tension.mp4,ok,ok,902,29.9984,902,1,902,900,0.00224096,70.3086
2121005044_20251121101017,calm,/Users/geziwang/Desktop/teenager_ppg/cleaned_video_outputs/emotion_clips/2121005044_20251121101017/calm.mp4,ok,ok,915,29.9984,915,1,915,900,0.00135176,63.2778
2121005044_20251121101017,sadness,/Users/geziwang/Desktop/teenager_ppg/cleaned_video_outputs/emotion_clips/2121005044_20251121101017/sadness.mp4,ok,ok,906,29.9983,906,1,906,900,0.00162648,77.3395
2121005044_20251121101017,happiness,/Users/geziwang/Desktop/teenager_ppg/cleaned_video_outputs/emotion_clips/2121005044_20251121101017/happiness.mp4,ok,ok,906,30,906,1,906,900,0.00150369,77.3438
2121005044_20251121101017,fearness,/Users/geziwang/Desktop/teenager_ppg/cleaned_video_outputs/emotion_clips/2121005044_20251121101017/fearness.mp4,ok,ok,905,29.9984,905,1,905,900,0.001209,77.3395
2121005044_20251121101017,tension,/Users/geziwang/Desktop/teenager_ppg/cleaned_video_outputs/emotion_clips/2121005044_20251121101017/tension.mp4,ok,ok,903,29.9984,903,1,903,900,0.00180326,77.3395
2121006045_20251121102855,calm,/Users/geziwang/Desktop/teenager_ppg/cleaned_video_outputs/emotion_clips/2121006045_20251121102855/calm.mp4,ok,ok,914,29.9984,914,1,914,900,0.00124004,70.3087
2121006045_20251121102855,sadness,/Users/geziwang/Desktop/teenager_ppg/cleaned_video_outputs/emotion_clips/2121006045_20251121102855/sadness.mp4,ok,ok,906,29.9983,906,1,906,900,0.00146543,63.2778
2121006045_20251121102855,happiness,/Users/geziwang/Desktop/teenager_ppg/cleaned_video_outputs/emotion_clips/2121006045_20251121102855/happiness.mp4,ok,ok,905,30,905,1,905,900,0.00156349,63.2812
2121006045_20251121102855,fearness,/Users/geziwang/Desktop/teenager_ppg/cleaned_video_outputs/emotion_clips/2121006045_20251121102855/fearness.mp4,ok,ok,905,29.9984,905,1,905,900,0.0010622,77.3395
2121006045_20251121102855,tension,/Users/geziwang/Desktop/teenager_ppg/cleaned_video_outputs/emotion_clips/2121006045_20251121102855/tension.mp4,ok,ok,903,29.9984,903,1,903,900,0.00121723,84.3704
2121006046_20251121103759,calm,/Users/geziwang/Desktop/teenager_ppg/cleaned_video_outputs/emotion_clips/2121006046_20251121103759/calm.mp4,ok,ok,916,29.9984,916,1,916,900,0.00188083,70.3087
2121006046_20251121103759,sadness,/Users/geziwang/Desktop/teenager_ppg/cleaned_video_outputs/emotion_clips/2121006046_20251121103759/sadness.mp4,ok,ok,905,29.9983,905,1,905,900,0.00220255,70.3086
2121006046_20251121103759,happiness,/Users/geziwang/Desktop/teenager_ppg/cleaned_video_outputs/emotion_clips/2121006046_20251121103759/happiness.mp4,ok,ok,905,30,905,1,905,900,0.00240398,63.2812
2121006046_20251121103759,fearness,/Users/geziwang/Desktop/teenager_ppg/cleaned_video_outputs/emotion_clips/2121006046_20251121103759/fearness.mp4,ok,ok,905,29.9984,905,1,905,900,0.00221903,70.3086
2121006046_20251121103759,tension,/Users/geziwang/Desktop/teenager_ppg/cleaned_video_outputs/emotion_clips/2121006046_20251121103759/tension.mp4,ok,ok,902,29.9984,902,1,902,900,0.00195984,70.3087
2121006052_20251121113352,calm,/Users/geziwang/Desktop/teenager_ppg/cleaned_video_outputs/emotion_clips/2121006052_20251121113352/calm.mp4,ok,ok,916,29.9984,916,1,916,900,0.0014885,63.2778
2121006052_20251121113352,sadness,/Users/geziwang/Desktop/teenager_ppg/cleaned_video_outputs/emotion_clips/2121006052_20251121113352/sadness.mp4,ok,ok,904,29.9983,904,1,904,900,0.00157829,63.2778
2121006052_20251121113352,happiness,/Users/geziwang/Desktop/teenager_ppg/cleaned_video_outputs/emotion_clips/2121006052_20251121113352/happiness.mp4,ok,ok,904,30,904,1,904,900,0.00169201,63.2812
2121006052_20251121113352,fearness,/Users/geziwang/Desktop/teenager_ppg/cleaned_video_outputs/emotion_clips/2121006052_20251121113352/fearness.mp4,ok,ok,904,29.9984,904,1,904,900,0.00309739,147.648
2121006052_20251121113352,tension,/Users/geziwang/Desktop/teenager_ppg/cleaned_video_outputs/emotion_clips/2121006052_20251121113352/tension.mp4,ok,ok,901,29.9984,901,1,901,900,0.00156342,63.2778
2121007047_20251121104727,calm,/Users/geziwang/Desktop/teenager_ppg/cleaned_video_outputs/emotion_clips/2121007047_20251121104727/calm.mp4,ok,ok,917,29.9984,917,1,917,900,0.00159197,77.3395
2121007047_20251121104727,sadness,/Users/geziwang/Desktop/teenager_ppg/cleaned_video_outputs/emotion_clips/2121007047_20251121104727/sadness.mp4,ok,ok,904,29.9983,904,1,904,900,0.0045449,63.2778
2121007047_20251121104727,happiness,/Users/geziwang/Desktop/teenager_ppg/cleaned_video_outputs/emotion_clips/2121007047_20251121104727/happiness.mp4,ok,ok,904,30,904,1,904,900,0.0018936,77.3438
2121007047_20251121104727,fearness,/Users/geziwang/Desktop/teenager_ppg/cleaned_video_outputs/emotion_clips/2121007047_20251121104727/fearness.mp4,ok,ok,903,29.9983,903,1,903,900,0.00176499,77.3395
2121007047_20251121104727,tension,/Users/geziwang/Desktop/teenager_ppg/cleaned_video_outputs/emotion_clips/2121007047_20251121104727/tension.mp4,ok,ok,901,29.9983,901,1,901,900,0.0031471,56.2469
2121007048_20251121105548,calm,/Users/geziwang/Desktop/teenager_ppg/cleaned_video_outputs/emotion_clips/2121007048_20251121105548/calm.mp4,ok,ok,918,29.9984,918,1,918,900,0.00310194,70.3087
2121007048_20251121105548,sadness,/Users/geziwang/Desktop/teenager_ppg/cleaned_video_outputs/emotion_clips/2121007048_20251121105548/sadness.mp4,ok,ok,904,29.9983,904,1,904,900,0.0026681,70.3086
2121007048_20251121105548,happiness,/Users/geziwang/Desktop/teenager_ppg/cleaned_video_outputs/emotion_clips/2121007048_20251121105548/happiness.mp4,ok,ok,904,30,904,1,904,900,0.00193221,70.3125
2121007048_20251121105548,fearness,/Users/geziwang/Desktop/teenager_ppg/cleaned_video_outputs/emotion_clips/2121007048_20251121105548/fearness.mp4,ok,ok,904,29.9984,904,1,904,900,0.00219602,63.2778
2121007048_20251121105548,tension,/Users/geziwang/Desktop/teenager_ppg/cleaned_video_outputs/emotion_clips/2121007048_20251121105548/tension.mp4,ok,ok,901,29.9984,901,1,901,900,0.00178613,63.2778
2121007049_20251121110837,calm,/Users/geziwang/Desktop/teenager_ppg/cleaned_video_outputs/emotion_clips/2121007049_20251121110837/calm.mp4,ok,ok,916,29.9984,916,1,916,900,0.00287911,63.2778
2121007049_20251121110837,sadness,/Users/geziwang/Desktop/teenager_ppg/cleaned_video_outputs/emotion_clips/2121007049_20251121110837/sadness.mp4,ok,ok,906,29.9983,906,1,906,900,0.00315943,63.2778
2121007049_20251121110837,happiness,/Users/geziwang/Desktop/teenager_ppg/cleaned_video_outputs/emotion_clips/2121007049_20251121110837/happiness.mp4,ok,ok,906,30,906,1,906,900,0.00218414,56.25
2121007049_20251121110837,fearness,/Users/geziwang/Desktop/teenager_ppg/cleaned_video_outputs/emotion_clips/2121007049_20251121110837/fearness.mp4,ok,ok,905,29.9984,905,1,905,900,0.00218874,56.2469
2121007049_20251121110837,tension,/Users/geziwang/Desktop/teenager_ppg/cleaned_video_outputs/emotion_clips/2121007049_20251121110837/tension.mp4,ok,ok,903,29.9984,903,1,903,900,0.00167613,56.2469
2121007050_20251121111727,calm,/Users/geziwang/Desktop/teenager_ppg/cleaned_video_outputs/emotion_clips/2121007050_20251121111727/calm.mp4,ok,ok,914,29.9984,914,1,914,900,0.00130756,63.2778
2121007050_20251121111727,sadness,/Users/geziwang/Desktop/teenager_ppg/cleaned_video_outputs/emotion_clips/2121007050_20251121111727/sadness.mp4,ok,ok,904,29.9983,904,1,904,900,0.0013067,56.2469
2121007050_20251121111727,happiness,/Users/geziwang/Desktop/teenager_ppg/cleaned_video_outputs/emotion_clips/2121007050_20251121111727/happiness.mp4,ok,ok,905,30,905,1,905,900,0.00155036,91.4062
2121007050_20251121111727,fearness,/Users/geziwang/Desktop/teenager_ppg/cleaned_video_outputs/emotion_clips/2121007050_20251121111727/fearness.mp4,ok,ok,904,29.9984,904,1,904,900,0.00149514,84.3704
2121007050_20251121111727,tension,/Users/geziwang/Desktop/teenager_ppg/cleaned_video_outputs/emotion_clips/2121007050_20251121111727/tension.mp4,ok,ok,902,29.9984,902,1,902,900,0.00145006,63.2778
2121007051_20251121112449,calm,/Users/geziwang/Desktop/teenager_ppg/cleaned_video_outputs/emotion_clips/2121007051_20251121112449/calm.mp4,ok,ok,916,29.9984,916,1,916,900,0.00178707,63.2778
2121007051_20251121112449,sadness,/Users/geziwang/Desktop/teenager_ppg/cleaned_video_outputs/emotion_clips/2121007051_20251121112449/sadness.mp4,ok,ok,904,29.9983,904,1,904,900,0.00160332,84.3703
2121007051_20251121112449,happiness,/Users/geziwang/Desktop/teenager_ppg/cleaned_video_outputs/emotion_clips/2121007051_20251121112449/happiness.mp4,ok,ok,903,30,903,1,903,900,0.00155002,84.375
2121007051_20251121112449,fearness,/Users/geziwang/Desktop/teenager_ppg/cleaned_video_outputs/emotion_clips/2121007051_20251121112449/fearness.mp4,ok,ok,903,29.9983,903,1,903,900,0.00165916,84.3704
2121007051_20251121112449,tension,/Users/geziwang/Desktop/teenager_ppg/cleaned_video_outputs/emotion_clips/2121007051_20251121112449/tension.mp4,ok,ok,901,29.9983,901,1,901,900,0.00166146,84.3704
2121201010_20251130103922,calm,/Users/geziwang/Desktop/teenager_ppg/cleaned_video_outputs/emotion_clips/2121201010_20251130103922/calm.mp4,ok,ok,912,29.9984,912,1,912,900,0.00165176,70.3086
2121201010_20251130103922,sadness,/Users/geziwang/Desktop/teenager_ppg/cleaned_video_outputs/emotion_clips/2121201010_20251130103922/sadness.mp4,ok,ok,904,29.9983,904,1,904,900,0.00166096,70.3086
2121201010_20251130103922,happiness,/Users/geziwang/Desktop/teenager_ppg/cleaned_video_outputs/emotion_clips/2121201010_20251130103922/happiness.mp4,ok,ok,904,30,904,1,904,900,0.00133061,63.2812
2121201010_20251130103922,fearness,/Users/geziwang/Desktop/teenager_ppg/cleaned_video_outputs/emotion_clips/2121201010_20251130103922/fearness.mp4,ok,ok,903,29.9983,903,1,903,900,0.00163912,63.2778
2121201010_20251130103922,tension,/Users/geziwang/Desktop/teenager_ppg/cleaned_video_outputs/emotion_clips/2121201010_20251130103922/tension.mp4,ok,ok,901,29.9983,901,1,901,900,0.00153425,70.3086
2121201011_20251130104656,calm,/Users/geziwang/Desktop/teenager_ppg/cleaned_video_outputs/emotion_clips/2121201011_20251130104656/calm.mp4,ok,ok,917,29.9984,917,1,917,900,0.00130166,84.3704
2121201011_20251130104656,sadness,/Users/geziwang/Desktop/teenager_ppg/cleaned_video_outputs/emotion_clips/2121201011_20251130104656/sadness.mp4,ok,ok,904,29.9983,904,1,904,900,0.00117233,77.3395
2121201011_20251130104656,happiness,/Users/geziwang/Desktop/teenager_ppg/cleaned_video_outputs/emotion_clips/2121201011_20251130104656/happiness.mp4,ok,ok,904,30,904,1,904,900,0.00107189,63.2812
2121201011_20251130104656,fearness,/Users/geziwang/Desktop/teenager_ppg/cleaned_video_outputs/emotion_clips/2121201011_20251130104656/fearness.mp4,ok,ok,903,29.9983,903,1,903,900,0.00132606,77.3395
2121201011_20251130104656,tension,/Users/geziwang/Desktop/teenager_ppg/cleaned_video_outputs/emotion_clips/2121201011_20251130104656/tension.mp4,ok,ok,901,29.9983,901,1,901,900,0.00148615,77.3395
2121201013_20251130110127,calm,/Users/geziwang/Desktop/teenager_ppg/cleaned_video_outputs/emotion_clips/2121201013_20251130110127/calm.mp4,ok,ok,918,29.9984,918,1,918,900,0.00157057,70.3087
2121201013_20251130110127,sadness,/Users/geziwang/Desktop/teenager_ppg/cleaned_video_outputs/emotion_clips/2121201013_20251130110127/sadness.mp4,ok,ok,905,29.9983,905,1,905,900,0.0014077,70.3086
2121201013_20251130110127,happiness,/Users/geziwang/Desktop/teenager_ppg/cleaned_video_outputs/emotion_clips/2121201013_20251130110127/happiness.mp4,ok,ok,905,30,905,1,905,900,0.00121393,70.3125
2121201013_20251130110127,fearness,/Users/geziwang/Desktop/teenager_ppg/cleaned_video_outputs/emotion_clips/2121201013_20251130110127/fearness.mp4,ok,ok,905,29.9984,905,1,905,900,0.000965903,70.3087
2121201013_20251130110127,tension,/Users/geziwang/Desktop/teenager_ppg/cleaned_video_outputs/emotion_clips/2121201013_20251130110127/tension.mp4,ok,ok,902,29.9984,902,1,902,900,0.00110246,70.3087
2121201014_20251130112545,calm,/Users/geziwang/Desktop/teenager_ppg/cleaned_video_outputs/emotion_clips/2121201014_20251130112545/calm.mp4,ok,ok,914,29.9984,914,1,914,900,0.00163444,56.2469
2121201014_20251130112545,sadness,/Users/geziwang/Desktop/teenager_ppg/cleaned_video_outputs/emotion_clips/2121201014_20251130112545/sadness.mp4,ok,ok,904,29.9983,904,1,904,900,0.00135405,63.2778
2121201014_20251130112545,happiness,/Users/geziwang/Desktop/teenager_ppg/cleaned_video_outputs/emotion_clips/2121201014_20251130112545/happiness.mp4,ok,ok,904,30,904,1,904,900,0.00147395,63.2812
2121201014_20251130112545,fearness,/Users/geziwang/Desktop/teenager_ppg/cleaned_video_outputs/emotion_clips/2121201014_20251130112545/fearness.mp4,ok,ok,904,29.9984,904,1,904,900,0.00178312,63.2778
2121201014_20251130112545,tension,/Users/geziwang/Desktop/teenager_ppg/cleaned_video_outputs/emotion_clips/2121201014_20251130112545/tension.mp4,ok,ok,901,30,901,1,901,900,0.00157331,98.4375
2121201015_20251130113310,calm,/Users/geziwang/Desktop/teenager_ppg/cleaned_video_outputs/emotion_clips/2121201015_20251130113310/calm.mp4,ok,ok,915,29.9984,915,1,915,900,0.000873215,91.4013
2121201015_20251130113310,sadness,/Users/geziwang/Desktop/teenager_ppg/cleaned_video_outputs/emotion_clips/2121201015_20251130113310/sadness.mp4,ok,ok,906,29.9983,906,1,906,900,0.00105737,91.4012
2121201015_20251130113310,happiness,/Users/geziwang/Desktop/teenager_ppg/cleaned_video_outputs/emotion_clips/2121201015_20251130113310/happiness.mp4,ok,ok,905,30,905,1,905,900,0.00102963,91.4062
2121201015_20251130113310,fearness,/Users/geziwang/Desktop/teenager_ppg/cleaned_video_outputs/emotion_clips/2121201015_20251130113310/fearness.mp4,ok,ok,905,29.9984,905,1,905,900,0.00124566,84.3704
2121201015_20251130113310,tension,/Users/geziwang/Desktop/teenager_ppg/cleaned_video_outputs/emotion_clips/2121201015_20251130113310/tension.mp4,ok,ok,903,29.9984,903,1,903,900,0.00118066,63.2778
2121201016_20251130113850,calm,/Users/geziwang/Desktop/teenager_ppg/cleaned_video_outputs/emotion_clips/2121201016_20251130113850/calm.mp4,ok,ok,916,29.9984,916,1,916,900,0.00108555,70.3087
2121201016_20251130113850,sadness,/Users/geziwang/Desktop/teenager_ppg/cleaned_video_outputs/emotion_clips/2121201016_20251130113850/sadness.mp4,ok,ok,905,29.9983,905,1,905,900,0.00183333,63.2778
2121201016_20251130113850,happiness,/Users/geziwang/Desktop/teenager_ppg/cleaned_video_outputs/emotion_clips/2121201016_20251130113850/happiness.mp4,ok,ok,905,30,905,1,905,900,0.0015967,84.375
2121201016_20251130113850,fearness,/Users/geziwang/Desktop/teenager_ppg/cleaned_video_outputs/emotion_clips/2121201016_20251130113850/fearness.mp4,ok,ok,905,29.9984,905,1,905,900,0.00165706,70.3087
2121201016_20251130113850,tension,/Users/geziwang/Desktop/teenager_ppg/cleaned_video_outputs/emotion_clips/2121201016_20251130113850/tension.mp4,ok,ok,902,30,902,1,902,900,0.00197903,70.3125
2121201017_20251130115138,calm,/Users/geziwang/Desktop/teenager_ppg/cleaned_video_outputs/emotion_clips/2121201017_20251130115138/calm.mp4,ok,ok,917,29.9984,917,1,917,900,0.00119915,77.3395
2121201017_20251130115138,sadness,/Users/geziwang/Desktop/teenager_ppg/cleaned_video_outputs/emotion_clips/2121201017_20251130115138/sadness.mp4,ok,ok,904,29.9983,904,1,904,900,0.00198736,84.3703
2121201017_20251130115138,happiness,/Users/geziwang/Desktop/teenager_ppg/cleaned_video_outputs/emotion_clips/2121201017_20251130115138/happiness.mp4,ok,ok,904,30,904,1,904,900,0.00153755,91.4062
2121201017_20251130115138,fearness,/Users/geziwang/Desktop/teenager_ppg/cleaned_video_outputs/emotion_clips/2121201017_20251130115138/fearness.mp4,ok,ok,903,29.9983,903,1,903,900,0.00145989,98.4321
2121201017_20251130115138,tension,/Users/geziwang/Desktop/teenager_ppg/cleaned_video_outputs/emotion_clips/2121201017_20251130115138/tension.mp4,ok,ok,901,29.9983,901,1,901,900,0.00184673,91.4012
2121201018_20251130141340,calm,/Users/geziwang/Desktop/teenager_ppg/cleaned_video_outputs/emotion_clips/2121201018_20251130141340/calm.mp4,ok,ok,911,29.9984,911,1,911,900,0.00111082,98.4321
2121201018_20251130141340,sadness,/Users/geziwang/Desktop/teenager_ppg/cleaned_video_outputs/emotion_clips/2121201018_20251130141340/sadness.mp4,ok,ok,906,29.9983,906,1,906,900,0.0010819,91.4012
2121201018_20251130141340,happiness,/Users/geziwang/Desktop/teenager_ppg/cleaned_video_outputs/emotion_clips/2121201018_20251130141340/happiness.mp4,ok,ok,906,29.9984,906,1,906,900,0.000973372,63.2778
2121201018_20251130141340,fearness,/Users/geziwang/Desktop/teenager_ppg/cleaned_video_outputs/emotion_clips/2121201018_20251130141340/fearness.mp4,ok,ok,906,30,906,1,906,900,0.00147297,56.25
2121201018_20251130141340,tension,/Users/geziwang/Desktop/teenager_ppg/cleaned_video_outputs/emotion_clips/2121201018_20251130141340/tension.mp4,ok,ok,903,29.9984,903,1,903,900,0.00103152,63.2778
2121209019_20251130143058,calm,/Users/geziwang/Desktop/teenager_ppg/cleaned_video_outputs/emotion_clips/2121209019_20251130143058/calm.mp4,ok,ok,918,29.9984,918,1,918,900,0.00220517,56.2469
2121209019_20251130143058,sadness,/Users/geziwang/Desktop/teenager_ppg/cleaned_video_outputs/emotion_clips/2121209019_20251130143058/sadness.mp4,ok,ok,905,29.9983,905,1,905,900,0.00293339,56.2469
2121209019_20251130143058,happiness,/Users/geziwang/Desktop/teenager_ppg/cleaned_video_outputs/emotion_clips/2121209019_20251130143058/happiness.mp4,ok,ok,905,29.9984,905,1,905,900,0.0121839,91.4012
2121209019_20251130143058,fearness,/Users/geziwang/Desktop/teenager_ppg/cleaned_video_outputs/emotion_clips/2121209019_20251130143058/fearness.mp4,ok,ok,905,30,905,1,905,900,0.0026149,70.3125
2121209019_20251130143058,tension,/Users/geziwang/Desktop/teenager_ppg/cleaned_video_outputs/emotion_clips/2121209019_20251130143058/tension.mp4,ok,ok,902,29.9984,902,1,902,900,0.00529222,77.3396
2121209020_20251130144049,calm,/Users/geziwang/Desktop/teenager_ppg/cleaned_video_outputs/emotion_clips/2121209020_20251130144049/calm.mp4,ok,ok,916,29.9984,916,1,916,900,0.00164458,70.3087
2121209020_20251130144049,sadness,/Users/geziwang/Desktop/teenager_ppg/cleaned_video_outputs/emotion_clips/2121209020_20251130144049/sadness.mp4,ok,ok,904,29.9983,904,1,904,900,0.00154558,77.3395
2121209020_20251130144049,happiness,/Users/geziwang/Desktop/teenager_ppg/cleaned_video_outputs/emotion_clips/2121209020_20251130144049/happiness.mp4,ok,ok,904,30,904,1,904,900,0.00161453,84.375
2121209020_20251130144049,fearness,/Users/geziwang/Desktop/teenager_ppg/cleaned_video_outputs/emotion_clips/2121209020_20251130144049/fearness.mp4,ok,ok,903,29.9984,903,1,903,900,0.00160241,77.3395
2121209020_20251130144049,tension,/Users/geziwang/Desktop/teenager_ppg/cleaned_video_outputs/emotion_clips/2121209020_20251130144049/tension.mp4,ok,ok,901,29.9984,901,1,901,900,0.001608,77.3395
2121209021_20251130144827,calm,/Users/geziwang/Desktop/teenager_ppg/cleaned_video_outputs/emotion_clips/2121209021_20251130144827/calm.mp4,ok,ok,918,29.9984,918,1,918,900,0.00164063,98.4321
2121209021_20251130144827,sadness,/Users/geziwang/Desktop/teenager_ppg/cleaned_video_outputs/emotion_clips/2121209021_20251130144827/sadness.mp4,ok,ok,904,29.9983,904,1,904,900,0.00165807,98.4321
2121209021_20251130144827,happiness,/Users/geziwang/Desktop/teenager_ppg/cleaned_video_outputs/emotion_clips/2121209021_20251130144827/happiness.mp4,ok,ok,904,30,904,1,904,900,0.00180125,98.4375
2121209021_20251130144827,fearness,/Users/geziwang/Desktop/teenager_ppg/cleaned_video_outputs/emotion_clips/2121209021_20251130144827/fearness.mp4,ok,ok,903,29.9983,903,1,903,900,0.00132331,49.216
2121209021_20251130144827,tension,/Users/geziwang/Desktop/teenager_ppg/cleaned_video_outputs/emotion_clips/2121209021_20251130144827/tension.mp4,ok,ok,901,29.9983,901,1,901,900,0.00181299,105.463
2121209022_20251130145549,calm,/Users/geziwang/Desktop/teenager_ppg/cleaned_video_outputs/emotion_clips/2121209022_20251130145549/calm.mp4,ok,ok,912,29.9984,912,1,912,900,0.00162739,77.3395
2121209022_20251130145549,sadness,/Users/geziwang/Desktop/teenager_ppg/cleaned_video_outputs/emotion_clips/2121209022_20251130145549/sadness.mp4,ok,ok,904,29.9983,904,1,904,900,0.0025589,63.2778
2121209022_20251130145549,happiness,/Users/geziwang/Desktop/teenager_ppg/cleaned_video_outputs/emotion_clips/2121209022_20251130145549/happiness.mp4,ok,ok,903,30,903,1,903,900,0.00241989,77.3438
2121209022_20251130145549,fearness,/Users/geziwang/Desktop/teenager_ppg/cleaned_video_outputs/emotion_clips/2121209022_20251130145549/fearness.mp4,ok,ok,903,29.9983,903,1,903,900,0.00211352,63.2778
2121209022_20251130145549,tension,/Users/geziwang/Desktop/teenager_ppg/cleaned_video_outputs/emotion_clips/2121209022_20251130145549/tension.mp4,ok,ok,901,29.9983,901,1,901,900,0.0018786,84.3704
2121209023_20251130150551,calm,/Users/geziwang/Desktop/teenager_ppg/cleaned_video_outputs/emotion_clips/2121209023_20251130150551/calm.mp4,ok,ok,916,29.9984,916,1,916,900,0.00144509,63.2778
2121209023_20251130150551,sadness,/Users/geziwang/Desktop/teenager_ppg/cleaned_video_outputs/emotion_clips/2121209023_20251130150551/sadness.mp4,ok,ok,904,29.9983,904,1,904,900,0.00133002,56.2469
2121209023_20251130150551,happiness,/Users/geziwang/Desktop/teenager_ppg/cleaned_video_outputs/emotion_clips/2121209023_20251130150551/happiness.mp4,ok,ok,904,30,904,1,904,900,0.00187346,98.4375
2121209023_20251130150551,fearness,/Users/geziwang/Desktop/teenager_ppg/cleaned_video_outputs/emotion_clips/2121209023_20251130150551/fearness.mp4,ok,ok,903,29.9983,903,1,903,900,0.00177366,63.2778
2121209023_20251130150551,tension,/Users/geziwang/Desktop/teenager_ppg/cleaned_video_outputs/emotion_clips/2121209023_20251130150551/tension.mp4,ok,ok,901,29.9983,901,1,901,900,0.00151709,56.2469
2121209024_20251130151311,calm,/Users/geziwang/Desktop/teenager_ppg/cleaned_video_outputs/emotion_clips/2121209024_20251130151311/calm.mp4,ok,ok,905,29.9983,905,1,905,900,0.00116953,77.3395
2121209024_20251130151311,sadness,/Users/geziwang/Desktop/teenager_ppg/cleaned_video_outputs/emotion_clips/2121209024_20251130151311/sadness.mp4,ok,ok,904,29.9983,904,1,904,900,0.00173471,63.2778
2121209024_20251130151311,happiness,/Users/geziwang/Desktop/teenager_ppg/cleaned_video_outputs/emotion_clips/2121209024_20251130151311/happiness.mp4,ok,ok,904,30,904,1,904,900,0.0020147,77.3438
2121209024_20251130151311,fearness,/Users/geziwang/Desktop/teenager_ppg/cleaned_video_outputs/emotion_clips/2121209024_20251130151311/fearness.mp4,ok,ok,904,29.9984,904,1,904,900,0.00180198,77.3395
2121209024_20251130151311,tension,/Users/geziwang/Desktop/teenager_ppg/cleaned_video_outputs/emotion_clips/2121209024_20251130151311/tension.mp4,ok,ok,901,29.9984,901,1,901,900,0.00187676,84.3704
2121209025_20251130152130,calm,/Users/geziwang/Desktop/teenager_ppg/cleaned_video_outputs/emotion_clips/2121209025_20251130152130/calm.mp4,ok,ok,882,29.9983,882,1,882,900,0.00125143,56.2468
2121209025_20251130152130,sadness,/Users/geziwang/Desktop/teenager_ppg/cleaned_video_outputs/emotion_clips/2121209025_20251130152130/sadness.mp4,ok,ok,904,29.9983,904,1,904,900,0.00274691,56.2469
2121209025_20251130152130,happiness,/Users/geziwang/Desktop/teenager_ppg/cleaned_video_outputs/emotion_clips/2121209025_20251130152130/happiness.mp4,ok,ok,903,30,903,1,903,900,0.00186638,70.3125
2121209025_20251130152130,fearness,/Users/geziwang/Desktop/teenager_ppg/cleaned_video_outputs/emotion_clips/2121209025_20251130152130/fearness.mp4,ok,ok,903,29.9983,903,1,903,900,0.00140441,70.3086
2121209025_20251130152130,tension,/Users/geziwang/Desktop/teenager_ppg/cleaned_video_outputs/emotion_clips/2121209025_20251130152130/tension.mp4,ok,ok,901,30,901,1,901,900,0.00123362,70.3125
2121209026_20251130153037,calm,/Users/geziwang/Desktop/teenager_ppg/cleaned_video_outputs/emotion_clips/2121209026_20251130153037/calm.mp4,ok,ok,914,29.9984,914,1,914,900,0.00148114,63.2778
2121209026_20251130153037,sadness,/Users/geziwang/Desktop/teenager_ppg/cleaned_video_outputs/emotion_clips/2121209026_20251130153037/sadness.mp4,ok,ok,904,29.9983,904,1,904,900,0.00161205,77.3395
2121209026_20251130153037,happiness,/Users/geziwang/Desktop/teenager_ppg/cleaned_video_outputs/emotion_clips/2121209026_20251130153037/happiness.mp4,ok,ok,904,30,904,1,904,900,0.00140928,91.4062
2121209026_20251130153037,fearness,/Users/geziwang/Desktop/teenager_ppg/cleaned_video_outputs/emotion_clips/2121209026_20251130153037/fearness.mp4,ok,ok,903,29.9983,903,1,903,900,0.00145676,91.4012
2121209026_20251130153037,tension,/Users/geziwang/Desktop/teenager_ppg/cleaned_video_outputs/emotion_clips/2121209026_20251130153037/tension.mp4,ok,ok,901,29.9983,901,1,901,900,0.00150268,63.2778
3120307027_20251120151707,calm,/Users/geziwang/Desktop/teenager_ppg/cleaned_video_outputs/emotion_clips/3120307027_20251120151707/calm.mp4,ok,ok,727,23.9997,727,1,727,900,0.000736683,56.2494
3120307027_20251120151707,sadness,/Users/geziwang/Desktop/teenager_ppg/cleaned_video_outputs/emotion_clips/3120307027_20251120151707/sadness.mp4,ok,ok,719,23.9997,719,1,719,900,0.00059557,78.7491
3120307027_20251120151707,happiness,/Users/geziwang/Desktop/teenager_ppg/cleaned_video_outputs/emotion_clips/3120307027_20251120151707/happiness.mp4,ok,ok,719,24,719,1,719,900,0.000731104,61.875
3120307027_20251120151707,fearness,/Users/geziwang/Desktop/teenager_ppg/cleaned_video_outputs/emotion_clips/3120307027_20251120151707/fearness.mp4,ok,ok,718,24,718,1,718,900,0.000827695,73.125
3120307027_20251120151707,tension,/Users/geziwang/Desktop/teenager_ppg/cleaned_video_outputs/emotion_clips/3120307027_20251120151707/tension.mp4,ok,ok,717,24,717,1,717,900,0.000686116,50.625
3120307028_20251120152507,calm,/Users/geziwang/Desktop/teenager_ppg/cleaned_video_outputs/emotion_clips/3120307028_20251120152507/calm.mp4,ok,ok,727,23.9997,727,1,727,900,0.000576075,44.9995
3120307028_20251120152507,sadness,/Users/geziwang/Desktop/teenager_ppg/cleaned_video_outputs/emotion_clips/3120307028_20251120152507/sadness.mp4,ok,ok,720,23.9997,720,1,720,900,0.000483949,61.8743
3120307028_20251120152507,happiness,/Users/geziwang/Desktop/teenager_ppg/cleaned_video_outputs/emotion_clips/3120307028_20251120152507/happiness.mp4,ok,ok,719,24,719,1,719,900,0.000568056,61.875
3120307028_20251120152507,fearness,/Users/geziwang/Desktop/teenager_ppg/cleaned_video_outputs/emotion_clips/3120307028_20251120152507/fearness.mp4,ok,ok,719,24,719,1,719,900,0.000484733,101.25
3120307028_20251120152507,tension,/Users/geziwang/Desktop/teenager_ppg/cleaned_video_outputs/emotion_clips/3120307028_20251120152507/tension.mp4,ok,ok,718,24,718,1,718,900,0.000506554,95.625
3120307029_20251120153309,calm,/Users/geziwang/Desktop/teenager_ppg/cleaned_video_outputs/emotion_clips/3120307029_20251120153309/calm.mp4,ok,ok,726,23.9997,726,1,726,900,0.000606104,123.749
3120307029_20251120153309,sadness,/Users/geziwang/Desktop/teenager_ppg/cleaned_video_outputs/emotion_clips/3120307029_20251120153309/sadness.mp4,ok,ok,719,23.9997,719,1,719,900,0.000461207,78.7491
3120307029_20251120153309,happiness,/Users/geziwang/Desktop/teenager_ppg/cleaned_video_outputs/emotion_clips/3120307029_20251120153309/happiness.mp4,ok,ok,719,24,719,1,719,900,0.0005522,95.625
3120307029_20251120153309,fearness,/Users/geziwang/Desktop/teenager_ppg/cleaned_video_outputs/emotion_clips/3120307029_20251120153309/fearness.mp4,ok,ok,719,24,719,1,719,900,0.000608465,106.875
3120307029_20251120153309,tension,/Users/geziwang/Desktop/teenager_ppg/cleaned_video_outputs/emotion_clips/3120307029_20251120153309/tension.mp4,ok,ok,717,24,717,1,717,900,0.000803904,50.625
3120307030_20251120154252,calm,/Users/geziwang/Desktop/teenager_ppg/cleaned_video_outputs/emotion_clips/3120307030_20251120154252/calm.mp4,ok,ok,727,23.9997,727,1,727,900,0.00055298,78.7491
3120307030_20251120154252,sadness,/Users/geziwang/Desktop/teenager_ppg/cleaned_video_outputs/emotion_clips/3120307030_20251120154252/sadness.mp4,ok,ok,720,23.9997,720,1,720,900,0.00060474,101.249
3120307030_20251120154252,happiness,/Users/geziwang/Desktop/teenager_ppg/cleaned_video_outputs/emotion_clips/3120307030_20251120154252/happiness.mp4,ok,ok,719,24,719,1,719,900,0.000552012,56.25
3120307030_20251120154252,fearness,/Users/geziwang/Desktop/teenager_ppg/cleaned_video_outputs/emotion_clips/3120307030_20251120154252/fearness.mp4,ok,ok,719,24,719,1,719,900,0.000521843,101.25
3120307030_20251120154252,tension,/Users/geziwang/Desktop/teenager_ppg/cleaned_video_outputs/emotion_clips/3120307030_20251120154252/tension.mp4,ok,ok,718,24,718,1,718,900,0.000650591,45
3120307031_20251120155340,calm,/Users/geziwang/Desktop/teenager_ppg/cleaned_video_outputs/emotion_clips/3120307031_20251120155340/calm.mp4,ok,ok,727,23.9997,727,1,727,900,0.000502724,78.7491
3120307031_20251120155340,sadness,/Users/geziwang/Desktop/teenager_ppg/cleaned_video_outputs/emotion_clips/3120307031_20251120155340/sadness.mp4,ok,ok,720,23.9997,720,1,720,900,0.000565528,78.7491
3120307031_20251120155340,happiness,/Users/geziwang/Desktop/teenager_ppg/cleaned_video_outputs/emotion_clips/3120307031_20251120155340/happiness.mp4,ok,ok,719,24,719,1,719,900,0.000679583,90
3120307031_20251120155340,fearness,/Users/geziwang/Desktop/teenager_ppg/cleaned_video_outputs/emotion_clips/3120307031_20251120155340/fearness.mp4,ok,ok,719,24,719,1,719,900,0.000456453,61.875
3120307031_20251120155340,tension,/Users/geziwang/Desktop/teenager_ppg/cleaned_video_outputs/emotion_clips/3120307031_20251120155340/tension.mp4,ok,ok,718,24,718,1,718,900,0.000507365,50.625
3120307032_20251120160245,calm,/Users/geziwang/Desktop/teenager_ppg/cleaned_video_outputs/emotion_clips/3120307032_20251120160245/calm.mp4,ok,ok,727,23.9997,727,1,727,900,0.000858151,61.8743
3120307032_20251120160245,sadness,/Users/geziwang/Desktop/teenager_ppg/cleaned_video_outputs/emotion_clips/3120307032_20251120160245/sadness.mp4,ok,ok,720,23.9997,720,1,720,900,0.000820985,56.2494
3120307032_20251120160245,happiness,/Users/geziwang/Desktop/teenager_ppg/cleaned_video_outputs/emotion_clips/3120307032_20251120160245/happiness.mp4,ok,ok,719,24,719,1,719,900,0.0012217,61.875
3120307032_20251120160245,fearness,/Users/geziwang/Desktop/teenager_ppg/cleaned_video_outputs/emotion_clips/3120307032_20251120160245/fearness.mp4,ok,ok,719,24,719,1,719,900,0.00102274,84.375
3120307032_20251120160245,tension,/Users/geziwang/Desktop/teenager_ppg/cleaned_video_outputs/emotion_clips/3120307032_20251120160245/tension.mp4,ok,ok,718,24,718,1,718,900,0.00212073,50.625
3120307033_20251120161052,calm,/Users/geziwang/Desktop/teenager_ppg/cleaned_video_outputs/emotion_clips/3120307033_20251120161052/calm.mp4,ok,ok,726,23.9997,726,1,726,900,0.000523425,61.8743
3120307033_20251120161052,sadness,/Users/geziwang/Desktop/teenager_ppg/cleaned_video_outputs/emotion_clips/3120307033_20251120161052/sadness.mp4,ok,ok,720,23.9997,720,1,720,900,0.000661341,61.8743
3120307033_20251120161052,happiness,/Users/geziwang/Desktop/teenager_ppg/cleaned_video_outputs/emotion_clips/3120307033_20251120161052/happiness.mp4,ok,ok,720,24,720,1,720,900,0.000755003,84.375
3120307033_20251120161052,fearness,/Users/geziwang/Desktop/teenager_ppg/cleaned_video_outputs/emotion_clips/3120307033_20251120161052/fearness.mp4,ok,ok,719,24,719,1,719,900,0.00131295,50.625
3120307033_20251120161052,tension,/Users/geziwang/Desktop/teenager_ppg/cleaned_video_outputs/emotion_clips/3120307033_20251120161052/tension.mp4,ok,ok,718,24,718,1,718,900,0.0012673,56.25
3120307034_20251120162017,calm,/Users/geziwang/Desktop/teenager_ppg/cleaned_video_outputs/emotion_clips/3120307034_20251120162017/calm.mp4,ok,ok,728,23.9997,728,1,728,900,0.000612525,78.7491
3120307034_20251120162017,sadness,/Users/geziwang/Desktop/teenager_ppg/cleaned_video_outputs/emotion_clips/3120307034_20251120162017/sadness.mp4,ok,ok,721,23.9997,721,1,721,900,0.000607214,95.6239
3120307034_20251120162017,happiness,/Users/geziwang/Desktop/teenager_ppg/cleaned_video_outputs/emotion_clips/3120307034_20251120162017/happiness.mp4,ok,ok,720,24,720,1,720,900,0.000544169,67.5
3120307034_20251120162017,fearness,/Users/geziwang/Desktop/teenager_ppg/cleaned_video_outputs/emotion_clips/3120307034_20251120162017/fearness.mp4,ok,ok,720,24,720,1,720,900,0.000473616,90
3120307034_20251120162017,tension,/Users/geziwang/Desktop/teenager_ppg/cleaned_video_outputs/emotion_clips/3120307034_20251120162017/tension.mp4,ok,ok,718,24,718,1,718,900,0.000511591,84.375
3120309019_20251120140825,calm,/Users/geziwang/Desktop/teenager_ppg/cleaned_video_outputs/emotion_clips/3120309019_20251120140825/calm.mp4,ok,ok,727,23.9997,727,1,727,900,0.000739671,61.8743
3120309019_20251120140825,sadness,/Users/geziwang/Desktop/teenager_ppg/cleaned_video_outputs/emotion_clips/3120309019_20251120140825/sadness.mp4,ok,ok,721,23.9997,721,1,721,900,0.000478045,50.6244
3120309019_20251120140825,happiness,/Users/geziwang/Desktop/teenager_ppg/cleaned_video_outputs/emotion_clips/3120309019_20251120140825/happiness.mp4,ok,ok,720,24,720,1,720,900,0.000719713,78.75
3120309019_20251120140825,fearness,/Users/geziwang/Desktop/teenager_ppg/cleaned_video_outputs/emotion_clips/3120309019_20251120140825/fearness.mp4,ok,ok,720,24,720,1,720,900,0.000637717,61.875
3120309019_20251120140825,tension,/Users/geziwang/Desktop/teenager_ppg/cleaned_video_outputs/emotion_clips/3120309019_20251120140825/tension.mp4,ok,ok,718,24,718,1,718,900,0.000813272,61.875
3120309020_20251120141736,calm,/Users/geziwang/Desktop/teenager_ppg/cleaned_video_outputs/emotion_clips/3120309020_20251120141736/calm.mp4,ok,ok,726,23.9997,726,1,726,900,0.000518047,73.1242
3120309020_20251120141736,sadness,/Users/geziwang/Desktop/teenager_ppg/cleaned_video_outputs/emotion_clips/3120309020_20251120141736/sadness.mp4,ok,ok,720,23.9997,720,1,720,900,0.000389523,95.6239
3120309020_20251120141736,happiness,/Users/geziwang/Desktop/teenager_ppg/cleaned_video_outputs/emotion_clips/3120309020_20251120141736/happiness.mp4,ok,ok,719,24,719,1,719,900,0.000431661,50.625
3120309020_20251120141736,fearness,/Users/geziwang/Desktop/teenager_ppg/cleaned_video_outputs/emotion_clips/3120309020_20251120141736/fearness.mp4,ok,ok,719,24,719,1,719,900,0.000637674,61.875
3120309020_20251120141736,tension,/Users/geziwang/Desktop/teenager_ppg/cleaned_video_outputs/emotion_clips/3120309020_20251120141736/tension.mp4,ok,ok,717,24,717,1,717,900,0.00066961,73.125
3120309021_20251120142626,calm,/Users/geziwang/Desktop/teenager_ppg/cleaned_video_outputs/emotion_clips/3120309021_20251120142626/calm.mp4,ok,ok,726,23.9997,726,1,726,900,0.000451341,50.6244
3120309021_20251120142626,sadness,/Users/geziwang/Desktop/teenager_ppg/cleaned_video_outputs/emotion_clips/3120309021_20251120142626/sadness.mp4,ok,ok,720,23.9997,720,1,720,900,0.000425566,89.999
3120309021_20251120142626,happiness,/Users/geziwang/Desktop/teenager_ppg/cleaned_video_outputs/emotion_clips/3120309021_20251120142626/happiness.mp4,ok,ok,720,24,720,1,720,900,0.000350248,101.25
3120309021_20251120142626,fearness,/Users/geziwang/Desktop/teenager_ppg/cleaned_video_outputs/emotion_clips/3120309021_20251120142626/fearness.mp4,ok,ok,719,24,719,1,719,900,0.000403186,73.125
3120309021_20251120142626,tension,/Users/geziwang/Desktop/teenager_ppg/cleaned_video_outputs/emotion_clips/3120309021_20251120142626/tension.mp4,ok,ok,718,24,718,1,718,900,0.000643061,50.625
3120309022_20251120143434,calm,/Users/geziwang/Desktop/teenager_ppg/cleaned_video_outputs/emotion_clips/3120309022_20251120143434/calm.mp4,ok,ok,725,23.9997,725,1,725,900,0.000710201,56.2494
3120309022_20251120143434,sadness,/Users/geziwang/Desktop/teenager_ppg/cleaned_video_outputs/emotion_clips/3120309022_20251120143434/sadness.mp4,ok,ok,720,23.9997,720,1,720,900,0.000519595,50.6244
3120309022_20251120143434,happiness,/Users/geziwang/Desktop/teenager_ppg/cleaned_video_outputs/emotion_clips/3120309022_20251120143434/happiness.mp4,ok,ok,719,24,719,1,719,900,0.00046446,50.625
3120309022_20251120143434,fearness,/Users/geziwang/Desktop/teenager_ppg/cleaned_video_outputs/emotion_clips/3120309022_20251120143434/fearness.mp4,ok,ok,719,24,719,1,719,900,0.000557765,50.625
3120309022_20251120143434,tension,/Users/geziwang/Desktop/teenager_ppg/cleaned_video_outputs/emotion_clips/3120309022_20251120143434/tension.mp4,ok,ok,718,24,718,1,718,900,0.000458313,67.5
3120309023_20251120144214,calm,/Users/geziwang/Desktop/teenager_ppg/cleaned_video_outputs/emotion_clips/3120309023_20251120144214/calm.mp4,ok,ok,725,23.9997,725,1,725,900,0.000544582,50.6244
3120309023_20251120144214,sadness,/Users/geziwang/Desktop/teenager_ppg/cleaned_video_outputs/emotion_clips/3120309023_20251120144214/sadness.mp4,ok,ok,720,23.9997,720,1,720,900,0.000491115,61.8743
3120309023_20251120144214,happiness,/Users/geziwang/Desktop/teenager_ppg/cleaned_video_outputs/emotion_clips/3120309023_20251120144214/happiness.mp4,ok,ok,719,24,719,1,719,900,0.000465783,61.875
3120309023_20251120144214,fearness,/Users/geziwang/Desktop/teenager_ppg/cleaned_video_outputs/emotion_clips/3120309023_20251120144214/fearness.mp4,ok,ok,719,24,719,1,719,900,0.000580399,90
3120309023_20251120144214,tension,/Users/geziwang/Desktop/teenager_ppg/cleaned_video_outputs/emotion_clips/3120309023_20251120144214/tension.mp4,ok,ok,718,24,718,1,718,900,0.00064076,84.375
3120309024_20251120145317,calm,/Users/geziwang/Desktop/teenager_ppg/cleaned_video_outputs/emotion_clips/3120309024_20251120145317/calm.mp4,ok,ok,728,23.9997,728,1,728,900,0.000446481,73.1242
3120309024_20251120145317,sadness,/Users/geziwang/Desktop/teenager_ppg/cleaned_video_outputs/emotion_clips/3120309024_20251120145317/sadness.mp4,ok,ok,720,23.9997,720,1,720,900,0.000481862,106.874
3120309024_20251120145317,happiness,/Users/geziwang/Desktop/teenager_ppg/cleaned_video_outputs/emotion_clips/3120309024_20251120145317/happiness.mp4,ok,ok,719,24,719,1,719,900,0.00049341,90
3120309024_20251120145317,fearness,/Users/geziwang/Desktop/teenager_ppg/cleaned_video_outputs/emotion_clips/3120309024_20251120145317/fearness.mp4,ok,ok,719,24,719,1,719,900,0.000659792,50.625
3120309024_20251120145317,tension,/Users/geziwang/Desktop/teenager_ppg/cleaned_video_outputs/emotion_clips/3120309024_20251120145317/tension.mp4,ok,ok,717,24,717,1,717,900,0.000638507,56.25
3120309025_20251120150149,calm,/Users/geziwang/Desktop/teenager_ppg/cleaned_video_outputs/emotion_clips/3120309025_20251120150149/calm.mp4,ok,ok,726,23.9997,726,1,726,900,0.00058904,56.2494
3120309025_20251120150149,sadness,/Users/geziwang/Desktop/teenager_ppg/cleaned_video_outputs/emotion_clips/3120309025_20251120150149/sadness.mp4,ok,ok,720,23.9997,720,1,720,900,0.000516379,61.8743
3120309025_20251120150149,happiness,/Users/geziwang/Desktop/teenager_ppg/cleaned_video_outputs/emotion_clips/3120309025_20251120150149/happiness.mp4,ok,ok,719,24,719,1,719,900,0.000668688,78.75
3120309025_20251120150149,fearness,/Users/geziwang/Desktop/teenager_ppg/cleaned_video_outputs/emotion_clips/3120309025_20251120150149/fearness.mp4,ok,ok,719,24,719,1,719,900,0.000482463,45
3120309025_20251120150149,tension,/Users/geziwang/Desktop/teenager_ppg/cleaned_video_outputs/emotion_clips/3120309025_20251120150149/tension.mp4,ok,ok,718,24,718,1,718,900,0.000490913,61.875
3120309026_20251120150930,calm,/Users/geziwang/Desktop/teenager_ppg/cleaned_video_outputs/emotion_clips/3120309026_20251120150930/calm.mp4,ok,ok,727,23.9997,727,1,727,900,0.000846915,67.4993
3120309026_20251120150930,sadness,/Users/geziwang/Desktop/teenager_ppg/cleaned_video_outputs/emotion_clips/3120309026_20251120150930/sadness.mp4,ok,ok,720,23.9997,720,1,720,900,0.000895086,78.7491
3120309026_20251120150930,happiness,/Users/geziwang/Desktop/teenager_ppg/cleaned_video_outputs/emotion_clips/3120309026_20251120150930/happiness.mp4,ok,ok,720,24,720,1,720,900,0.000751154,61.875
3120309026_20251120150930,fearness,/Users/geziwang/Desktop/teenager_ppg/cleaned_video_outputs/emotion_clips/3120309026_20251120150930/fearness.mp4,ok,ok,719,24,719,1,719,900,0.000824205,90
3120309026_20251120150930,tension,/Users/geziwang/Desktop/teenager_ppg/cleaned_video_outputs/emotion_clips/3120309026_20251120150930/tension.mp4,ok,ok,718,24,718,1,718,900,0.000872573,78.75
3120508014_20251120110721,calm,/Users/geziwang/Desktop/teenager_ppg/cleaned_video_outputs/emotion_clips/3120508014_20251120110721/calm.mp4,ok,ok,727,23.9997,727,1,727,900,0.000500733,101.249
3120508014_20251120110721,sadness,/Users/geziwang/Desktop/teenager_ppg/cleaned_video_outputs/emotion_clips/3120508014_20251120110721/sadness.mp4,ok,ok,719,23.9997,719,1,719,900,0.000630905,89.999
3120508014_20251120110721,happiness,/Users/geziwang/Desktop/teenager_ppg/cleaned_video_outputs/emotion_clips/3120508014_20251120110721/happiness.mp4,ok,ok,719,24,719,1,719,900,0.000471745,73.125
3120508014_20251120110721,fearness,/Users/geziwang/Desktop/teenager_ppg/cleaned_video_outputs/emotion_clips/3120508014_20251120110721/fearness.mp4,ok,ok,719,24,719,1,719,900,0.000637012,78.75
3120508014_20251120110721,tension,/Users/geziwang/Desktop/teenager_ppg/cleaned_video_outputs/emotion_clips/3120508014_20251120110721/tension.mp4,ok,ok,717,24,717,1,717,900,0.000615059,78.75
3120706001_20251120090040,calm,/Users/geziwang/Desktop/teenager_ppg/cleaned_video_outputs/emotion_clips/3120706001_20251120090040/calm.mp4,ok,ok,728,23.9997,728,1,728,900,0.000585756,78.7491
3120706001_20251120090040,sadness,/Users/geziwang/Desktop/teenager_ppg/cleaned_video_outputs/emotion_clips/3120706001_20251120090040/sadness.mp4,ok,ok,721,23.9997,721,1,721,900,0.000600422,61.8743
3120706001_20251120090040,happiness,/Users/geziwang/Desktop/teenager_ppg/cleaned_video_outputs/emotion_clips/3120706001_20251120090040/happiness.mp4,ok,ok,720,24,720,1,720,900,0.0005048,78.75
3120706001_20251120090040,fearness,/Users/geziwang/Desktop/teenager_ppg/cleaned_video_outputs/emotion_clips/3120706001_20251120090040/fearness.mp4,ok,ok,720,24,720,1,720,900,0.000444092,56.25
3120706001_20251120090040,tension,/Users/geziwang/Desktop/teenager_ppg/cleaned_video_outputs/emotion_clips/3120706001_20251120090040/tension.mp4,ok,ok,718,24,718,1,718,900,0.000524009,95.625
3120706002_20251120091308,calm,/Users/geziwang/Desktop/teenager_ppg/cleaned_video_outputs/emotion_clips/3120706002_20251120091308/calm.mp4,ok,ok,726,23.9997,726,1,726,900,0.0010423,73.1242
3120706002_20251120091308,sadness,/Users/geziwang/Desktop/teenager_ppg/cleaned_video_outputs/emotion_clips/3120706002_20251120091308/sadness.mp4,ok,ok,722,23.9997,722,1,722,900,0.00137753,61.8743
3120706002_20251120091308,happiness,/Users/geziwang/Desktop/teenager_ppg/cleaned_video_outputs/emotion_clips/3120706002_20251120091308/happiness.mp4,ok,ok,721,24,721,1,721,900,0.00129761,73.125
3120706002_20251120091308,fearness,/Users/geziwang/Desktop/teenager_ppg/cleaned_video_outputs/emotion_clips/3120706002_20251120091308/fearness.mp4,ok,ok,721,24,721,1,721,900,0.00129989,61.875
3120706002_20251120091308,tension,/Users/geziwang/Desktop/teenager_ppg/cleaned_video_outputs/emotion_clips/3120706002_20251120091308/tension.mp4,ok,ok,720,24,720,1,720,900,0.000986324,106.875
3120706003_20251120092115,calm,/Users/geziwang/Desktop/teenager_ppg/cleaned_video_outputs/emotion_clips/3120706003_20251120092115/calm.mp4,ok,ok,728,23.9997,728,1,728,900,0.000894438,61.8743
3120706003_20251120092115,sadness,/Users/geziwang/Desktop/teenager_ppg/cleaned_video_outputs/emotion_clips/3120706003_20251120092115/sadness.mp4,ok,ok,722,23.9997,722,1,722,900,0.000895014,61.8743
3120706003_20251120092115,happiness,/Users/geziwang/Desktop/teenager_ppg/cleaned_video_outputs/emotion_clips/3120706003_20251120092115/happiness.mp4,ok,ok,721,24,721,1,721,900,0.000624193,61.875
3120706003_20251120092115,fearness,/Users/geziwang/Desktop/teenager_ppg/cleaned_video_outputs/emotion_clips/3120706003_20251120092115/fearness.mp4,ok,ok,721,24,721,1,721,900,0.000718331,45
3120706003_20251120092115,tension,/Users/geziwang/Desktop/teenager_ppg/cleaned_video_outputs/emotion_clips/3120706003_20251120092115/tension.mp4,ok,ok,720,24,720,1,720,900,0.000652794,84.375
3120706004_20251120093320,calm,/Users/geziwang/Desktop/teenager_ppg/cleaned_video_outputs/emotion_clips/3120706004_20251120093320/calm.mp4,ok,ok,727,23.9997,727,1,727,900,0.00168397,56.2494
3120706004_20251120093320,sadness,/Users/geziwang/Desktop/teenager_ppg/cleaned_video_outputs/emotion_clips/3120706004_20251120093320/sadness.mp4,ok,ok,722,23.9997,722,1,722,900,0.00214995,56.2494
3120706004_20251120093320,happiness,/Users/geziwang/Desktop/teenager_ppg/cleaned_video_outputs/emotion_clips/3120706004_20251120093320/happiness.mp4,ok,ok,721,24,721,1,721,900,0.00165883,61.875
3120706004_20251120093320,fearness,/Users/geziwang/Desktop/teenager_ppg/cleaned_video_outputs/emotion_clips/3120706004_20251120093320/fearness.mp4,ok,ok,721,24,721,1,721,900,0.00144985,90
3120706004_20251120093320,tension,/Users/geziwang/Desktop/teenager_ppg/cleaned_video_outputs/emotion_clips/3120706004_20251120093320/tension.mp4,ok,ok,719,24,719,1,719,900,0.00200164,50.625
3120706005_20251120094321,calm,/Users/geziwang/Desktop/teenager_ppg/cleaned_video_outputs/emotion_clips/3120706005_20251120094321/calm.mp4,ok,ok,727,23.9997,727,1,727,900,0.00100451,73.1242
3120706005_20251120094321,sadness,/Users/geziwang/Desktop/teenager_ppg/cleaned_video_outputs/emotion_clips/3120706005_20251120094321/sadness.mp4,ok,ok,722,23.9997,722,1,722,900,0.00110651,61.8743
3120706005_20251120094321,happiness,/Users/geziwang/Desktop/teenager_ppg/cleaned_video_outputs/emotion_clips/3120706005_20251120094321/happiness.mp4,ok,ok,722,24,722,1,722,900,0.000598069,73.125
3120706005_20251120094321,fearness,/Users/geziwang/Desktop/teenager_ppg/cleaned_video_outputs/emotion_clips/3120706005_20251120094321/fearness.mp4,ok,ok,721,24,721,1,721,900,0.000648263,50.625
3120706005_20251120094321,tension,/Users/geziwang/Desktop/teenager_ppg/cleaned_video_outputs/emotion_clips/3120706005_20251120094321/tension.mp4,ok,ok,720,24,720,1,720,900,0.000685821,90
3120706006_20251120095151,calm,/Users/geziwang/Desktop/teenager_ppg/cleaned_video_outputs/emotion_clips/3120706006_20251120095151/calm.mp4,ok,ok,727,23.9997,727,1,727,900,0.000523285,89.999
3120706006_20251120095151,sadness,/Users/geziwang/Desktop/teenager_ppg/cleaned_video_outputs/emotion_clips/3120706006_20251120095151/sadness.mp4,ok,ok,722,23.9997,722,1,722,900,0.000668358,50.6244
3120706006_20251120095151,happiness,/Users/geziwang/Desktop/teenager_ppg/cleaned_video_outputs/emotion_clips/3120706006_20251120095151/happiness.mp4,ok,ok,722,24,722,1,722,900,0.000566188,90
3120706006_20251120095151,fearness,/Users/geziwang/Desktop/teenager_ppg/cleaned_video_outputs/emotion_clips/3120706006_20251120095151/fearness.mp4,ok,ok,721,24,721,1,721,900,0.000552072,78.75
3120706006_20251120095151,tension,/Users/geziwang/Desktop/teenager_ppg/cleaned_video_outputs/emotion_clips/3120706006_20251120095151/tension.mp4,ok,ok,720,24,720,1,720,900,0.000614686,101.25
3120706007_20251120095952,calm,/Users/geziwang/Desktop/teenager_ppg/cleaned_video_outputs/emotion_clips/3120706007_20251120095952/calm.mp4,ok,ok,725,23.9997,725,1,725,900,0.000519899,61.8743
3120706007_20251120095952,sadness,/Users/geziwang/Desktop/teenager_ppg/cleaned_video_outputs/emotion_clips/3120706007_20251120095952/sadness.mp4,ok,ok,722,23.9997,722,1,722,900,0.0004284,61.8743
3120706007_20251120095952,happiness,/Users/geziwang/Desktop/teenager_ppg/cleaned_video_outputs/emotion_clips/3120706007_20251120095952/happiness.mp4,ok,ok,721,24,721,1,721,900,0.000488301,67.5
3120706007_20251120095952,fearness,/Users/geziwang/Desktop/teenager_ppg/cleaned_video_outputs/emotion_clips/3120706007_20251120095952/fearness.mp4,ok,ok,721,24,721,1,721,900,0.000457037,73.125
3120706007_20251120095952,tension,/Users/geziwang/Desktop/teenager_ppg/cleaned_video_outputs/emotion_clips/3120706007_20251120095952/tension.mp4,ok,ok,719,24,719,1,719,900,0.000386322,61.875
3120707008_20251120100709,calm,/Users/geziwang/Desktop/teenager_ppg/cleaned_video_outputs/emotion_clips/3120707008_20251120100709/calm.mp4,ok,ok,727,23.9997,727,1,727,900,0.00101137,50.6244
3120707008_20251120100709,sadness,/Users/geziwang/Desktop/teenager_ppg/cleaned_video_outputs/emotion_clips/3120707008_20251120100709/sadness.mp4,ok,ok,722,23.9997,722,1,722,900,0.00116273,61.8743
3120707008_20251120100709,happiness,/Users/geziwang/Desktop/teenager_ppg/cleaned_video_outputs/emotion_clips/3120707008_20251120100709/happiness.mp4,ok,ok,721,24,721,1,721,900,0.000776832,95.625
3120707008_20251120100709,fearness,/Users/geziwang/Desktop/teenager_ppg/cleaned_video_outputs/emotion_clips/3120707008_20251120100709/fearness.mp4,ok,ok,721,24,721,1,721,900,0.000670036,50.625
3120707008_20251120100709,tension,/Users/geziwang/Desktop/teenager_ppg/cleaned_video_outputs/emotion_clips/3120707008_20251120100709/tension.mp4,ok,ok,720,24,720,1,720,900,0.000615126,56.25
3120707009_20251120101655,calm,/Users/geziwang/Desktop/teenager_ppg/cleaned_video_outputs/emotion_clips/3120707009_20251120101655/calm.mp4,ok,ok,727,23.9997,727,1,727,900,0.000877564,50.6244
3120707009_20251120101655,sadness,/Users/geziwang/Desktop/teenager_ppg/cleaned_video_outputs/emotion_clips/3120707009_20251120101655/sadness.mp4,ok,ok,722,23.9997,722,1,722,900,0.00262665,61.8743
3120707009_20251120101655,happiness,/Users/geziwang/Desktop/teenager_ppg/cleaned_video_outputs/emotion_clips/3120707009_20251120101655/happiness.mp4,ok,ok,721,24,721,1,721,900,0.000633042,78.75
3120707009_20251120101655,fearness,/Users/geziwang/Desktop/teenager_ppg/cleaned_video_outputs/emotion_clips/3120707009_20251120101655/fearness.mp4,ok,ok,721,24,721,1,721,900,0.000529361,61.875
3120707009_20251120101655,tension,/Users/geziwang/Desktop/teenager_ppg/cleaned_video_outputs/emotion_clips/3120707009_20251120101655/tension.mp4,ok,ok,720,24,720,1,720,900,0.000531165,50.625
3120707010_20251120102905,calm,/Users/geziwang/Desktop/teenager_ppg/cleaned_video_outputs/emotion_clips/3120707010_20251120102905/calm.mp4,ok,ok,727,23.9997,727,1,727,900,0.000597117,89.999
3120707010_20251120102905,sadness,/Users/geziwang/Desktop/teenager_ppg/cleaned_video_outputs/emotion_clips/3120707010_20251120102905/sadness.mp4,ok,ok,719,23.9997,719,1,719,900,0.000642282,61.8743
3120707010_20251120102905,happiness,/Users/geziwang/Desktop/teenager_ppg/cleaned_video_outputs/emotion_clips/3120707010_20251120102905/happiness.mp4,ok,ok,719,24,719,1,719,900,0.000624805,78.75
3120707010_20251120102905,fearness,/Users/geziwang/Desktop/teenager_ppg/cleaned_video_outputs/emotion_clips/3120707010_20251120102905/fearness.mp4,ok,ok,719,24,719,1,719,900,0.000643514,61.875
3120707010_20251120102905,tension,/Users/geziwang/Desktop/teenager_ppg/cleaned_video_outputs/emotion_clips/3120707010_20251120102905/tension.mp4,ok,ok,717,24,717,1,717,900,0.000734146,78.75
3120707011_20251120103608,calm,/Users/geziwang/Desktop/teenager_ppg/cleaned_video_outputs/emotion_clips/3120707011_20251120103608/calm.mp4,ok,ok,727,23.9997,727,1,727,900,0.00130654,56.2494
3120707011_20251120103608,sadness,/Users/geziwang/Desktop/teenager_ppg/cleaned_video_outputs/emotion_clips/3120707011_20251120103608/sadness.mp4,ok,ok,723,23.9997,723,1,723,900,0.00103701,56.2494
3120707011_20251120103608,happiness,/Users/geziwang/Desktop/teenager_ppg/cleaned_video_outputs/emotion_clips/3120707011_20251120103608/happiness.mp4,ok,ok,723,24,723,1,723,900,0.00120751,78.75
3120707011_20251120103608,fearness,/Users/geziwang/Desktop/teenager_ppg/cleaned_video_outputs/emotion_clips/3120707011_20251120103608/fearness.mp4,ok,ok,722,24,722,1,722,900,0.00151728,50.625
3120707011_20251120103608,tension,/Users/geziwang/Desktop/teenager_ppg/cleaned_video_outputs/emotion_clips/3120707011_20251120103608/tension.mp4,ok,ok,721,24,721,1,721,900,0.00126927,90
3120707012_20251120104506,calm,/Users/geziwang/Desktop/teenager_ppg/cleaned_video_outputs/emotion_clips/3120707012_20251120104506/calm.mp4,ok,ok,726,23.9997,726,1,726,900,0.000670962,89.999
3120707012_20251120104506,sadness,/Users/geziwang/Desktop/teenager_ppg/cleaned_video_outputs/emotion_clips/3120707012_20251120104506/sadness.mp4,ok,ok,723,23.9997,723,1,723,900,0.000600217,61.8743
3120707012_20251120104506,happiness,/Users/geziwang/Desktop/teenager_ppg/cleaned_video_outputs/emotion_clips/3120707012_20251120104506/happiness.mp4,ok,ok,723,24,723,1,723,900,0.000903697,61.875
3120707012_20251120104506,fearness,/Users/geziwang/Desktop/teenager_ppg/cleaned_video_outputs/emotion_clips/3120707012_20251120104506/fearness.mp4,ok,ok,722,24,722,1,722,900,0.000750819,95.625
3120707012_20251120104506,tension,/Users/geziwang/Desktop/teenager_ppg/cleaned_video_outputs/emotion_clips/3120707012_20251120104506/tension.mp4,ok,ok,721,24,721,1,721,900,0.000661145,50.625
3120707013_20251120105809,calm,/Users/geziwang/Desktop/teenager_ppg/cleaned_video_outputs/emotion_clips/3120707013_20251120105809/calm.mp4,ok,ok,725,23.9997,725,1,725,900,0.000537247,44.9995
3120707013_20251120105809,sadness,/Users/geziwang/Desktop/teenager_ppg/cleaned_video_outputs/emotion_clips/3120707013_20251120105809/sadness.mp4,ok,ok,719,23.9997,719,1,719,900,0.000802893,89.999
3120707013_20251120105809,happiness,/Users/geziwang/Desktop/teenager_ppg/cleaned_video_outputs/emotion_clips/3120707013_20251120105809/happiness.mp4,ok,ok,719,24,719,1,719,900,0.000798009,78.75
3120707013_20251120105809,fearness,/Users/geziwang/Desktop/teenager_ppg/cleaned_video_outputs/emotion_clips/3120707013_20251120105809/fearness.mp4,ok,ok,718,24,718,1,718,900,0.000693553,56.25
3120707013_20251120105809,tension,/Users/geziwang/Desktop/teenager_ppg/cleaned_video_outputs/emotion_clips/3120707013_20251120105809/tension.mp4,ok,ok,717,24,717,1,717,900,0.000578213,45
3120708015_20251120111553,calm,/Users/geziwang/Desktop/teenager_ppg/cleaned_video_outputs/emotion_clips/3120708015_20251120111553/calm.mp4,ok,ok,726,23.9997,726,1,726,900,0.000527922,61.8743
3120708015_20251120111553,sadness,/Users/geziwang/Desktop/teenager_ppg/cleaned_video_outputs/emotion_clips/3120708015_20251120111553/sadness.mp4,ok,ok,720,23.9997,720,1,720,900,0.000487908,84.3741
3120708015_20251120111553,happiness,/Users/geziwang/Desktop/teenager_ppg/cleaned_video_outputs/emotion_clips/3120708015_20251120111553/happiness.mp4,ok,ok,719,24,719,1,719,900,0.00063187,56.25
3120708015_20251120111553,fearness,/Users/geziwang/Desktop/teenager_ppg/cleaned_video_outputs/emotion_clips/3120708015_20251120111553/fearness.mp4,ok,ok,719,24,719,1,719,900,0.000586501,78.75
3120708015_20251120111553,tension,/Users/geziwang/Desktop/teenager_ppg/cleaned_video_outputs/emotion_clips/3120708015_20251120111553/tension.mp4,ok,ok,717,24,717,1,717,900,0.00055169,67.5
3120708016_20251120112506,calm,/Users/geziwang/Desktop/teenager_ppg/cleaned_video_outputs/emotion_clips/3120708016_20251120112506/calm.mp4,ok,ok,727,23.9997,727,1,727,900,0.000726815,50.6244
3120708016_20251120112506,sadness,/Users/geziwang/Desktop/teenager_ppg/cleaned_video_outputs/emotion_clips/3120708016_20251120112506/sadness.mp4,ok,ok,720,23.9997,720,1,720,900,0.000596167,50.6244
3120708016_20251120112506,happiness,/Users/geziwang/Desktop/teenager_ppg/cleaned_video_outputs/emotion_clips/3120708016_20251120112506/happiness.mp4,ok,ok,720,24,720,1,720,900,0.000957904,67.5
3120708016_20251120112506,fearness,/Users/geziwang/Desktop/teenager_ppg/cleaned_video_outputs/emotion_clips/3120708016_20251120112506/fearness.mp4,ok,ok,719,24,719,1,719,900,0.000780927,90
3120708016_20251120112506,tension,/Users/geziwang/Desktop/teenager_ppg/cleaned_video_outputs/emotion_clips/3120708016_20251120112506/tension.mp4,ok,ok,718,24,718,1,718,900,0.000883088,106.875
3120708017_20251120113528,calm,/Users/geziwang/Desktop/teenager_ppg/cleaned_video_outputs/emotion_clips/3120708017_20251120113528/calm.mp4,ok,ok,728,23.9997,728,1,728,900,0.000698569,44.9995
3120708017_20251120113528,sadness,/Users/geziwang/Desktop/teenager_ppg/cleaned_video_outputs/emotion_clips/3120708017_20251120113528/sadness.mp4,ok,ok,720,23.9997,720,1,720,900,0.000636803,84.3741
3120708017_20251120113528,happiness,/Users/geziwang/Desktop/teenager_ppg/cleaned_video_outputs/emotion_clips/3120708017_20251120113528/happiness.mp4,ok,ok,719,24,719,1,719,900,0.000555167,90
3120708017_20251120113528,fearness,/Users/geziwang/Desktop/teenager_ppg/cleaned_video_outputs/emotion_clips/3120708017_20251120113528/fearness.mp4,ok,ok,719,24,719,1,719,900,0.000655445,56.25
3120708017_20251120113528,tension,/Users/geziwang/Desktop/teenager_ppg/cleaned_video_outputs/emotion_clips/3120708017_20251120113528/tension.mp4,ok,ok,717,24,717,1,717,900,0.000447772,50.625
3120708018_20251120114342,calm,/Users/geziwang/Desktop/teenager_ppg/cleaned_video_outputs/emotion_clips/3120708018_20251120114342/calm.mp4,ok,ok,727,23.9997,727,1,727,900,0.000965009,101.249
3120708018_20251120114342,sadness,/Users/geziwang/Desktop/teenager_ppg/cleaned_video_outputs/emotion_clips/3120708018_20251120114342/sadness.mp4,ok,ok,720,23.9997,720,1,720,900,0.000739092,56.2494
3120708018_20251120114342,happiness,/Users/geziwang/Desktop/teenager_ppg/cleaned_video_outputs/emotion_clips/3120708018_20251120114342/happiness.mp4,ok,ok,720,24,720,1,720,900,0.000674226,61.875
3120708018_20251120114342,fearness,/Users/geziwang/Desktop/teenager_ppg/cleaned_video_outputs/emotion_clips/3120708018_20251120114342/fearness.mp4,ok,ok,720,24,720,1,720,900,0.000602706,56.25
3120708018_20251120114342,tension,/Users/geziwang/Desktop/teenager_ppg/cleaned_video_outputs/emotion_clips/3120708018_20251120114342/tension.mp4,ok,ok,718,24,718,1,718,900,0.000703588,61.875
3120708035_20251120162644,calm,/Users/geziwang/Desktop/teenager_ppg/cleaned_video_outputs/emotion_clips/3120708035_20251120162644/calm.mp4,ok,ok,728,23.9997,728,1,728,900,0.000833744,84.3741
3120708035_20251120162644,sadness,/Users/geziwang/Desktop/teenager_ppg/cleaned_video_outputs/emotion_clips/3120708035_20251120162644/sadness.mp4,ok,ok,720,23.9997,720,1,720,900,0.000789802,44.9995
3120708035_20251120162644,happiness,/Users/geziwang/Desktop/teenager_ppg/cleaned_video_outputs/emotion_clips/3120708035_20251120162644/happiness.mp4,ok,ok,719,24,719,1,719,900,0.000590795,73.125
3120708035_20251120162644,fearness,/Users/geziwang/Desktop/teenager_ppg/cleaned_video_outputs/emotion_clips/3120708035_20251120162644/fearness.mp4,ok,ok,719,24,719,1,719,900,0.000466416,50.625
3120708035_20251120162644,tension,/Users/geziwang/Desktop/teenager_ppg/cleaned_video_outputs/emotion_clips/3120708035_20251120162644/tension.mp4,ok,ok,718,24,718,1,718,900,0.000755383,61.875
3120708036_20251120163439,calm,/Users/geziwang/Desktop/teenager_ppg/cleaned_video_outputs/emotion_clips/3120708036_20251120163439/calm.mp4,ok,ok,726,23.9997,726,1,726,900,0.000738308,56.2494
3120708036_20251120163439,sadness,/Users/geziwang/Desktop/teenager_ppg/cleaned_video_outputs/emotion_clips/3120708036_20251120163439/sadness.mp4,ok,ok,720,23.9997,720,1,720,900,0.000869659,61.8743
3120708036_20251120163439,happiness,/Users/geziwang/Desktop/teenager_ppg/cleaned_video_outputs/emotion_clips/3120708036_20251120163439/happiness.mp4,ok,ok,719,24,719,1,719,900,0.000825508,61.875
3120708036_20251120163439,fearness,/Users/geziwang/Desktop/teenager_ppg/cleaned_video_outputs/emotion_clips/3120708036_20251120163439/fearness.mp4,ok,ok,719,24,719,1,719,900,0.000801553,61.875
3120708036_20251120163439,tension,/Users/geziwang/Desktop/teenager_ppg/cleaned_video_outputs/emotion_clips/3120708036_20251120163439/tension.mp4,ok,ok,717,24,717,1,717,900,0.000992384,61.875
3120708037_20251120164151,calm,/Users/geziwang/Desktop/teenager_ppg/cleaned_video_outputs/emotion_clips/3120708037_20251120164151/calm.mp4,ok,ok,726,23.9997,726,1,726,900,0.000552165,73.1242
3120708037_20251120164151,sadness,/Users/geziwang/Desktop/teenager_ppg/cleaned_video_outputs/emotion_clips/3120708037_20251120164151/sadness.mp4,ok,ok,720,23.9997,720,1,720,900,0.000673956,61.8743
3120708037_20251120164151,happiness,/Users/geziwang/Desktop/teenager_ppg/cleaned_video_outputs/emotion_clips/3120708037_20251120164151/happiness.mp4,ok,ok,719,24,719,1,719,900,0.000564255,78.75
3120708037_20251120164151,fearness,/Users/geziwang/Desktop/teenager_ppg/cleaned_video_outputs/emotion_clips/3120708037_20251120164151/fearness.mp4,ok,ok,719,24,719,1,719,900,0.000521842,106.875
3120708037_20251120164151,tension,/Users/geziwang/Desktop/teenager_ppg/cleaned_video_outputs/emotion_clips/3120708037_20251120164151/tension.mp4,ok,ok,718,24,718,1,718,900,0.000768782,45
3120905006_20251128110745,calm,/Users/geziwang/Desktop/teenager_ppg/cleaned_video_outputs/emotion_clips/3120905006_20251128110745/calm.mp4,ok,ok,728,23.9997,728,1,728,900,0.000685519,61.8743
3120905006_20251128110745,sadness,/Users/geziwang/Desktop/teenager_ppg/cleaned_video_outputs/emotion_clips/3120905006_20251128110745/sadness.mp4,ok,ok,721,23.9997,721,1,721,900,0.000885715,44.9995
3120905006_20251128110745,happiness,/Users/geziwang/Desktop/teenager_ppg/cleaned_video_outputs/emotion_clips/3120905006_20251128110745/happiness.mp4,ok,ok,720,24,720,1,720,900,0.000853771,56.25
3120905006_20251128110745,fearness,/Users/geziwang/Desktop/teenager_ppg/cleaned_video_outputs/emotion_clips/3120905006_20251128110745/fearness.mp4,ok,ok,720,24,720,1,720,900,0.000848617,78.75
3120905006_20251128110745,tension,/Users/geziwang/Desktop/teenager_ppg/cleaned_video_outputs/emotion_clips/3120905006_20251128110745/tension.mp4,ok,ok,718,24,718,1,718,900,0.000665026,78.75
3120905007_20251128111337,calm,/Users/geziwang/Desktop/teenager_ppg/cleaned_video_outputs/emotion_clips/3120905007_20251128111337/calm.mp4,ok,ok,727,23.9997,727,1,727,900,0.000722583,84.3741
3120905007_20251128111337,sadness,/Users/geziwang/Desktop/teenager_ppg/cleaned_video_outputs/emotion_clips/3120905007_20251128111337/sadness.mp4,ok,ok,719,23.9997,719,1,719,900,0.000666696,44.9995
3120905007_20251128111337,happiness,/Users/geziwang/Desktop/teenager_ppg/cleaned_video_outputs/emotion_clips/3120905007_20251128111337/happiness.mp4,ok,ok,719,24,719,1,719,900,0.0005977,67.5
3120905007_20251128111337,fearness,/Users/geziwang/Desktop/teenager_ppg/cleaned_video_outputs/emotion_clips/3120905007_20251128111337/fearness.mp4,ok,ok,719,24,719,1,719,900,0.000585273,56.25
3120905007_20251128111337,tension,/Users/geziwang/Desktop/teenager_ppg/cleaned_video_outputs/emotion_clips/3120905007_20251128111337/tension.mp4,ok,ok,717,24,717,1,717,900,0.000810257,73.125
3120905008_20251128111953,calm,/Users/geziwang/Desktop/teenager_ppg/cleaned_video_outputs/emotion_clips/3120905008_20251128111953/calm.mp4,ok,ok,727,23.9997,727,1,727,900,0.000562395,84.3741
3120905008_20251128111953,sadness,/Users/geziwang/Desktop/teenager_ppg/cleaned_video_outputs/emotion_clips/3120905008_20251128111953/sadness.mp4,ok,ok,721,23.9997,721,1,721,900,0.000380606,78.7491
3120905008_20251128111953,happiness,/Users/geziwang/Desktop/teenager_ppg/cleaned_video_outputs/emotion_clips/3120905008_20251128111953/happiness.mp4,ok,ok,720,24,720,1,720,900,0.000543127,56.25
3120905008_20251128111953,fearness,/Users/geziwang/Desktop/teenager_ppg/cleaned_video_outputs/emotion_clips/3120905008_20251128111953/fearness.mp4,ok,ok,720,24,720,1,720,900,0.000641977,73.125
3120905008_20251128111953,tension,/Users/geziwang/Desktop/teenager_ppg/cleaned_video_outputs/emotion_clips/3120905008_20251128111953/tension.mp4,ok,ok,718,24,718,1,718,900,0.000429721,78.75
3120905009_20251128112624,calm,/Users/geziwang/Desktop/teenager_ppg/cleaned_video_outputs/emotion_clips/3120905009_20251128112624/calm.mp4,ok,ok,724,23.9997,724,1,724,900,0.000764946,84.3741
3120905009_20251128112624,sadness,/Users/geziwang/Desktop/teenager_ppg/cleaned_video_outputs/emotion_clips/3120905009_20251128112624/sadness.mp4,ok,ok,720,23.9997,720,1,720,900,0.000832442,73.1242
3120905009_20251128112624,happiness,/Users/geziwang/Desktop/teenager_ppg/cleaned_video_outputs/emotion_clips/3120905009_20251128112624/happiness.mp4,ok,ok,720,24,720,1,720,900,0.00111923,78.75
3120905009_20251128112624,fearness,/Users/geziwang/Desktop/teenager_ppg/cleaned_video_outputs/emotion_clips/3120905009_20251128112624/fearness.mp4,ok,ok,720,24,720,1,720,900,0.000839666,78.75
3120905009_20251128112624,tension,/Users/geziwang/Desktop/teenager_ppg/cleaned_video_outputs/emotion_clips/3120905009_20251128112624/tension.mp4,ok,ok,718,24,718,1,718,900,0.000563055,61.875
3120905010_20251128113221,calm,/Users/geziwang/Desktop/teenager_ppg/cleaned_video_outputs/emotion_clips/3120905010_20251128113221/calm.mp4,ok,ok,727,23.9997,727,1,727,900,0.000610777,67.4993
3120905010_20251128113221,sadness,/Users/geziwang/Desktop/teenager_ppg/cleaned_video_outputs/emotion_clips/3120905010_20251128113221/sadness.mp4,ok,ok,720,23.9997,720,1,720,900,0.000886375,73.1242
3120905010_20251128113221,happiness,/Users/geziwang/Desktop/teenager_ppg/cleaned_video_outputs/emotion_clips/3120905010_20251128113221/happiness.mp4,ok,ok,719,24,719,1,719,900,0.000583753,95.625
3120905010_20251128113221,fearness,/Users/geziwang/Desktop/teenager_ppg/cleaned_video_outputs/emotion_clips/3120905010_20251128113221/fearness.mp4,ok,ok,719,24,719,1,719,900,0.000831005,50.625
3120905010_20251128113221,tension,/Users/geziwang/Desktop/teenager_ppg/cleaned_video_outputs/emotion_clips/3120905010_20251128113221/tension.mp4,ok,ok,718,24,718,1,718,900,0.000785763,84.375
3120905011_20251128113946,calm,/Users/geziwang/Desktop/teenager_ppg/cleaned_video_outputs/emotion_clips/3120905011_20251128113946/calm.mp4,ok,ok,727,23.9997,727,1,727,900,0.0010337,73.1242
3120905011_20251128113946,sadness,/Users/geziwang/Desktop/teenager_ppg/cleaned_video_outputs/emotion_clips/3120905011_20251128113946/sadness.mp4,ok,ok,720,23.9997,720,1,720,900,0.000684645,89.999
3120905011_20251128113946,happiness,/Users/geziwang/Desktop/teenager_ppg/cleaned_video_outputs/emotion_clips/3120905011_20251128113946/happiness.mp4,ok,ok,720,24,720,1,720,900,0.000996671,78.75
3120905011_20251128113946,fearness,/Users/geziwang/Desktop/teenager_ppg/cleaned_video_outputs/emotion_clips/3120905011_20251128113946/fearness.mp4,ok,ok,719,24,719,1,719,900,0.000879471,84.375
3120905011_20251128113946,tension,/Users/geziwang/Desktop/teenager_ppg/cleaned_video_outputs/emotion_clips/3120905011_20251128113946/tension.mp4,ok,ok,718,24,718,1,718,900,0.00072437,67.5
3120907001_20251128094506,calm,/Users/geziwang/Desktop/teenager_ppg/cleaned_video_outputs/emotion_clips/3120907001_20251128094506/calm.mp4,ok,ok,728,23.9997,728,1,728,900,0.00110468,101.249
3120907001_20251128094506,sadness,/Users/geziwang/Desktop/teenager_ppg/cleaned_video_outputs/emotion_clips/3120907001_20251128094506/sadness.mp4,ok,ok,720,23.9997,720,1,720,900,0.00108339,61.8743
3120907001_20251128094506,happiness,/Users/geziwang/Desktop/teenager_ppg/cleaned_video_outputs/emotion_clips/3120907001_20251128094506/happiness.mp4,ok,ok,720,24,720,1,720,900,0.000942997,61.875
3120907001_20251128094506,fearness,/Users/geziwang/Desktop/teenager_ppg/cleaned_video_outputs/emotion_clips/3120907001_20251128094506/fearness.mp4,ok,ok,720,24,720,1,720,900,0.00125295,56.25
3120907001_20251128094506,tension,/Users/geziwang/Desktop/teenager_ppg/cleaned_video_outputs/emotion_clips/3120907001_20251128094506/tension.mp4,ok,ok,718,24,718,1,718,900,0.00121006,45
3120907002_20251128095409,calm,/Users/geziwang/Desktop/teenager_ppg/cleaned_video_outputs/emotion_clips/3120907002_20251128095409/calm.mp4,ok,ok,728,23.9997,728,1,728,900,0.000799193,84.3741
3120907002_20251128095409,sadness,/Users/geziwang/Desktop/teenager_ppg/cleaned_video_outputs/emotion_clips/3120907002_20251128095409/sadness.mp4,ok,ok,720,23.9997,720,1,720,900,0.000652157,44.9995
3120907002_20251128095409,happiness,/Users/geziwang/Desktop/teenager_ppg/cleaned_video_outputs/emotion_clips/3120907002_20251128095409/happiness.mp4,ok,ok,720,24,720,1,720,900,0.0018721,78.75
3120907002_20251128095409,fearness,/Users/geziwang/Desktop/teenager_ppg/cleaned_video_outputs/emotion_clips/3120907002_20251128095409/fearness.mp4,ok,ok,720,24,720,1,720,900,0.000828599,56.25
3120907002_20251128095409,tension,/Users/geziwang/Desktop/teenager_ppg/cleaned_video_outputs/emotion_clips/3120907002_20251128095409/tension.mp4,ok,ok,718,24,718,1,718,900,0.000921428,56.25
3120907003_20251128100038,calm,/Users/geziwang/Desktop/teenager_ppg/cleaned_video_outputs/emotion_clips/3120907003_20251128100038/calm.mp4,ok,ok,727,23.9997,727,1,727,900,0.00110944,56.2494
3120907003_20251128100038,sadness,/Users/geziwang/Desktop/teenager_ppg/cleaned_video_outputs/emotion_clips/3120907003_20251128100038/sadness.mp4,ok,ok,720,23.9997,720,1,720,900,0.000772083,44.9995
3120907003_20251128100038,happiness,/Users/geziwang/Desktop/teenager_ppg/cleaned_video_outputs/emotion_clips/3120907003_20251128100038/happiness.mp4,ok,ok,720,24,720,1,720,900,0.000777218,56.25
3120907003_20251128100038,fearness,/Users/geziwang/Desktop/teenager_ppg/cleaned_video_outputs/emotion_clips/3120907003_20251128100038/fearness.mp4,ok,ok,720,24,720,1,720,900,0.000793752,73.125
3120907003_20251128100038,tension,/Users/geziwang/Desktop/teenager_ppg/cleaned_video_outputs/emotion_clips/3120907003_20251128100038/tension.mp4,ok,ok,718,24,718,1,718,900,0.00076934,56.25
3120907004_20251128100828,calm,/Users/geziwang/Desktop/teenager_ppg/cleaned_video_outputs/emotion_clips/3120907004_20251128100828/calm.mp4,ok,ok,727,23.9997,727,1,727,900,0.000897,44.9995
3120907004_20251128100828,sadness,/Users/geziwang/Desktop/teenager_ppg/cleaned_video_outputs/emotion_clips/3120907004_20251128100828/sadness.mp4,ok,ok,720,23.9997,720,1,720,900,0.000850378,73.1242
3120907004_20251128100828,happiness,/Users/geziwang/Desktop/teenager_ppg/cleaned_video_outputs/emotion_clips/3120907004_20251128100828/happiness.mp4,ok,ok,719,24,719,1,719,900,0.000936515,90
3120907004_20251128100828,fearness,/Users/geziwang/Desktop/teenager_ppg/cleaned_video_outputs/emotion_clips/3120907004_20251128100828/fearness.mp4,ok,ok,719,24,719,1,719,900,0.000600617,84.375
3120907004_20251128100828,tension,/Users/geziwang/Desktop/teenager_ppg/cleaned_video_outputs/emotion_clips/3120907004_20251128100828/tension.mp4,ok,ok,717,24,717,1,717,900,0.00112153,90
3120907005_20251128101604,calm,/Users/geziwang/Desktop/teenager_ppg/cleaned_video_outputs/emotion_clips/3120907005_20251128101604/calm.mp4,ok,ok,727,23.9997,727,1,727,900,0.000838037,50.6244
3120907005_20251128101604,sadness,/Users/geziwang/Desktop/teenager_ppg/cleaned_video_outputs/emotion_clips/3120907005_20251128101604/sadness.mp4,ok,ok,720,23.9997,720,1,720,900,0.000849647,50.6244
3120907005_20251128101604,happiness,/Users/geziwang/Desktop/teenager_ppg/cleaned_video_outputs/emotion_clips/3120907005_20251128101604/happiness.mp4,ok,ok,720,24,720,1,720,900,0.00145441,90
3120907005_20251128101604,fearness,/Users/geziwang/Desktop/teenager_ppg/cleaned_video_outputs/emotion_clips/3120907005_20251128101604/fearness.mp4,ok,ok,719,24,719,1,719,900,0.000755382,56.25
3120907005_20251128101604,tension,/Users/geziwang/Desktop/teenager_ppg/cleaned_video_outputs/emotion_clips/3120907005_20251128101604/tension.mp4,ok,ok,718,24,718,1,718,900,0.00106607,90
3121005038_20251121090206,calm,/Users/geziwang/Desktop/teenager_ppg/cleaned_video_outputs/emotion_clips/3121005038_20251121090206/calm.mp4,ok,ok,727,23.9997,727,1,727,900,0.000652335,56.2494
3121005038_20251121090206,sadness,/Users/geziwang/Desktop/teenager_ppg/cleaned_video_outputs/emotion_clips/3121005038_20251121090206/sadness.mp4,ok,ok,721,23.9997,721,1,721,900,0.000607969,61.8743
3121005038_20251121090206,happiness,/Users/geziwang/Desktop/teenager_ppg/cleaned_video_outputs/emotion_clips/3121005038_20251121090206/happiness.mp4,ok,ok,721,24,721,1,721,900,0.00178182,56.25
3121005038_20251121090206,fearness,/Users/geziwang/Desktop/teenager_ppg/cleaned_video_outputs/emotion_clips/3121005038_20251121090206/fearness.mp4,ok,ok,720,24,720,1,720,900,0.00097513,61.875
3121005038_20251121090206,tension,/Users/geziwang/Desktop/teenager_ppg/cleaned_video_outputs/emotion_clips/3121005038_20251121090206/tension.mp4,ok,ok,719,24,719,1,719,900,0.000693753,84.375
3121005039_20251121091341,calm,/Users/geziwang/Desktop/teenager_ppg/cleaned_video_outputs/emotion_clips/3121005039_20251121091341/calm.mp4,ok,ok,726,23.9997,726,1,726,900,0.00156616,61.8743
3121005039_20251121091341,sadness,/Users/geziwang/Desktop/teenager_ppg/cleaned_video_outputs/emotion_clips/3121005039_20251121091341/sadness.mp4,ok,ok,720,23.9997,720,1,720,900,0.00123057,78.7491
3121005039_20251121091341,happiness,/Users/geziwang/Desktop/teenager_ppg/cleaned_video_outputs/emotion_clips/3121005039_20251121091341/happiness.mp4,ok,ok,719,24,719,1,719,900,0.00159246,50.625
3121005039_20251121091341,fearness,/Users/geziwang/Desktop/teenager_ppg/cleaned_video_outputs/emotion_clips/3121005039_20251121091341/fearness.mp4,ok,ok,719,24,719,1,719,900,0.000872349,61.875
3121005039_20251121091341,tension,/Users/geziwang/Desktop/teenager_ppg/cleaned_video_outputs/emotion_clips/3121005039_20251121091341/tension.mp4,ok,ok,717,24,717,1,717,900,0.0015642,56.25
3121005040_20251121094444,calm,/Users/geziwang/Desktop/teenager_ppg/cleaned_video_outputs/emotion_clips/3121005040_20251121094444/calm.mp4,ok,ok,727,23.9997,727,1,727,900,0.000729335,84.3741
3121005040_20251121094444,sadness,/Users/geziwang/Desktop/teenager_ppg/cleaned_video_outputs/emotion_clips/3121005040_20251121094444/sadness.mp4,ok,ok,720,23.9997,720,1,720,900,0.000743822,50.6244
3121005040_20251121094444,happiness,/Users/geziwang/Desktop/teenager_ppg/cleaned_video_outputs/emotion_clips/3121005040_20251121094444/happiness.mp4,ok,ok,719,24,719,1,719,900,0.000771947,56.25
3121005040_20251121094444,fearness,/Users/geziwang/Desktop/teenager_ppg/cleaned_video_outputs/emotion_clips/3121005040_20251121094444/fearness.mp4,ok,ok,719,24,719,1,719,900,0.00121749,61.875
3121005040_20251121094444,tension,/Users/geziwang/Desktop/teenager_ppg/cleaned_video_outputs/emotion_clips/3121005040_20251121094444/tension.mp4,ok,ok,717,24,717,1,717,900,0.00296438,73.125
3121005041_20251121095153,calm,/Users/geziwang/Desktop/teenager_ppg/cleaned_video_outputs/emotion_clips/3121005041_20251121095153/calm.mp4,ok,ok,727,23.9997,727,1,727,900,0.000938375,61.8743
3121005041_20251121095153,sadness,/Users/geziwang/Desktop/teenager_ppg/cleaned_video_outputs/emotion_clips/3121005041_20251121095153/sadness.mp4,ok,ok,720,23.9997,720,1,720,900,0.000690797,67.4993
3121005041_20251121095153,happiness,/Users/geziwang/Desktop/teenager_ppg/cleaned_video_outputs/emotion_clips/3121005041_20251121095153/happiness.mp4,ok,ok,720,24,720,1,720,900,0.000747875,56.25
3121005041_20251121095153,fearness,/Users/geziwang/Desktop/teenager_ppg/cleaned_video_outputs/emotion_clips/3121005041_20251121095153/fearness.mp4,ok,ok,719,24,719,1,719,900,0.000812117,61.875
3121005041_20251121095153,tension,/Users/geziwang/Desktop/teenager_ppg/cleaned_video_outputs/emotion_clips/3121005041_20251121095153/tension.mp4,ok,ok,718,24,718,1,718,900,0.00100056,50.625
3121005042_20251121095930,calm,/Users/geziwang/Desktop/teenager_ppg/cleaned_video_outputs/emotion_clips/3121005042_20251121095930/calm.mp4,ok,ok,728,23.9997,728,1,728,900,0.000693638,61.8743
3121005042_20251121095930,sadness,/Users/geziwang/Desktop/teenager_ppg/cleaned_video_outputs/emotion_clips/3121005042_20251121095930/sadness.mp4,ok,ok,720,23.9997,720,1,720,900,0.000835055,61.8743
3121005042_20251121095930,happiness,/Users/geziwang/Desktop/teenager_ppg/cleaned_video_outputs/emotion_clips/3121005042_20251121095930/happiness.mp4,ok,ok,719,24,719,1,719,900,0.000799611,67.5
3121005042_20251121095930,fearness,/Users/geziwang/Desktop/teenager_ppg/cleaned_video_outputs/emotion_clips/3121005042_20251121095930/fearness.mp4,ok,ok,719,24,719,1,719,900,0.00148035,50.625
3121005042_20251121095930,tension,/Users/geziwang/Desktop/teenager_ppg/cleaned_video_outputs/emotion_clips/3121005042_20251121095930/tension.mp4,ok,ok,718,24,718,1,718,900,0.0010073,67.5
3121005043_20251121101126,calm,/Users/geziwang/Desktop/teenager_ppg/cleaned_video_outputs/emotion_clips/3121005043_20251121101126/calm.mp4,ok,ok,726,23.9997,726,1,726,900,0.000737175,56.2494
3121005043_20251121101126,sadness,/Users/geziwang/Desktop/teenager_ppg/cleaned_video_outputs/emotion_clips/3121005043_20251121101126/sadness.mp4,ok,ok,720,23.9997,720,1,720,900,0.00112485,89.999
3121005043_20251121101126,happiness,/Users/geziwang/Desktop/teenager_ppg/cleaned_video_outputs/emotion_clips/3121005043_20251121101126/happiness.mp4,ok,ok,719,24,719,1,719,900,0.000773188,73.125
3121005043_20251121101126,fearness,/Users/geziwang/Desktop/teenager_ppg/cleaned_video_outputs/emotion_clips/3121005043_20251121101126/fearness.mp4,ok,ok,719,24,719,1,719,900,0.000700795,61.875
3121005043_20251121101126,tension,/Users/geziwang/Desktop/teenager_ppg/cleaned_video_outputs/emotion_clips/3121005043_20251121101126/tension.mp4,ok,ok,718,24,718,1,718,900,0.000636733,84.375
3121006044_20251121102702,calm,/Users/geziwang/Desktop/teenager_ppg/cleaned_video_outputs/emotion_clips/3121006044_20251121102702/calm.mp4,ok,ok,724,23.9997,724,1,724,900,0.000783806,73.1242
3121006044_20251121102702,sadness,/Users/geziwang/Desktop/teenager_ppg/cleaned_video_outputs/emotion_clips/3121006044_20251121102702/sadness.mp4,ok,ok,720,23.9997,720,1,720,900,0.000674133,50.6244
3121006044_20251121102702,happiness,/Users/geziwang/Desktop/teenager_ppg/cleaned_video_outputs/emotion_clips/3121006044_20251121102702/happiness.mp4,ok,ok,720,24,720,1,720,900,0.000806672,61.875
3121006044_20251121102702,fearness,/Users/geziwang/Desktop/teenager_ppg/cleaned_video_outputs/emotion_clips/3121006044_20251121102702/fearness.mp4,ok,ok,719,24,719,1,719,900,0.000872703,67.5
3121006044_20251121102702,tension,/Users/geziwang/Desktop/teenager_ppg/cleaned_video_outputs/emotion_clips/3121006044_20251121102702/tension.mp4,ok,ok,718,24,718,1,718,900,0.000678918,56.25
3121006045_20251121103314,calm,/Users/geziwang/Desktop/teenager_ppg/cleaned_video_outputs/emotion_clips/3121006045_20251121103314/calm.mp4,ok,ok,727,23.9997,727,1,727,900,0.000516551,73.1242
3121006045_20251121103314,sadness,/Users/geziwang/Desktop/teenager_ppg/cleaned_video_outputs/emotion_clips/3121006045_20251121103314/sadness.mp4,ok,ok,720,23.9997,720,1,720,900,0.000714749,50.6244
3121006045_20251121103314,happiness,/Users/geziwang/Desktop/teenager_ppg/cleaned_video_outputs/emotion_clips/3121006045_20251121103314/happiness.mp4,ok,ok,720,24,720,1,720,900,0.000603683,78.75
3121006045_20251121103314,fearness,/Users/geziwang/Desktop/teenager_ppg/cleaned_video_outputs/emotion_clips/3121006045_20251121103314/fearness.mp4,ok,ok,719,24,719,1,719,900,0.00184788,73.125
3121006045_20251121103314,tension,/Users/geziwang/Desktop/teenager_ppg/cleaned_video_outputs/emotion_clips/3121006045_20251121103314/tension.mp4,ok,ok,718,24,718,1,718,900,0.00363128,106.875
3121006052_20251121113528,calm,/Users/geziwang/Desktop/teenager_ppg/cleaned_video_outputs/emotion_clips/3121006052_20251121113528/calm.mp4,ok,ok,726,23.9997,726,1,726,900,0.000529446,50.6244
3121006052_20251121113528,sadness,/Users/geziwang/Desktop/teenager_ppg/cleaned_video_outputs/emotion_clips/3121006052_20251121113528/sadness.mp4,ok,ok,719,23.9997,719,1,719,900,0.000671915,50.6244
3121006052_20251121113528,happiness,/Users/geziwang/Desktop/teenager_ppg/cleaned_video_outputs/emotion_clips/3121006052_20251121113528/happiness.mp4,ok,ok,719,24,719,1,719,900,0.000557346,61.875
3121006052_20251121113528,fearness,/Users/geziwang/Desktop/teenager_ppg/cleaned_video_outputs/emotion_clips/3121006052_20251121113528/fearness.mp4,ok,ok,718,24,718,1,718,900,0.000519847,78.75
3121006052_20251121113528,tension,/Users/geziwang/Desktop/teenager_ppg/cleaned_video_outputs/emotion_clips/3121006052_20251121113528/tension.mp4,ok,ok,717,24,717,1,717,900,0.000501547,67.5
3121006053_20251121114404,calm,/Users/geziwang/Desktop/teenager_ppg/cleaned_video_outputs/emotion_clips/3121006053_20251121114404/calm.mp4,ok,ok,727,23.9997,727,1,727,900,0.00252914,56.2494
3121006053_20251121114404,sadness,/Users/geziwang/Desktop/teenager_ppg/cleaned_video_outputs/emotion_clips/3121006053_20251121114404/sadness.mp4,ok,ok,725,23.9997,725,1,725,900,0.00251994,50.6244
3121006053_20251121114404,happiness,/Users/geziwang/Desktop/teenager_ppg/cleaned_video_outputs/emotion_clips/3121006053_20251121114404/happiness.mp4,ok,ok,724,24,724,1,724,900,0.00214611,56.25
3121006053_20251121114404,fearness,/Users/geziwang/Desktop/teenager_ppg/cleaned_video_outputs/emotion_clips/3121006053_20251121114404/fearness.mp4,ok,ok,724,24,724,1,724,900,0.00221281,56.25
3121006053_20251121114404,tension,/Users/geziwang/Desktop/teenager_ppg/cleaned_video_outputs/emotion_clips/3121006053_20251121114404/tension.mp4,ok,ok,723,24,723,1,723,900,0.00209516,73.125
3121007046_20251121104401,calm,/Users/geziwang/Desktop/teenager_ppg/cleaned_video_outputs/emotion_clips/3121007046_20251121104401/calm.mp4,ok,ok,726,23.9997,726,1,726,900,0.0010433,61.8743
3121007046_20251121104401,sadness,/Users/geziwang/Desktop/teenager_ppg/cleaned_video_outputs/emotion_clips/3121007046_20251121104401/sadness.mp4,ok,ok,720,23.9997,720,1,720,900,0.000669479,44.9995
3121007046_20251121104401,happiness,/Users/geziwang/Desktop/teenager_ppg/cleaned_video_outputs/emotion_clips/3121007046_20251121104401/happiness.mp4,ok,ok,719,24,719,1,719,900,0.00125398,61.875
3121007046_20251121104401,fearness,/Users/geziwang/Desktop/teenager_ppg/cleaned_video_outputs/emotion_clips/3121007046_20251121104401/fearness.mp4,ok,ok,719,24,719,1,719,900,0.000552081,56.25
3121007046_20251121104401,tension,/Users/geziwang/Desktop/teenager_ppg/cleaned_video_outputs/emotion_clips/3121007046_20251121104401/tension.mp4,ok,ok,718,24,718,1,718,900,0.000591466,61.875
3121007047_20251121105143,calm,/Users/geziwang/Desktop/teenager_ppg/cleaned_video_outputs/emotion_clips/3121007047_20251121105143/calm.mp4,ok,ok,727,23.9997,727,1,727,900,0.00112768,67.4993
3121007047_20251121105143,sadness,/Users/geziwang/Desktop/teenager_ppg/cleaned_video_outputs/emotion_clips/3121007047_20251121105143/sadness.mp4,ok,ok,718,23.9997,718,1,718,900,0.000938155,61.8743
3121007047_20251121105143,happiness,/Users/geziwang/Desktop/teenager_ppg/cleaned_video_outputs/emotion_clips/3121007047_20251121105143/happiness.mp4,ok,ok,718,24,718,1,718,900,0.00133389,67.5
3121007047_20251121105143,fearness,/Users/geziwang/Desktop/teenager_ppg/cleaned_video_outputs/emotion_clips/3121007047_20251121105143/fearness.mp4,ok,ok,717,24,717,1,717,900,0.00129139,112.5
3121007047_20251121105143,tension,/Users/geziwang/Desktop/teenager_ppg/cleaned_video_outputs/emotion_clips/3121007047_20251121105143/tension.mp4,ok,ok,716,24,716,1,716,900,0.00120959,61.875
3121007048_20251121110532,calm,/Users/geziwang/Desktop/teenager_ppg/cleaned_video_outputs/emotion_clips/3121007048_20251121110532/calm.mp4,ok,ok,727,23.9997,727,1,727,900,0.00593977,50.6244
3121007048_20251121110532,sadness,/Users/geziwang/Desktop/teenager_ppg/cleaned_video_outputs/emotion_clips/3121007048_20251121110532/sadness.mp4,ok,ok,719,23.9997,719,1,719,900,0.00793937,89.999
3121007048_20251121110532,happiness,/Users/geziwang/Desktop/teenager_ppg/cleaned_video_outputs/emotion_clips/3121007048_20251121110532/happiness.mp4,ok,ok,719,24,719,1,719,900,0.0068012,61.875
3121007048_20251121110532,fearness,/Users/geziwang/Desktop/teenager_ppg/cleaned_video_outputs/emotion_clips/3121007048_20251121110532/fearness.mp4,ok,ok,718,24,718,1,718,900,0.00667809,67.5
3121007048_20251121110532,tension,/Users/geziwang/Desktop/teenager_ppg/cleaned_video_outputs/emotion_clips/3121007048_20251121110532/tension.mp4,ok,ok,717,24,717,1,717,900,0.00442953,78.75
3121007049_20251121111245,calm,/Users/geziwang/Desktop/teenager_ppg/cleaned_video_outputs/emotion_clips/3121007049_20251121111245/calm.mp4,ok,ok,726,23.9997,726,1,726,900,0.000670726,78.7491
3121007049_20251121111245,sadness,/Users/geziwang/Desktop/teenager_ppg/cleaned_video_outputs/emotion_clips/3121007049_20251121111245/sadness.mp4,ok,ok,719,23.9997,719,1,719,900,0.000801265,78.7491
3121007049_20251121111245,happiness,/Users/geziwang/Desktop/teenager_ppg/cleaned_video_outputs/emotion_clips/3121007049_20251121111245/happiness.mp4,ok,ok,719,24,719,1,719,900,0.000692444,50.625
3121007049_20251121111245,fearness,/Users/geziwang/Desktop/teenager_ppg/cleaned_video_outputs/emotion_clips/3121007049_20251121111245/fearness.mp4,ok,ok,719,24,719,1,719,900,0.000411817,67.5
3121007049_20251121111245,tension,/Users/geziwang/Desktop/teenager_ppg/cleaned_video_outputs/emotion_clips/3121007049_20251121111245/tension.mp4,ok,ok,717,24,717,1,717,900,0.000552254,90
3121007050_20251121111856,calm,/Users/geziwang/Desktop/teenager_ppg/cleaned_video_outputs/emotion_clips/3121007050_20251121111856/calm.mp4,ok,ok,727,23.9997,727,1,727,900,0.0011447,44.9995
3121007050_20251121111856,sadness,/Users/geziwang/Desktop/teenager_ppg/cleaned_video_outputs/emotion_clips/3121007050_20251121111856/sadness.mp4,ok,ok,720,23.9997,720,1,720,900,0.00169179,73.1242
3121007050_20251121111856,happiness,/Users/geziwang/Desktop/teenager_ppg/cleaned_video_outputs/emotion_clips/3121007050_20251121111856/happiness.mp4,ok,ok,719,24,719,1,719,900,0.00201255,56.25
3121007050_20251121111856,fearness,/Users/geziwang/Desktop/teenager_ppg/cleaned_video_outputs/emotion_clips/3121007050_20251121111856/fearness.mp4,ok,ok,719,24,719,1,719,900,0.00187076,84.375
3121007050_20251121111856,tension,/Users/geziwang/Desktop/teenager_ppg/cleaned_video_outputs/emotion_clips/3121007050_20251121111856/tension.mp4,ok,ok,717,24,717,1,717,900,0.00197576,45
3121007051_20251121112721,calm,/Users/geziwang/Desktop/teenager_ppg/cleaned_video_outputs/emotion_clips/3121007051_20251121112721/calm.mp4,ok,ok,726,23.9997,726,1,726,900,0.000742066,56.2494
3121007051_20251121112721,sadness,/Users/geziwang/Desktop/teenager_ppg/cleaned_video_outputs/emotion_clips/3121007051_20251121112721/sadness.mp4,ok,ok,721,23.9997,721,1,721,900,0.00114044,73.1242
3121007051_20251121112721,happiness,/Users/geziwang/Desktop/teenager_ppg/cleaned_video_outputs/emotion_clips/3121007051_20251121112721/happiness.mp4,ok,ok,721,24,721,1,721,900,0.00088317,61.875
3121007051_20251121112721,fearness,/Users/geziwang/Desktop/teenager_ppg/cleaned_video_outputs/emotion_clips/3121007051_20251121112721/fearness.mp4,ok,ok,720,24,720,1,720,900,0.000645488,73.125
3121007051_20251121112721,tension,/Users/geziwang/Desktop/teenager_ppg/cleaned_video_outputs/emotion_clips/3121007051_20251121112721/tension.mp4,ok,ok,719,24,719,1,719,900,0.00073833,61.875
3121201012_20251130110616,calm,/Users/geziwang/Desktop/teenager_ppg/cleaned_video_outputs/emotion_clips/3121201012_20251130110616/calm.mp4,ok,ok,727,23.9997,727,1,727,900,0.000672075,84.3741
3121201012_20251130110616,sadness,/Users/geziwang/Desktop/teenager_ppg/cleaned_video_outputs/emotion_clips/3121201012_20251130110616/sadness.mp4,ok,ok,720,23.9997,720,1,720,900,0.00057769,73.1242
3121201012_20251130110616,happiness,/Users/geziwang/Desktop/teenager_ppg/cleaned_video_outputs/emotion_clips/3121201012_20251130110616/happiness.mp4,ok,ok,720,24,720,1,720,900,0.000589469,67.5
3121201012_20251130110616,fearness,/Users/geziwang/Desktop/teenager_ppg/cleaned_video_outputs/emotion_clips/3121201012_20251130110616/fearness.mp4,ok,ok,719,24,719,1,719,900,0.000534837,45
3121201012_20251130110616,tension,/Users/geziwang/Desktop/teenager_ppg/cleaned_video_outputs/emotion_clips/3121201012_20251130110616/tension.mp4,ok,ok,718,24,718,1,718,900,0.00068951,73.125
3121201013_20251130111240,calm,/Users/geziwang/Desktop/teenager_ppg/cleaned_video_outputs/emotion_clips/3121201013_20251130111240/calm.mp4,ok,ok,728,23.9997,728,1,728,900,0.00049624,78.7491
3121201013_20251130111240,sadness,/Users/geziwang/Desktop/teenager_ppg/cleaned_video_outputs/emotion_clips/3121201013_20251130111240/sadness.mp4,ok,ok,720,23.9997,720,1,720,900,0.00072207,50.6244
3121201013_20251130111240,happiness,/Users/geziwang/Desktop/teenager_ppg/cleaned_video_outputs/emotion_clips/3121201013_20251130111240/happiness.mp4,ok,ok,720,24,720,1,720,900,0.000715779,78.75
3121201013_20251130111240,fearness,/Users/geziwang/Desktop/teenager_ppg/cleaned_video_outputs/emotion_clips/3121201013_20251130111240/fearness.mp4,ok,ok,720,24,720,1,720,900,0.00055655,56.25
3121201013_20251130111240,tension,/Users/geziwang/Desktop/teenager_ppg/cleaned_video_outputs/emotion_clips/3121201013_20251130111240/tension.mp4,ok,ok,718,24,718,1,718,900,0.000666064,95.625
3121201014_20251130111944,calm,/Users/geziwang/Desktop/teenager_ppg/cleaned_video_outputs/emotion_clips/3121201014_20251130111944/calm.mp4,ok,ok,726,23.9997,726,1,726,900,0.000702966,89.999
3121201014_20251130111944,sadness,/Users/geziwang/Desktop/teenager_ppg/cleaned_video_outputs/emotion_clips/3121201014_20251130111944/sadness.mp4,ok,ok,720,23.9997,720,1,720,900,0.000598993,73.1242
3121201014_20251130111944,happiness,/Users/geziwang/Desktop/teenager_ppg/cleaned_video_outputs/emotion_clips/3121201014_20251130111944/happiness.mp4,ok,ok,720,24,720,1,720,900,0.000842291,50.625
3121201014_20251130111944,fearness,/Users/geziwang/Desktop/teenager_ppg/cleaned_video_outputs/emotion_clips/3121201014_20251130111944/fearness.mp4,ok,ok,719,24,719,1,719,900,0.000682826,73.125
3121201014_20251130111944,tension,/Users/geziwang/Desktop/teenager_ppg/cleaned_video_outputs/emotion_clips/3121201014_20251130111944/tension.mp4,ok,ok,718,24,718,1,718,900,0.000599884,56.25
3121201015_20251130112917,calm,/Users/geziwang/Desktop/teenager_ppg/cleaned_video_outputs/emotion_clips/3121201015_20251130112917/calm.mp4,ok,ok,725,23.9997,725,1,725,900,0.00067502,50.6244
3121201015_20251130112917,sadness,/Users/geziwang/Desktop/teenager_ppg/cleaned_video_outputs/emotion_clips/3121201015_20251130112917/sadness.mp4,ok,ok,720,23.9997,720,1,720,900,0.000750825,78.7491
3121201015_20251130112917,happiness,/Users/geziwang/Desktop/teenager_ppg/cleaned_video_outputs/emotion_clips/3121201015_20251130112917/happiness.mp4,ok,ok,720,24,720,1,720,900,0.000785885,84.375
3121201015_20251130112917,fearness,/Users/geziwang/Desktop/teenager_ppg/cleaned_video_outputs/emotion_clips/3121201015_20251130112917/fearness.mp4,ok,ok,719,24,719,1,719,900,0.000641106,45
3121201015_20251130112917,tension,/Users/geziwang/Desktop/teenager_ppg/cleaned_video_outputs/emotion_clips/3121201015_20251130112917/tension.mp4,ok,ok,718,24,718,1,718,900,0.000508121,50.625
3121201016_20251130113946,calm,/Users/geziwang/Desktop/teenager_ppg/cleaned_video_outputs/emotion_clips/3121201016_20251130113946/calm.mp4,ok,ok,727,23.9997,727,1,727,900,0.000871635,134.999
3121201016_20251130113946,sadness,/Users/geziwang/Desktop/teenager_ppg/cleaned_video_outputs/emotion_clips/3121201016_20251130113946/sadness.mp4,ok,ok,721,23.9997,721,1,721,900,0.000899784,73.1242
3121201016_20251130113946,happiness,/Users/geziwang/Desktop/teenager_ppg/cleaned_video_outputs/emotion_clips/3121201016_20251130113946/happiness.mp4,ok,ok,720,24,720,1,720,900,0.000684613,101.25
3121201016_20251130113946,fearness,/Users/geziwang/Desktop/teenager_ppg/cleaned_video_outputs/emotion_clips/3121201016_20251130113946/fearness.mp4,ok,ok,720,24,720,1,720,900,0.000919422,73.125
3121201016_20251130113946,tension,/Users/geziwang/Desktop/teenager_ppg/cleaned_video_outputs/emotion_clips/3121201016_20251130113946/tension.mp4,ok,ok,719,24,719,1,719,900,0.000767968,67.5
3121201017_20251130115005,calm,/Users/geziwang/Desktop/teenager_ppg/cleaned_video_outputs/emotion_clips/3121201017_20251130115005/calm.mp4,ok,ok,729,23.9997,729,1,729,900,0.000707937,61.8743
3121201017_20251130115005,sadness,/Users/geziwang/Desktop/teenager_ppg/cleaned_video_outputs/emotion_clips/3121201017_20251130115005/sadness.mp4,ok,ok,720,23.9997,720,1,720,900,0.000760195,67.4993
3121201017_20251130115005,happiness,/Users/geziwang/Desktop/teenager_ppg/cleaned_video_outputs/emotion_clips/3121201017_20251130115005/happiness.mp4,ok,ok,720,24,720,1,720,900,0.000790703,56.25
3121201017_20251130115005,fearness,/Users/geziwang/Desktop/teenager_ppg/cleaned_video_outputs/emotion_clips/3121201017_20251130115005/fearness.mp4,ok,ok,719,24,719,1,719,900,0.000600655,84.375
3121201017_20251130115005,tension,/Users/geziwang/Desktop/teenager_ppg/cleaned_video_outputs/emotion_clips/3121201017_20251130115005/tension.mp4,ok,ok,718,24,718,1,718,900,0.000610641,78.75
3121201018_20251130135427,calm,/Users/geziwang/Desktop/teenager_ppg/cleaned_video_outputs/emotion_clips/3121201018_20251130135427/calm.mp4,ok,ok,727,23.9997,727,1,727,900,0.000841267,84.3741
3121201018_20251130135427,sadness,/Users/geziwang/Desktop/teenager_ppg/cleaned_video_outputs/emotion_clips/3121201018_20251130135427/sadness.mp4,ok,ok,720,23.9997,720,1,720,900,0.000862285,84.3741
3121201018_20251130135427,happiness,/Users/geziwang/Desktop/teenager_ppg/cleaned_video_outputs/emotion_clips/3121201018_20251130135427/happiness.mp4,ok,ok,719,24,719,1,719,900,0.000772443,61.875
3121201018_20251130135427,fearness,/Users/geziwang/Desktop/teenager_ppg/cleaned_video_outputs/emotion_clips/3121201018_20251130135427/fearness.mp4,ok,ok,719,24,719,1,719,900,0.000852593,78.75
3121201018_20251130135427,tension,/Users/geziwang/Desktop/teenager_ppg/cleaned_video_outputs/emotion_clips/3121201018_20251130135427/tension.mp4,ok,ok,718,24,718,1,718,900,0.000966591,101.25
3121209019_20251130141304,calm,/Users/geziwang/Desktop/teenager_ppg/cleaned_video_outputs/emotion_clips/3121209019_20251130141304/calm.mp4,ok,ok,726,23.9997,726,1,726,900,0.00105535,56.2494
3121209019_20251130141304,sadness,/Users/geziwang/Desktop/teenager_ppg/cleaned_video_outputs/emotion_clips/3121209019_20251130141304/sadness.mp4,ok,ok,720,23.9997,720,1,720,900,0.000812662,89.999
3121209019_20251130141304,happiness,/Users/geziwang/Desktop/teenager_ppg/cleaned_video_outputs/emotion_clips/3121209019_20251130141304/happiness.mp4,ok,ok,719,24,719,1,719,900,0.000828458,56.25
3121209019_20251130141304,fearness,/Users/geziwang/Desktop/teenager_ppg/cleaned_video_outputs/emotion_clips/3121209019_20251130141304/fearness.mp4,ok,ok,719,24,719,1,719,900,0.000762327,90
3121209019_20251130141304,tension,/Users/geziwang/Desktop/teenager_ppg/cleaned_video_outputs/emotion_clips/3121209019_20251130141304/tension.mp4,ok,ok,718,24,718,1,718,900,0.000752294,84.375
3121209020_20251130142229,calm,/Users/geziwang/Desktop/teenager_ppg/cleaned_video_outputs/emotion_clips/3121209020_20251130142229/calm.mp4,ok,ok,727,23.9997,727,1,727,900,0.000654309,84.3741
3121209020_20251130142229,sadness,/Users/geziwang/Desktop/teenager_ppg/cleaned_video_outputs/emotion_clips/3121209020_20251130142229/sadness.mp4,ok,ok,720,23.9997,720,1,720,900,0.000693607,67.4993
3121209020_20251130142229,happiness,/Users/geziwang/Desktop/teenager_ppg/cleaned_video_outputs/emotion_clips/3121209020_20251130142229/happiness.mp4,ok,ok,719,24,719,1,719,900,0.000717349,61.875
3121209020_20251130142229,fearness,/Users/geziwang/Desktop/teenager_ppg/cleaned_video_outputs/emotion_clips/3121209020_20251130142229/fearness.mp4,ok,ok,719,24,719,1,719,900,0.000640784,78.75
3121209020_20251130142229,tension,/Users/geziwang/Desktop/teenager_ppg/cleaned_video_outputs/emotion_clips/3121209020_20251130142229/tension.mp4,ok,ok,717,24,717,1,717,900,0.00061596,78.75
3121209021_20251130142935,calm,/Users/geziwang/Desktop/teenager_ppg/cleaned_video_outputs/emotion_clips/3121209021_20251130142935/calm.mp4,ok,ok,727,23.9997,727,1,727,900,0.00112833,89.999
3121209021_20251130142935,sadness,/Users/geziwang/Desktop/teenager_ppg/cleaned_video_outputs/emotion_clips/3121209021_20251130142935/sadness.mp4,ok,ok,721,23.9997,721,1,721,900,0.000682909,50.6244
3121209021_20251130142935,happiness,/Users/geziwang/Desktop/teenager_ppg/cleaned_video_outputs/emotion_clips/3121209021_20251130142935/happiness.mp4,ok,ok,720,24,720,1,720,900,0.000769628,67.5
3121209021_20251130142935,fearness,/Users/geziwang/Desktop/teenager_ppg/cleaned_video_outputs/emotion_clips/3121209021_20251130142935/fearness.mp4,ok,ok,720,24,720,1,720,900,0.000660167,73.125
3121209021_20251130142935,tension,/Users/geziwang/Desktop/teenager_ppg/cleaned_video_outputs/emotion_clips/3121209021_20251130142935/tension.mp4,ok,ok,718,24,718,1,718,900,0.000890991,73.125
3121209022_20251130143630,calm,/Users/geziwang/Desktop/teenager_ppg/cleaned_video_outputs/emotion_clips/3121209022_20251130143630/calm.mp4,ok,ok,726,23.9997,726,1,726,900,0.00100486,67.4993
3121209022_20251130143630,sadness,/Users/geziwang/Desktop/teenager_ppg/cleaned_video_outputs/emotion_clips/3121209022_20251130143630/sadness.mp4,ok,ok,720,23.9997,720,1,720,900,0.000983099,73.1242
3121209022_20251130143630,happiness,/Users/geziwang/Desktop/teenager_ppg/cleaned_video_outputs/emotion_clips/3121209022_20251130143630/happiness.mp4,ok,ok,719,24,719,1,719,900,0.000833127,50.625
3121209022_20251130143630,fearness,/Users/geziwang/Desktop/teenager_ppg/cleaned_video_outputs/emotion_clips/3121209022_20251130143630/fearness.mp4,ok,ok,719,24,719,1,719,900,0.000974333,50.625
3121209022_20251130143630,tension,/Users/geziwang/Desktop/teenager_ppg/cleaned_video_outputs/emotion_clips/3121209022_20251130143630/tension.mp4,ok,ok,718,24,718,1,718,900,0.000806814,78.75
3121209023_20251130144230,calm,/Users/geziwang/Desktop/teenager_ppg/cleaned_video_outputs/emotion_clips/3121209023_20251130144230/calm.mp4,ok,ok,724,23.9997,724,1,724,900,0.00105685,56.2494
3121209023_20251130144230,sadness,/Users/geziwang/Desktop/teenager_ppg/cleaned_video_outputs/emotion_clips/3121209023_20251130144230/sadness.mp4,ok,ok,720,23.9997,720,1,720,900,0.00106503,95.6239
3121209023_20251130144230,happiness,/Users/geziwang/Desktop/teenager_ppg/cleaned_video_outputs/emotion_clips/3121209023_20251130144230/happiness.mp4,ok,ok,719,24,719,1,719,900,0.000949678,73.125
3121209023_20251130144230,fearness,/Users/geziwang/Desktop/teenager_ppg/cleaned_video_outputs/emotion_clips/3121209023_20251130144230/fearness.mp4,ok,ok,719,24,719,1,719,900,0.000917014,95.625
3121209023_20251130144230,tension,/Users/geziwang/Desktop/teenager_ppg/cleaned_video_outputs/emotion_clips/3121209023_20251130144230/tension.mp4,ok,ok,717,24,717,1,717,900,0.00123556,73.125
3121209024_20251130144929,calm,/Users/geziwang/Desktop/teenager_ppg/cleaned_video_outputs/emotion_clips/3121209024_20251130144929/calm.mp4,ok,ok,726,23.9997,726,1,726,900,0.000471608,67.4993
3121209024_20251130144929,sadness,/Users/geziwang/Desktop/teenager_ppg/cleaned_video_outputs/emotion_clips/3121209024_20251130144929/sadness.mp4,ok,ok,720,23.9997,720,1,720,900,0.000821397,101.249
3121209024_20251130144929,happiness,/Users/geziwang/Desktop/teenager_ppg/cleaned_video_outputs/emotion_clips/3121209024_20251130144929/happiness.mp4,ok,ok,720,24,720,1,720,900,0.000541797,45
3121209024_20251130144929,fearness,/Users/geziwang/Desktop/teenager_ppg/cleaned_video_outputs/emotion_clips/3121209024_20251130144929/fearness.mp4,ok,ok,719,24,719,1,719,900,0.000754676,78.75
3121209024_20251130144929,tension,/Users/geziwang/Desktop/teenager_ppg/cleaned_video_outputs/emotion_clips/3121209024_20251130144929/tension.mp4,ok,ok,718,24,718,1,718,900,0.000498775,78.75
3121209025_20251130145620,calm,/Users/geziwang/Desktop/teenager_ppg/cleaned_video_outputs/emotion_clips/3121209025_20251130145620/calm.mp4,ok,ok,724,23.9997,724,1,724,900,0.000620536,44.9995
3121209025_20251130145620,sadness,/Users/geziwang/Desktop/teenager_ppg/cleaned_video_outputs/emotion_clips/3121209025_20251130145620/sadness.mp4,ok,ok,720,23.9997,720,1,720,900,0.000476438,95.6239
3121209025_20251130145620,happiness,/Users/geziwang/Desktop/teenager_ppg/cleaned_video_outputs/emotion_clips/3121209025_20251130145620/happiness.mp4,ok,ok,719,24,719,1,719,900,0.00049344,61.875
3121209025_20251130145620,fearness,/Users/geziwang/Desktop/teenager_ppg/cleaned_video_outputs/emotion_clips/3121209025_20251130145620/fearness.mp4,ok,ok,719,24,719,1,719,900,0.000680501,84.375
3121209025_20251130145620,tension,/Users/geziwang/Desktop/teenager_ppg/cleaned_video_outputs/emotion_clips/3121209025_20251130145620/tension.mp4,ok,ok,717,24,717,1,717,900,0.000749779,45
3121209026_20251130150343,calm,/Users/geziwang/Desktop/teenager_ppg/cleaned_video_outputs/emotion_clips/3121209026_20251130150343/calm.mp4,ok,ok,726,23.9997,726,1,726,900,0.00105093,61.8743
3121209026_20251130150343,sadness,/Users/geziwang/Desktop/teenager_ppg/cleaned_video_outputs/emotion_clips/3121209026_20251130150343/sadness.mp4,ok,ok,720,23.9997,720,1,720,900,0.00086308,50.6244
3121209026_20251130150343,happiness,/Users/geziwang/Desktop/teenager_ppg/cleaned_video_outputs/emotion_clips/3121209026_20251130150343/happiness.mp4,ok,ok,719,24,719,1,719,900,0.000970167,50.625
3121209026_20251130150343,fearness,/Users/geziwang/Desktop/teenager_ppg/cleaned_video_outputs/emotion_clips/3121209026_20251130150343/fearness.mp4,ok,ok,719,24,719,1,719,900,0.00167322,90
3121209026_20251130150343,tension,/Users/geziwang/Desktop/teenager_ppg/cleaned_video_outputs/emotion_clips/3121209026_20251130150343/tension.mp4,ok,ok,718,24,718,1,718,900,0.000838934,50.625
3121209027_20251130151317,calm,/Users/geziwang/Desktop/teenager_ppg/cleaned_video_outputs/emotion_clips/3121209027_20251130151317/calm.mp4,ok,ok,726,23.9997,726,1,726,900,0.000810245,78.7491
3121209027_20251130151317,sadness,/Users/geziwang/Desktop/teenager_ppg/cleaned_video_outputs/emotion_clips/3121209027_20251130151317/sadness.mp4,ok,ok,719,23.9997,719,1,719,900,0.000729029,84.3741
3121209027_20251130151317,happiness,/Users/geziwang/Desktop/teenager_ppg/cleaned_video_outputs/emotion_clips/3121209027_20251130151317/happiness.mp4,ok,ok,719,24,719,1,719,900,0.000730482,56.25
3121209027_20251130151317,fearness,/Users/geziwang/Desktop/teenager_ppg/cleaned_video_outputs/emotion_clips/3121209027_20251130151317/fearness.mp4,ok,ok,719,24,719,1,719,900,0.000656925,50.625
3121209027_20251130151317,tension,/Users/geziwang/Desktop/teenager_ppg/cleaned_video_outputs/emotion_clips/3121209027_20251130151317/tension.mp4,ok,ok,717,24,717,1,717,900,0.000497089,90
3121209028_20251130152201,calm,/Users/geziwang/Desktop/teenager_ppg/cleaned_video_outputs/emotion_clips/3121209028_20251130152201/calm.mp4,ok,ok,727,23.9997,727,1,727,900,0.00111939,61.8743
3121209028_20251130152201,sadness,/Users/geziwang/Desktop/teenager_ppg/cleaned_video_outputs/emotion_clips/3121209028_20251130152201/sadness.mp4,ok,ok,720,23.9997,720,1,720,900,0.00109652,78.7491
3121209028_20251130152201,happiness,/Users/geziwang/Desktop/teenager_ppg/cleaned_video_outputs/emotion_clips/3121209028_20251130152201/happiness.mp4,ok,ok,720,24,720,1,720,900,0.00104113,78.75
3121209028_20251130152201,fearness,/Users/geziwang/Desktop/teenager_ppg/cleaned_video_outputs/emotion_clips/3121209028_20251130152201/fearness.mp4,ok,ok,719,24,719,1,719,900,0.00118049,56.25
3121209028_20251130152201,tension,/Users/geziwang/Desktop/teenager_ppg/cleaned_video_outputs/emotion_clips/3121209028_20251130152201/tension.mp4,ok,ok,718,24,718,1,718,900,0.0010514,84.375
3121209029_20251130153129,calm,/Users/geziwang/Desktop/teenager_ppg/cleaned_video_outputs/emotion_clips/3121209029_20251130153129/calm.mp4,ok,ok,727,23.9997,727,1,727,900,0.00219581,101.249
3121209029_20251130153129,sadness,/Users/geziwang/Desktop/teenager_ppg/cleaned_video_outputs/emotion_clips/3121209029_20251130153129/sadness.mp4,ok,ok,720,23.9997,720,1,720,900,0.00272345,56.2494
3121209029_20251130153129,happiness,/Users/geziwang/Desktop/teenager_ppg/cleaned_video_outputs/emotion_clips/3121209029_20251130153129/happiness.mp4,ok,ok,720,24,720,1,720,900,0.00131548,61.875
3121209029_20251130153129,fearness,/Users/geziwang/Desktop/teenager_ppg/cleaned_video_outputs/emotion_clips/3121209029_20251130153129/fearness.mp4,ok,ok,719,24,719,1,719,900,0.000738955,73.125
3121209029_20251130153129,tension,/Users/geziwang/Desktop/teenager_ppg/cleaned_video_outputs/emotion_clips/3121209029_20251130153129/tension.mp4,ok,ok,718,24,718,1,718,900,0.000986416,61.875
4120307029_20251120151957,calm,/Users/geziwang/Desktop/teenager_ppg/cleaned_video_outputs/emotion_clips/4120307029_20251120151957/calm.mp4,ok,ok,731,23.9997,731,1,731,900,0.000897766,89.999
4120307029_20251120151957,sadness,/Users/geziwang/Desktop/teenager_ppg/cleaned_video_outputs/emotion_clips/4120307029_20251120151957/sadness.mp4,ok,ok,722,23.9997,722,1,722,900,0.00111405,112.499
4120307029_20251120151957,happiness,/Users/geziwang/Desktop/teenager_ppg/cleaned_video_outputs/emotion_clips/4120307029_20251120151957/happiness.mp4,ok,ok,721,24,721,1,721,900,0.00102536,45
4120307029_20251120151957,fearness,/Users/geziwang/Desktop/teenager_ppg/cleaned_video_outputs/emotion_clips/4120307029_20251120151957/fearness.mp4,ok,ok,721,24,721,1,721,900,0.0009684,50.625
4120307029_20251120151957,tension,/Users/geziwang/Desktop/teenager_ppg/cleaned_video_outputs/emotion_clips/4120307029_20251120151957/tension.mp4,ok,ok,719,24,719,1,719,900,0.00105505,56.25
4120307030_20251120152703,calm,/Users/geziwang/Desktop/teenager_ppg/cleaned_video_outputs/emotion_clips/4120307030_20251120152703/calm.mp4,ok,ok,730,23.9997,730,1,730,900,0.00122863,61.8743
4120307030_20251120152703,sadness,/Users/geziwang/Desktop/teenager_ppg/cleaned_video_outputs/emotion_clips/4120307030_20251120152703/sadness.mp4,ok,ok,720,23.9997,720,1,720,900,0.00113493,73.1242
4120307030_20251120152703,happiness,/Users/geziwang/Desktop/teenager_ppg/cleaned_video_outputs/emotion_clips/4120307030_20251120152703/happiness.mp4,ok,ok,720,24,720,1,720,900,0.000911847,84.375
4120307030_20251120152703,fearness,/Users/geziwang/Desktop/teenager_ppg/cleaned_video_outputs/emotion_clips/4120307030_20251120152703/fearness.mp4,ok,ok,720,24,720,1,720,900,0.00102058,61.875
4120307030_20251120152703,tension,/Users/geziwang/Desktop/teenager_ppg/cleaned_video_outputs/emotion_clips/4120307030_20251120152703/tension.mp4,ok,ok,718,24,718,1,718,900,0.000916261,56.25
4120307031_20251120153521,calm,/Users/geziwang/Desktop/teenager_ppg/cleaned_video_outputs/emotion_clips/4120307031_20251120153521/calm.mp4,ok,ok,730,23.9997,730,1,730,900,0.000997946,56.2494
4120307031_20251120153521,sadness,/Users/geziwang/Desktop/teenager_ppg/cleaned_video_outputs/emotion_clips/4120307031_20251120153521/sadness.mp4,ok,ok,721,23.9997,721,1,721,900,0.00104733,67.4993
4120307031_20251120153521,happiness,/Users/geziwang/Desktop/teenager_ppg/cleaned_video_outputs/emotion_clips/4120307031_20251120153521/happiness.mp4,ok,ok,721,24,721,1,721,900,0.00104613,56.25
4120307031_20251120153521,fearness,/Users/geziwang/Desktop/teenager_ppg/cleaned_video_outputs/emotion_clips/4120307031_20251120153521/fearness.mp4,ok,ok,720,24,720,1,720,900,0.00109597,61.875
4120307031_20251120153521,tension,/Users/geziwang/Desktop/teenager_ppg/cleaned_video_outputs/emotion_clips/4120307031_20251120153521/tension.mp4,ok,ok,719,24,719,1,719,900,0.00107006,61.875
4120307032_20251120154211,calm,/Users/geziwang/Desktop/teenager_ppg/cleaned_video_outputs/emotion_clips/4120307032_20251120154211/calm.mp4,ok,ok,731,23.9997,731,1,731,900,0.000915478,84.3741
4120307032_20251120154211,sadness,/Users/geziwang/Desktop/teenager_ppg/cleaned_video_outputs/emotion_clips/4120307032_20251120154211/sadness.mp4,ok,ok,722,23.9997,722,1,722,900,0.00154069,61.8743
4120307032_20251120154211,happiness,/Users/geziwang/Desktop/teenager_ppg/cleaned_video_outputs/emotion_clips/4120307032_20251120154211/happiness.mp4,ok,ok,722,24,722,1,722,900,0.00117492,61.875
4120307032_20251120154211,fearness,/Users/geziwang/Desktop/teenager_ppg/cleaned_video_outputs/emotion_clips/4120307032_20251120154211/fearness.mp4,ok,ok,721,24,721,1,721,900,0.00101479,61.875
4120307032_20251120154211,tension,/Users/geziwang/Desktop/teenager_ppg/cleaned_video_outputs/emotion_clips/4120307032_20251120154211/tension.mp4,ok,ok,720,24,720,1,720,900,0.00094595,73.125
4120307033_20251120154856,calm,/Users/geziwang/Desktop/teenager_ppg/cleaned_video_outputs/emotion_clips/4120307033_20251120154856/calm.mp4,ok,ok,731,23.9997,731,1,731,900,0.00093295,56.2494
4120307033_20251120154856,sadness,/Users/geziwang/Desktop/teenager_ppg/cleaned_video_outputs/emotion_clips/4120307033_20251120154856/sadness.mp4,ok,ok,722,23.9997,722,1,722,900,0.000906031,84.3741
4120307033_20251120154856,happiness,/Users/geziwang/Desktop/teenager_ppg/cleaned_video_outputs/emotion_clips/4120307033_20251120154856/happiness.mp4,ok,ok,722,24,722,1,722,900,0.000969091,56.25
4120307033_20251120154856,fearness,/Users/geziwang/Desktop/teenager_ppg/cleaned_video_outputs/emotion_clips/4120307033_20251120154856/fearness.mp4,ok,ok,721,24,721,1,721,900,0.00113363,84.375
4120307033_20251120154856,tension,/Users/geziwang/Desktop/teenager_ppg/cleaned_video_outputs/emotion_clips/4120307033_20251120154856/tension.mp4,ok,ok,719,24,719,1,719,900,0.000915835,67.5
4120307034_20251120155511,calm,/Users/geziwang/Desktop/teenager_ppg/cleaned_video_outputs/emotion_clips/4120307034_20251120155511/calm.mp4,ok,ok,731,23.9997,731,1,731,900,0.00144145,61.8743
4120307034_20251120155511,sadness,/Users/geziwang/Desktop/teenager_ppg/cleaned_video_outputs/emotion_clips/4120307034_20251120155511/sadness.mp4,ok,ok,722,23.9997,722,1,722,900,0.00125718,61.8743
4120307034_20251120155511,happiness,/Users/geziwang/Desktop/teenager_ppg/cleaned_video_outputs/emotion_clips/4120307034_20251120155511/happiness.mp4,ok,ok,722,24,722,1,722,900,0.00098777,73.125
4120307034_20251120155511,fearness,/Users/geziwang/Desktop/teenager_ppg/cleaned_video_outputs/emotion_clips/4120307034_20251120155511/fearness.mp4,ok,ok,721,24,721,1,721,900,0.00089415,56.25
4120307034_20251120155511,tension,/Users/geziwang/Desktop/teenager_ppg/cleaned_video_outputs/emotion_clips/4120307034_20251120155511/tension.mp4,ok,ok,719,24,719,1,719,900,0.00103853,84.375
4120307035_20251120160600,calm,/Users/geziwang/Desktop/teenager_ppg/cleaned_video_outputs/emotion_clips/4120307035_20251120160600/calm.mp4,ok,ok,730,23.9997,730,1,730,900,0.000852344,78.7491
4120307035_20251120160600,sadness,/Users/geziwang/Desktop/teenager_ppg/cleaned_video_outputs/emotion_clips/4120307035_20251120160600/sadness.mp4,ok,ok,722,23.9997,722,1,722,900,0.000842665,61.8743
4120307035_20251120160600,happiness,/Users/geziwang/Desktop/teenager_ppg/cleaned_video_outputs/emotion_clips/4120307035_20251120160600/happiness.mp4,ok,ok,721,24,721,1,721,900,0.000928157,90
4120307035_20251120160600,fearness,/Users/geziwang/Desktop/teenager_ppg/cleaned_video_outputs/emotion_clips/4120307035_20251120160600/fearness.mp4,ok,ok,721,24,721,1,721,900,0.000936138,67.5
4120307035_20251120160600,tension,/Users/geziwang/Desktop/teenager_ppg/cleaned_video_outputs/emotion_clips/4120307035_20251120160600/tension.mp4,ok,ok,719,24,719,1,719,900,0.000896114,61.875
4120307036_20251120161517,calm,/Users/geziwang/Desktop/teenager_ppg/cleaned_video_outputs/emotion_clips/4120307036_20251120161517/calm.mp4,ok,ok,729,23.9997,729,1,729,900,0.00124066,44.9995
4120307036_20251120161517,sadness,/Users/geziwang/Desktop/teenager_ppg/cleaned_video_outputs/emotion_clips/4120307036_20251120161517/sadness.mp4,ok,ok,722,23.9997,722,1,722,900,0.00161913,56.2494
4120307036_20251120161517,happiness,/Users/geziwang/Desktop/teenager_ppg/cleaned_video_outputs/emotion_clips/4120307036_20251120161517/happiness.mp4,ok,ok,721,24,721,1,721,900,0.00118173,50.625
4120307036_20251120161517,fearness,/Users/geziwang/Desktop/teenager_ppg/cleaned_video_outputs/emotion_clips/4120307036_20251120161517/fearness.mp4,ok,ok,721,24,721,1,721,900,0.000961898,50.625
4120307036_20251120161517,tension,/Users/geziwang/Desktop/teenager_ppg/cleaned_video_outputs/emotion_clips/4120307036_20251120161517/tension.mp4,ok,ok,719,24,719,1,719,900,0.000909806,73.125
4120309019_20251120140734,calm,/Users/geziwang/Desktop/teenager_ppg/cleaned_video_outputs/emotion_clips/4120309019_20251120140734/calm.mp4,ok,ok,731,23.9997,731,1,731,900,0.000773903,56.2494
4120309019_20251120140734,sadness,/Users/geziwang/Desktop/teenager_ppg/cleaned_video_outputs/emotion_clips/4120309019_20251120140734/sadness.mp4,ok,ok,722,23.9997,722,1,722,900,0.00103013,44.9995
4120309019_20251120140734,happiness,/Users/geziwang/Desktop/teenager_ppg/cleaned_video_outputs/emotion_clips/4120309019_20251120140734/happiness.mp4,ok,ok,722,24,722,1,722,900,0.00088636,45
4120309019_20251120140734,fearness,/Users/geziwang/Desktop/teenager_ppg/cleaned_video_outputs/emotion_clips/4120309019_20251120140734/fearness.mp4,ok,ok,722,24,722,1,722,900,0.00124674,61.875
4120309019_20251120140734,tension,/Users/geziwang/Desktop/teenager_ppg/cleaned_video_outputs/emotion_clips/4120309019_20251120140734/tension.mp4,ok,ok,720,24,720,1,720,900,0.00170335,73.125
4120309020_20251120141425,calm,/Users/geziwang/Desktop/teenager_ppg/cleaned_video_outputs/emotion_clips/4120309020_20251120141425/calm.mp4,ok,ok,732,23.9997,732,1,732,900,0.000705775,78.7491
4120309020_20251120141425,sadness,/Users/geziwang/Desktop/teenager_ppg/cleaned_video_outputs/emotion_clips/4120309020_20251120141425/sadness.mp4,ok,ok,722,23.9997,722,1,722,900,0.00107249,56.2494
4120309020_20251120141425,happiness,/Users/geziwang/Desktop/teenager_ppg/cleaned_video_outputs/emotion_clips/4120309020_20251120141425/happiness.mp4,ok,ok,721,24,721,1,721,900,0.000728451,50.625
4120309020_20251120141425,fearness,/Users/geziwang/Desktop/teenager_ppg/cleaned_video_outputs/emotion_clips/4120309020_20251120141425/fearness.mp4,ok,ok,721,24,721,1,721,900,0.000686618,106.875
4120309020_20251120141425,tension,/Users/geziwang/Desktop/teenager_ppg/cleaned_video_outputs/emotion_clips/4120309020_20251120141425/tension.mp4,ok,ok,719,24,719,1,719,900,0.000738475,50.625
4120309021_20251120142129,calm,/Users/geziwang/Desktop/teenager_ppg/cleaned_video_outputs/emotion_clips/4120309021_20251120142129/calm.mp4,ok,ok,730,23.9997,730,1,730,900,0.00101609,61.8743
4120309021_20251120142129,sadness,/Users/geziwang/Desktop/teenager_ppg/cleaned_video_outputs/emotion_clips/4120309021_20251120142129/sadness.mp4,ok,ok,723,23.9997,723,1,723,900,0.00106967,73.1242
4120309021_20251120142129,happiness,/Users/geziwang/Desktop/teenager_ppg/cleaned_video_outputs/emotion_clips/4120309021_20251120142129/happiness.mp4,ok,ok,722,24,722,1,722,900,0.000772554,78.75
4120309021_20251120142129,fearness,/Users/geziwang/Desktop/teenager_ppg/cleaned_video_outputs/emotion_clips/4120309021_20251120142129/fearness.mp4,ok,ok,722,24,722,1,722,900,0.000741117,90
4120309021_20251120142129,tension,/Users/geziwang/Desktop/teenager_ppg/cleaned_video_outputs/emotion_clips/4120309021_20251120142129/tension.mp4,ok,ok,720,24,720,1,720,900,0.00083459,78.75
4120309022_20251120142958,calm,/Users/geziwang/Desktop/teenager_ppg/cleaned_video_outputs/emotion_clips/4120309022_20251120142958/calm.mp4,ok,ok,727,23.9997,727,1,727,900,0.000841987,89.999
4120309022_20251120142958,sadness,/Users/geziwang/Desktop/teenager_ppg/cleaned_video_outputs/emotion_clips/4120309022_20251120142958/sadness.mp4,ok,ok,722,23.9997,722,1,722,900,0.00108967,73.1242
4120309022_20251120142958,happiness,/Users/geziwang/Desktop/teenager_ppg/cleaned_video_outputs/emotion_clips/4120309022_20251120142958/happiness.mp4,ok,ok,721,24,721,1,721,900,0.000931566,67.5
4120309022_20251120142958,fearness,/Users/geziwang/Desktop/teenager_ppg/cleaned_video_outputs/emotion_clips/4120309022_20251120142958/fearness.mp4,ok,ok,721,24,721,1,721,900,0.000860902,61.875
4120309022_20251120142958,tension,/Users/geziwang/Desktop/teenager_ppg/cleaned_video_outputs/emotion_clips/4120309022_20251120142958/tension.mp4,ok,ok,719,24,719,1,719,900,0.000815526,56.25
4120309023_20251120143833,calm,/Users/geziwang/Desktop/teenager_ppg/cleaned_video_outputs/emotion_clips/4120309023_20251120143833/calm.mp4,ok,ok,728,23.9997,728,1,728,900,0.00111203,61.8743
4120309023_20251120143833,sadness,/Users/geziwang/Desktop/teenager_ppg/cleaned_video_outputs/emotion_clips/4120309023_20251120143833/sadness.mp4,ok,ok,721,23.9997,721,1,721,900,0.00278905,61.8743
4120309023_20251120143833,happiness,/Users/geziwang/Desktop/teenager_ppg/cleaned_video_outputs/emotion_clips/4120309023_20251120143833/happiness.mp4,ok,ok,720,24,720,1,720,900,0.00116114,45
4120309023_20251120143833,fearness,/Users/geziwang/Desktop/teenager_ppg/cleaned_video_outputs/emotion_clips/4120309023_20251120143833/fearness.mp4,ok,ok,720,24,720,1,720,900,0.00225108,56.25
4120309023_20251120143833,tension,/Users/geziwang/Desktop/teenager_ppg/cleaned_video_outputs/emotion_clips/4120309023_20251120143833/tension.mp4,ok,ok,718,24,718,1,718,900,0.000954978,61.875
4120309024_20251120144546,calm,/Users/geziwang/Desktop/teenager_ppg/cleaned_video_outputs/emotion_clips/4120309024_20251120144546/calm.mp4,ok,ok,730,23.9997,730,1,730,900,0.000929725,61.8743
4120309024_20251120144546,sadness,/Users/geziwang/Desktop/teenager_ppg/cleaned_video_outputs/emotion_clips/4120309024_20251120144546/sadness.mp4,ok,ok,721,23.9997,721,1,721,900,0.00116602,89.999
4120309024_20251120144546,happiness,/Users/geziwang/Desktop/teenager_ppg/cleaned_video_outputs/emotion_clips/4120309024_20251120144546/happiness.mp4,ok,ok,720,24,720,1,720,900,0.00105254,84.375
4120309024_20251120144546,fearness,/Users/geziwang/Desktop/teenager_ppg/cleaned_video_outputs/emotion_clips/4120309024_20251120144546/fearness.mp4,ok,ok,720,24,720,1,720,900,0.000859767,61.875
4120309024_20251120144546,tension,/Users/geziwang/Desktop/teenager_ppg/cleaned_video_outputs/emotion_clips/4120309024_20251120144546/tension.mp4,ok,ok,718,24,718,1,718,900,0.000982494,112.5
4120309025_20251120145237,calm,/Users/geziwang/Desktop/teenager_ppg/cleaned_video_outputs/emotion_clips/4120309025_20251120145237/calm.mp4,ok,ok,730,23.9997,730,1,730,900,0.00116928,89.999
4120309025_20251120145237,sadness,/Users/geziwang/Desktop/teenager_ppg/cleaned_video_outputs/emotion_clips/4120309025_20251120145237/sadness.mp4,ok,ok,723,23.9997,723,1,723,900,0.000846921,84.3741
4120309025_20251120145237,happiness,/Users/geziwang/Desktop/teenager_ppg/cleaned_video_outputs/emotion_clips/4120309025_20251120145237/happiness.mp4,ok,ok,722,24,722,1,722,900,0.000817226,56.25
4120309025_20251120145237,fearness,/Users/geziwang/Desktop/teenager_ppg/cleaned_video_outputs/emotion_clips/4120309025_20251120145237/fearness.mp4,ok,ok,722,24,722,1,722,900,0.000862089,73.125
4120309025_20251120145237,tension,/Users/geziwang/Desktop/teenager_ppg/cleaned_video_outputs/emotion_clips/4120309025_20251120145237/tension.mp4,ok,ok,719,24,719,1,719,900,0.000974238,61.875
4120309026_20251120145921,calm,/Users/geziwang/Desktop/teenager_ppg/cleaned_video_outputs/emotion_clips/4120309026_20251120145921/calm.mp4,ok,ok,731,23.9997,731,1,731,900,0.000948893,67.4993
4120309026_20251120145921,sadness,/Users/geziwang/Desktop/teenager_ppg/cleaned_video_outputs/emotion_clips/4120309026_20251120145921/sadness.mp4,ok,ok,721,23.9997,721,1,721,900,0.000912886,50.6244
4120309026_20251120145921,happiness,/Users/geziwang/Desktop/teenager_ppg/cleaned_video_outputs/emotion_clips/4120309026_20251120145921/happiness.mp4,ok,ok,720,24,720,1,720,900,0.000958626,61.875
4120309026_20251120145921,fearness,/Users/geziwang/Desktop/teenager_ppg/cleaned_video_outputs/emotion_clips/4120309026_20251120145921/fearness.mp4,ok,ok,721,24,721,1,721,900,0.000698519,61.875
4120309026_20251120145921,tension,/Users/geziwang/Desktop/teenager_ppg/cleaned_video_outputs/emotion_clips/4120309026_20251120145921/tension.mp4,ok,ok,717,24,717,1,717,900,0.000738089,84.375
4120309027_20251120150556,calm,/Users/geziwang/Desktop/teenager_ppg/cleaned_video_outputs/emotion_clips/4120309027_20251120150556/calm.mp4,ok,ok,729,23.9997,729,1,729,900,0.000846626,73.1242
4120309027_20251120150556,sadness,/Users/geziwang/Desktop/teenager_ppg/cleaned_video_outputs/emotion_clips/4120309027_20251120150556/sadness.mp4,ok,ok,722,23.9997,722,1,722,900,0.000933522,50.6244
4120309027_20251120150556,happiness,/Users/geziwang/Desktop/teenager_ppg/cleaned_video_outputs/emotion_clips/4120309027_20251120150556/happiness.mp4,ok,ok,721,24,721,1,721,900,0.00279225,67.5
4120309027_20251120150556,fearness,/Users/geziwang/Desktop/teenager_ppg/cleaned_video_outputs/emotion_clips/4120309027_20251120150556/fearness.mp4,ok,ok,721,24,721,1,721,900,0.000661487,95.625
4120309027_20251120150556,tension,/Users/geziwang/Desktop/teenager_ppg/cleaned_video_outputs/emotion_clips/4120309027_20251120150556/tension.mp4,ok,ok,719,24,719,1,719,900,0.000885901,84.375
4120309028_20251120151214,calm,/Users/geziwang/Desktop/teenager_ppg/cleaned_video_outputs/emotion_clips/4120309028_20251120151214/calm.mp4,ok,ok,730,23.9997,730,1,730,900,0.000850597,61.8743
4120309028_20251120151214,sadness,/Users/geziwang/Desktop/teenager_ppg/cleaned_video_outputs/emotion_clips/4120309028_20251120151214/sadness.mp4,ok,ok,722,23.9997,722,1,722,900,0.00127709,78.7491
4120309028_20251120151214,happiness,/Users/geziwang/Desktop/teenager_ppg/cleaned_video_outputs/emotion_clips/4120309028_20251120151214/happiness.mp4,ok,ok,722,24,722,1,722,900,0.00085788,61.875
4120309028_20251120151214,fearness,/Users/geziwang/Desktop/teenager_ppg/cleaned_video_outputs/emotion_clips/4120309028_20251120151214/fearness.mp4,ok,ok,721,24,721,1,721,900,0.000823596,50.625
4120309028_20251120151214,tension,/Users/geziwang/Desktop/teenager_ppg/cleaned_video_outputs/emotion_clips/4120309028_20251120151214/tension.mp4,ok,ok,719,24,719,1,719,900,0.000705277,78.75
4120706001_20251120090210,calm,/Users/geziwang/Desktop/teenager_ppg/cleaned_video_outputs/emotion_clips/4120706001_20251120090210/calm.mp4,ok,ok,730,23.9997,730,1,730,900,0.000997806,50.6244
4120706001_20251120090210,sadness,/Users/geziwang/Desktop/teenager_ppg/cleaned_video_outputs/emotion_clips/4120706001_20251120090210/sadness.mp4,ok,ok,722,23.9997,722,1,722,900,0.00133702,67.4993
4120706001_20251120090210,happiness,/Users/geziwang/Desktop/teenager_ppg/cleaned_video_outputs/emotion_clips/4120706001_20251120090210/happiness.mp4,ok,ok,721,24,721,1,721,900,0.00104779,73.125
4120706001_20251120090210,fearness,/Users/geziwang/Desktop/teenager_ppg/cleaned_video_outputs/emotion_clips/4120706001_20251120090210/fearness.mp4,ok,ok,721,24,721,1,721,900,0.000944899,73.125
4120706001_20251120090210,tension,/Users/geziwang/Desktop/teenager_ppg/cleaned_video_outputs/emotion_clips/4120706001_20251120090210/tension.mp4,ok,ok,719,24,719,1,719,900,0.000781142,90
4120706002_20251120091100,calm,/Users/geziwang/Desktop/teenager_ppg/cleaned_video_outputs/emotion_clips/4120706002_20251120091100/calm.mp4,ok,ok,730,23.9997,730,1,730,900,0.000990662,73.1242
4120706002_20251120091100,sadness,/Users/geziwang/Desktop/teenager_ppg/cleaned_video_outputs/emotion_clips/4120706002_20251120091100/sadness.mp4,ok,ok,719,23.9997,719,1,719,900,0.00104413,73.1242
4120706002_20251120091100,happiness,/Users/geziwang/Desktop/teenager_ppg/cleaned_video_outputs/emotion_clips/4120706002_20251120091100/happiness.mp4,ok,ok,719,24,719,1,719,900,0.000973907,73.125
4120706002_20251120091100,fearness,/Users/geziwang/Desktop/teenager_ppg/cleaned_video_outputs/emotion_clips/4120706002_20251120091100/fearness.mp4,ok,ok,719,24,719,1,719,900,0.00110081,73.125
4120706002_20251120091100,tension,/Users/geziwang/Desktop/teenager_ppg/cleaned_video_outputs/emotion_clips/4120706002_20251120091100/tension.mp4,ok,ok,717,24,717,1,717,900,0.00102351,73.125
4120706003_20251120091738,calm,/Users/geziwang/Desktop/teenager_ppg/cleaned_video_outputs/emotion_clips/4120706003_20251120091738/calm.mp4,ok,ok,728,23.9997,728,1,728,900,0.000906247,73.1242
4120706003_20251120091738,sadness,/Users/geziwang/Desktop/teenager_ppg/cleaned_video_outputs/emotion_clips/4120706003_20251120091738/sadness.mp4,ok,ok,722,23.9997,722,1,722,900,0.000877576,44.9995
4120706003_20251120091738,happiness,/Users/geziwang/Desktop/teenager_ppg/cleaned_video_outputs/emotion_clips/4120706003_20251120091738/happiness.mp4,ok,ok,721,24,721,1,721,900,0.000734736,73.125
4120706003_20251120091738,fearness,/Users/geziwang/Desktop/teenager_ppg/cleaned_video_outputs/emotion_clips/4120706003_20251120091738/fearness.mp4,ok,ok,721,24,721,1,721,900,0.00106568,56.25
4120706003_20251120091738,tension,/Users/geziwang/Desktop/teenager_ppg/cleaned_video_outputs/emotion_clips/4120706003_20251120091738/tension.mp4,ok,ok,719,24,719,1,719,900,0.000864099,73.125
4120706004_20251120092705,calm,/Users/geziwang/Desktop/teenager_ppg/cleaned_video_outputs/emotion_clips/4120706004_20251120092705/calm.mp4,ok,ok,729,23.9997,729,1,729,900,0.00116735,61.8743
4120706004_20251120092705,sadness,/Users/geziwang/Desktop/teenager_ppg/cleaned_video_outputs/emotion_clips/4120706004_20251120092705/sadness.mp4,ok,ok,723,23.9997,723,1,723,900,0.00153562,73.1242
4120706004_20251120092705,happiness,/Users/geziwang/Desktop/teenager_ppg/cleaned_video_outputs/emotion_clips/4120706004_20251120092705/happiness.mp4,ok,ok,722,24,722,1,722,900,0.000923068,50.625
4120706004_20251120092705,fearness,/Users/geziwang/Desktop/teenager_ppg/cleaned_video_outputs/emotion_clips/4120706004_20251120092705/fearness.mp4,ok,ok,722,24,722,1,722,900,0.000851447,67.5
4120706004_20251120092705,tension,/Users/geziwang/Desktop/teenager_ppg/cleaned_video_outputs/emotion_clips/4120706004_20251120092705/tension.mp4,ok,ok,719,24,719,1,719,900,0.00106031,61.875
4120706005_20251120093547,calm,/Users/geziwang/Desktop/teenager_ppg/cleaned_video_outputs/emotion_clips/4120706005_20251120093547/calm.mp4,ok,ok,730,23.9997,730,1,730,900,0.0012541,67.4993
4120706005_20251120093547,sadness,/Users/geziwang/Desktop/teenager_ppg/cleaned_video_outputs/emotion_clips/4120706005_20251120093547/sadness.mp4,ok,ok,722,23.9997,722,1,722,900,0.00149002,56.2494
4120706005_20251120093547,happiness,/Users/geziwang/Desktop/teenager_ppg/cleaned_video_outputs/emotion_clips/4120706005_20251120093547/happiness.mp4,ok,ok,721,24,721,1,721,900,0.00124865,67.5
4120706005_20251120093547,fearness,/Users/geziwang/Desktop/teenager_ppg/cleaned_video_outputs/emotion_clips/4120706005_20251120093547/fearness.mp4,ok,ok,721,24,721,1,721,900,0.00129803,67.5
4120706005_20251120093547,tension,/Users/geziwang/Desktop/teenager_ppg/cleaned_video_outputs/emotion_clips/4120706005_20251120093547/tension.mp4,ok,ok,718,24,718,1,718,900,0.00107473,90
4120706006_20251120094439,calm,/Users/geziwang/Desktop/teenager_ppg/cleaned_video_outputs/emotion_clips/4120706006_20251120094439/calm.mp4,ok,ok,730,23.9997,730,1,730,900,0.000836139,56.2494
4120706006_20251120094439,sadness,/Users/geziwang/Desktop/teenager_ppg/cleaned_video_outputs/emotion_clips/4120706006_20251120094439/sadness.mp4,ok,ok,721,23.9997,721,1,721,900,0.0013027,67.4993
4120706006_20251120094439,happiness,/Users/geziwang/Desktop/teenager_ppg/cleaned_video_outputs/emotion_clips/4120706006_20251120094439/happiness.mp4,ok,ok,720,24,720,1,720,900,0.00096419,61.875
4120706006_20251120094439,fearness,/Users/geziwang/Desktop/teenager_ppg/cleaned_video_outputs/emotion_clips/4120706006_20251120094439/fearness.mp4,ok,ok,720,24,720,1,720,900,0.000746764,61.875
4120706006_20251120094439,tension,/Users/geziwang/Desktop/teenager_ppg/cleaned_video_outputs/emotion_clips/4120706006_20251120094439/tension.mp4,ok,ok,718,24,718,1,718,900,0.000854863,61.875
4120706007_20251120095301,calm,/Users/geziwang/Desktop/teenager_ppg/cleaned_video_outputs/emotion_clips/4120706007_20251120095301/calm.mp4,ok,ok,731,23.9997,731,1,731,900,0.00081046,89.999
4120706007_20251120095301,sadness,/Users/geziwang/Desktop/teenager_ppg/cleaned_video_outputs/emotion_clips/4120706007_20251120095301/sadness.mp4,ok,ok,722,23.9997,722,1,722,900,0.00115246,89.999
4120706007_20251120095301,happiness,/Users/geziwang/Desktop/teenager_ppg/cleaned_video_outputs/emotion_clips/4120706007_20251120095301/happiness.mp4,ok,ok,721,24,721,1,721,900,0.00101308,90
4120706007_20251120095301,fearness,/Users/geziwang/Desktop/teenager_ppg/cleaned_video_outputs/emotion_clips/4120706007_20251120095301/fearness.mp4,ok,ok,721,24,721,1,721,900,0.00111951,73.125
4120706007_20251120095301,tension,/Users/geziwang/Desktop/teenager_ppg/cleaned_video_outputs/emotion_clips/4120706007_20251120095301/tension.mp4,ok,ok,719,24,719,1,719,900,0.000971774,90
4120706009_20251120101401,calm,/Users/geziwang/Desktop/teenager_ppg/cleaned_video_outputs/emotion_clips/4120706009_20251120101401/calm.mp4,ok,ok,730,23.9997,730,1,730,900,0.000954653,73.1242
4120706009_20251120101401,sadness,/Users/geziwang/Desktop/teenager_ppg/cleaned_video_outputs/emotion_clips/4120706009_20251120101401/sadness.mp4,ok,ok,722,23.9997,722,1,722,900,0.000858135,78.7491
4120706009_20251120101401,happiness,/Users/geziwang/Desktop/teenager_ppg/cleaned_video_outputs/emotion_clips/4120706009_20251120101401/happiness.mp4,ok,ok,722,24,722,1,722,900,0.00080556,78.75
4120706009_20251120101401,fearness,/Users/geziwang/Desktop/teenager_ppg/cleaned_video_outputs/emotion_clips/4120706009_20251120101401/fearness.mp4,ok,ok,721,24,721,1,721,900,0.000853689,61.875
4120706009_20251120101401,tension,/Users/geziwang/Desktop/teenager_ppg/cleaned_video_outputs/emotion_clips/4120706009_20251120101401/tension.mp4,ok,ok,719,24,719,1,719,900,0.00137137,61.875
4120707008_20251120100528,calm,/Users/geziwang/Desktop/teenager_ppg/cleaned_video_outputs/emotion_clips/4120707008_20251120100528/calm.mp4,ok,ok,730,23.9997,730,1,730,900,0.000820768,61.8743
4120707008_20251120100528,sadness,/Users/geziwang/Desktop/teenager_ppg/cleaned_video_outputs/emotion_clips/4120707008_20251120100528/sadness.mp4,ok,ok,723,23.9997,723,1,723,900,0.00132843,56.2494
4120707008_20251120100528,happiness,/Users/geziwang/Desktop/teenager_ppg/cleaned_video_outputs/emotion_clips/4120707008_20251120100528/happiness.mp4,ok,ok,722,24,722,1,722,900,0.000989567,84.375
4120707008_20251120100528,fearness,/Users/geziwang/Desktop/teenager_ppg/cleaned_video_outputs/emotion_clips/4120707008_20251120100528/fearness.mp4,ok,ok,722,24,722,1,722,900,0.000989487,67.5
4120707008_20251120100528,tension,/Users/geziwang/Desktop/teenager_ppg/cleaned_video_outputs/emotion_clips/4120707008_20251120100528/tension.mp4,ok,ok,719,24,719,1,719,900,0.000799534,56.25
4120707010_20251120102207,calm,/Users/geziwang/Desktop/teenager_ppg/cleaned_video_outputs/emotion_clips/4120707010_20251120102207/calm.mp4,ok,ok,731,23.9997,731,1,731,900,0.0034021,50.6244
4120707010_20251120102207,sadness,/Users/geziwang/Desktop/teenager_ppg/cleaned_video_outputs/emotion_clips/4120707010_20251120102207/sadness.mp4,ok,ok,721,23.9997,721,1,721,900,0.00338546,56.2494
4120707010_20251120102207,happiness,/Users/geziwang/Desktop/teenager_ppg/cleaned_video_outputs/emotion_clips/4120707010_20251120102207/happiness.mp4,ok,ok,721,24,721,1,721,900,0.00269509,45
4120707010_20251120102207,fearness,/Users/geziwang/Desktop/teenager_ppg/cleaned_video_outputs/emotion_clips/4120707010_20251120102207/fearness.mp4,ok,ok,720,24,720,1,720,900,0.000657705,56.25
4120707010_20251120102207,tension,/Users/geziwang/Desktop/teenager_ppg/cleaned_video_outputs/emotion_clips/4120707010_20251120102207/tension.mp4,ok,ok,719,24,719,1,719,900,0.00293874,50.625
4120707011_20251120103056,calm,/Users/geziwang/Desktop/teenager_ppg/cleaned_video_outputs/emotion_clips/4120707011_20251120103056/calm.mp4,ok,ok,730,23.9997,730,1,730,900,0.000627996,50.6244
4120707011_20251120103056,sadness,/Users/geziwang/Desktop/teenager_ppg/cleaned_video_outputs/emotion_clips/4120707011_20251120103056/sadness.mp4,ok,ok,721,23.9997,721,1,721,900,0.000811976,61.8743
4120707011_20251120103056,happiness,/Users/geziwang/Desktop/teenager_ppg/cleaned_video_outputs/emotion_clips/4120707011_20251120103056/happiness.mp4,ok,ok,721,24,721,1,721,900,0.000628456,50.625
4120707011_20251120103056,fearness,/Users/geziwang/Desktop/teenager_ppg/cleaned_video_outputs/emotion_clips/4120707011_20251120103056/fearness.mp4,ok,ok,720,24,720,1,720,900,0.000780727,95.625
4120707011_20251120103056,tension,/Users/geziwang/Desktop/teenager_ppg/cleaned_video_outputs/emotion_clips/4120707011_20251120103056/tension.mp4,ok,ok,719,24,719,1,719,900,0.000664185,90
4120707012_20251120103809,calm,/Users/geziwang/Desktop/teenager_ppg/cleaned_video_outputs/emotion_clips/4120707012_20251120103809/calm.mp4,ok,ok,730,23.9997,730,1,730,900,0.00091775,56.2494
4120707012_20251120103809,sadness,/Users/geziwang/Desktop/teenager_ppg/cleaned_video_outputs/emotion_clips/4120707012_20251120103809/sadness.mp4,ok,ok,720,23.9997,720,1,720,900,0.00103307,67.4993
4120707012_20251120103809,happiness,/Users/geziwang/Desktop/teenager_ppg/cleaned_video_outputs/emotion_clips/4120707012_20251120103809/happiness.mp4,ok,ok,720,24,720,1,720,900,0.00118105,61.875
4120707012_20251120103809,fearness,/Users/geziwang/Desktop/teenager_ppg/cleaned_video_outputs/emotion_clips/4120707012_20251120103809/fearness.mp4,ok,ok,720,24,720,1,720,900,0.00172034,61.875
4120707012_20251120103809,tension,/Users/geziwang/Desktop/teenager_ppg/cleaned_video_outputs/emotion_clips/4120707012_20251120103809/tension.mp4,ok,ok,717,24,717,1,717,900,0.000975925,61.875
4120707013_20251120104515,calm,/Users/geziwang/Desktop/teenager_ppg/cleaned_video_outputs/emotion_clips/4120707013_20251120104515/calm.mp4,ok,ok,731,23.9997,731,1,731,900,0.00120894,61.8743
4120707013_20251120104515,sadness,/Users/geziwang/Desktop/teenager_ppg/cleaned_video_outputs/emotion_clips/4120707013_20251120104515/sadness.mp4,ok,ok,722,23.9997,722,1,722,900,0.000915392,61.8743
4120707013_20251120104515,happiness,/Users/geziwang/Desktop/teenager_ppg/cleaned_video_outputs/emotion_clips/4120707013_20251120104515/happiness.mp4,ok,ok,721,24,721,1,721,900,0.000510969,78.75
4120707013_20251120104515,fearness,/Users/geziwang/Desktop/teenager_ppg/cleaned_video_outputs/emotion_clips/4120707013_20251120104515/fearness.mp4,ok,ok,721,24,721,1,721,900,0.000719312,84.375
4120707013_20251120104515,tension,/Users/geziwang/Desktop/teenager_ppg/cleaned_video_outputs/emotion_clips/4120707013_20251120104515/tension.mp4,ok,ok,718,24,718,1,718,900,0.000978454,118.125
4120707014_20251120105359,calm,/Users/geziwang/Desktop/teenager_ppg/cleaned_video_outputs/emotion_clips/4120707014_20251120105359/calm.mp4,ok,ok,730,23.9997,730,1,730,900,0.00163622,44.9995
4120707014_20251120105359,sadness,/Users/geziwang/Desktop/teenager_ppg/cleaned_video_outputs/emotion_clips/4120707014_20251120105359/sadness.mp4,ok,ok,721,23.9997,721,1,721,900,0.00207421,112.499
4120707014_20251120105359,happiness,/Users/geziwang/Desktop/teenager_ppg/cleaned_video_outputs/emotion_clips/4120707014_20251120105359/happiness.mp4,ok,ok,720,24,720,1,720,900,0.00168009,50.625
4120707014_20251120105359,fearness,/Users/geziwang/Desktop/teenager_ppg/cleaned_video_outputs/emotion_clips/4120707014_20251120105359/fearness.mp4,ok,ok,721,24,721,1,721,900,0.00167631,61.875
4120707014_20251120105359,tension,/Users/geziwang/Desktop/teenager_ppg/cleaned_video_outputs/emotion_clips/4120707014_20251120105359/tension.mp4,ok,ok,718,24,718,1,718,900,0.00142196,67.5
4120708015_20251120110844,calm,/Users/geziwang/Desktop/teenager_ppg/cleaned_video_outputs/emotion_clips/4120708015_20251120110844/calm.mp4,ok,ok,730,23.9997,730,1,730,900,0.00101168,84.3741
4120708015_20251120110844,sadness,/Users/geziwang/Desktop/teenager_ppg/cleaned_video_outputs/emotion_clips/4120708015_20251120110844/sadness.mp4,ok,ok,722,23.9997,722,1,722,900,0.00137123,67.4993
4120708015_20251120110844,happiness,/Users/geziwang/Desktop/teenager_ppg/cleaned_video_outputs/emotion_clips/4120708015_20251120110844/happiness.mp4,ok,ok,722,24,722,1,722,900,0.0010569,56.25
4120708015_20251120110844,fearness,/Users/geziwang/Desktop/teenager_ppg/cleaned_video_outputs/emotion_clips/4120708015_20251120110844/fearness.mp4,ok,ok,721,24,721,1,721,900,0.000980334,61.875
4120708015_20251120110844,tension,/Users/geziwang/Desktop/teenager_ppg/cleaned_video_outputs/emotion_clips/4120708015_20251120110844/tension.mp4,ok,ok,720,24,720,1,720,900,0.00116065,118.125
4120708016_20251120111626,calm,/Users/geziwang/Desktop/teenager_ppg/cleaned_video_outputs/emotion_clips/4120708016_20251120111626/calm.mp4,ok,ok,731,23.9997,731,1,731,900,0.00109519,78.7491
4120708016_20251120111626,sadness,/Users/geziwang/Desktop/teenager_ppg/cleaned_video_outputs/emotion_clips/4120708016_20251120111626/sadness.mp4,ok,ok,722,23.9997,722,1,722,900,0.00156749,78.7491
4120708016_20251120111626,happiness,/Users/geziwang/Desktop/teenager_ppg/cleaned_video_outputs/emotion_clips/4120708016_20251120111626/happiness.mp4,ok,ok,722,24,722,1,722,900,0.00140989,61.875
4120708016_20251120111626,fearness,/Users/geziwang/Desktop/teenager_ppg/cleaned_video_outputs/emotion_clips/4120708016_20251120111626/fearness.mp4,ok,ok,721,24,721,1,721,900,0.00140689,67.5
4120708016_20251120111626,tension,/Users/geziwang/Desktop/teenager_ppg/cleaned_video_outputs/emotion_clips/4120708016_20251120111626/tension.mp4,ok,ok,719,24,719,1,719,900,0.00137829,73.125
4120708017_20251120112740,calm,/Users/geziwang/Desktop/teenager_ppg/cleaned_video_outputs/emotion_clips/4120708017_20251120112740/calm.mp4,ok,ok,728,23.9997,728,1,728,900,0.000691866,106.874
4120708017_20251120112740,sadness,/Users/geziwang/Desktop/teenager_ppg/cleaned_video_outputs/emotion_clips/4120708017_20251120112740/sadness.mp4,ok,ok,722,23.9997,722,1,722,900,0.00101099,61.8743
4120708017_20251120112740,happiness,/Users/geziwang/Desktop/teenager_ppg/cleaned_video_outputs/emotion_clips/4120708017_20251120112740/happiness.mp4,ok,ok,722,24,722,1,722,900,0.000918092,78.75
4120708017_20251120112740,fearness,/Users/geziwang/Desktop/teenager_ppg/cleaned_video_outputs/emotion_clips/4120708017_20251120112740/fearness.mp4,ok,ok,721,24,721,1,721,900,0.000920283,56.25
4120708017_20251120112740,tension,/Users/geziwang/Desktop/teenager_ppg/cleaned_video_outputs/emotion_clips/4120708017_20251120112740/tension.mp4,ok,ok,719,24,719,1,719,900,0.000845065,61.875
4120708018_20251120113744,calm,/Users/geziwang/Desktop/teenager_ppg/cleaned_video_outputs/emotion_clips/4120708018_20251120113744/calm.mp4,ok,ok,729,23.9997,729,1,729,900,0.000772452,73.1242
4120708018_20251120113744,sadness,/Users/geziwang/Desktop/teenager_ppg/cleaned_video_outputs/emotion_clips/4120708018_20251120113744/sadness.mp4,ok,ok,722,23.9997,722,1,722,900,0.000663779,61.8743
4120708018_20251120113744,happiness,/Users/geziwang/Desktop/teenager_ppg/cleaned_video_outputs/emotion_clips/4120708018_20251120113744/happiness.mp4,ok,ok,722,24,722,1,722,900,0.00076894,50.625
4120708018_20251120113744,fearness,/Users/geziwang/Desktop/teenager_ppg/cleaned_video_outputs/emotion_clips/4120708018_20251120113744/fearness.mp4,ok,ok,721,24,721,1,721,900,0.000877702,67.5
4120708018_20251120113744,tension,/Users/geziwang/Desktop/teenager_ppg/cleaned_video_outputs/emotion_clips/4120708018_20251120113744/tension.mp4,ok,ok,720,24,720,1,720,900,0.00064964,56.25
4120708037_20251120162244,calm,/Users/geziwang/Desktop/teenager_ppg/cleaned_video_outputs/emotion_clips/4120708037_20251120162244/calm.mp4,ok,ok,731,23.9997,731,1,731,900,0.000764824,95.624
4120708037_20251120162244,sadness,/Users/geziwang/Desktop/teenager_ppg/cleaned_video_outputs/emotion_clips/4120708037_20251120162244/sadness.mp4,ok,ok,722,23.9997,722,1,722,900,0.00114387,78.7491
4120708037_20251120162244,happiness,/Users/geziwang/Desktop/teenager_ppg/cleaned_video_outputs/emotion_clips/4120708037_20251120162244/happiness.mp4,ok,ok,721,24,721,1,721,900,0.000740145,73.125
4120708037_20251120162244,fearness,/Users/geziwang/Desktop/teenager_ppg/cleaned_video_outputs/emotion_clips/4120708037_20251120162244/fearness.mp4,ok,ok,721,24,721,1,721,900,0.000933599,61.875
4120708037_20251120162244,tension,/Users/geziwang/Desktop/teenager_ppg/cleaned_video_outputs/emotion_clips/4120708037_20251120162244/tension.mp4,ok,ok,719,24,719,1,719,900,0.000748335,73.125
4120708038_20251120162955,calm,/Users/geziwang/Desktop/teenager_ppg/cleaned_video_outputs/emotion_clips/4120708038_20251120162955/calm.mp4,ok,ok,731,23.9997,731,1,731,900,0.000677719,61.8743
4120708038_20251120162955,sadness,/Users/geziwang/Desktop/teenager_ppg/cleaned_video_outputs/emotion_clips/4120708038_20251120162955/sadness.mp4,ok,ok,723,23.9997,723,1,723,900,0.00130586,50.6244
4120708038_20251120162955,happiness,/Users/geziwang/Desktop/teenager_ppg/cleaned_video_outputs/emotion_clips/4120708038_20251120162955/happiness.mp4,ok,ok,722,24,722,1,722,900,0.0011519,84.375
4120708038_20251120162955,fearness,/Users/geziwang/Desktop/teenager_ppg/cleaned_video_outputs/emotion_clips/4120708038_20251120162955/fearness.mp4,ok,ok,722,24,722,1,722,900,0.000842135,101.25
4120708038_20251120162955,tension,/Users/geziwang/Desktop/teenager_ppg/cleaned_video_outputs/emotion_clips/4120708038_20251120162955/tension.mp4,ok,ok,720,24,720,1,720,900,0.000588773,61.875
4120708039_20251120163943,calm,/Users/geziwang/Desktop/teenager_ppg/cleaned_video_outputs/emotion_clips/4120708039_20251120163943/calm.mp4,ok,ok,732,23.9997,732,1,732,900,0.000801932,67.4993
4120708039_20251120163943,sadness,/Users/geziwang/Desktop/teenager_ppg/cleaned_video_outputs/emotion_clips/4120708039_20251120163943/sadness.mp4,ok,ok,721,23.9997,721,1,721,900,0.00124597,56.2494
4120708039_20251120163943,happiness,/Users/geziwang/Desktop/teenager_ppg/cleaned_video_outputs/emotion_clips/4120708039_20251120163943/happiness.mp4,ok,ok,720,24,720,1,720,900,0.000872,84.375
4120708039_20251120163943,fearness,/Users/geziwang/Desktop/teenager_ppg/cleaned_video_outputs/emotion_clips/4120708039_20251120163943/fearness.mp4,ok,ok,721,24,721,1,721,900,0.00139081,73.125
4120708039_20251120163943,tension,/Users/geziwang/Desktop/teenager_ppg/cleaned_video_outputs/emotion_clips/4120708039_20251120163943/tension.mp4,ok,ok,717,24,717,1,717,900,0.00146593,84.375
4120708040_20251120164802,calm,/Users/geziwang/Desktop/teenager_ppg/cleaned_video_outputs/emotion_clips/4120708040_20251120164802/calm.mp4,ok,ok,729,23.9997,729,1,729,900,0.00100249,56.2494
4120708040_20251120164802,sadness,/Users/geziwang/Desktop/teenager_ppg/cleaned_video_outputs/emotion_clips/4120708040_20251120164802/sadness.mp4,ok,ok,721,23.9997,721,1,721,900,0.00137717,95.6239
4120708040_20251120164802,happiness,/Users/geziwang/Desktop/teenager_ppg/cleaned_video_outputs/emotion_clips/4120708040_20251120164802/happiness.mp4,ok,ok,720,24,720,1,720,900,0.000794208,67.5
4120708040_20251120164802,fearness,/Users/geziwang/Desktop/teenager_ppg/cleaned_video_outputs/emotion_clips/4120708040_20251120164802/fearness.mp4,ok,ok,721,24,721,1,721,900,0.000715256,61.875
4120708040_20251120164802,tension,/Users/geziwang/Desktop/teenager_ppg/cleaned_video_outputs/emotion_clips/4120708040_20251120164802/tension.mp4,ok,ok,717,24,717,1,717,900,0.000826227,67.5
4120905006_20251128110717,calm,/Users/geziwang/Desktop/teenager_ppg/cleaned_video_outputs/emotion_clips/4120905006_20251128110717/calm.mp4,ok,ok,730,23.9997,730,1,730,900,0.00158032,101.249
4120905006_20251128110717,sadness,/Users/geziwang/Desktop/teenager_ppg/cleaned_video_outputs/emotion_clips/4120905006_20251128110717/sadness.mp4,ok,ok,722,23.9997,722,1,722,900,0.00119088,89.999
4120905006_20251128110717,happiness,/Users/geziwang/Desktop/teenager_ppg/cleaned_video_outputs/emotion_clips/4120905006_20251128110717/happiness.mp4,ok,ok,722,24,722,1,722,900,0.00129572,61.875
4120905006_20251128110717,fearness,/Users/geziwang/Desktop/teenager_ppg/cleaned_video_outputs/emotion_clips/4120905006_20251128110717/fearness.mp4,ok,ok,721,24,721,1,721,900,0.00102349,56.25
4120905006_20251128110717,tension,/Users/geziwang/Desktop/teenager_ppg/cleaned_video_outputs/emotion_clips/4120905006_20251128110717/tension.mp4,ok,ok,719,24,719,1,719,900,0.00113851,61.875
4120905007_20251128111559,calm,/Users/geziwang/Desktop/teenager_ppg/cleaned_video_outputs/emotion_clips/4120905007_20251128111559/calm.mp4,ok,ok,730,23.9997,730,1,730,900,0.00207452,61.8743
4120905007_20251128111559,sadness,/Users/geziwang/Desktop/teenager_ppg/cleaned_video_outputs/emotion_clips/4120905007_20251128111559/sadness.mp4,ok,ok,722,23.9997,722,1,722,900,0.00180579,73.1242
4120905007_20251128111559,happiness,/Users/geziwang/Desktop/teenager_ppg/cleaned_video_outputs/emotion_clips/4120905007_20251128111559/happiness.mp4,ok,ok,722,24,722,1,722,900,0.00235043,56.25
4120905007_20251128111559,fearness,/Users/geziwang/Desktop/teenager_ppg/cleaned_video_outputs/emotion_clips/4120905007_20251128111559/fearness.mp4,ok,ok,721,24,721,1,721,900,0.00122476,50.625
4120905007_20251128111559,tension,/Users/geziwang/Desktop/teenager_ppg/cleaned_video_outputs/emotion_clips/4120905007_20251128111559/tension.mp4,ok,ok,719,24,719,1,719,900,0.00084113,73.125
4120905008_20251128112220,calm,/Users/geziwang/Desktop/teenager_ppg/cleaned_video_outputs/emotion_clips/4120905008_20251128112220/calm.mp4,ok,ok,731,23.9997,731,1,731,900,0.000947742,78.7491
4120905008_20251128112220,sadness,/Users/geziwang/Desktop/teenager_ppg/cleaned_video_outputs/emotion_clips/4120905008_20251128112220/sadness.mp4,ok,ok,722,23.9997,722,1,722,900,0.00141776,73.1242
4120905008_20251128112220,happiness,/Users/geziwang/Desktop/teenager_ppg/cleaned_video_outputs/emotion_clips/4120905008_20251128112220/happiness.mp4,ok,ok,721,24,721,1,721,900,0.000925435,67.5
4120905008_20251128112220,fearness,/Users/geziwang/Desktop/teenager_ppg/cleaned_video_outputs/emotion_clips/4120905008_20251128112220/fearness.mp4,ok,ok,721,24,721,1,721,900,0.000899259,61.875
4120905008_20251128112220,tension,/Users/geziwang/Desktop/teenager_ppg/cleaned_video_outputs/emotion_clips/4120905008_20251128112220/tension.mp4,ok,ok,719,24,719,1,719,900,0.000736091,73.125
4120905009_20251128112837,calm,/Users/geziwang/Desktop/teenager_ppg/cleaned_video_outputs/emotion_clips/4120905009_20251128112837/calm.mp4,ok,ok,731,23.9997,731,1,731,900,0.00118514,61.8743
4120905009_20251128112837,sadness,/Users/geziwang/Desktop/teenager_ppg/cleaned_video_outputs/emotion_clips/4120905009_20251128112837/sadness.mp4,ok,ok,724,23.9997,724,1,724,900,0.00219446,50.6244
4120905009_20251128112837,happiness,/Users/geziwang/Desktop/teenager_ppg/cleaned_video_outputs/emotion_clips/4120905009_20251128112837/happiness.mp4,ok,ok,723,24,723,1,723,900,0.00114453,61.875
4120905009_20251128112837,fearness,/Users/geziwang/Desktop/teenager_ppg/cleaned_video_outputs/emotion_clips/4120905009_20251128112837/fearness.mp4,ok,ok,723,24,723,1,723,900,0.00107236,61.875
4120905009_20251128112837,tension,/Users/geziwang/Desktop/teenager_ppg/cleaned_video_outputs/emotion_clips/4120905009_20251128112837/tension.mp4,ok,ok,721,24,721,1,721,900,0.00106574,67.5
4120905010_20251128113449,calm,/Users/geziwang/Desktop/teenager_ppg/cleaned_video_outputs/emotion_clips/4120905010_20251128113449/calm.mp4,ok,ok,730,23.9997,730,1,730,900,0.00106301,67.4993
4120905010_20251128113449,sadness,/Users/geziwang/Desktop/teenager_ppg/cleaned_video_outputs/emotion_clips/4120905010_20251128113449/sadness.mp4,ok,ok,723,23.9997,723,1,723,900,0.00123635,61.8743
4120905010_20251128113449,happiness,/Users/geziwang/Desktop/teenager_ppg/cleaned_video_outputs/emotion_clips/4120905010_20251128113449/happiness.mp4,ok,ok,722,24,722,1,722,900,0.00125313,56.25
4120905010_20251128113449,fearness,/Users/geziwang/Desktop/teenager_ppg/cleaned_video_outputs/emotion_clips/4120905010_20251128113449/fearness.mp4,ok,ok,722,24,722,1,722,900,0.00104894,61.875
4120905010_20251128113449,tension,/Users/geziwang/Desktop/teenager_ppg/cleaned_video_outputs/emotion_clips/4120905010_20251128113449/tension.mp4,ok,ok,720,24,720,1,720,900,0.00102292,67.5
4120905011_20251128114100,calm,/Users/geziwang/Desktop/teenager_ppg/cleaned_video_outputs/emotion_clips/4120905011_20251128114100/calm.mp4,ok,ok,731,23.9997,731,1,731,900,0.0011036,89.999
4120905011_20251128114100,sadness,/Users/geziwang/Desktop/teenager_ppg/cleaned_video_outputs/emotion_clips/4120905011_20251128114100/sadness.mp4,ok,ok,722,23.9997,722,1,722,900,0.00103339,89.999
4120905011_20251128114100,happiness,/Users/geziwang/Desktop/teenager_ppg/cleaned_video_outputs/emotion_clips/4120905011_20251128114100/happiness.mp4,ok,ok,722,24,722,1,722,900,0.00107304,45
4120905011_20251128114100,fearness,/Users/geziwang/Desktop/teenager_ppg/cleaned_video_outputs/emotion_clips/4120905011_20251128114100/fearness.mp4,ok,ok,721,24,721,1,721,900,0.000998199,61.875
4120905011_20251128114100,tension,/Users/geziwang/Desktop/teenager_ppg/cleaned_video_outputs/emotion_clips/4120905011_20251128114100/tension.mp4,ok,ok,719,24,719,1,719,900,0.00114999,84.375
4120907001_20251128094507,calm,/Users/geziwang/Desktop/teenager_ppg/cleaned_video_outputs/emotion_clips/4120907001_20251128094507/calm.mp4,ok,ok,731,23.9997,731,1,731,900,0.00646678,50.6244
4120907001_20251128094507,sadness,/Users/geziwang/Desktop/teenager_ppg/cleaned_video_outputs/emotion_clips/4120907001_20251128094507/sadness.mp4,ok,ok,722,23.9997,722,1,722,900,0.00102919,61.8743
4120907001_20251128094507,happiness,/Users/geziwang/Desktop/teenager_ppg/cleaned_video_outputs/emotion_clips/4120907001_20251128094507/happiness.mp4,ok,ok,721,24,721,1,721,900,0.000974829,73.125
4120907001_20251128094507,fearness,/Users/geziwang/Desktop/teenager_ppg/cleaned_video_outputs/emotion_clips/4120907001_20251128094507/fearness.mp4,ok,ok,721,24,721,1,721,900,0.00089293,61.875
4120907001_20251128094507,tension,/Users/geziwang/Desktop/teenager_ppg/cleaned_video_outputs/emotion_clips/4120907001_20251128094507/tension.mp4,ok,ok,719,24,719,1,719,900,0.00145337,163.125
4120907002_20251128095137,calm,/Users/geziwang/Desktop/teenager_ppg/cleaned_video_outputs/emotion_clips/4120907002_20251128095137/calm.mp4,ok,ok,730,23.9997,730,1,730,900,0.000934827,56.2494
4120907002_20251128095137,sadness,/Users/geziwang/Desktop/teenager_ppg/cleaned_video_outputs/emotion_clips/4120907002_20251128095137/sadness.mp4,ok,ok,721,23.9997,721,1,721,900,0.0016202,56.2494
4120907002_20251128095137,happiness,/Users/geziwang/Desktop/teenager_ppg/cleaned_video_outputs/emotion_clips/4120907002_20251128095137/happiness.mp4,ok,ok,720,24,720,1,720,900,0.00113327,73.125
4120907002_20251128095137,fearness,/Users/geziwang/Desktop/teenager_ppg/cleaned_video_outputs/emotion_clips/4120907002_20251128095137/fearness.mp4,ok,ok,720,24,720,1,720,900,0.00101273,56.25
4120907002_20251128095137,tension,/Users/geziwang/Desktop/teenager_ppg/cleaned_video_outputs/emotion_clips/4120907002_20251128095137/tension.mp4,ok,ok,718,24,718,1,718,900,0.00512532,50.625
4120907003_20251128095909,calm,/Users/geziwang/Desktop/teenager_ppg/cleaned_video_outputs/emotion_clips/4120907003_20251128095909/calm.mp4,ok,ok,728,23.9997,728,1,728,900,0.00112546,50.6244
4120907003_20251128095909,sadness,/Users/geziwang/Desktop/teenager_ppg/cleaned_video_outputs/emotion_clips/4120907003_20251128095909/sadness.mp4,ok,ok,721,23.9997,721,1,721,900,0.00100149,129.374
4120907003_20251128095909,happiness,/Users/geziwang/Desktop/teenager_ppg/cleaned_video_outputs/emotion_clips/4120907003_20251128095909/happiness.mp4,ok,ok,720,24,720,1,720,900,0.00166721,67.5
4120907003_20251128095909,fearness,/Users/geziwang/Desktop/teenager_ppg/cleaned_video_outputs/emotion_clips/4120907003_20251128095909/fearness.mp4,ok,ok,721,24,721,1,721,900,0.000785285,56.25
4120907003_20251128095909,tension,/Users/geziwang/Desktop/teenager_ppg/cleaned_video_outputs/emotion_clips/4120907003_20251128095909/tension.mp4,ok,ok,717,24,717,1,717,900,0.000829616,56.25
4120907004_20251128100543,calm,/Users/geziwang/Desktop/teenager_ppg/cleaned_video_outputs/emotion_clips/4120907004_20251128100543/calm.mp4,ok,ok,731,23.9997,731,1,731,900,0.00103632,67.4993
4120907004_20251128100543,sadness,/Users/geziwang/Desktop/teenager_ppg/cleaned_video_outputs/emotion_clips/4120907004_20251128100543/sadness.mp4,ok,ok,722,23.9997,722,1,722,900,0.00129886,61.8743
4120907004_20251128100543,happiness,/Users/geziwang/Desktop/teenager_ppg/cleaned_video_outputs/emotion_clips/4120907004_20251128100543/happiness.mp4,ok,ok,722,24,722,1,722,900,0.00113126,61.875
4120907004_20251128100543,fearness,/Users/geziwang/Desktop/teenager_ppg/cleaned_video_outputs/emotion_clips/4120907004_20251128100543/fearness.mp4,ok,ok,721,24,721,1,721,900,0.00116232,61.875
4120907004_20251128100543,tension,/Users/geziwang/Desktop/teenager_ppg/cleaned_video_outputs/emotion_clips/4120907004_20251128100543/tension.mp4,ok,ok,719,24,719,1,719,900,0.00115724,61.875
4120907005_20251128101349,calm,/Users/geziwang/Desktop/teenager_ppg/cleaned_video_outputs/emotion_clips/4120907005_20251128101349/calm.mp4,ok,ok,729,23.9997,729,1,729,900,0.00120596,73.1242
4120907005_20251128101349,sadness,/Users/geziwang/Desktop/teenager_ppg/cleaned_video_outputs/emotion_clips/4120907005_20251128101349/sadness.mp4,ok,ok,722,23.9997,722,1,722,900,0.00148444,56.2494
4120907005_20251128101349,happiness,/Users/geziwang/Desktop/teenager_ppg/cleaned_video_outputs/emotion_clips/4120907005_20251128101349/happiness.mp4,ok,ok,721,24,721,1,721,900,0.00146317,95.625
4120907005_20251128101349,fearness,/Users/geziwang/Desktop/teenager_ppg/cleaned_video_outputs/emotion_clips/4120907005_20251128101349/fearness.mp4,ok,ok,721,24,721,1,721,900,0.00193542,67.5
4120907005_20251128101349,tension,/Users/geziwang/Desktop/teenager_ppg/cleaned_video_outputs/emotion_clips/4120907005_20251128101349/tension.mp4,ok,ok,719,24,719,1,719,900,0.00171639,61.875
4121005041_20251121084843,calm,/Users/geziwang/Desktop/teenager_ppg/cleaned_video_outputs/emotion_clips/4121005041_20251121084843/calm.mp4,ok,ok,728,23.9997,728,1,728,900,0.0173996,106.874
4121005041_20251121084843,sadness,/Users/geziwang/Desktop/teenager_ppg/cleaned_video_outputs/emotion_clips/4121005041_20251121084843/sadness.mp4,ok,ok,721,23.9997,721,1,721,900,0.00883822,50.6244
4121005041_20251121084843,happiness,/Users/geziwang/Desktop/teenager_ppg/cleaned_video_outputs/emotion_clips/4121005041_20251121084843/happiness.mp4,ok,ok,720,24,720,1,720,900,0.00175337,78.75
4121005041_20251121084843,fearness,/Users/geziwang/Desktop/teenager_ppg/cleaned_video_outputs/emotion_clips/4121005041_20251121084843/fearness.mp4,ok,ok,720,24,720,1,720,900,0.00228223,56.25
4121005041_20251121084843,tension,/Users/geziwang/Desktop/teenager_ppg/cleaned_video_outputs/emotion_clips/4121005041_20251121084843/tension.mp4,ok,ok,718,24,718,1,718,900,0.00277828,61.875
4121005042_20251121090029,calm,/Users/geziwang/Desktop/teenager_ppg/cleaned_video_outputs/emotion_clips/4121005042_20251121090029/calm.mp4,ok,ok,727,23.9997,727,1,727,900,0.00102483,61.8743
4121005042_20251121090029,sadness,/Users/geziwang/Desktop/teenager_ppg/cleaned_video_outputs/emotion_clips/4121005042_20251121090029/sadness.mp4,ok,ok,722,23.9997,722,1,722,900,0.000920656,78.7491
4121005042_20251121090029,happiness,/Users/geziwang/Desktop/teenager_ppg/cleaned_video_outputs/emotion_clips/4121005042_20251121090029/happiness.mp4,ok,ok,721,24,721,1,721,900,0.000986736,78.75
4121005042_20251121090029,fearness,/Users/geziwang/Desktop/teenager_ppg/cleaned_video_outputs/emotion_clips/4121005042_20251121090029/fearness.mp4,ok,ok,721,24,721,1,721,900,0.000849258,78.75
4121005042_20251121090029,tension,/Users/geziwang/Desktop/teenager_ppg/cleaned_video_outputs/emotion_clips/4121005042_20251121090029/tension.mp4,ok,ok,719,24,719,1,719,900,0.000854805,56.25
4121005043_20251121091451,calm,/Users/geziwang/Desktop/teenager_ppg/cleaned_video_outputs/emotion_clips/4121005043_20251121091451/calm.mp4,ok,ok,729,23.9997,729,1,729,900,0.00156937,56.2494
4121005043_20251121091451,sadness,/Users/geziwang/Desktop/teenager_ppg/cleaned_video_outputs/emotion_clips/4121005043_20251121091451/sadness.mp4,ok,ok,722,23.9997,722,1,722,900,0.00132664,106.874
4121005043_20251121091451,happiness,/Users/geziwang/Desktop/teenager_ppg/cleaned_video_outputs/emotion_clips/4121005043_20251121091451/happiness.mp4,ok,ok,721,24,721,1,721,900,0.00126532,56.25
4121005043_20251121091451,fearness,/Users/geziwang/Desktop/teenager_ppg/cleaned_video_outputs/emotion_clips/4121005043_20251121091451/fearness.mp4,ok,ok,721,24,721,1,721,900,0.00170623,78.75
4121005043_20251121091451,tension,/Users/geziwang/Desktop/teenager_ppg/cleaned_video_outputs/emotion_clips/4121005043_20251121091451/tension.mp4,ok,ok,719,24,719,1,719,900,0.00125547,61.875
4121005044_20251121094800,calm,/Users/geziwang/Desktop/teenager_ppg/cleaned_video_outputs/emotion_clips/4121005044_20251121094800/calm.mp4,ok,ok,715,23.9997,715,1,715,900,0.00132745,67.4992
4121005044_20251121094800,sadness,/Users/geziwang/Desktop/teenager_ppg/cleaned_video_outputs/emotion_clips/4121005044_20251121094800/sadness.mp4,ok,ok,720,23.9997,720,1,720,900,0.00133815,67.4993
4121005044_20251121094800,happiness,/Users/geziwang/Desktop/teenager_ppg/cleaned_video_outputs/emotion_clips/4121005044_20251121094800/happiness.mp4,ok,ok,720,24,720,1,720,900,0.00107605,50.625
4121005044_20251121094800,fearness,/Users/geziwang/Desktop/teenager_ppg/cleaned_video_outputs/emotion_clips/4121005044_20251121094800/fearness.mp4,ok,ok,720,24,720,1,720,900,0.00108817,73.125
4121005044_20251121094800,tension,/Users/geziwang/Desktop/teenager_ppg/cleaned_video_outputs/emotion_clips/4121005044_20251121094800/tension.mp4,ok,ok,718,24,718,1,718,900,0.00104231,61.875
4121005045_20251121095502,calm,/Users/geziwang/Desktop/teenager_ppg/cleaned_video_outputs/emotion_clips/4121005045_20251121095502/calm.mp4,ok,ok,729,23.9997,729,1,729,900,0.000593662,73.1242
4121005045_20251121095502,sadness,/Users/geziwang/Desktop/teenager_ppg/cleaned_video_outputs/emotion_clips/4121005045_20251121095502/sadness.mp4,ok,ok,722,23.9997,722,1,722,900,0.00127689,78.7491
4121005045_20251121095502,happiness,/Users/geziwang/Desktop/teenager_ppg/cleaned_video_outputs/emotion_clips/4121005045_20251121095502/happiness.mp4,ok,ok,722,24,722,1,722,900,0.000939851,73.125
4121005045_20251121095502,fearness,/Users/geziwang/Desktop/teenager_ppg/cleaned_video_outputs/emotion_clips/4121005045_20251121095502/fearness.mp4,ok,ok,722,24,722,1,722,900,0.000693384,67.5
4121005045_20251121095502,tension,/Users/geziwang/Desktop/teenager_ppg/cleaned_video_outputs/emotion_clips/4121005045_20251121095502/tension.mp4,ok,ok,720,24,720,1,720,900,0.000713225,67.5
4121005046_20251121100910,calm,/Users/geziwang/Desktop/teenager_ppg/cleaned_video_outputs/emotion_clips/4121005046_20251121100910/calm.mp4,ok,ok,729,23.9997,729,1,729,900,0.00116447,50.6244
4121005046_20251121100910,sadness,/Users/geziwang/Desktop/teenager_ppg/cleaned_video_outputs/emotion_clips/4121005046_20251121100910/sadness.mp4,ok,ok,722,23.9997,722,1,722,900,0.00117234,84.3741
4121005046_20251121100910,happiness,/Users/geziwang/Desktop/teenager_ppg/cleaned_video_outputs/emotion_clips/4121005046_20251121100910/happiness.mp4,ok,ok,722,24,722,1,722,900,0.000882416,84.375
4121005046_20251121100910,fearness,/Users/geziwang/Desktop/teenager_ppg/cleaned_video_outputs/emotion_clips/4121005046_20251121100910/fearness.mp4,ok,ok,721,24,721,1,721,900,0.000955556,50.625
4121005046_20251121100910,tension,/Users/geziwang/Desktop/teenager_ppg/cleaned_video_outputs/emotion_clips/4121005046_20251121100910/tension.mp4,ok,ok,719,24,719,1,719,900,0.000954817,78.75
4121005047_20251121101616,calm,/Users/geziwang/Desktop/teenager_ppg/cleaned_video_outputs/emotion_clips/4121005047_20251121101616/calm.mp4,ok,ok,729,23.9997,729,1,729,900,0.000931005,73.1242
4121005047_20251121101616,sadness,/Users/geziwang/Desktop/teenager_ppg/cleaned_video_outputs/emotion_clips/4121005047_20251121101616/sadness.mp4,ok,ok,722,23.9997,722,1,722,900,0.00137762,50.6244
4121005047_20251121101616,happiness,/Users/geziwang/Desktop/teenager_ppg/cleaned_video_outputs/emotion_clips/4121005047_20251121101616/happiness.mp4,ok,ok,722,24,722,1,722,900,0.00120358,95.625
4121005047_20251121101616,fearness,/Users/geziwang/Desktop/teenager_ppg/cleaned_video_outputs/emotion_clips/4121005047_20251121101616/fearness.mp4,ok,ok,721,24,721,1,721,900,0.00121277,50.625
4121005047_20251121101616,tension,/Users/geziwang/Desktop/teenager_ppg/cleaned_video_outputs/emotion_clips/4121005047_20251121101616/tension.mp4,ok,ok,719,24,719,1,719,900,0.00142943,73.125
4121006048_20251121102437,calm,/Users/geziwang/Desktop/teenager_ppg/cleaned_video_outputs/emotion_clips/4121006048_20251121102437/calm.mp4,ok,ok,730,23.9997,730,1,730,900,0.00130713,61.8743
4121006048_20251121102437,sadness,/Users/geziwang/Desktop/teenager_ppg/cleaned_video_outputs/emotion_clips/4121006048_20251121102437/sadness.mp4,ok,ok,720,23.9997,720,1,720,900,0.00135901,61.8743
4121006048_20251121102437,happiness,/Users/geziwang/Desktop/teenager_ppg/cleaned_video_outputs/emotion_clips/4121006048_20251121102437/happiness.mp4,ok,ok,720,24,720,1,720,900,0.00100303,67.5
4121006048_20251121102437,fearness,/Users/geziwang/Desktop/teenager_ppg/cleaned_video_outputs/emotion_clips/4121006048_20251121102437/fearness.mp4,ok,ok,720,24,720,1,720,900,0.00105701,67.5
4121006048_20251121102437,tension,/Users/geziwang/Desktop/teenager_ppg/cleaned_video_outputs/emotion_clips/4121006048_20251121102437/tension.mp4,ok,ok,718,24,718,1,718,900,0.00125913,67.5
4121006049_20251121103218,calm,/Users/geziwang/Desktop/teenager_ppg/cleaned_video_outputs/emotion_clips/4121006049_20251121103218/calm.mp4,ok,ok,730,23.9997,730,1,730,900,0.00101821,61.8743
4121006049_20251121103218,sadness,/Users/geziwang/Desktop/teenager_ppg/cleaned_video_outputs/emotion_clips/4121006049_20251121103218/sadness.mp4,ok,ok,721,23.9997,721,1,721,900,0.0010722,73.1242
4121006049_20251121103218,happiness,/Users/geziwang/Desktop/teenager_ppg/cleaned_video_outputs/emotion_clips/4121006049_20251121103218/happiness.mp4,ok,ok,720,24,720,1,720,900,0.00093099,73.125
4121006049_20251121103218,fearness,/Users/geziwang/Desktop/teenager_ppg/cleaned_video_outputs/emotion_clips/4121006049_20251121103218/fearness.mp4,ok,ok,720,24,720,1,720,900,0.00088978,67.5
4121006049_20251121103218,tension,/Users/geziwang/Desktop/teenager_ppg/cleaned_video_outputs/emotion_clips/4121006049_20251121103218/tension.mp4,ok,ok,718,24,718,1,718,900,0.00093352,73.125
4121006057_20251121113025,calm,/Users/geziwang/Desktop/teenager_ppg/cleaned_video_outputs/emotion_clips/4121006057_20251121113025/calm.mp4,ok,ok,731,23.9997,731,1,731,900,0.000776578,67.4993
4121006057_20251121113025,sadness,/Users/geziwang/Desktop/teenager_ppg/cleaned_video_outputs/emotion_clips/4121006057_20251121113025/sadness.mp4,ok,ok,720,23.9997,720,1,720,900,0.001724,95.6239
4121006057_20251121113025,happiness,/Users/geziwang/Desktop/teenager_ppg/cleaned_video_outputs/emotion_clips/4121006057_20251121113025/happiness.mp4,ok,ok,719,24,719,1,719,900,0.000832843,95.625
4121006057_20251121113025,fearness,/Users/geziwang/Desktop/teenager_ppg/cleaned_video_outputs/emotion_clips/4121006057_20251121113025/fearness.mp4,ok,ok,719,24,719,1,719,900,0.000888243,67.5
4121006057_20251121113025,tension,/Users/geziwang/Desktop/teenager_ppg/cleaned_video_outputs/emotion_clips/4121006057_20251121113025/tension.mp4,ok,ok,717,24,717,1,717,900,0.00102337,56.25
4121006058_20251121114006,calm,/Users/geziwang/Desktop/teenager_ppg/cleaned_video_outputs/emotion_clips/4121006058_20251121114006/calm.mp4,ok,ok,727,23.9997,727,1,727,900,0.0011417,61.8743
4121006058_20251121114006,sadness,/Users/geziwang/Desktop/teenager_ppg/cleaned_video_outputs/emotion_clips/4121006058_20251121114006/sadness.mp4,ok,ok,721,23.9997,721,1,721,900,0.00172212,56.2494
4121006058_20251121114006,happiness,/Users/geziwang/Desktop/teenager_ppg/cleaned_video_outputs/emotion_clips/4121006058_20251121114006/happiness.mp4,ok,ok,721,24,721,1,721,900,0.00116693,84.375
4121006058_20251121114006,fearness,/Users/geziwang/Desktop/teenager_ppg/cleaned_video_outputs/emotion_clips/4121006058_20251121114006/fearness.mp4,ok,ok,720,24,720,1,720,900,0.000959099,73.125
4121006058_20251121114006,tension,/Users/geziwang/Desktop/teenager_ppg/cleaned_video_outputs/emotion_clips/4121006058_20251121114006/tension.mp4,ok,ok,719,24,719,1,719,900,0.000865041,78.75
4121007050_20251121103927,calm,/Users/geziwang/Desktop/teenager_ppg/cleaned_video_outputs/emotion_clips/4121007050_20251121103927/calm.mp4,ok,ok,728,23.9997,728,1,728,900,0.000858564,73.1242
4121007050_20251121103927,sadness,/Users/geziwang/Desktop/teenager_ppg/cleaned_video_outputs/emotion_clips/4121007050_20251121103927/sadness.mp4,ok,ok,721,23.9997,721,1,721,900,0.00178717,73.1242
4121007050_20251121103927,happiness,/Users/geziwang/Desktop/teenager_ppg/cleaned_video_outputs/emotion_clips/4121007050_20251121103927/happiness.mp4,ok,ok,720,24,720,1,720,900,0.00144382,78.75
4121007050_20251121103927,fearness,/Users/geziwang/Desktop/teenager_ppg/cleaned_video_outputs/emotion_clips/4121007050_20251121103927/fearness.mp4,ok,ok,720,24,720,1,720,900,0.000966644,73.125
4121007050_20251121103927,tension,/Users/geziwang/Desktop/teenager_ppg/cleaned_video_outputs/emotion_clips/4121007050_20251121103927/tension.mp4,ok,ok,718,24,718,1,718,900,0.00135247,78.75
4121007051_20251121104549,calm,/Users/geziwang/Desktop/teenager_ppg/cleaned_video_outputs/emotion_clips/4121007051_20251121104549/calm.mp4,ok,ok,731,23.9997,731,1,731,900,0.000769395,73.1242
4121007051_20251121104549,sadness,/Users/geziwang/Desktop/teenager_ppg/cleaned_video_outputs/emotion_clips/4121007051_20251121104549/sadness.mp4,ok,ok,722,23.9997,722,1,722,900,0.000913022,73.1242
4121007051_20251121104549,happiness,/Users/geziwang/Desktop/teenager_ppg/cleaned_video_outputs/emotion_clips/4121007051_20251121104549/happiness.mp4,ok,ok,721,24,721,1,721,900,0.000713426,84.375
4121007051_20251121104549,fearness,/Users/geziwang/Desktop/teenager_ppg/cleaned_video_outputs/emotion_clips/4121007051_20251121104549/fearness.mp4,ok,ok,721,24,721,1,721,900,0.000732309,78.75
4121007051_20251121104549,tension,/Users/geziwang/Desktop/teenager_ppg/cleaned_video_outputs/emotion_clips/4121007051_20251121104549/tension.mp4,ok,ok,719,24,719,1,719,900,0.000767319,67.5
4121007052_20251121105208,calm,/Users/geziwang/Desktop/teenager_ppg/cleaned_video_outputs/emotion_clips/4121007052_20251121105208/calm.mp4,ok,ok,729,23.9997,729,1,729,900,0.000673705,78.7491
4121007052_20251121105208,sadness,/Users/geziwang/Desktop/teenager_ppg/cleaned_video_outputs/emotion_clips/4121007052_20251121105208/sadness.mp4,ok,ok,722,23.9997,722,1,722,900,0.000787306,78.7491
4121007052_20251121105208,happiness,/Users/geziwang/Desktop/teenager_ppg/cleaned_video_outputs/emotion_clips/4121007052_20251121105208/happiness.mp4,ok,ok,722,24,722,1,722,900,0.00120339,56.25
4121007052_20251121105208,fearness,/Users/geziwang/Desktop/teenager_ppg/cleaned_video_outputs/emotion_clips/4121007052_20251121105208/fearness.mp4,ok,ok,721,24,721,1,721,900,0.00074225,84.375
4121007052_20251121105208,tension,/Users/geziwang/Desktop/teenager_ppg/cleaned_video_outputs/emotion_clips/4121007052_20251121105208/tension.mp4,ok,ok,719,24,719,1,719,900,0.000680871,45
4121007053_20251121105815,calm,/Users/geziwang/Desktop/teenager_ppg/cleaned_video_outputs/emotion_clips/4121007053_20251121105815/calm.mp4,ok,ok,730,23.9997,730,1,730,900,0.00112802,56.2494
4121007053_20251121105815,sadness,/Users/geziwang/Desktop/teenager_ppg/cleaned_video_outputs/emotion_clips/4121007053_20251121105815/sadness.mp4,ok,ok,722,23.9997,722,1,722,900,0.00156419,61.8743
4121007053_20251121105815,happiness,/Users/geziwang/Desktop/teenager_ppg/cleaned_video_outputs/emotion_clips/4121007053_20251121105815/happiness.mp4,ok,ok,721,24,721,1,721,900,0.00129663,61.875
4121007053_20251121105815,fearness,/Users/geziwang/Desktop/teenager_ppg/cleaned_video_outputs/emotion_clips/4121007053_20251121105815/fearness.mp4,ok,ok,721,24,721,1,721,900,0.00143787,56.25
4121007053_20251121105815,tension,/Users/geziwang/Desktop/teenager_ppg/cleaned_video_outputs/emotion_clips/4121007053_20251121105815/tension.mp4,ok,ok,719,24,719,1,719,900,0.00188324,61.875
4121007054_20251121110501,calm,/Users/geziwang/Desktop/teenager_ppg/cleaned_video_outputs/emotion_clips/4121007054_20251121110501/calm.mp4,ok,ok,731,23.9997,731,1,731,900,0.00119891,61.8743
4121007054_20251121110501,sadness,/Users/geziwang/Desktop/teenager_ppg/cleaned_video_outputs/emotion_clips/4121007054_20251121110501/sadness.mp4,ok,ok,721,23.9997,721,1,721,900,0.00107549,61.8743
4121007054_20251121110501,happiness,/Users/geziwang/Desktop/teenager_ppg/cleaned_video_outputs/emotion_clips/4121007054_20251121110501/happiness.mp4,ok,ok,720,24,720,1,720,900,0.00101609,67.5
4121007054_20251121110501,fearness,/Users/geziwang/Desktop/teenager_ppg/cleaned_video_outputs/emotion_clips/4121007054_20251121110501/fearness.mp4,ok,ok,721,24,721,1,721,900,0.00095598,67.5
4121007054_20251121110501,tension,/Users/geziwang/Desktop/teenager_ppg/cleaned_video_outputs/emotion_clips/4121007054_20251121110501/tension.mp4,ok,ok,717,24,717,1,717,900,0.000949206,61.875
4121007055_20251121111319,calm,/Users/geziwang/Desktop/teenager_ppg/cleaned_video_outputs/emotion_clips/4121007055_20251121111319/calm.mp4,ok,ok,731,23.9997,731,1,731,900,0.00122977,50.6244
4121007055_20251121111319,sadness,/Users/geziwang/Desktop/teenager_ppg/cleaned_video_outputs/emotion_clips/4121007055_20251121111319/sadness.mp4,ok,ok,723,23.9997,723,1,723,900,0.00135342,50.6244
4121007055_20251121111319,happiness,/Users/geziwang/Desktop/teenager_ppg/cleaned_video_outputs/emotion_clips/4121007055_20251121111319/happiness.mp4,ok,ok,722,24,722,1,722,900,0.00121268,61.875
4121007055_20251121111319,fearness,/Users/geziwang/Desktop/teenager_ppg/cleaned_video_outputs/emotion_clips/4121007055_20251121111319/fearness.mp4,ok,ok,722,24,722,1,722,900,0.00117106,67.5
4121007055_20251121111319,tension,/Users/geziwang/Desktop/teenager_ppg/cleaned_video_outputs/emotion_clips/4121007055_20251121111319/tension.mp4,ok,ok,720,24,720,1,720,900,0.00112949,61.875
4121007056_20251121112258,calm,/Users/geziwang/Desktop/teenager_ppg/cleaned_video_outputs/emotion_clips/4121007056_20251121112258/calm.mp4,ok,ok,730,23.9997,730,1,730,900,0.00101386,67.4993
4121007056_20251121112258,sadness,/Users/geziwang/Desktop/teenager_ppg/cleaned_video_outputs/emotion_clips/4121007056_20251121112258/sadness.mp4,ok,ok,720,23.9997,720,1,720,900,0.000937783,44.9995
4121007056_20251121112258,happiness,/Users/geziwang/Desktop/teenager_ppg/cleaned_video_outputs/emotion_clips/4121007056_20251121112258/happiness.mp4,ok,ok,720,24,720,1,720,900,0.000830748,78.75
4121007056_20251121112258,fearness,/Users/geziwang/Desktop/teenager_ppg/cleaned_video_outputs/emotion_clips/4121007056_20251121112258/fearness.mp4,ok,ok,719,24,719,1,719,900,0.00321987,90
4121007056_20251121112258,tension,/Users/geziwang/Desktop/teenager_ppg/cleaned_video_outputs/emotion_clips/4121007056_20251121112258/tension.mp4,ok,ok,718,24,718,1,718,900,0.00237197,95.625
4121201012_20251130103928,calm,/Users/geziwang/Desktop/teenager_ppg/cleaned_video_outputs/emotion_clips/4121201012_20251130103928/calm.mp4,ok,ok,729,23.9997,729,1,729,900,0.00060916,84.3741
4121201012_20251130103928,sadness,/Users/geziwang/Desktop/teenager_ppg/cleaned_video_outputs/emotion_clips/4121201012_20251130103928/sadness.mp4,ok,ok,722,23.9997,722,1,722,900,0.000716559,89.999
4121201012_20251130103928,happiness,/Users/geziwang/Desktop/teenager_ppg/cleaned_video_outputs/emotion_clips/4121201012_20251130103928/happiness.mp4,ok,ok,721,24,721,1,721,900,0.000511239,56.25
4121201012_20251130103928,fearness,/Users/geziwang/Desktop/teenager_ppg/cleaned_video_outputs/emotion_clips/4121201012_20251130103928/fearness.mp4,ok,ok,721,24,721,1,721,900,0.000752519,84.375
4121201012_20251130103928,tension,/Users/geziwang/Desktop/teenager_ppg/cleaned_video_outputs/emotion_clips/4121201012_20251130103928/tension.mp4,ok,ok,718,24,718,1,718,900,0.000687445,56.25
4121201013_20251130104759,calm,/Users/geziwang/Desktop/teenager_ppg/cleaned_video_outputs/emotion_clips/4121201013_20251130104759/calm.mp4,ok,ok,732,23.9997,732,1,732,900,0.000751289,67.4993
4121201013_20251130104759,sadness,/Users/geziwang/Desktop/teenager_ppg/cleaned_video_outputs/emotion_clips/4121201013_20251130104759/sadness.mp4,ok,ok,722,23.9997,722,1,722,900,0.00109412,73.1242
4121201013_20251130104759,happiness,/Users/geziwang/Desktop/teenager_ppg/cleaned_video_outputs/emotion_clips/4121201013_20251130104759/happiness.mp4,ok,ok,722,24,722,1,722,900,0.000817539,67.5
4121201013_20251130104759,fearness,/Users/geziwang/Desktop/teenager_ppg/cleaned_video_outputs/emotion_clips/4121201013_20251130104759/fearness.mp4,ok,ok,721,24,721,1,721,900,0.000917561,73.125
4121201013_20251130104759,tension,/Users/geziwang/Desktop/teenager_ppg/cleaned_video_outputs/emotion_clips/4121201013_20251130104759/tension.mp4,ok,ok,719,24,719,1,719,900,0.000959049,67.5
4121201014_20251130105425,calm,/Users/geziwang/Desktop/teenager_ppg/cleaned_video_outputs/emotion_clips/4121201014_20251130105425/calm.mp4,ok,ok,730,23.9997,730,1,730,900,0.000888657,78.7491
4121201014_20251130105425,sadness,/Users/geziwang/Desktop/teenager_ppg/cleaned_video_outputs/emotion_clips/4121201014_20251130105425/sadness.mp4,ok,ok,721,23.9997,721,1,721,900,0.00136074,78.7491
4121201014_20251130105425,happiness,/Users/geziwang/Desktop/teenager_ppg/cleaned_video_outputs/emotion_clips/4121201014_20251130105425/happiness.mp4,ok,ok,720,24,720,1,720,900,0.00108232,84.375
4121201014_20251130105425,fearness,/Users/geziwang/Desktop/teenager_ppg/cleaned_video_outputs/emotion_clips/4121201014_20251130105425/fearness.mp4,ok,ok,721,24,721,1,721,900,0.00103029,84.375
4121201014_20251130105425,tension,/Users/geziwang/Desktop/teenager_ppg/cleaned_video_outputs/emotion_clips/4121201014_20251130105425/tension.mp4,ok,ok,718,24,718,1,718,900,0.000854965,84.375
4121201015_20251130110638,calm,/Users/geziwang/Desktop/teenager_ppg/cleaned_video_outputs/emotion_clips/4121201015_20251130110638/calm.mp4,ok,ok,729,23.9997,729,1,729,900,0.000643166,73.1242
4121201015_20251130110638,sadness,/Users/geziwang/Desktop/teenager_ppg/cleaned_video_outputs/emotion_clips/4121201015_20251130110638/sadness.mp4,ok,ok,722,23.9997,722,1,722,900,0.00101679,84.3741
4121201015_20251130110638,happiness,/Users/geziwang/Desktop/teenager_ppg/cleaned_video_outputs/emotion_clips/4121201015_20251130110638/happiness.mp4,ok,ok,722,24,722,1,722,900,0.000657469,78.75
4121201015_20251130110638,fearness,/Users/geziwang/Desktop/teenager_ppg/cleaned_video_outputs/emotion_clips/4121201015_20251130110638/fearness.mp4,ok,ok,721,24,721,1,721,900,0.000697017,78.75
4121201015_20251130110638,tension,/Users/geziwang/Desktop/teenager_ppg/cleaned_video_outputs/emotion_clips/4121201015_20251130110638/tension.mp4,ok,ok,719,24,719,1,719,900,0.000716671,101.25
4121201016_20251130111404,calm,/Users/geziwang/Desktop/teenager_ppg/cleaned_video_outputs/emotion_clips/4121201016_20251130111404/calm.mp4,ok,ok,730,23.9997,730,1,730,900,0.00524318,67.4993
4121201016_20251130111404,sadness,/Users/geziwang/Desktop/teenager_ppg/cleaned_video_outputs/emotion_clips/4121201016_20251130111404/sadness.mp4,ok,ok,721,23.9997,721,1,721,900,0.00133754,61.8743
4121201016_20251130111404,happiness,/Users/geziwang/Desktop/teenager_ppg/cleaned_video_outputs/emotion_clips/4121201016_20251130111404/happiness.mp4,ok,ok,721,24,721,1,721,900,0.00116779,56.25
4121201016_20251130111404,fearness,/Users/geziwang/Desktop/teenager_ppg/cleaned_video_outputs/emotion_clips/4121201016_20251130111404/fearness.mp4,ok,ok,720,24,720,1,720,900,0.00084025,61.875
4121201016_20251130111404,tension,/Users/geziwang/Desktop/teenager_ppg/cleaned_video_outputs/emotion_clips/4121201016_20251130111404/tension.mp4,ok,ok,719,24,719,1,719,900,0.000767481,61.875
4121201017_20251130112015,calm,/Users/geziwang/Desktop/teenager_ppg/cleaned_video_outputs/emotion_clips/4121201017_20251130112015/calm.mp4,ok,ok,729,23.9997,729,1,729,900,0.00958844,67.4993
4121201017_20251130112015,sadness,/Users/geziwang/Desktop/teenager_ppg/cleaned_video_outputs/emotion_clips/4121201017_20251130112015/sadness.mp4,ok,ok,721,23.9997,721,1,721,900,0.00136073,56.2494
4121201017_20251130112015,happiness,/Users/geziwang/Desktop/teenager_ppg/cleaned_video_outputs/emotion_clips/4121201017_20251130112015/happiness.mp4,ok,ok,720,24,720,1,720,900,0.000605777,84.375
4121201017_20251130112015,fearness,/Users/geziwang/Desktop/teenager_ppg/cleaned_video_outputs/emotion_clips/4121201017_20251130112015/fearness.mp4,ok,ok,721,24,721,1,721,900,0.000936489,61.875
4121201017_20251130112015,tension,/Users/geziwang/Desktop/teenager_ppg/cleaned_video_outputs/emotion_clips/4121201017_20251130112015/tension.mp4,ok,ok,717,24,717,1,717,900,0.000607919,84.375
4121201018_20251130112907,calm,/Users/geziwang/Desktop/teenager_ppg/cleaned_video_outputs/emotion_clips/4121201018_20251130112907/calm.mp4,ok,ok,730,23.9997,730,1,730,900,0.000892311,67.4993
4121201018_20251130112907,sadness,/Users/geziwang/Desktop/teenager_ppg/cleaned_video_outputs/emotion_clips/4121201018_20251130112907/sadness.mp4,ok,ok,722,23.9997,722,1,722,900,0.00124307,61.8743
4121201018_20251130112907,happiness,/Users/geziwang/Desktop/teenager_ppg/cleaned_video_outputs/emotion_clips/4121201018_20251130112907/happiness.mp4,ok,ok,721,24,721,1,721,900,0.00116287,67.5
4121201018_20251130112907,fearness,/Users/geziwang/Desktop/teenager_ppg/cleaned_video_outputs/emotion_clips/4121201018_20251130112907/fearness.mp4,ok,ok,721,24,721,1,721,900,0.000953939,73.125
4121201018_20251130112907,tension,/Users/geziwang/Desktop/teenager_ppg/cleaned_video_outputs/emotion_clips/4121201018_20251130112907/tension.mp4,ok,ok,719,24,719,1,719,900,0.00100423,67.5
4121201019_20251130113925,calm,/Users/geziwang/Desktop/teenager_ppg/cleaned_video_outputs/emotion_clips/4121201019_20251130113925/calm.mp4,ok,ok,728,23.9997,728,1,728,900,0.000923291,67.4993
4121201019_20251130113925,sadness,/Users/geziwang/Desktop/teenager_ppg/cleaned_video_outputs/emotion_clips/4121201019_20251130113925/sadness.mp4,ok,ok,721,23.9997,721,1,721,900,0.00125062,67.4993
4121201019_20251130113925,happiness,/Users/geziwang/Desktop/teenager_ppg/cleaned_video_outputs/emotion_clips/4121201019_20251130113925/happiness.mp4,ok,ok,720,24,720,1,720,900,0.000826394,61.875
4121201019_20251130113925,fearness,/Users/geziwang/Desktop/teenager_ppg/cleaned_video_outputs/emotion_clips/4121201019_20251130113925/fearness.mp4,ok,ok,721,24,721,1,721,900,0.000799044,67.5
4121201019_20251130113925,tension,/Users/geziwang/Desktop/teenager_ppg/cleaned_video_outputs/emotion_clips/4121201019_20251130113925/tension.mp4,ok,ok,717,24,717,1,717,900,0.000733143,67.5
4121201020_20251130114907,calm,/Users/geziwang/Desktop/teenager_ppg/cleaned_video_outputs/emotion_clips/4121201020_20251130114907/calm.mp4,ok,ok,728,23.9997,728,1,728,900,0.000875855,50.6244
4121201020_20251130114907,sadness,/Users/geziwang/Desktop/teenager_ppg/cleaned_video_outputs/emotion_clips/4121201020_20251130114907/sadness.mp4,ok,ok,721,23.9997,721,1,721,900,0.000909986,78.7491
4121201020_20251130114907,happiness,/Users/geziwang/Desktop/teenager_ppg/cleaned_video_outputs/emotion_clips/4121201020_20251130114907/happiness.mp4,ok,ok,721,24,721,1,721,900,0.00102972,61.875
4121201020_20251130114907,fearness,/Users/geziwang/Desktop/teenager_ppg/cleaned_video_outputs/emotion_clips/4121201020_20251130114907/fearness.mp4,ok,ok,720,24,720,1,720,900,0.000936243,61.875
4121201020_20251130114907,tension,/Users/geziwang/Desktop/teenager_ppg/cleaned_video_outputs/emotion_clips/4121201020_20251130114907/tension.mp4,ok,ok,719,24,719,1,719,900,0.000922907,90
4121201021_20251130135625,calm,/Users/geziwang/Desktop/teenager_ppg/cleaned_video_outputs/emotion_clips/4121201021_20251130135625/calm.mp4,ok,ok,731,23.9997,731,1,731,900,0.00127918,78.7491
4121201021_20251130135625,sadness,/Users/geziwang/Desktop/teenager_ppg/cleaned_video_outputs/emotion_clips/4121201021_20251130135625/sadness.mp4,ok,ok,721,23.9997,721,1,721,900,0.000943625,61.8743
4121201021_20251130135625,happiness,/Users/geziwang/Desktop/teenager_ppg/cleaned_video_outputs/emotion_clips/4121201021_20251130135625/happiness.mp4,ok,ok,720,24,720,1,720,900,0.000792465,61.875
4121201021_20251130135625,fearness,/Users/geziwang/Desktop/teenager_ppg/cleaned_video_outputs/emotion_clips/4121201021_20251130135625/fearness.mp4,ok,ok,721,24,721,1,721,900,0.00095853,56.25
4121201021_20251130135625,tension,/Users/geziwang/Desktop/teenager_ppg/cleaned_video_outputs/emotion_clips/4121201021_20251130135625/tension.mp4,ok,ok,717,24,717,1,717,900,0.000942673,95.625
4121209022_20251130141359,calm,/Users/geziwang/Desktop/teenager_ppg/cleaned_video_outputs/emotion_clips/4121209022_20251130141359/calm.mp4,ok,ok,729,23.9997,729,1,729,900,0.00095881,67.4993
4121209022_20251130141359,sadness,/Users/geziwang/Desktop/teenager_ppg/cleaned_video_outputs/emotion_clips/4121209022_20251130141359/sadness.mp4,ok,ok,722,23.9997,722,1,722,900,0.00115752,106.874
4121209022_20251130141359,happiness,/Users/geziwang/Desktop/teenager_ppg/cleaned_video_outputs/emotion_clips/4121209022_20251130141359/happiness.mp4,ok,ok,722,24,722,1,722,900,0.000842999,84.375
4121209022_20251130141359,fearness,/Users/geziwang/Desktop/teenager_ppg/cleaned_video_outputs/emotion_clips/4121209022_20251130141359/fearness.mp4,ok,ok,721,24,721,1,721,900,0.000930371,73.125
4121209022_20251130141359,tension,/Users/geziwang/Desktop/teenager_ppg/cleaned_video_outputs/emotion_clips/4121209022_20251130141359/tension.mp4,ok,ok,719,24,719,1,719,900,0.00102849,61.875
4121209023_20251130142241,calm,/Users/geziwang/Desktop/teenager_ppg/cleaned_video_outputs/emotion_clips/4121209023_20251130142241/calm.mp4,ok,ok,731,23.9997,731,1,731,900,0.000838993,61.8743
4121209023_20251130142241,sadness,/Users/geziwang/Desktop/teenager_ppg/cleaned_video_outputs/emotion_clips/4121209023_20251130142241/sadness.mp4,ok,ok,723,23.9997,723,1,723,900,0.000871992,67.4993
4121209023_20251130142241,happiness,/Users/geziwang/Desktop/teenager_ppg/cleaned_video_outputs/emotion_clips/4121209023_20251130142241/happiness.mp4,ok,ok,722,24,722,1,722,900,0.00100209,61.875
4121209023_20251130142241,fearness,/Users/geziwang/Desktop/teenager_ppg/cleaned_video_outputs/emotion_clips/4121209023_20251130142241/fearness.mp4,ok,ok,722,24,722,1,722,900,0.000813987,50.625
4121209023_20251130142241,tension,/Users/geziwang/Desktop/teenager_ppg/cleaned_video_outputs/emotion_clips/4121209023_20251130142241/tension.mp4,ok,ok,719,24,719,1,719,900,0.000761805,45
4121209024_20251130142949,calm,/Users/geziwang/Desktop/teenager_ppg/cleaned_video_outputs/emotion_clips/4121209024_20251130142949/calm.mp4,ok,ok,730,23.9997,730,1,730,900,0.000749815,101.249
4121209024_20251130142949,sadness,/Users/geziwang/Desktop/teenager_ppg/cleaned_video_outputs/emotion_clips/4121209024_20251130142949/sadness.mp4,ok,ok,723,23.9997,723,1,723,900,0.00083984,84.3741
4121209024_20251130142949,happiness,/Users/geziwang/Desktop/teenager_ppg/cleaned_video_outputs/emotion_clips/4121209024_20251130142949/happiness.mp4,ok,ok,722,24,722,1,722,900,0.000810035,56.25
4121209024_20251130142949,fearness,/Users/geziwang/Desktop/teenager_ppg/cleaned_video_outputs/emotion_clips/4121209024_20251130142949/fearness.mp4,ok,ok,722,24,722,1,722,900,0.00110392,78.75
4121209024_20251130142949,tension,/Users/geziwang/Desktop/teenager_ppg/cleaned_video_outputs/emotion_clips/4121209024_20251130142949/tension.mp4,ok,ok,719,24,719,1,719,900,0.000945677,61.875
4121209025_20251130143827,calm,/Users/geziwang/Desktop/teenager_ppg/cleaned_video_outputs/emotion_clips/4121209025_20251130143827/calm.mp4,ok,ok,730,23.9997,730,1,730,900,0.000976213,89.999
4121209025_20251130143827,sadness,/Users/geziwang/Desktop/teenager_ppg/cleaned_video_outputs/emotion_clips/4121209025_20251130143827/sadness.mp4,ok,ok,722,23.9997,722,1,722,900,0.00105577,73.1242
4121209025_20251130143827,happiness,/Users/geziwang/Desktop/teenager_ppg/cleaned_video_outputs/emotion_clips/4121209025_20251130143827/happiness.mp4,ok,ok,721,24,721,1,721,900,0.000924478,61.875
4121209025_20251130143827,fearness,/Users/geziwang/Desktop/teenager_ppg/cleaned_video_outputs/emotion_clips/4121209025_20251130143827/fearness.mp4,ok,ok,721,24,721,1,721,900,0.000980968,90
4121209025_20251130143827,tension,/Users/geziwang/Desktop/teenager_ppg/cleaned_video_outputs/emotion_clips/4121209025_20251130143827/tension.mp4,ok,ok,719,24,719,1,719,900,0.00112302,73.125
4121209026_20251130144657,calm,/Users/geziwang/Desktop/teenager_ppg/cleaned_video_outputs/emotion_clips/4121209026_20251130144657/calm.mp4,ok,ok,730,23.9997,730,1,730,900,0.00119111,50.6244
4121209026_20251130144657,sadness,/Users/geziwang/Desktop/teenager_ppg/cleaned_video_outputs/emotion_clips/4121209026_20251130144657/sadness.mp4,ok,ok,722,23.9997,722,1,722,900,0.000980604,73.1242
4121209026_20251130144657,happiness,/Users/geziwang/Desktop/teenager_ppg/cleaned_video_outputs/emotion_clips/4121209026_20251130144657/happiness.mp4,ok,ok,721,24,721,1,721,900,0.000716436,56.25
4121209026_20251130144657,fearness,/Users/geziwang/Desktop/teenager_ppg/cleaned_video_outputs/emotion_clips/4121209026_20251130144657/fearness.mp4,ok,ok,721,24,721,1,721,900,0.000931915,61.875
4121209026_20251130144657,tension,/Users/geziwang/Desktop/teenager_ppg/cleaned_video_outputs/emotion_clips/4121209026_20251130144657/tension.mp4,ok,ok,718,24,718,1,718,900,0.000853249,50.625
4121209027_20251130145549,calm,/Users/geziwang/Desktop/teenager_ppg/cleaned_video_outputs/emotion_clips/4121209027_20251130145549/calm.mp4,ok,ok,729,23.9997,729,1,729,900,0.00112379,78.7491
4121209027_20251130145549,sadness,/Users/geziwang/Desktop/teenager_ppg/cleaned_video_outputs/emotion_clips/4121209027_20251130145549/sadness.mp4,ok,ok,722,23.9997,722,1,722,900,0.000949216,67.4993
4121209027_20251130145549,happiness,/Users/geziwang/Desktop/teenager_ppg/cleaned_video_outputs/emotion_clips/4121209027_20251130145549/happiness.mp4,ok,ok,722,24,722,1,722,900,0.000802142,78.75
4121209027_20251130145549,fearness,/Users/geziwang/Desktop/teenager_ppg/cleaned_video_outputs/emotion_clips/4121209027_20251130145549/fearness.mp4,ok,ok,721,24,721,1,721,900,0.000960497,56.25
4121209027_20251130145549,tension,/Users/geziwang/Desktop/teenager_ppg/cleaned_video_outputs/emotion_clips/4121209027_20251130145549/tension.mp4,ok,ok,719,24,719,1,719,900,0.00111424,90
4121209028_20251130150417,calm,/Users/geziwang/Desktop/teenager_ppg/cleaned_video_outputs/emotion_clips/4121209028_20251130150417/calm.mp4,ok,ok,730,23.9997,730,1,730,900,0.00140198,67.4993
4121209028_20251130150417,sadness,/Users/geziwang/Desktop/teenager_ppg/cleaned_video_outputs/emotion_clips/4121209028_20251130150417/sadness.mp4,ok,ok,722,23.9997,722,1,722,900,0.00147975,50.6244
4121209028_20251130150417,happiness,/Users/geziwang/Desktop/teenager_ppg/cleaned_video_outputs/emotion_clips/4121209028_20251130150417/happiness.mp4,ok,ok,721,24,721,1,721,900,0.00100248,67.5
4121209028_20251130150417,fearness,/Users/geziwang/Desktop/teenager_ppg/cleaned_video_outputs/emotion_clips/4121209028_20251130150417/fearness.mp4,ok,ok,721,24,721,1,721,900,0.00107113,56.25
4121209028_20251130150417,tension,/Users/geziwang/Desktop/teenager_ppg/cleaned_video_outputs/emotion_clips/4121209028_20251130150417/tension.mp4,ok,ok,718,24,718,1,718,900,0.00115635,78.75
4121209029_20251130151301,calm,/Users/geziwang/Desktop/teenager_ppg/cleaned_video_outputs/emotion_clips/4121209029_20251130151301/calm.mp4,ok,ok,729,23.9997,729,1,729,900,0.00109858,61.8743
4121209029_20251130151301,sadness,/Users/geziwang/Desktop/teenager_ppg/cleaned_video_outputs/emotion_clips/4121209029_20251130151301/sadness.mp4,ok,ok,722,23.9997,722,1,722,900,0.00146783,84.3741
4121209029_20251130151301,happiness,/Users/geziwang/Desktop/teenager_ppg/cleaned_video_outputs/emotion_clips/4121209029_20251130151301/happiness.mp4,ok,ok,721,24,721,1,721,900,0.00101971,67.5
4121209029_20251130151301,fearness,/Users/geziwang/Desktop/teenager_ppg/cleaned_video_outputs/emotion_clips/4121209029_20251130151301/fearness.mp4,ok,ok,721,24,721,1,721,900,0.0015478,50.625
4121209029_20251130151301,tension,/Users/geziwang/Desktop/teenager_ppg/cleaned_video_outputs/emotion_clips/4121209029_20251130151301/tension.mp4,ok,ok,719,24,719,1,719,900,0.00106838,56.25
4121209030_20251130152400,calm,/Users/geziwang/Desktop/teenager_ppg/cleaned_video_outputs/emotion_clips/4121209030_20251130152400/calm.mp4,ok,ok,728,23.9997,728,1,728,900,0.00136249,50.6244
4121209030_20251130152400,sadness,/Users/geziwang/Desktop/teenager_ppg/cleaned_video_outputs/emotion_clips/4121209030_20251130152400/sadness.mp4,ok,ok,722,23.9997,722,1,722,900,0.00169415,67.4993
4121209030_20251130152400,happiness,/Users/geziwang/Desktop/teenager_ppg/cleaned_video_outputs/emotion_clips/4121209030_20251130152400/happiness.mp4,ok,ok,721,24,721,1,721,900,0.000994003,78.75
4121209030_20251130152400,fearness,/Users/geziwang/Desktop/teenager_ppg/cleaned_video_outputs/emotion_clips/4121209030_20251130152400/fearness.mp4,ok,ok,721,24,721,1,721,900,0.00128345,56.25
4121209030_20251130152400,tension,/Users/geziwang/Desktop/teenager_ppg/cleaned_video_outputs/emotion_clips/4121209030_20251130152400/tension.mp4,ok,ok,719,24,719,1,719,900,0.0011005,61.875
4121209031_20251130153222,calm,/Users/geziwang/Desktop/teenager_ppg/cleaned_video_outputs/emotion_clips/4121209031_20251130153222/calm.mp4,ok,ok,730,23.9997,730,1,730,900,0.00118095,73.1242
4121209031_20251130153222,sadness,/Users/geziwang/Desktop/teenager_ppg/cleaned_video_outputs/emotion_clips/4121209031_20251130153222/sadness.mp4,ok,ok,721,23.9997,721,1,721,900,0.00100744,118.124
4121209031_20251130153222,happiness,/Users/geziwang/Desktop/teenager_ppg/cleaned_video_outputs/emotion_clips/4121209031_20251130153222/happiness.mp4,ok,ok,720,24,720,1,720,900,0.0010459,78.75
4121209031_20251130153222,fearness,/Users/geziwang/Desktop/teenager_ppg/cleaned_video_outputs/emotion_clips/4121209031_20251130153222/fearness.mp4,ok,ok,721,24,721,1,721,900,0.000826992,73.125
4121209031_20251130153222,tension,/Users/geziwang/Desktop/teenager_ppg/cleaned_video_outputs/emotion_clips/4121209031_20251130153222/tension.mp4,ok,ok,718,24,718,1,718,900,0.00115441,61.875
5120307024_20251120151641,calm,/Users/geziwang/Desktop/teenager_ppg/cleaned_video_outputs/emotion_clips/5120307024_20251120151641/calm.mp4,ok,ok,726,23.9997,726,1,726,900,0.00104351,89.999
5120307024_20251120151641,sadness,/Users/geziwang/Desktop/teenager_ppg/cleaned_video_outputs/emotion_clips/5120307024_20251120151641/sadness.mp4,ok,ok,721,23.9997,721,1,721,900,0.00100971,61.8743
5120307024_20251120151641,happiness,/Users/geziwang/Desktop/teenager_ppg/cleaned_video_outputs/emotion_clips/5120307024_20251120151641/happiness.mp4,ok,ok,721,24,721,1,721,900,0.000717701,56.25
5120307024_20251120151641,fearness,/Users/geziwang/Desktop/teenager_ppg/cleaned_video_outputs/emotion_clips/5120307024_20251120151641/fearness.mp4,ok,ok,720,24,720,1,720,900,0.000763216,73.125
5120307024_20251120151641,tension,/Users/geziwang/Desktop/teenager_ppg/cleaned_video_outputs/emotion_clips/5120307024_20251120151641/tension.mp4,ok,ok,719,24,719,1,719,900,0.000641351,61.875
5120307025_20251120152645,calm,/Users/geziwang/Desktop/teenager_ppg/cleaned_video_outputs/emotion_clips/5120307025_20251120152645/calm.mp4,ok,ok,727,23.9997,727,1,727,900,0.00103582,50.6244
5120307025_20251120152645,sadness,/Users/geziwang/Desktop/teenager_ppg/cleaned_video_outputs/emotion_clips/5120307025_20251120152645/sadness.mp4,ok,ok,719,23.9997,719,1,719,900,0.0009875,84.3741
5120307025_20251120152645,happiness,/Users/geziwang/Desktop/teenager_ppg/cleaned_video_outputs/emotion_clips/5120307025_20251120152645/happiness.mp4,ok,ok,719,24,719,1,719,900,0.0011805,95.625
5120307025_20251120152645,fearness,/Users/geziwang/Desktop/teenager_ppg/cleaned_video_outputs/emotion_clips/5120307025_20251120152645/fearness.mp4,ok,ok,719,24,719,1,719,900,0.00102158,95.625
5120307025_20251120152645,tension,/Users/geziwang/Desktop/teenager_ppg/cleaned_video_outputs/emotion_clips/5120307025_20251120152645/tension.mp4,ok,ok,717,24,717,1,717,900,0.00108001,61.875
5120307026_20251120153618,calm,/Users/geziwang/Desktop/teenager_ppg/cleaned_video_outputs/emotion_clips/5120307026_20251120153618/calm.mp4,ok,ok,727,23.9997,727,1,727,900,0.00132071,61.8743
5120307026_20251120153618,sadness,/Users/geziwang/Desktop/teenager_ppg/cleaned_video_outputs/emotion_clips/5120307026_20251120153618/sadness.mp4,ok,ok,720,23.9997,720,1,720,900,0.00126008,61.8743
5120307026_20251120153618,happiness,/Users/geziwang/Desktop/teenager_ppg/cleaned_video_outputs/emotion_clips/5120307026_20251120153618/happiness.mp4,ok,ok,719,24,719,1,719,900,0.0015532,90
5120307026_20251120153618,fearness,/Users/geziwang/Desktop/teenager_ppg/cleaned_video_outputs/emotion_clips/5120307026_20251120153618/fearness.mp4,ok,ok,720,24,720,1,720,900,0.00120627,78.75
5120307026_20251120153618,tension,/Users/geziwang/Desktop/teenager_ppg/cleaned_video_outputs/emotion_clips/5120307026_20251120153618/tension.mp4,ok,ok,717,24,717,1,717,900,0.00122493,56.25
5120307027_20251120154512,calm,/Users/geziwang/Desktop/teenager_ppg/cleaned_video_outputs/emotion_clips/5120307027_20251120154512/calm.mp4,ok,ok,727,23.9997,727,1,727,900,0.00125825,78.7491
5120307027_20251120154512,sadness,/Users/geziwang/Desktop/teenager_ppg/cleaned_video_outputs/emotion_clips/5120307027_20251120154512/sadness.mp4,ok,ok,719,23.9997,719,1,719,900,0.00103159,89.999
5120307027_20251120154512,happiness,/Users/geziwang/Desktop/teenager_ppg/cleaned_video_outputs/emotion_clips/5120307027_20251120154512/happiness.mp4,ok,ok,719,24,719,1,719,900,0.00109185,78.75
5120307027_20251120154512,fearness,/Users/geziwang/Desktop/teenager_ppg/cleaned_video_outputs/emotion_clips/5120307027_20251120154512/fearness.mp4,ok,ok,719,24,719,1,719,900,0.00157617,61.875
5120307027_20251120154512,tension,/Users/geziwang/Desktop/teenager_ppg/cleaned_video_outputs/emotion_clips/5120307027_20251120154512/tension.mp4,ok,ok,717,24,717,1,717,900,0.00114945,78.75
5120307028_20251120155303,calm,/Users/geziwang/Desktop/teenager_ppg/cleaned_video_outputs/emotion_clips/5120307028_20251120155303/calm.mp4,ok,ok,725,23.9997,725,1,725,900,0.00123815,61.8743
5120307028_20251120155303,sadness,/Users/geziwang/Desktop/teenager_ppg/cleaned_video_outputs/emotion_clips/5120307028_20251120155303/sadness.mp4,ok,ok,720,23.9997,720,1,720,900,0.00169202,61.8743
5120307028_20251120155303,happiness,/Users/geziwang/Desktop/teenager_ppg/cleaned_video_outputs/emotion_clips/5120307028_20251120155303/happiness.mp4,ok,ok,719,24,719,1,719,900,0.00134259,106.875
5120307028_20251120155303,fearness,/Users/geziwang/Desktop/teenager_ppg/cleaned_video_outputs/emotion_clips/5120307028_20251120155303/fearness.mp4,ok,ok,720,24,720,1,720,900,0.00152901,61.875
5120307028_20251120155303,tension,/Users/geziwang/Desktop/teenager_ppg/cleaned_video_outputs/emotion_clips/5120307028_20251120155303/tension.mp4,ok,ok,717,24,717,1,717,900,0.00118752,73.125
5120307029_20251120162129,calm,/Users/geziwang/Desktop/teenager_ppg/cleaned_video_outputs/emotion_clips/5120307029_20251120162129/calm.mp4,ok,ok,727,23.9997,727,1,727,900,0.00129354,61.8743
5120307029_20251120162129,sadness,/Users/geziwang/Desktop/teenager_ppg/cleaned_video_outputs/emotion_clips/5120307029_20251120162129/sadness.mp4,ok,ok,722,23.9997,722,1,722,900,0.00168457,67.4993
5120307029_20251120162129,happiness,/Users/geziwang/Desktop/teenager_ppg/cleaned_video_outputs/emotion_clips/5120307029_20251120162129/happiness.mp4,ok,ok,721,24,721,1,721,900,0.000879631,50.625
5120307029_20251120162129,fearness,/Users/geziwang/Desktop/teenager_ppg/cleaned_video_outputs/emotion_clips/5120307029_20251120162129/fearness.mp4,ok,ok,721,24,721,1,721,900,0.00120932,90
5120307029_20251120162129,tension,/Users/geziwang/Desktop/teenager_ppg/cleaned_video_outputs/emotion_clips/5120307029_20251120162129/tension.mp4,ok,ok,719,24,719,1,719,900,0.00113368,61.875
5120307030_20251120161603,calm,/Users/geziwang/Desktop/teenager_ppg/cleaned_video_outputs/emotion_clips/5120307030_20251120161603/calm.mp4,ok,ok,725,23.9997,725,1,725,900,0.00104899,61.8743
5120307030_20251120161603,sadness,/Users/geziwang/Desktop/teenager_ppg/cleaned_video_outputs/emotion_clips/5120307030_20251120161603/sadness.mp4,ok,ok,721,23.9997,721,1,721,900,0.000968078,56.2494
5120307030_20251120161603,happiness,/Users/geziwang/Desktop/teenager_ppg/cleaned_video_outputs/emotion_clips/5120307030_20251120161603/happiness.mp4,ok,ok,720,24,720,1,720,900,0.000902538,61.875
5120307030_20251120161603,fearness,/Users/geziwang/Desktop/teenager_ppg/cleaned_video_outputs/emotion_clips/5120307030_20251120161603/fearness.mp4,ok,ok,720,24,720,1,720,900,0.00116064,90
5120307030_20251120161603,tension,/Users/geziwang/Desktop/teenager_ppg/cleaned_video_outputs/emotion_clips/5120307030_20251120161603/tension.mp4,ok,ok,718,24,718,1,718,900,0.00119112,45
5120309018_20251120141542,calm,/Users/geziwang/Desktop/teenager_ppg/cleaned_video_outputs/emotion_clips/5120309018_20251120141542/calm.mp4,ok,ok,728,23.9997,728,1,728,900,0.00100626,56.2494
5120309018_20251120141542,sadness,/Users/geziwang/Desktop/teenager_ppg/cleaned_video_outputs/emotion_clips/5120309018_20251120141542/sadness.mp4,ok,ok,718,23.9997,718,1,718,900,0.000948816,50.6244
5120309018_20251120141542,happiness,/Users/geziwang/Desktop/teenager_ppg/cleaned_video_outputs/emotion_clips/5120309018_20251120141542/happiness.mp4,ok,ok,718,24,718,1,718,900,0.000795865,56.25
5120309018_20251120141542,fearness,/Users/geziwang/Desktop/teenager_ppg/cleaned_video_outputs/emotion_clips/5120309018_20251120141542/fearness.mp4,ok,ok,718,24,718,1,718,900,0.00121047,90
5120309018_20251120141542,tension,/Users/geziwang/Desktop/teenager_ppg/cleaned_video_outputs/emotion_clips/5120309018_20251120141542/tension.mp4,ok,ok,716,24,716,1,716,900,0.000996722,90
5120309019_20251120142530,calm,/Users/geziwang/Desktop/teenager_ppg/cleaned_video_outputs/emotion_clips/5120309019_20251120142530/calm.mp4,ok,ok,727,23.9997,727,1,727,900,0.000860334,73.1242
5120309019_20251120142530,sadness,/Users/geziwang/Desktop/teenager_ppg/cleaned_video_outputs/emotion_clips/5120309019_20251120142530/sadness.mp4,ok,ok,721,23.9997,721,1,721,900,0.00125762,56.2494
5120309019_20251120142530,happiness,/Users/geziwang/Desktop/teenager_ppg/cleaned_video_outputs/emotion_clips/5120309019_20251120142530/happiness.mp4,ok,ok,720,24,720,1,720,900,0.000866687,45
5120309019_20251120142530,fearness,/Users/geziwang/Desktop/teenager_ppg/cleaned_video_outputs/emotion_clips/5120309019_20251120142530/fearness.mp4,ok,ok,721,24,721,1,721,900,0.000865183,73.125
5120309019_20251120142530,tension,/Users/geziwang/Desktop/teenager_ppg/cleaned_video_outputs/emotion_clips/5120309019_20251120142530/tension.mp4,ok,ok,718,24,718,1,718,900,0.0010279,67.5
5120309020_20251120143737,calm,/Users/geziwang/Desktop/teenager_ppg/cleaned_video_outputs/emotion_clips/5120309020_20251120143737/calm.mp4,ok,ok,725,23.9997,725,1,725,900,0.00115071,56.2494
5120309020_20251120143737,sadness,/Users/geziwang/Desktop/teenager_ppg/cleaned_video_outputs/emotion_clips/5120309020_20251120143737/sadness.mp4,ok,ok,719,23.9997,719,1,719,900,0.000999232,67.4992
5120309020_20251120143737,happiness,/Users/geziwang/Desktop/teenager_ppg/cleaned_video_outputs/emotion_clips/5120309020_20251120143737/happiness.mp4,ok,ok,718,24,718,1,718,900,0.000924499,84.375
5120309020_20251120143737,fearness,/Users/geziwang/Desktop/teenager_ppg/cleaned_video_outputs/emotion_clips/5120309020_20251120143737/fearness.mp4,ok,ok,718,24,718,1,718,900,0.00102826,56.25
5120309020_20251120143737,tension,/Users/geziwang/Desktop/teenager_ppg/cleaned_video_outputs/emotion_clips/5120309020_20251120143737/tension.mp4,ok,ok,716,24,716,1,716,900,0.00104585,50.625
5120309021_20251120144910,calm,/Users/geziwang/Desktop/teenager_ppg/cleaned_video_outputs/emotion_clips/5120309021_20251120144910/calm.mp4,ok,ok,726,23.9997,726,1,726,900,0.00111774,50.6244
5120309021_20251120144910,sadness,/Users/geziwang/Desktop/teenager_ppg/cleaned_video_outputs/emotion_clips/5120309021_20251120144910/sadness.mp4,ok,ok,722,23.9997,722,1,722,900,0.000830371,89.999
5120309021_20251120144910,happiness,/Users/geziwang/Desktop/teenager_ppg/cleaned_video_outputs/emotion_clips/5120309021_20251120144910/happiness.mp4,ok,ok,721,24,721,1,721,900,0.000902601,90
5120309021_20251120144910,fearness,/Users/geziwang/Desktop/teenager_ppg/cleaned_video_outputs/emotion_clips/5120309021_20251120144910/fearness.mp4,ok,ok,721,24,721,1,721,900,0.00112944,56.25
5120309021_20251120144910,tension,/Users/geziwang/Desktop/teenager_ppg/cleaned_video_outputs/emotion_clips/5120309021_20251120144910/tension.mp4,ok,ok,719,24,719,1,719,900,0.000907164,67.5
5120309022_20251120145807,calm,/Users/geziwang/Desktop/teenager_ppg/cleaned_video_outputs/emotion_clips/5120309022_20251120145807/calm.mp4,ok,ok,727,23.9997,727,1,727,900,0.00127869,95.6239
5120309022_20251120145807,sadness,/Users/geziwang/Desktop/teenager_ppg/cleaned_video_outputs/emotion_clips/5120309022_20251120145807/sadness.mp4,ok,ok,719,23.9997,719,1,719,900,0.00099291,84.3741
5120309022_20251120145807,happiness,/Users/geziwang/Desktop/teenager_ppg/cleaned_video_outputs/emotion_clips/5120309022_20251120145807/happiness.mp4,ok,ok,718,24,718,1,718,900,0.00108151,67.5
5120309022_20251120145807,fearness,/Users/geziwang/Desktop/teenager_ppg/cleaned_video_outputs/emotion_clips/5120309022_20251120145807/fearness.mp4,ok,ok,718,24,718,1,718,900,0.000988492,61.875
5120309022_20251120145807,tension,/Users/geziwang/Desktop/teenager_ppg/cleaned_video_outputs/emotion_clips/5120309022_20251120145807/tension.mp4,ok,ok,717,24,717,1,717,900,0.0010224,61.875
5120309023_20251120150642,calm,/Users/geziwang/Desktop/teenager_ppg/cleaned_video_outputs/emotion_clips/5120309023_20251120150642/calm.mp4,ok,ok,728,23.9997,728,1,728,900,0.00109122,50.6244
5120309023_20251120150642,sadness,/Users/geziwang/Desktop/teenager_ppg/cleaned_video_outputs/emotion_clips/5120309023_20251120150642/sadness.mp4,ok,ok,720,23.9997,720,1,720,900,0.000939011,56.2494
5120309023_20251120150642,happiness,/Users/geziwang/Desktop/teenager_ppg/cleaned_video_outputs/emotion_clips/5120309023_20251120150642/happiness.mp4,ok,ok,720,24,720,1,720,900,0.00131865,95.625
5120309023_20251120150642,fearness,/Users/geziwang/Desktop/teenager_ppg/cleaned_video_outputs/emotion_clips/5120309023_20251120150642/fearness.mp4,ok,ok,720,24,720,1,720,900,0.00123561,56.25
5120309023_20251120150642,tension,/Users/geziwang/Desktop/teenager_ppg/cleaned_video_outputs/emotion_clips/5120309023_20251120150642/tension.mp4,ok,ok,718,24,718,1,718,900,0.000973683,84.375
5120706001_20251120090235,calm,/Users/geziwang/Desktop/teenager_ppg/cleaned_video_outputs/emotion_clips/5120706001_20251120090235/calm.mp4,ok,ok,727,23.9997,727,1,727,900,0.000796307,123.749
5120706001_20251120090235,sadness,/Users/geziwang/Desktop/teenager_ppg/cleaned_video_outputs/emotion_clips/5120706001_20251120090235/sadness.mp4,ok,ok,725,23.9997,725,1,725,900,0.000763041,73.1242
5120706001_20251120090235,happiness,/Users/geziwang/Desktop/teenager_ppg/cleaned_video_outputs/emotion_clips/5120706001_20251120090235/happiness.mp4,ok,ok,724,24,724,1,724,900,0.000794687,45
5120706001_20251120090235,fearness,/Users/geziwang/Desktop/teenager_ppg/cleaned_video_outputs/emotion_clips/5120706001_20251120090235/fearness.mp4,ok,ok,725,24,725,1,725,900,0.000984404,61.875
5120706001_20251120090235,tension,/Users/geziwang/Desktop/teenager_ppg/cleaned_video_outputs/emotion_clips/5120706001_20251120090235/tension.mp4,ok,ok,722,24,722,1,722,900,0.000842017,78.75
5120706002_20251120091257,calm,/Users/geziwang/Desktop/teenager_ppg/cleaned_video_outputs/emotion_clips/5120706002_20251120091257/calm.mp4,ok,ok,726,23.9997,726,1,726,900,0.00146113,67.4993
5120706002_20251120091257,sadness,/Users/geziwang/Desktop/teenager_ppg/cleaned_video_outputs/emotion_clips/5120706002_20251120091257/sadness.mp4,ok,ok,723,23.9997,723,1,723,900,0.00150265,50.6244
5120706002_20251120091257,happiness,/Users/geziwang/Desktop/teenager_ppg/cleaned_video_outputs/emotion_clips/5120706002_20251120091257/happiness.mp4,ok,ok,723,24,723,1,723,900,0.00169313,61.875
5120706002_20251120091257,fearness,/Users/geziwang/Desktop/teenager_ppg/cleaned_video_outputs/emotion_clips/5120706002_20251120091257/fearness.mp4,ok,ok,723,24,723,1,723,900,0.00139121,56.25
5120706002_20251120091257,tension,/Users/geziwang/Desktop/teenager_ppg/cleaned_video_outputs/emotion_clips/5120706002_20251120091257/tension.mp4,ok,ok,720,24,720,1,720,900,0.000890558,84.375
5120706003_20251120092035,calm,/Users/geziwang/Desktop/teenager_ppg/cleaned_video_outputs/emotion_clips/5120706003_20251120092035/calm.mp4,ok,ok,725,23.9997,725,1,725,900,0.000784507,56.2494
5120706003_20251120092035,sadness,/Users/geziwang/Desktop/teenager_ppg/cleaned_video_outputs/emotion_clips/5120706003_20251120092035/sadness.mp4,ok,ok,725,23.9997,725,1,725,900,0.00106456,84.3741
5120706003_20251120092035,happiness,/Users/geziwang/Desktop/teenager_ppg/cleaned_video_outputs/emotion_clips/5120706003_20251120092035/happiness.mp4,ok,ok,724,24,724,1,724,900,0.00102106,56.25
5120706003_20251120092035,fearness,/Users/geziwang/Desktop/teenager_ppg/cleaned_video_outputs/emotion_clips/5120706003_20251120092035/fearness.mp4,ok,ok,725,24,725,1,725,900,0.000707166,73.125
5120706003_20251120092035,tension,/Users/geziwang/Desktop/teenager_ppg/cleaned_video_outputs/emotion_clips/5120706003_20251120092035/tension.mp4,ok,ok,721,24,721,1,721,900,0.000812322,84.375
5120706004_20251120093311,calm,/Users/geziwang/Desktop/teenager_ppg/cleaned_video_outputs/emotion_clips/5120706004_20251120093311/calm.mp4,ok,ok,727,23.9997,727,1,727,900,0.00205171,61.8743
5120706004_20251120093311,sadness,/Users/geziwang/Desktop/teenager_ppg/cleaned_video_outputs/emotion_clips/5120706004_20251120093311/sadness.mp4,ok,ok,724,23.9997,724,1,724,900,0.0019929,56.2494
5120706004_20251120093311,happiness,/Users/geziwang/Desktop/teenager_ppg/cleaned_video_outputs/emotion_clips/5120706004_20251120093311/happiness.mp4,ok,ok,723,24,723,1,723,900,0.00161459,56.25
5120706004_20251120093311,fearness,/Users/geziwang/Desktop/teenager_ppg/cleaned_video_outputs/emotion_clips/5120706004_20251120093311/fearness.mp4,ok,ok,723,24,723,1,723,900,0.00110204,78.75
5120706004_20251120093311,tension,/Users/geziwang/Desktop/teenager_ppg/cleaned_video_outputs/emotion_clips/5120706004_20251120093311/tension.mp4,ok,ok,721,24,721,1,721,900,0.00146199,61.875
5120706005_20251120094411,calm,/Users/geziwang/Desktop/teenager_ppg/cleaned_video_outputs/emotion_clips/5120706005_20251120094411/calm.mp4,ok,ok,725,23.9997,725,1,725,900,0.00137099,61.8743
5120706005_20251120094411,sadness,/Users/geziwang/Desktop/teenager_ppg/cleaned_video_outputs/emotion_clips/5120706005_20251120094411/sadness.mp4,ok,ok,723,23.9997,723,1,723,900,0.00116058,84.3741
5120706005_20251120094411,happiness,/Users/geziwang/Desktop/teenager_ppg/cleaned_video_outputs/emotion_clips/5120706005_20251120094411/happiness.mp4,ok,ok,722,24,722,1,722,900,0.000916188,78.75
5120706005_20251120094411,fearness,/Users/geziwang/Desktop/teenager_ppg/cleaned_video_outputs/emotion_clips/5120706005_20251120094411/fearness.mp4,ok,ok,722,24,722,1,722,900,0.000943742,73.125
5120706005_20251120094411,tension,/Users/geziwang/Desktop/teenager_ppg/cleaned_video_outputs/emotion_clips/5120706005_20251120094411/tension.mp4,ok,ok,720,24,720,1,720,900,0.00150879,45
5120706006_20251120095514,calm,/Users/geziwang/Desktop/teenager_ppg/cleaned_video_outputs/emotion_clips/5120706006_20251120095514/calm.mp4,ok,ok,725,23.9997,725,1,725,900,0.00148292,89.999
5120706006_20251120095514,sadness,/Users/geziwang/Desktop/teenager_ppg/cleaned_video_outputs/emotion_clips/5120706006_20251120095514/sadness.mp4,ok,ok,724,23.9997,724,1,724,900,0.00102653,56.2494
5120706006_20251120095514,happiness,/Users/geziwang/Desktop/teenager_ppg/cleaned_video_outputs/emotion_clips/5120706006_20251120095514/happiness.mp4,ok,ok,723,24,723,1,723,900,0.00127414,84.375
5120706006_20251120095514,fearness,/Users/geziwang/Desktop/teenager_ppg/cleaned_video_outputs/emotion_clips/5120706006_20251120095514/fearness.mp4,ok,ok,723,24,723,1,723,900,0.00114966,101.25
5120706006_20251120095514,tension,/Users/geziwang/Desktop/teenager_ppg/cleaned_video_outputs/emotion_clips/5120706006_20251120095514/tension.mp4,ok,ok,721,24,721,1,721,900,0.00127574,73.125
5120707007_20251120100547,calm,/Users/geziwang/Desktop/teenager_ppg/cleaned_video_outputs/emotion_clips/5120707007_20251120100547/calm.mp4,ok,ok,726,23.9997,726,1,726,900,0.000883881,61.8743
5120707007_20251120100547,sadness,/Users/geziwang/Desktop/teenager_ppg/cleaned_video_outputs/emotion_clips/5120707007_20251120100547/sadness.mp4,ok,ok,722,23.9997,722,1,722,900,0.00127764,50.6244
5120707007_20251120100547,happiness,/Users/geziwang/Desktop/teenager_ppg/cleaned_video_outputs/emotion_clips/5120707007_20251120100547/happiness.mp4,ok,ok,722,24,722,1,722,900,0.0011024,90
5120707007_20251120100547,fearness,/Users/geziwang/Desktop/teenager_ppg/cleaned_video_outputs/emotion_clips/5120707007_20251120100547/fearness.mp4,ok,ok,721,24,721,1,721,900,0.0010043,78.75
5120707007_20251120100547,tension,/Users/geziwang/Desktop/teenager_ppg/cleaned_video_outputs/emotion_clips/5120707007_20251120100547/tension.mp4,ok,ok,719,24,719,1,719,900,0.000866494,45
5120707008_20251120101321,calm,/Users/geziwang/Desktop/teenager_ppg/cleaned_video_outputs/emotion_clips/5120707008_20251120101321/calm.mp4,ok,ok,726,23.9997,726,1,726,900,0.00140039,89.999
5120707008_20251120101321,sadness,/Users/geziwang/Desktop/teenager_ppg/cleaned_video_outputs/emotion_clips/5120707008_20251120101321/sadness.mp4,ok,ok,722,23.9997,722,1,722,900,0.00126323,61.8743
5120707008_20251120101321,happiness,/Users/geziwang/Desktop/teenager_ppg/cleaned_video_outputs/emotion_clips/5120707008_20251120101321/happiness.mp4,ok,ok,722,24,722,1,722,900,0.00114434,73.125
5120707008_20251120101321,fearness,/Users/geziwang/Desktop/teenager_ppg/cleaned_video_outputs/emotion_clips/5120707008_20251120101321/fearness.mp4,ok,ok,721,24,721,1,721,900,0.00112177,56.25
5120707008_20251120101321,tension,/Users/geziwang/Desktop/teenager_ppg/cleaned_video_outputs/emotion_clips/5120707008_20251120101321/tension.mp4,ok,ok,720,24,720,1,720,900,0.00167785,61.875
5120707009_20251120102125,calm,/Users/geziwang/Desktop/teenager_ppg/cleaned_video_outputs/emotion_clips/5120707009_20251120102125/calm.mp4,ok,ok,726,23.9997,726,1,726,900,0.00106559,61.8743
5120707009_20251120102125,sadness,/Users/geziwang/Desktop/teenager_ppg/cleaned_video_outputs/emotion_clips/5120707009_20251120102125/sadness.mp4,ok,ok,724,23.9997,724,1,724,900,0.00111366,84.3741
5120707009_20251120102125,happiness,/Users/geziwang/Desktop/teenager_ppg/cleaned_video_outputs/emotion_clips/5120707009_20251120102125/happiness.mp4,ok,ok,724,24,724,1,724,900,0.000921806,61.875
5120707009_20251120102125,fearness,/Users/geziwang/Desktop/teenager_ppg/cleaned_video_outputs/emotion_clips/5120707009_20251120102125/fearness.mp4,ok,ok,724,24,724,1,724,900,0.00138787,61.875
5120707009_20251120102125,tension,/Users/geziwang/Desktop/teenager_ppg/cleaned_video_outputs/emotion_clips/5120707009_20251120102125/tension.mp4,ok,ok,721,24,721,1,721,900,0.00126555,61.875
5120707010_20251120103116,calm,/Users/geziwang/Desktop/teenager_ppg/cleaned_video_outputs/emotion_clips/5120707010_20251120103116/calm.mp4,ok,ok,725,23.9997,725,1,725,900,0.00127733,61.8743
5120707010_20251120103116,sadness,/Users/geziwang/Desktop/teenager_ppg/cleaned_video_outputs/emotion_clips/5120707010_20251120103116/sadness.mp4,ok,ok,723,23.9997,723,1,723,900,0.000946138,73.1242
5120707010_20251120103116,happiness,/Users/geziwang/Desktop/teenager_ppg/cleaned_video_outputs/emotion_clips/5120707010_20251120103116/happiness.mp4,ok,ok,722,24,722,1,722,900,0.0012001,78.75
5120707010_20251120103116,fearness,/Users/geziwang/Desktop/teenager_ppg/cleaned_video_outputs/emotion_clips/5120707010_20251120103116/fearness.mp4,ok,ok,722,24,722,1,722,900,0.00131792,61.875
5120707010_20251120103116,tension,/Users/geziwang/Desktop/teenager_ppg/cleaned_video_outputs/emotion_clips/5120707010_20251120103116/tension.mp4,ok,ok,720,24,720,1,720,900,0.000946738,61.875
5120707011_20251120104020,calm,/Users/geziwang/Desktop/teenager_ppg/cleaned_video_outputs/emotion_clips/5120707011_20251120104020/calm.mp4,ok,ok,726,23.9997,726,1,726,900,0.00122963,84.3741
5120707011_20251120104020,sadness,/Users/geziwang/Desktop/teenager_ppg/cleaned_video_outputs/emotion_clips/5120707011_20251120104020/sadness.mp4,ok,ok,722,23.9997,722,1,722,900,0.00120579,67.4993
5120707011_20251120104020,happiness,/Users/geziwang/Desktop/teenager_ppg/cleaned_video_outputs/emotion_clips/5120707011_20251120104020/happiness.mp4,ok,ok,721,24,721,1,721,900,0.0011161,61.875
5120707011_20251120104020,fearness,/Users/geziwang/Desktop/teenager_ppg/cleaned_video_outputs/emotion_clips/5120707011_20251120104020/fearness.mp4,ok,ok,721,24,721,1,721,900,0.00130006,67.5
5120707011_20251120104020,tension,/Users/geziwang/Desktop/teenager_ppg/cleaned_video_outputs/emotion_clips/5120707011_20251120104020/tension.mp4,ok,ok,718,24,718,1,718,900,0.00144831,95.625
5120707012_20251120104939,calm,/Users/geziwang/Desktop/teenager_ppg/cleaned_video_outputs/emotion_clips/5120707012_20251120104939/calm.mp4,ok,ok,724,23.9997,724,1,724,900,0.00140571,67.4993
5120707012_20251120104939,sadness,/Users/geziwang/Desktop/teenager_ppg/cleaned_video_outputs/emotion_clips/5120707012_20251120104939/sadness.mp4,ok,ok,725,23.9997,725,1,725,900,0.00186877,61.8743
5120707012_20251120104939,happiness,/Users/geziwang/Desktop/teenager_ppg/cleaned_video_outputs/emotion_clips/5120707012_20251120104939/happiness.mp4,ok,ok,725,24,725,1,725,900,0.00157061,84.375
5120707012_20251120104939,fearness,/Users/geziwang/Desktop/teenager_ppg/cleaned_video_outputs/emotion_clips/5120707012_20251120104939/fearness.mp4,ok,ok,724,24,724,1,724,900,0.00191361,45
5120707012_20251120104939,tension,/Users/geziwang/Desktop/teenager_ppg/cleaned_video_outputs/emotion_clips/5120707012_20251120104939/tension.mp4,ok,ok,723,24,723,1,723,900,0.00238747,67.5
5120707013_20251120105726,calm,/Users/geziwang/Desktop/teenager_ppg/cleaned_video_outputs/emotion_clips/5120707013_20251120105726/calm.mp4,ok,ok,726,23.9997,726,1,726,900,0.00107802,50.6244
5120707013_20251120105726,sadness,/Users/geziwang/Desktop/teenager_ppg/cleaned_video_outputs/emotion_clips/5120707013_20251120105726/sadness.mp4,ok,ok,723,23.9997,723,1,723,900,0.00121498,50.6244
5120707013_20251120105726,happiness,/Users/geziwang/Desktop/teenager_ppg/cleaned_video_outputs/emotion_clips/5120707013_20251120105726/happiness.mp4,ok,ok,722,24,722,1,722,900,0.00136074,90
5120707013_20251120105726,fearness,/Users/geziwang/Desktop/teenager_ppg/cleaned_video_outputs/emotion_clips/5120707013_20251120105726/fearness.mp4,ok,ok,722,24,722,1,722,900,0.00104199,90
5120707013_20251120105726,tension,/Users/geziwang/Desktop/teenager_ppg/cleaned_video_outputs/emotion_clips/5120707013_20251120105726/tension.mp4,ok,ok,719,24,719,1,719,900,0.00089352,78.75
5120708014_20251120110951,calm,/Users/geziwang/Desktop/teenager_ppg/cleaned_video_outputs/emotion_clips/5120708014_20251120110951/calm.mp4,ok,ok,725,23.9997,725,1,725,900,0.000892485,78.7491
5120708014_20251120110951,sadness,/Users/geziwang/Desktop/teenager_ppg/cleaned_video_outputs/emotion_clips/5120708014_20251120110951/sadness.mp4,ok,ok,724,23.9997,724,1,724,900,0.00101373,56.2494
5120708014_20251120110951,happiness,/Users/geziwang/Desktop/teenager_ppg/cleaned_video_outputs/emotion_clips/5120708014_20251120110951/happiness.mp4,ok,ok,724,24,724,1,724,900,0.000958968,61.875
5120708014_20251120110951,fearness,/Users/geziwang/Desktop/teenager_ppg/cleaned_video_outputs/emotion_clips/5120708014_20251120110951/fearness.mp4,ok,ok,724,24,724,1,724,900,0.00087414,50.625
5120708014_20251120110951,tension,/Users/geziwang/Desktop/teenager_ppg/cleaned_video_outputs/emotion_clips/5120708014_20251120110951/tension.mp4,ok,ok,721,24,721,1,721,900,0.000805087,56.25
5120708015_20251120112338,calm,/Users/geziwang/Desktop/teenager_ppg/cleaned_video_outputs/emotion_clips/5120708015_20251120112338/calm.mp4,ok,ok,725,23.9997,725,1,725,900,0.00104914,67.4993
5120708015_20251120112338,sadness,/Users/geziwang/Desktop/teenager_ppg/cleaned_video_outputs/emotion_clips/5120708015_20251120112338/sadness.mp4,ok,ok,725,23.9997,725,1,725,900,0.000845037,67.4993
5120708015_20251120112338,happiness,/Users/geziwang/Desktop/teenager_ppg/cleaned_video_outputs/emotion_clips/5120708015_20251120112338/happiness.mp4,ok,ok,724,24,724,1,724,900,0.00101953,78.75
5120708015_20251120112338,fearness,/Users/geziwang/Desktop/teenager_ppg/cleaned_video_outputs/emotion_clips/5120708015_20251120112338/fearness.mp4,ok,ok,725,24,725,1,725,900,0.00098753,101.25
5120708015_20251120112338,tension,/Users/geziwang/Desktop/teenager_ppg/cleaned_video_outputs/emotion_clips/5120708015_20251120112338/tension.mp4,ok,ok,721,24,721,1,721,900,0.00122616,45
5120708016_20251120113141,calm,/Users/geziwang/Desktop/teenager_ppg/cleaned_video_outputs/emotion_clips/5120708016_20251120113141/calm.mp4,ok,ok,725,23.9997,725,1,725,900,0.000931905,67.4993
5120708016_20251120113141,sadness,/Users/geziwang/Desktop/teenager_ppg/cleaned_video_outputs/emotion_clips/5120708016_20251120113141/sadness.mp4,ok,ok,722,23.9997,722,1,722,900,0.0011996,61.8743
5120708016_20251120113141,happiness,/Users/geziwang/Desktop/teenager_ppg/cleaned_video_outputs/emotion_clips/5120708016_20251120113141/happiness.mp4,ok,ok,722,24,722,1,722,900,0.000862113,56.25
5120708016_20251120113141,fearness,/Users/geziwang/Desktop/teenager_ppg/cleaned_video_outputs/emotion_clips/5120708016_20251120113141/fearness.mp4,ok,ok,722,24,722,1,722,900,0.00124833,61.875
5120708016_20251120113141,tension,/Users/geziwang/Desktop/teenager_ppg/cleaned_video_outputs/emotion_clips/5120708016_20251120113141/tension.mp4,ok,ok,720,24,720,1,720,900,0.00101061,61.875
5120708017_20251120113954,calm,/Users/geziwang/Desktop/teenager_ppg/cleaned_video_outputs/emotion_clips/5120708017_20251120113954/calm.mp4,ok,ok,727,23.9997,727,1,727,900,0.00156883,56.2494
5120708017_20251120113954,sadness,/Users/geziwang/Desktop/teenager_ppg/cleaned_video_outputs/emotion_clips/5120708017_20251120113954/sadness.mp4,ok,ok,722,23.9997,722,1,722,900,0.00173545,84.3741
5120708017_20251120113954,happiness,/Users/geziwang/Desktop/teenager_ppg/cleaned_video_outputs/emotion_clips/5120708017_20251120113954/happiness.mp4,ok,ok,722,24,722,1,722,900,0.0016316,61.875
5120708017_20251120113954,fearness,/Users/geziwang/Desktop/teenager_ppg/cleaned_video_outputs/emotion_clips/5120708017_20251120113954/fearness.mp4,ok,ok,722,24,722,1,722,900,0.0015717,61.875
5120708017_20251120113954,tension,/Users/geziwang/Desktop/teenager_ppg/cleaned_video_outputs/emotion_clips/5120708017_20251120113954/tension.mp4,ok,ok,720,24,720,1,720,900,0.00110715,56.25
5120708031_20251120162853,calm,/Users/geziwang/Desktop/teenager_ppg/cleaned_video_outputs/emotion_clips/5120708031_20251120162853/calm.mp4,ok,ok,727,23.9997,727,1,727,900,0.0010758,61.8743
5120708031_20251120162853,sadness,/Users/geziwang/Desktop/teenager_ppg/cleaned_video_outputs/emotion_clips/5120708031_20251120162853/sadness.mp4,ok,ok,722,23.9997,722,1,722,900,0.0010593,50.6244
5120708031_20251120162853,happiness,/Users/geziwang/Desktop/teenager_ppg/cleaned_video_outputs/emotion_clips/5120708031_20251120162853/happiness.mp4,ok,ok,721,24,721,1,721,900,0.0007752,61.875
5120708031_20251120162853,fearness,/Users/geziwang/Desktop/teenager_ppg/cleaned_video_outputs/emotion_clips/5120708031_20251120162853/fearness.mp4,ok,ok,721,24,721,1,721,900,0.000984101,56.25
5120708031_20251120162853,tension,/Users/geziwang/Desktop/teenager_ppg/cleaned_video_outputs/emotion_clips/5120708031_20251120162853/tension.mp4,ok,ok,718,24,718,1,718,900,0.000847183,95.625
5120708032_20251120163500,calm,/Users/geziwang/Desktop/teenager_ppg/cleaned_video_outputs/emotion_clips/5120708032_20251120163500/calm.mp4,ok,ok,726,23.9997,726,1,726,900,0.00185648,50.6244
5120708032_20251120163500,sadness,/Users/geziwang/Desktop/teenager_ppg/cleaned_video_outputs/emotion_clips/5120708032_20251120163500/sadness.mp4,ok,ok,719,23.9997,719,1,719,900,0.000900962,78.7491
5120708032_20251120163500,happiness,/Users/geziwang/Desktop/teenager_ppg/cleaned_video_outputs/emotion_clips/5120708032_20251120163500/happiness.mp4,ok,ok,719,24,719,1,719,900,0.000894604,61.875
5120708032_20251120163500,fearness,/Users/geziwang/Desktop/teenager_ppg/cleaned_video_outputs/emotion_clips/5120708032_20251120163500/fearness.mp4,ok,ok,719,24,719,1,719,900,0.00102964,84.375
5120708032_20251120163500,tension,/Users/geziwang/Desktop/teenager_ppg/cleaned_video_outputs/emotion_clips/5120708032_20251120163500/tension.mp4,ok,ok,716,24,716,1,716,900,0.000951251,106.875
5120708033_20251120164241,calm,/Users/geziwang/Desktop/teenager_ppg/cleaned_video_outputs/emotion_clips/5120708033_20251120164241/calm.mp4,ok,ok,726,23.9997,726,1,726,900,0.000945295,61.8743
5120708033_20251120164241,sadness,/Users/geziwang/Desktop/teenager_ppg/cleaned_video_outputs/emotion_clips/5120708033_20251120164241/sadness.mp4,ok,ok,720,23.9997,720,1,720,900,0.000999469,50.6244
5120708033_20251120164241,happiness,/Users/geziwang/Desktop/teenager_ppg/cleaned_video_outputs/emotion_clips/5120708033_20251120164241/happiness.mp4,ok,ok,720,24,720,1,720,900,0.00111111,90
5120708033_20251120164241,fearness,/Users/geziwang/Desktop/teenager_ppg/cleaned_video_outputs/emotion_clips/5120708033_20251120164241/fearness.mp4,ok,ok,719,24,719,1,719,900,0.00100903,50.625
5120708033_20251120164241,tension,/Users/geziwang/Desktop/teenager_ppg/cleaned_video_outputs/emotion_clips/5120708033_20251120164241/tension.mp4,ok,ok,718,24,718,1,718,900,0.00104637,61.875
5120905007_20251128110722,calm,/Users/geziwang/Desktop/teenager_ppg/cleaned_video_outputs/emotion_clips/5120905007_20251128110722/calm.mp4,ok,ok,729,23.9997,729,1,729,900,0.00084491,73.1242
5120905007_20251128110722,sadness,/Users/geziwang/Desktop/teenager_ppg/cleaned_video_outputs/emotion_clips/5120905007_20251128110722/sadness.mp4,ok,ok,721,23.9997,721,1,721,900,0.0015297,56.2494
5120905007_20251128110722,happiness,/Users/geziwang/Desktop/teenager_ppg/cleaned_video_outputs/emotion_clips/5120905007_20251128110722/happiness.mp4,ok,ok,721,24,721,1,721,900,0.00345302,78.75
5120905007_20251128110722,fearness,/Users/geziwang/Desktop/teenager_ppg/cleaned_video_outputs/emotion_clips/5120905007_20251128110722/fearness.mp4,ok,ok,720,24,720,1,720,900,0.00149337,61.875
5120905007_20251128110722,tension,/Users/geziwang/Desktop/teenager_ppg/cleaned_video_outputs/emotion_clips/5120905007_20251128110722/tension.mp4,ok,ok,718,24,718,1,718,900,0.00169325,45
5120905008_20251128111515,calm,/Users/geziwang/Desktop/teenager_ppg/cleaned_video_outputs/emotion_clips/5120905008_20251128111515/calm.mp4,ok,ok,729,23.9997,729,1,729,900,0.002224,84.3741
5120905008_20251128111515,sadness,/Users/geziwang/Desktop/teenager_ppg/cleaned_video_outputs/emotion_clips/5120905008_20251128111515/sadness.mp4,ok,ok,721,23.9997,721,1,721,900,0.00228276,61.8743
5120905008_20251128111515,happiness,/Users/geziwang/Desktop/teenager_ppg/cleaned_video_outputs/emotion_clips/5120905008_20251128111515/happiness.mp4,ok,ok,720,24,720,1,720,900,0.00145421,90
5120905008_20251128111515,fearness,/Users/geziwang/Desktop/teenager_ppg/cleaned_video_outputs/emotion_clips/5120905008_20251128111515/fearness.mp4,ok,ok,720,24,720,1,720,900,0.00125277,78.75
5120905008_20251128111515,tension,/Users/geziwang/Desktop/teenager_ppg/cleaned_video_outputs/emotion_clips/5120905008_20251128111515/tension.mp4,ok,ok,717,24,717,1,717,900,0.00177694,50.625
5120905009_20251128112308,calm,/Users/geziwang/Desktop/teenager_ppg/cleaned_video_outputs/emotion_clips/5120905009_20251128112308/calm.mp4,ok,ok,728,23.9997,728,1,728,900,0.000936028,84.3741
5120905009_20251128112308,sadness,/Users/geziwang/Desktop/teenager_ppg/cleaned_video_outputs/emotion_clips/5120905009_20251128112308/sadness.mp4,ok,ok,721,23.9997,721,1,721,900,0.00115479,56.2494
5120905009_20251128112308,happiness,/Users/geziwang/Desktop/teenager_ppg/cleaned_video_outputs/emotion_clips/5120905009_20251128112308/happiness.mp4,ok,ok,721,24,721,1,721,900,0.0012529,78.75
5120905009_20251128112308,fearness,/Users/geziwang/Desktop/teenager_ppg/cleaned_video_outputs/emotion_clips/5120905009_20251128112308/fearness.mp4,ok,ok,720,24,720,1,720,900,0.000829112,45
5120905009_20251128112308,tension,/Users/geziwang/Desktop/teenager_ppg/cleaned_video_outputs/emotion_clips/5120905009_20251128112308/tension.mp4,ok,ok,718,24,718,1,718,900,0.000673557,50.625
5120905010_20251128112943,calm,/Users/geziwang/Desktop/teenager_ppg/cleaned_video_outputs/emotion_clips/5120905010_20251128112943/calm.mp4,ok,ok,728,23.9997,728,1,728,900,0.00112424,50.6244
5120905010_20251128112943,sadness,/Users/geziwang/Desktop/teenager_ppg/cleaned_video_outputs/emotion_clips/5120905010_20251128112943/sadness.mp4,ok,ok,720,23.9997,720,1,720,900,0.00172357,73.1242
5120905010_20251128112943,happiness,/Users/geziwang/Desktop/teenager_ppg/cleaned_video_outputs/emotion_clips/5120905010_20251128112943/happiness.mp4,ok,ok,720,24,720,1,720,900,0.00179302,45
5120905010_20251128112943,fearness,/Users/geziwang/Desktop/teenager_ppg/cleaned_video_outputs/emotion_clips/5120905010_20251128112943/fearness.mp4,ok,ok,719,24,719,1,719,900,0.00152716,73.125
5120905010_20251128112943,tension,/Users/geziwang/Desktop/teenager_ppg/cleaned_video_outputs/emotion_clips/5120905010_20251128112943/tension.mp4,ok,ok,718,24,718,1,718,900,0.00110088,50.625
5120905011_20251128113608,calm,/Users/geziwang/Desktop/teenager_ppg/cleaned_video_outputs/emotion_clips/5120905011_20251128113608/calm.mp4,ok,ok,728,23.9997,728,1,728,900,0.0011359,67.4993
5120905011_20251128113608,sadness,/Users/geziwang/Desktop/teenager_ppg/cleaned_video_outputs/emotion_clips/5120905011_20251128113608/sadness.mp4,ok,ok,721,23.9997,721,1,721,900,0.00111508,78.7491
5120905011_20251128113608,happiness,/Users/geziwang/Desktop/teenager_ppg/cleaned_video_outputs/emotion_clips/5120905011_20251128113608/happiness.mp4,ok,ok,721,24,721,1,721,900,0.0010079,67.5
5120905011_20251128113608,fearness,/Users/geziwang/Desktop/teenager_ppg/cleaned_video_outputs/emotion_clips/5120905011_20251128113608/fearness.mp4,ok,ok,720,24,720,1,720,900,0.000729236,56.25
5120905011_20251128113608,tension,/Users/geziwang/Desktop/teenager_ppg/cleaned_video_outputs/emotion_clips/5120905011_20251128113608/tension.mp4,ok,ok,718,24,718,1,718,900,0.00119572,67.5
5120905051_20251128110631,calm,/Users/geziwang/Desktop/teenager_ppg/cleaned_video_outputs/emotion_clips/5120905051_20251128110631/calm.mp4,ok,ok,728,23.9997,728,1,728,900,0.00340135,78.7491
5120905051_20251128110631,sadness,/Users/geziwang/Desktop/teenager_ppg/cleaned_video_outputs/emotion_clips/5120905051_20251128110631/sadness.mp4,ok,ok,719,23.9997,719,1,719,900,0.00423716,56.2494
5120905051_20251128110631,happiness,/Users/geziwang/Desktop/teenager_ppg/cleaned_video_outputs/emotion_clips/5120905051_20251128110631/happiness.mp4,ok,ok,718,24,718,1,718,900,0.00243477,90
5120905051_20251128110631,fearness,/Users/geziwang/Desktop/teenager_ppg/cleaned_video_outputs/emotion_clips/5120905051_20251128110631/fearness.mp4,ok,ok,718,24,718,1,718,900,0.00297028,67.5
5120905051_20251128110631,tension,/Users/geziwang/Desktop/teenager_ppg/cleaned_video_outputs/emotion_clips/5120905051_20251128110631/tension.mp4,ok,ok,716,24,716,1,716,900,0.00363353,67.5
5120905052_20251128111316,calm,/Users/geziwang/Desktop/teenager_ppg/cleaned_video_outputs/emotion_clips/5120905052_20251128111316/calm.mp4,ok,ok,724,23.9997,724,1,724,900,0.00151969,95.6239
5120905052_20251128111316,sadness,/Users/geziwang/Desktop/teenager_ppg/cleaned_video_outputs/emotion_clips/5120905052_20251128111316/sadness.mp4,ok,ok,720,23.9997,720,1,720,900,0.00134778,118.124
5120905052_20251128111316,happiness,/Users/geziwang/Desktop/teenager_ppg/cleaned_video_outputs/emotion_clips/5120905052_20251128111316/happiness.mp4,ok,ok,719,24,719,1,719,900,0.00149967,73.125
5120905052_20251128111316,fearness,/Users/geziwang/Desktop/teenager_ppg/cleaned_video_outputs/emotion_clips/5120905052_20251128111316/fearness.mp4,ok,ok,720,24,720,1,720,900,0.00119421,90
5120905052_20251128111316,tension,/Users/geziwang/Desktop/teenager_ppg/cleaned_video_outputs/emotion_clips/5120905052_20251128111316/tension.mp4,ok,ok,716,24,716,1,716,900,0.00190457,67.5
5120905053_20251128112129,calm,/Users/geziwang/Desktop/teenager_ppg/cleaned_video_outputs/emotion_clips/5120905053_20251128112129/calm.mp4,ok,ok,724,23.9997,724,1,724,900,0.00107426,95.6239
5120905053_20251128112129,sadness,/Users/geziwang/Desktop/teenager_ppg/cleaned_video_outputs/emotion_clips/5120905053_20251128112129/sadness.mp4,ok,ok,722,23.9997,722,1,722,900,0.000811104,67.4993
5120905053_20251128112129,happiness,/Users/geziwang/Desktop/teenager_ppg/cleaned_video_outputs/emotion_clips/5120905053_20251128112129/happiness.mp4,ok,ok,721,24,721,1,721,900,0.00100476,56.25
5120905053_20251128112129,fearness,/Users/geziwang/Desktop/teenager_ppg/cleaned_video_outputs/emotion_clips/5120905053_20251128112129/fearness.mp4,ok,ok,721,24,721,1,721,900,0.00092699,78.75
5120905053_20251128112129,tension,/Users/geziwang/Desktop/teenager_ppg/cleaned_video_outputs/emotion_clips/5120905053_20251128112129/tension.mp4,ok,ok,718,24,718,1,718,900,0.000981965,67.5
5120905054_20251128112744,calm,/Users/geziwang/Desktop/teenager_ppg/cleaned_video_outputs/emotion_clips/5120905054_20251128112744/calm.mp4,ok,ok,725,23.9997,725,1,725,900,0.00101794,50.6244
5120905054_20251128112744,sadness,/Users/geziwang/Desktop/teenager_ppg/cleaned_video_outputs/emotion_clips/5120905054_20251128112744/sadness.mp4,ok,ok,718,23.9997,718,1,718,900,0.00163608,44.9995
5120905054_20251128112744,happiness,/Users/geziwang/Desktop/teenager_ppg/cleaned_video_outputs/emotion_clips/5120905054_20251128112744/happiness.mp4,ok,ok,718,24,718,1,718,900,0.00132742,67.5
5120905054_20251128112744,fearness,/Users/geziwang/Desktop/teenager_ppg/cleaned_video_outputs/emotion_clips/5120905054_20251128112744/fearness.mp4,ok,ok,718,24,718,1,718,900,0.0010898,61.875
5120905054_20251128112744,tension,/Users/geziwang/Desktop/teenager_ppg/cleaned_video_outputs/emotion_clips/5120905054_20251128112744/tension.mp4,ok,ok,716,24,716,1,716,900,0.00126352,61.875
5120905055_20251128113550,calm,/Users/geziwang/Desktop/teenager_ppg/cleaned_video_outputs/emotion_clips/5120905055_20251128113550/calm.mp4,ok,ok,723,23.9997,723,1,723,900,0.0010374,73.1242
5120905055_20251128113550,sadness,/Users/geziwang/Desktop/teenager_ppg/cleaned_video_outputs/emotion_clips/5120905055_20251128113550/sadness.mp4,ok,ok,721,23.9997,721,1,721,900,0.000936531,50.6244
5120905055_20251128113550,happiness,/Users/geziwang/Desktop/teenager_ppg/cleaned_video_outputs/emotion_clips/5120905055_20251128113550/happiness.mp4,ok,ok,720,24,720,1,720,900,0.000971072,73.125
5120905055_20251128113550,fearness,/Users/geziwang/Desktop/teenager_ppg/cleaned_video_outputs/emotion_clips/5120905055_20251128113550/fearness.mp4,ok,ok,721,24,721,1,721,900,0.00118725,50.625
5120905055_20251128113550,tension,/Users/geziwang/Desktop/teenager_ppg/cleaned_video_outputs/emotion_clips/5120905055_20251128113550/tension.mp4,ok,ok,717,24,717,1,717,900,0.000903928,78.75
5120905056_20251128114221,calm,/Users/geziwang/Desktop/teenager_ppg/cleaned_video_outputs/emotion_clips/5120905056_20251128114221/calm.mp4,ok,ok,725,23.9997,725,1,725,900,0.00110502,84.3741
5120905056_20251128114221,sadness,/Users/geziwang/Desktop/teenager_ppg/cleaned_video_outputs/emotion_clips/5120905056_20251128114221/sadness.mp4,ok,ok,719,23.9997,719,1,719,900,0.00144015,84.3741
5120905056_20251128114221,happiness,/Users/geziwang/Desktop/teenager_ppg/cleaned_video_outputs/emotion_clips/5120905056_20251128114221/happiness.mp4,ok,ok,719,24,719,1,719,900,0.00178441,45
5120905056_20251128114221,fearness,/Users/geziwang/Desktop/teenager_ppg/cleaned_video_outputs/emotion_clips/5120905056_20251128114221/fearness.mp4,ok,ok,719,24,719,1,719,900,0.0012834,78.75
5120905056_20251128114221,tension,/Users/geziwang/Desktop/teenager_ppg/cleaned_video_outputs/emotion_clips/5120905056_20251128114221/tension.mp4,ok,ok,717,24,717,1,717,900,0.00188571,78.75
5120905106_20251128110755,calm,/Users/geziwang/Desktop/teenager_ppg/cleaned_video_outputs/emotion_clips/5120905106_20251128110755/calm.mp4,ok,ok,917,29.9984,917,1,917,900,0.00254929,63.2778
5120905106_20251128110755,sadness,/Users/geziwang/Desktop/teenager_ppg/cleaned_video_outputs/emotion_clips/5120905106_20251128110755/sadness.mp4,ok,ok,904,29.9652,904,1,904,900,0.00261621,63.2078
5120905106_20251128110755,happiness,/Users/geziwang/Desktop/teenager_ppg/cleaned_video_outputs/emotion_clips/5120905106_20251128110755/happiness.mp4,ok,ok,904,29.9983,904,1,904,900,0.00218176,63.2778
5120905106_20251128110755,fearness,/Users/geziwang/Desktop/teenager_ppg/cleaned_video_outputs/emotion_clips/5120905106_20251128110755/fearness.mp4,ok,ok,904,29.9983,904,1,904,900,0.00197234,63.2778
5120905106_20251128110755,tension,/Users/geziwang/Desktop/teenager_ppg/cleaned_video_outputs/emotion_clips/5120905106_20251128110755/tension.mp4,ok,ok,901,29.9983,901,1,901,900,0.00179796,63.2778
5120905107_20251128111444,calm,/Users/geziwang/Desktop/teenager_ppg/cleaned_video_outputs/emotion_clips/5120905107_20251128111444/calm.mp4,ok,ok,916,29.9984,916,1,916,900,0.00245388,63.2778
5120905107_20251128111444,sadness,/Users/geziwang/Desktop/teenager_ppg/cleaned_video_outputs/emotion_clips/5120905107_20251128111444/sadness.mp4,ok,ok,905,29.9983,905,1,905,900,0.00254081,56.2469
5120905107_20251128111444,happiness,/Users/geziwang/Desktop/teenager_ppg/cleaned_video_outputs/emotion_clips/5120905107_20251128111444/happiness.mp4,ok,ok,904,29.9983,904,1,904,900,0.00232411,63.2778
5120905107_20251128111444,fearness,/Users/geziwang/Desktop/teenager_ppg/cleaned_video_outputs/emotion_clips/5120905107_20251128111444/fearness.mp4,ok,ok,904,29.9984,904,1,904,900,0.00218275,70.3086
5120905107_20251128111444,tension,/Users/geziwang/Desktop/teenager_ppg/cleaned_video_outputs/emotion_clips/5120905107_20251128111444/tension.mp4,ok,ok,902,29.9984,902,1,902,900,0.00209206,63.2778
5120905108_20251128112010,calm,/Users/geziwang/Desktop/teenager_ppg/cleaned_video_outputs/emotion_clips/5120905108_20251128112010/calm.mp4,ok,ok,915,29.9984,915,1,915,900,0.00444801,77.3395
5120905108_20251128112010,sadness,/Users/geziwang/Desktop/teenager_ppg/cleaned_video_outputs/emotion_clips/5120905108_20251128112010/sadness.mp4,ok,ok,905,29.9983,905,1,905,900,0.00166636,63.2778
5120905108_20251128112010,happiness,/Users/geziwang/Desktop/teenager_ppg/cleaned_video_outputs/emotion_clips/5120905108_20251128112010/happiness.mp4,ok,ok,904,29.9983,904,1,904,900,0.00212216,63.2778
5120905108_20251128112010,fearness,/Users/geziwang/Desktop/teenager_ppg/cleaned_video_outputs/emotion_clips/5120905108_20251128112010/fearness.mp4,ok,ok,904,29.9984,904,1,904,900,0.00169973,63.2778
5120905108_20251128112010,tension,/Users/geziwang/Desktop/teenager_ppg/cleaned_video_outputs/emotion_clips/5120905108_20251128112010/tension.mp4,ok,ok,902,29.9984,902,1,902,900,0.00652612,175.772
5120905109_20251128112557,calm,/Users/geziwang/Desktop/teenager_ppg/cleaned_video_outputs/emotion_clips/5120905109_20251128112557/calm.mp4,ok,ok,915,29.9984,915,1,915,900,0.00236698,63.2778
5120905109_20251128112557,sadness,/Users/geziwang/Desktop/teenager_ppg/cleaned_video_outputs/emotion_clips/5120905109_20251128112557/sadness.mp4,ok,ok,904,29.9652,904,1,904,900,0.00143423,56.1847
5120905109_20251128112557,happiness,/Users/geziwang/Desktop/teenager_ppg/cleaned_video_outputs/emotion_clips/5120905109_20251128112557/happiness.mp4,ok,ok,905,29.9983,905,1,905,900,0.00166052,56.2469
5120905109_20251128112557,fearness,/Users/geziwang/Desktop/teenager_ppg/cleaned_video_outputs/emotion_clips/5120905109_20251128112557/fearness.mp4,ok,ok,905,29.9984,905,1,905,900,0.00159556,56.2469
5120905109_20251128112557,tension,/Users/geziwang/Desktop/teenager_ppg/cleaned_video_outputs/emotion_clips/5120905109_20251128112557/tension.mp4,ok,ok,902,29.9984,902,1,902,900,0.00171147,56.2469
5120905110_20251128113140,calm,/Users/geziwang/Desktop/teenager_ppg/cleaned_video_outputs/emotion_clips/5120905110_20251128113140/calm.mp4,ok,ok,915,29.9984,915,1,915,900,0.00360074,77.3395
5120905110_20251128113140,sadness,/Users/geziwang/Desktop/teenager_ppg/cleaned_video_outputs/emotion_clips/5120905110_20251128113140/sadness.mp4,ok,ok,904,29.9983,904,1,904,900,0.00258011,77.3395
5120905110_20251128113140,happiness,/Users/geziwang/Desktop/teenager_ppg/cleaned_video_outputs/emotion_clips/5120905110_20251128113140/happiness.mp4,ok,ok,904,29.9983,904,1,904,900,0.00268734,84.3703
5120905110_20251128113140,fearness,/Users/geziwang/Desktop/teenager_ppg/cleaned_video_outputs/emotion_clips/5120905110_20251128113140/fearness.mp4,ok,ok,904,29.9983,904,1,904,900,0.00285031,56.2469
5120905110_20251128113140,tension,/Users/geziwang/Desktop/teenager_ppg/cleaned_video_outputs/emotion_clips/5120905110_20251128113140/tension.mp4,ok,ok,901,29.9983,901,1,901,900,0.00178843,84.3704
5120905111_20251128113713,calm,/Users/geziwang/Desktop/teenager_ppg/cleaned_video_outputs/emotion_clips/5120905111_20251128113713/calm.mp4,ok,ok,916,29.9984,916,1,916,900,0.00151071,63.2778
5120905111_20251128113713,sadness,/Users/geziwang/Desktop/teenager_ppg/cleaned_video_outputs/emotion_clips/5120905111_20251128113713/sadness.mp4,ok,ok,905,29.9983,905,1,905,900,0.00220398,56.2469
5120905111_20251128113713,happiness,/Users/geziwang/Desktop/teenager_ppg/cleaned_video_outputs/emotion_clips/5120905111_20251128113713/happiness.mp4,ok,ok,905,29.9983,905,1,905,900,0.00194602,56.2469
5120905111_20251128113713,fearness,/Users/geziwang/Desktop/teenager_ppg/cleaned_video_outputs/emotion_clips/5120905111_20251128113713/fearness.mp4,ok,ok,905,29.9984,905,1,905,900,0.00189048,56.2469
5120905111_20251128113713,tension,/Users/geziwang/Desktop/teenager_ppg/cleaned_video_outputs/emotion_clips/5120905111_20251128113713/tension.mp4,ok,ok,902,29.9984,902,1,902,900,0.0021614,63.2778
5120907001_20251128094337,calm,/Users/geziwang/Desktop/teenager_ppg/cleaned_video_outputs/emotion_clips/5120907001_20251128094337/calm.mp4,ok,ok,726,23.9997,726,1,726,900,0.00319552,61.8743
5120907001_20251128094337,sadness,/Users/geziwang/Desktop/teenager_ppg/cleaned_video_outputs/emotion_clips/5120907001_20251128094337/sadness.mp4,ok,ok,719,23.9997,719,1,719,900,0.00155549,112.499
5120907001_20251128094337,happiness,/Users/geziwang/Desktop/teenager_ppg/cleaned_video_outputs/emotion_clips/5120907001_20251128094337/happiness.mp4,ok,ok,719,24,719,1,719,900,0.00505851,45
5120907001_20251128094337,fearness,/Users/geziwang/Desktop/teenager_ppg/cleaned_video_outputs/emotion_clips/5120907001_20251128094337/fearness.mp4,ok,ok,719,24,719,1,719,900,0.0128916,73.125
5120907001_20251128094337,tension,/Users/geziwang/Desktop/teenager_ppg/cleaned_video_outputs/emotion_clips/5120907001_20251128094337/tension.mp4,ok,ok,716,24,716,1,716,900,0.00674998,67.5
5120907001_20251128094507,calm,/Users/geziwang/Desktop/teenager_ppg/cleaned_video_outputs/emotion_clips/5120907001_20251128094507/calm.mp4,ok,ok,728,23.9997,728,1,728,900,0.0012477,78.7491
5120907001_20251128094507,sadness,/Users/geziwang/Desktop/teenager_ppg/cleaned_video_outputs/emotion_clips/5120907001_20251128094507/sadness.mp4,ok,ok,721,23.9997,721,1,721,900,0.00141104,73.1242
5120907001_20251128094507,happiness,/Users/geziwang/Desktop/teenager_ppg/cleaned_video_outputs/emotion_clips/5120907001_20251128094507/happiness.mp4,ok,ok,720,24,720,1,720,900,0.00114728,73.125
5120907001_20251128094507,fearness,/Users/geziwang/Desktop/teenager_ppg/cleaned_video_outputs/emotion_clips/5120907001_20251128094507/fearness.mp4,ok,ok,720,24,720,1,720,900,0.00103986,50.625
5120907001_20251128094507,tension,/Users/geziwang/Desktop/teenager_ppg/cleaned_video_outputs/emotion_clips/5120907001_20251128094507/tension.mp4,ok,ok,718,24,718,1,718,900,0.00159995,56.25
5120907002_20251128095008,calm,/Users/geziwang/Desktop/teenager_ppg/cleaned_video_outputs/emotion_clips/5120907002_20251128095008/calm.mp4,ok,ok,724,23.9997,724,1,724,900,0.00734882,95.6239
5120907002_20251128095008,sadness,/Users/geziwang/Desktop/teenager_ppg/cleaned_video_outputs/emotion_clips/5120907002_20251128095008/sadness.mp4,ok,ok,719,23.9997,719,1,719,900,0.00104389,67.4992
5120907002_20251128095008,happiness,/Users/geziwang/Desktop/teenager_ppg/cleaned_video_outputs/emotion_clips/5120907002_20251128095008/happiness.mp4,ok,ok,718,24,718,1,718,900,0.00108069,56.25
5120907002_20251128095008,fearness,/Users/geziwang/Desktop/teenager_ppg/cleaned_video_outputs/emotion_clips/5120907002_20251128095008/fearness.mp4,ok,ok,718,24,718,1,718,900,0.00122505,84.375
5120907002_20251128095008,tension,/Users/geziwang/Desktop/teenager_ppg/cleaned_video_outputs/emotion_clips/5120907002_20251128095008/tension.mp4,ok,ok,717,24,717,1,717,900,0.00105545,67.5
5120907002_20251128095107,calm,/Users/geziwang/Desktop/teenager_ppg/cleaned_video_outputs/emotion_clips/5120907002_20251128095107/calm.mp4,ok,ok,730,23.9997,730,1,730,900,0.00105698,84.3741
5120907002_20251128095107,sadness,/Users/geziwang/Desktop/teenager_ppg/cleaned_video_outputs/emotion_clips/5120907002_20251128095107/sadness.mp4,ok,ok,721,23.9997,721,1,721,900,0.00122655,50.6244
5120907002_20251128095107,happiness,/Users/geziwang/Desktop/teenager_ppg/cleaned_video_outputs/emotion_clips/5120907002_20251128095107/happiness.mp4,ok,ok,720,24,720,1,720,900,0.000930591,95.625
5120907002_20251128095107,fearness,/Users/geziwang/Desktop/teenager_ppg/cleaned_video_outputs/emotion_clips/5120907002_20251128095107/fearness.mp4,ok,ok,720,24,720,1,720,900,0.00100312,56.25
5120907002_20251128095107,tension,/Users/geziwang/Desktop/teenager_ppg/cleaned_video_outputs/emotion_clips/5120907002_20251128095107/tension.mp4,ok,ok,716,24,716,1,716,900,0.000881648,61.875
5120907003_20251128095735,calm,/Users/geziwang/Desktop/teenager_ppg/cleaned_video_outputs/emotion_clips/5120907003_20251128095735/calm.mp4,ok,ok,728,23.9997,728,1,728,900,0.00208297,56.2494
5120907003_20251128095735,sadness,/Users/geziwang/Desktop/teenager_ppg/cleaned_video_outputs/emotion_clips/5120907003_20251128095735/sadness.mp4,ok,ok,721,23.9997,721,1,721,900,0.00122436,67.4993
5120907003_20251128095735,happiness,/Users/geziwang/Desktop/teenager_ppg/cleaned_video_outputs/emotion_clips/5120907003_20251128095735/happiness.mp4,ok,ok,720,24,720,1,720,900,0.00142788,50.625
5120907003_20251128095735,fearness,/Users/geziwang/Desktop/teenager_ppg/cleaned_video_outputs/emotion_clips/5120907003_20251128095735/fearness.mp4,ok,ok,720,24,720,1,720,900,0.0010949,61.875
5120907003_20251128095735,tension,/Users/geziwang/Desktop/teenager_ppg/cleaned_video_outputs/emotion_clips/5120907003_20251128095735/tension.mp4,ok,ok,717,24,717,1,717,900,0.00205868,78.75
5120907003_20251128095846,calm,/Users/geziwang/Desktop/teenager_ppg/cleaned_video_outputs/emotion_clips/5120907003_20251128095846/calm.mp4,ok,ok,724,23.9997,724,1,724,900,0.00191172,89.999
5120907003_20251128095846,sadness,/Users/geziwang/Desktop/teenager_ppg/cleaned_video_outputs/emotion_clips/5120907003_20251128095846/sadness.mp4,ok,ok,720,23.9997,720,1,720,900,0.0159676,73.1242
5120907003_20251128095846,happiness,/Users/geziwang/Desktop/teenager_ppg/cleaned_video_outputs/emotion_clips/5120907003_20251128095846/happiness.mp4,ok,ok,719,24,719,1,719,900,0.00187868,101.25
5120907003_20251128095846,fearness,/Users/geziwang/Desktop/teenager_ppg/cleaned_video_outputs/emotion_clips/5120907003_20251128095846/fearness.mp4,ok,ok,719,24,719,1,719,900,0.00186704,78.75
5120907003_20251128095846,tension,/Users/geziwang/Desktop/teenager_ppg/cleaned_video_outputs/emotion_clips/5120907003_20251128095846/tension.mp4,ok,ok,717,24,717,1,717,900,0.0022575,50.625
5120907004_20251128100446,calm,/Users/geziwang/Desktop/teenager_ppg/cleaned_video_outputs/emotion_clips/5120907004_20251128100446/calm.mp4,ok,ok,729,23.9997,729,1,729,900,0.00201538,89.999
5120907004_20251128100446,sadness,/Users/geziwang/Desktop/teenager_ppg/cleaned_video_outputs/emotion_clips/5120907004_20251128100446/sadness.mp4,ok,ok,722,23.9997,722,1,722,900,0.00228847,73.1242
5120907004_20251128100446,happiness,/Users/geziwang/Desktop/teenager_ppg/cleaned_video_outputs/emotion_clips/5120907004_20251128100446/happiness.mp4,ok,ok,722,24,722,1,722,900,0.00347971,45
5120907004_20251128100446,fearness,/Users/geziwang/Desktop/teenager_ppg/cleaned_video_outputs/emotion_clips/5120907004_20251128100446/fearness.mp4,ok,ok,722,24,722,1,722,900,0.00141179,50.625
5120907004_20251128100446,tension,/Users/geziwang/Desktop/teenager_ppg/cleaned_video_outputs/emotion_clips/5120907004_20251128100446/tension.mp4,ok,ok,718,24,718,1,718,900,0.00186357,78.75
5120907004_20251128100522,calm,/Users/geziwang/Desktop/teenager_ppg/cleaned_video_outputs/emotion_clips/5120907004_20251128100522/calm.mp4,ok,ok,725,23.9997,725,1,725,900,0.00117086,56.2494
5120907004_20251128100522,sadness,/Users/geziwang/Desktop/teenager_ppg/cleaned_video_outputs/emotion_clips/5120907004_20251128100522/sadness.mp4,ok,ok,720,23.9997,720,1,720,900,0.000870305,73.1242
5120907004_20251128100522,happiness,/Users/geziwang/Desktop/teenager_ppg/cleaned_video_outputs/emotion_clips/5120907004_20251128100522/happiness.mp4,ok,ok,719,24,719,1,719,900,0.00127122,67.5
5120907004_20251128100522,fearness,/Users/geziwang/Desktop/teenager_ppg/cleaned_video_outputs/emotion_clips/5120907004_20251128100522/fearness.mp4,ok,ok,720,24,720,1,720,900,0.000878908,61.875
5120907004_20251128100522,tension,/Users/geziwang/Desktop/teenager_ppg/cleaned_video_outputs/emotion_clips/5120907004_20251128100522/tension.mp4,ok,ok,717,24,717,1,717,900,0.00176461,61.875
5120907005_20251128101120,calm,/Users/geziwang/Desktop/teenager_ppg/cleaned_video_outputs/emotion_clips/5120907005_20251128101120/calm.mp4,ok,ok,721,23.9997,721,1,721,900,0.00172832,50.6244
5120907005_20251128101120,sadness,/Users/geziwang/Desktop/teenager_ppg/cleaned_video_outputs/emotion_clips/5120907005_20251128101120/sadness.mp4,ok,ok,719,23.9997,719,1,719,900,0.00153612,44.9995
5120907005_20251128101120,happiness,/Users/geziwang/Desktop/teenager_ppg/cleaned_video_outputs/emotion_clips/5120907005_20251128101120/happiness.mp4,ok,ok,719,24,719,1,719,900,0.00116649,67.5
5120907005_20251128101120,fearness,/Users/geziwang/Desktop/teenager_ppg/cleaned_video_outputs/emotion_clips/5120907005_20251128101120/fearness.mp4,ok,ok,719,24,719,1,719,900,0.00186745,73.125
5120907005_20251128101120,tension,/Users/geziwang/Desktop/teenager_ppg/cleaned_video_outputs/emotion_clips/5120907005_20251128101120/tension.mp4,ok,ok,717,24,717,1,717,900,0.00200262,84.375
5120907005_20251128101155,calm,/Users/geziwang/Desktop/teenager_ppg/cleaned_video_outputs/emotion_clips/5120907005_20251128101155/calm.mp4,ok,ok,728,23.9997,728,1,728,900,0.00244331,89.999
5120907005_20251128101155,sadness,/Users/geziwang/Desktop/teenager_ppg/cleaned_video_outputs/emotion_clips/5120907005_20251128101155/sadness.mp4,ok,ok,721,23.9997,721,1,721,900,0.0111537,56.2494
5120907005_20251128101155,happiness,/Users/geziwang/Desktop/teenager_ppg/cleaned_video_outputs/emotion_clips/5120907005_20251128101155/happiness.mp4,ok,ok,720,24,720,1,720,900,0.00483106,50.625
5120907005_20251128101155,fearness,/Users/geziwang/Desktop/teenager_ppg/cleaned_video_outputs/emotion_clips/5120907005_20251128101155/fearness.mp4,ok,ok,720,24,720,1,720,900,0.00250057,67.5
5120907005_20251128101155,tension,/Users/geziwang/Desktop/teenager_ppg/cleaned_video_outputs/emotion_clips/5120907005_20251128101155/tension.mp4,ok,ok,717,24,717,1,717,900,0.00281754,78.75
5120907006_20251128101832,calm,/Users/geziwang/Desktop/teenager_ppg/cleaned_video_outputs/emotion_clips/5120907006_20251128101832/calm.mp4,ok,ok,728,23.9997,728,1,728,900,0.00196571,56.2494
5120907006_20251128101832,sadness,/Users/geziwang/Desktop/teenager_ppg/cleaned_video_outputs/emotion_clips/5120907006_20251128101832/sadness.mp4,ok,ok,722,23.9997,722,1,722,900,0.00104066,73.1242
5120907006_20251128101832,happiness,/Users/geziwang/Desktop/teenager_ppg/cleaned_video_outputs/emotion_clips/5120907006_20251128101832/happiness.mp4,ok,ok,722,24,722,1,722,900,0.00102046,45
5120907006_20251128101832,fearness,/Users/geziwang/Desktop/teenager_ppg/cleaned_video_outputs/emotion_clips/5120907006_20251128101832/fearness.mp4,ok,ok,722,24,722,1,722,900,0.000978104,61.875
5120907006_20251128101832,tension,/Users/geziwang/Desktop/teenager_ppg/cleaned_video_outputs/emotion_clips/5120907006_20251128101832/tension.mp4,ok,ok,718,24,718,1,718,900,0.00179731,78.75
5120907101_20251128094512,calm,/Users/geziwang/Desktop/teenager_ppg/cleaned_video_outputs/emotion_clips/5120907101_20251128094512/calm.mp4,ok,ok,916,29.9984,916,1,916,900,0.00205763,70.3087
5120907101_20251128094512,sadness,/Users/geziwang/Desktop/teenager_ppg/cleaned_video_outputs/emotion_clips/5120907101_20251128094512/sadness.mp4,ok,ok,906,29.9983,906,1,906,900,0.00210446,56.2469
5120907101_20251128094512,happiness,/Users/geziwang/Desktop/teenager_ppg/cleaned_video_outputs/emotion_clips/5120907101_20251128094512/happiness.mp4,ok,ok,905,29.9984,905,1,905,900,0.00705832,70.3086
5120907101_20251128094512,fearness,/Users/geziwang/Desktop/teenager_ppg/cleaned_video_outputs/emotion_clips/5120907101_20251128094512/fearness.mp4,ok,ok,905,29.9984,905,1,905,900,0.00141011,63.2778
5120907101_20251128094512,tension,/Users/geziwang/Desktop/teenager_ppg/cleaned_video_outputs/emotion_clips/5120907101_20251128094512/tension.mp4,ok,ok,903,29.9984,903,1,903,900,0.00169839,63.2778
5120907102_20251128095553,calm,/Users/geziwang/Desktop/teenager_ppg/cleaned_video_outputs/emotion_clips/5120907102_20251128095553/calm.mp4,ok,ok,916,29.9984,916,1,916,900,0.00219022,49.2161
5120907102_20251128095553,sadness,/Users/geziwang/Desktop/teenager_ppg/cleaned_video_outputs/emotion_clips/5120907102_20251128095553/sadness.mp4,ok,ok,906,29.9983,906,1,906,900,0.00249494,70.3086
5120907102_20251128095553,happiness,/Users/geziwang/Desktop/teenager_ppg/cleaned_video_outputs/emotion_clips/5120907102_20251128095553/happiness.mp4,ok,ok,905,29.9984,905,1,905,900,0.00200371,56.2469
5120907102_20251128095553,fearness,/Users/geziwang/Desktop/teenager_ppg/cleaned_video_outputs/emotion_clips/5120907102_20251128095553/fearness.mp4,ok,ok,905,29.9984,905,1,905,900,0.00418829,56.2469
5120907102_20251128095553,tension,/Users/geziwang/Desktop/teenager_ppg/cleaned_video_outputs/emotion_clips/5120907102_20251128095553/tension.mp4,ok,ok,903,29.9984,903,1,903,900,0.00399387,70.3087
5120907103_20251128100259,calm,/Users/geziwang/Desktop/teenager_ppg/cleaned_video_outputs/emotion_clips/5120907103_20251128100259/calm.mp4,ok,ok,915,29.9984,915,1,915,900,0.00207259,70.3087
5120907103_20251128100259,sadness,/Users/geziwang/Desktop/teenager_ppg/cleaned_video_outputs/emotion_clips/5120907103_20251128100259/sadness.mp4,ok,ok,905,29.9983,905,1,905,900,0.00617572,84.3703
5120907103_20251128100259,happiness,/Users/geziwang/Desktop/teenager_ppg/cleaned_video_outputs/emotion_clips/5120907103_20251128100259/happiness.mp4,ok,ok,905,29.9983,905,1,905,900,0.00201316,63.2778
5120907103_20251128100259,fearness,/Users/geziwang/Desktop/teenager_ppg/cleaned_video_outputs/emotion_clips/5120907103_20251128100259/fearness.mp4,ok,ok,905,29.9984,905,1,905,900,0.00142751,63.2778
5120907103_20251128100259,tension,/Users/geziwang/Desktop/teenager_ppg/cleaned_video_outputs/emotion_clips/5120907103_20251128100259/tension.mp4,ok,ok,902,29.9984,902,1,902,900,0.00147132,63.2778
5120907104_20251128101013,calm,/Users/geziwang/Desktop/teenager_ppg/cleaned_video_outputs/emotion_clips/5120907104_20251128101013/calm.mp4,ok,ok,913,29.9984,913,1,913,900,0.0027493,63.2778
5120907104_20251128101013,sadness,/Users/geziwang/Desktop/teenager_ppg/cleaned_video_outputs/emotion_clips/5120907104_20251128101013/sadness.mp4,ok,ok,904,29.9983,904,1,904,900,0.00244715,70.3086
5120907104_20251128101013,happiness,/Users/geziwang/Desktop/teenager_ppg/cleaned_video_outputs/emotion_clips/5120907104_20251128101013/happiness.mp4,ok,ok,904,29.9983,904,1,904,900,0.00202472,70.3086
5120907104_20251128101013,fearness,/Users/geziwang/Desktop/teenager_ppg/cleaned_video_outputs/emotion_clips/5120907104_20251128101013/fearness.mp4,ok,ok,904,29.9983,904,1,904,900,0.00190152,70.3086
5120907104_20251128101013,tension,/Users/geziwang/Desktop/teenager_ppg/cleaned_video_outputs/emotion_clips/5120907104_20251128101013/tension.mp4,ok,ok,901,29.9983,901,1,901,900,0.00208423,70.3086
5120907105_20251128101647,calm,/Users/geziwang/Desktop/teenager_ppg/cleaned_video_outputs/emotion_clips/5120907105_20251128101647/calm.mp4,ok,ok,915,29.9984,915,1,915,900,0.00198101,98.4321
5120907105_20251128101647,sadness,/Users/geziwang/Desktop/teenager_ppg/cleaned_video_outputs/emotion_clips/5120907105_20251128101647/sadness.mp4,ok,ok,904,29.9652,904,1,904,900,0.00240333,98.3233
5120907105_20251128101647,happiness,/Users/geziwang/Desktop/teenager_ppg/cleaned_video_outputs/emotion_clips/5120907105_20251128101647/happiness.mp4,ok,ok,904,29.9983,904,1,904,900,0.00374875,98.4321
5120907105_20251128101647,fearness,/Users/geziwang/Desktop/teenager_ppg/cleaned_video_outputs/emotion_clips/5120907105_20251128101647/fearness.mp4,ok,ok,904,29.9984,904,1,904,900,0.00197893,98.4321
5120907105_20251128101647,tension,/Users/geziwang/Desktop/teenager_ppg/cleaned_video_outputs/emotion_clips/5120907105_20251128101647/tension.mp4,ok,ok,902,29.9984,902,1,902,900,0.00237487,98.4321
5121005034_20251121084749,calm,/Users/geziwang/Desktop/teenager_ppg/cleaned_video_outputs/emotion_clips/5121005034_20251121084749/calm.mp4,ok,ok,722,23.9997,722,1,722,900,0.00177981,61.8743
5121005034_20251121084749,sadness,/Users/geziwang/Desktop/teenager_ppg/cleaned_video_outputs/emotion_clips/5121005034_20251121084749/sadness.mp4,ok,ok,718,23.9997,718,1,718,900,0.00128644,56.2494
5121005034_20251121084749,happiness,/Users/geziwang/Desktop/teenager_ppg/cleaned_video_outputs/emotion_clips/5121005034_20251121084749/happiness.mp4,ok,ok,717,24,717,1,717,900,0.00118643,61.875
5121005034_20251121084749,fearness,/Users/geziwang/Desktop/teenager_ppg/cleaned_video_outputs/emotion_clips/5121005034_20251121084749/fearness.mp4,ok,ok,717,24,717,1,717,900,0.00132858,61.875
5121005034_20251121084749,tension,/Users/geziwang/Desktop/teenager_ppg/cleaned_video_outputs/emotion_clips/5121005034_20251121084749/tension.mp4,ok,ok,715,24,715,1,715,900,0.00131653,61.875
5121005035_20251121090010,calm,/Users/geziwang/Desktop/teenager_ppg/cleaned_video_outputs/emotion_clips/5121005035_20251121090010/calm.mp4,ok,ok,724,23.9997,724,1,724,900,0.00188763,73.1242
5121005035_20251121090010,sadness,/Users/geziwang/Desktop/teenager_ppg/cleaned_video_outputs/emotion_clips/5121005035_20251121090010/sadness.mp4,ok,ok,719,23.9997,719,1,719,900,0.00196868,56.2494
5121005035_20251121090010,happiness,/Users/geziwang/Desktop/teenager_ppg/cleaned_video_outputs/emotion_clips/5121005035_20251121090010/happiness.mp4,ok,ok,719,24,719,1,719,900,0.00228467,90
5121005035_20251121090010,fearness,/Users/geziwang/Desktop/teenager_ppg/cleaned_video_outputs/emotion_clips/5121005035_20251121090010/fearness.mp4,ok,ok,719,24,719,1,719,900,0.00301383,61.875
5121005035_20251121090010,tension,/Users/geziwang/Desktop/teenager_ppg/cleaned_video_outputs/emotion_clips/5121005035_20251121090010/tension.mp4,ok,ok,717,24,717,1,717,900,0.00217056,61.875
5121005036_20251121091114,calm,/Users/geziwang/Desktop/teenager_ppg/cleaned_video_outputs/emotion_clips/5121005036_20251121091114/calm.mp4,ok,ok,725,23.9997,725,1,725,900,0.0024603,61.8743
5121005036_20251121091114,sadness,/Users/geziwang/Desktop/teenager_ppg/cleaned_video_outputs/emotion_clips/5121005036_20251121091114/sadness.mp4,ok,ok,720,23.9997,720,1,720,900,0.00104644,61.8743
5121005036_20251121091114,happiness,/Users/geziwang/Desktop/teenager_ppg/cleaned_video_outputs/emotion_clips/5121005036_20251121091114/happiness.mp4,ok,ok,719,24,719,1,719,900,0.00111732,67.5
5121005036_20251121091114,fearness,/Users/geziwang/Desktop/teenager_ppg/cleaned_video_outputs/emotion_clips/5121005036_20251121091114/fearness.mp4,ok,ok,720,24,720,1,720,900,0.000927559,61.875
5121005036_20251121091114,tension,/Users/geziwang/Desktop/teenager_ppg/cleaned_video_outputs/emotion_clips/5121005036_20251121091114/tension.mp4,ok,ok,717,24,717,1,717,900,0.00104149,61.875
5121005037_20251121093955,calm,/Users/geziwang/Desktop/teenager_ppg/cleaned_video_outputs/emotion_clips/5121005037_20251121093955/calm.mp4,ok,ok,726,23.9997,726,1,726,900,0.00152652,123.749
5121005037_20251121093955,sadness,/Users/geziwang/Desktop/teenager_ppg/cleaned_video_outputs/emotion_clips/5121005037_20251121093955/sadness.mp4,ok,ok,719,23.9997,719,1,719,900,0.00246863,56.2494
5121005037_20251121093955,happiness,/Users/geziwang/Desktop/teenager_ppg/cleaned_video_outputs/emotion_clips/5121005037_20251121093955/happiness.mp4,ok,ok,719,24,719,1,719,900,0.00251628,61.875
5121005037_20251121093955,fearness,/Users/geziwang/Desktop/teenager_ppg/cleaned_video_outputs/emotion_clips/5121005037_20251121093955/fearness.mp4,ok,ok,719,24,719,1,719,900,0.00226745,61.875
5121005037_20251121093955,tension,/Users/geziwang/Desktop/teenager_ppg/cleaned_video_outputs/emotion_clips/5121005037_20251121093955/tension.mp4,ok,ok,716,24,716,1,716,900,0.0019546,56.25
5121005038_20251121094646,calm,/Users/geziwang/Desktop/teenager_ppg/cleaned_video_outputs/emotion_clips/5121005038_20251121094646/calm.mp4,ok,ok,725,23.9997,725,1,725,900,0.00148844,50.6244
5121005038_20251121094646,sadness,/Users/geziwang/Desktop/teenager_ppg/cleaned_video_outputs/emotion_clips/5121005038_20251121094646/sadness.mp4,ok,ok,720,23.9997,720,1,720,900,0.00145789,61.8743
5121005038_20251121094646,happiness,/Users/geziwang/Desktop/teenager_ppg/cleaned_video_outputs/emotion_clips/5121005038_20251121094646/happiness.mp4,ok,ok,719,24,719,1,719,900,0.001334,180
5121005038_20251121094646,fearness,/Users/geziwang/Desktop/teenager_ppg/cleaned_video_outputs/emotion_clips/5121005038_20251121094646/fearness.mp4,ok,ok,720,24,720,1,720,900,0.00139233,61.875
5121005038_20251121094646,tension,/Users/geziwang/Desktop/teenager_ppg/cleaned_video_outputs/emotion_clips/5121005038_20251121094646/tension.mp4,ok,ok,716,24,716,1,716,900,0.00153695,61.875
5121005039_20251121095332,calm,/Users/geziwang/Desktop/teenager_ppg/cleaned_video_outputs/emotion_clips/5121005039_20251121095332/calm.mp4,ok,ok,724,23.9997,724,1,724,900,0.00242321,106.874
5121005039_20251121095332,sadness,/Users/geziwang/Desktop/teenager_ppg/cleaned_video_outputs/emotion_clips/5121005039_20251121095332/sadness.mp4,ok,ok,719,23.9997,719,1,719,900,0.00193482,89.999
5121005039_20251121095332,happiness,/Users/geziwang/Desktop/teenager_ppg/cleaned_video_outputs/emotion_clips/5121005039_20251121095332/happiness.mp4,ok,ok,719,24,719,1,719,900,0.00129993,67.5
5121005039_20251121095332,fearness,/Users/geziwang/Desktop/teenager_ppg/cleaned_video_outputs/emotion_clips/5121005039_20251121095332/fearness.mp4,ok,ok,719,24,719,1,719,900,0.00141154,61.875
5121005039_20251121095332,tension,/Users/geziwang/Desktop/teenager_ppg/cleaned_video_outputs/emotion_clips/5121005039_20251121095332/tension.mp4,ok,ok,717,24,717,1,717,900,0.00122295,67.5
5121005040_20251121100036,calm,/Users/geziwang/Desktop/teenager_ppg/cleaned_video_outputs/emotion_clips/5121005040_20251121100036/calm.mp4,ok,ok,725,23.9997,725,1,725,900,0.00142728,56.2494
5121005040_20251121100036,sadness,/Users/geziwang/Desktop/teenager_ppg/cleaned_video_outputs/emotion_clips/5121005040_20251121100036/sadness.mp4,ok,ok,720,23.9997,720,1,720,900,0.00150193,67.4993
5121005040_20251121100036,happiness,/Users/geziwang/Desktop/teenager_ppg/cleaned_video_outputs/emotion_clips/5121005040_20251121100036/happiness.mp4,ok,ok,720,24,720,1,720,900,0.00146428,106.875
5121005040_20251121100036,fearness,/Users/geziwang/Desktop/teenager_ppg/cleaned_video_outputs/emotion_clips/5121005040_20251121100036/fearness.mp4,ok,ok,720,24,720,1,720,900,0.00147193,61.875
5121005040_20251121100036,tension,/Users/geziwang/Desktop/teenager_ppg/cleaned_video_outputs/emotion_clips/5121005040_20251121100036/tension.mp4,ok,ok,717,24,717,1,717,900,0.00224276,61.875
5121005041_20251121100904,calm,/Users/geziwang/Desktop/teenager_ppg/cleaned_video_outputs/emotion_clips/5121005041_20251121100904/calm.mp4,ok,ok,725,23.9997,725,1,725,900,0.00110695,61.8743
5121005041_20251121100904,sadness,/Users/geziwang/Desktop/teenager_ppg/cleaned_video_outputs/emotion_clips/5121005041_20251121100904/sadness.mp4,ok,ok,722,23.9997,722,1,722,900,0.000853476,73.1242
5121005041_20251121100904,happiness,/Users/geziwang/Desktop/teenager_ppg/cleaned_video_outputs/emotion_clips/5121005041_20251121100904/happiness.mp4,ok,ok,721,24,721,1,721,900,0.000998658,73.125
5121005041_20251121100904,fearness,/Users/geziwang/Desktop/teenager_ppg/cleaned_video_outputs/emotion_clips/5121005041_20251121100904/fearness.mp4,ok,ok,721,24,721,1,721,900,0.000837236,67.5
5121005041_20251121100904,tension,/Users/geziwang/Desktop/teenager_ppg/cleaned_video_outputs/emotion_clips/5121005041_20251121100904/tension.mp4,ok,ok,719,24,719,1,719,900,0.000900565,73.125
5121005042_20251121101550,calm,/Users/geziwang/Desktop/teenager_ppg/cleaned_video_outputs/emotion_clips/5121005042_20251121101550/calm.mp4,ok,ok,726,23.9997,726,1,726,900,0.00134855,67.4993
5121005042_20251121101550,sadness,/Users/geziwang/Desktop/teenager_ppg/cleaned_video_outputs/emotion_clips/5121005042_20251121101550/sadness.mp4,ok,ok,719,23.9997,719,1,719,900,0.00146311,84.3741
5121005042_20251121101550,happiness,/Users/geziwang/Desktop/teenager_ppg/cleaned_video_outputs/emotion_clips/5121005042_20251121101550/happiness.mp4,ok,ok,718,24,718,1,718,900,0.00135312,61.875
5121005042_20251121101550,fearness,/Users/geziwang/Desktop/teenager_ppg/cleaned_video_outputs/emotion_clips/5121005042_20251121101550/fearness.mp4,ok,ok,718,24,718,1,718,900,0.00130019,73.125
5121005042_20251121101550,tension,/Users/geziwang/Desktop/teenager_ppg/cleaned_video_outputs/emotion_clips/5121005042_20251121101550/tension.mp4,ok,ok,717,24,717,1,717,900,0.00146341,61.875
5121006043_20251121102511,calm,/Users/geziwang/Desktop/teenager_ppg/cleaned_video_outputs/emotion_clips/5121006043_20251121102511/calm.mp4,ok,ok,726,23.9997,726,1,726,900,0.000790919,84.3741
5121006043_20251121102511,sadness,/Users/geziwang/Desktop/teenager_ppg/cleaned_video_outputs/emotion_clips/5121006043_20251121102511/sadness.mp4,ok,ok,721,23.9997,721,1,721,900,0.00138429,61.8743
5121006043_20251121102511,happiness,/Users/geziwang/Desktop/teenager_ppg/cleaned_video_outputs/emotion_clips/5121006043_20251121102511/happiness.mp4,ok,ok,720,24,720,1,720,900,0.00129895,56.25
5121006043_20251121102511,fearness,/Users/geziwang/Desktop/teenager_ppg/cleaned_video_outputs/emotion_clips/5121006043_20251121102511/fearness.mp4,ok,ok,721,24,721,1,721,900,0.00131537,84.375
5121006043_20251121102511,tension,/Users/geziwang/Desktop/teenager_ppg/cleaned_video_outputs/emotion_clips/5121006043_20251121102511/tension.mp4,ok,ok,717,24,717,1,717,900,0.00101557,67.5
5121006044_20251121103115,calm,/Users/geziwang/Desktop/teenager_ppg/cleaned_video_outputs/emotion_clips/5121006044_20251121103115/calm.mp4,ok,ok,726,23.9997,726,1,726,900,0.00122376,73.1242
5121006044_20251121103115,sadness,/Users/geziwang/Desktop/teenager_ppg/cleaned_video_outputs/emotion_clips/5121006044_20251121103115/sadness.mp4,ok,ok,718,23.9997,718,1,718,900,0.00322549,61.8743
5121006044_20251121103115,happiness,/Users/geziwang/Desktop/teenager_ppg/cleaned_video_outputs/emotion_clips/5121006044_20251121103115/happiness.mp4,ok,ok,717,24,717,1,717,900,0.00232152,50.625
5121006044_20251121103115,fearness,/Users/geziwang/Desktop/teenager_ppg/cleaned_video_outputs/emotion_clips/5121006044_20251121103115/fearness.mp4,ok,ok,717,24,717,1,717,900,0.00257755,61.875
5121006044_20251121103115,tension,/Users/geziwang/Desktop/teenager_ppg/cleaned_video_outputs/emotion_clips/5121006044_20251121103115/tension.mp4,ok,ok,714,24,714,1,714,900,0.00229786,118.125
5121006053_20251121113636,calm,/Users/geziwang/Desktop/teenager_ppg/cleaned_video_outputs/emotion_clips/5121006053_20251121113636/calm.mp4,ok,ok,725,23.9997,725,1,725,900,0.00163769,84.3741
5121006053_20251121113636,sadness,/Users/geziwang/Desktop/teenager_ppg/cleaned_video_outputs/emotion_clips/5121006053_20251121113636/sadness.mp4,ok,ok,717,23.9997,717,1,717,900,0.00145696,50.6244
5121006053_20251121113636,happiness,/Users/geziwang/Desktop/teenager_ppg/cleaned_video_outputs/emotion_clips/5121006053_20251121113636/happiness.mp4,ok,ok,717,24,717,1,717,900,0.00146368,50.625
5121006053_20251121113636,fearness,/Users/geziwang/Desktop/teenager_ppg/cleaned_video_outputs/emotion_clips/5121006053_20251121113636/fearness.mp4,ok,ok,716,24,716,1,716,900,0.00143036,78.75
5121006053_20251121113636,tension,/Users/geziwang/Desktop/teenager_ppg/cleaned_video_outputs/emotion_clips/5121006053_20251121113636/tension.mp4,ok,ok,714,24,714,1,714,900,0.00142508,67.5
5121007045_20251121103747,calm,/Users/geziwang/Desktop/teenager_ppg/cleaned_video_outputs/emotion_clips/5121007045_20251121103747/calm.mp4,ok,ok,725,23.9997,725,1,725,900,0.00164938,78.7491
5121007045_20251121103747,sadness,/Users/geziwang/Desktop/teenager_ppg/cleaned_video_outputs/emotion_clips/5121007045_20251121103747/sadness.mp4,ok,ok,719,23.9997,719,1,719,900,0.0012509,67.4992
5121007045_20251121103747,happiness,/Users/geziwang/Desktop/teenager_ppg/cleaned_video_outputs/emotion_clips/5121007045_20251121103747/happiness.mp4,ok,ok,718,24,718,1,718,900,0.00161606,90
5121007045_20251121103747,fearness,/Users/geziwang/Desktop/teenager_ppg/cleaned_video_outputs/emotion_clips/5121007045_20251121103747/fearness.mp4,ok,ok,718,24,718,1,718,900,0.00217077,78.75
5121007045_20251121103747,tension,/Users/geziwang/Desktop/teenager_ppg/cleaned_video_outputs/emotion_clips/5121007045_20251121103747/tension.mp4,ok,ok,716,24,716,1,716,900,0.00201723,84.375
5121007046_20251121104419,calm,/Users/geziwang/Desktop/teenager_ppg/cleaned_video_outputs/emotion_clips/5121007046_20251121104419/calm.mp4,ok,ok,726,23.9997,726,1,726,900,0.00127834,56.2494
5121007046_20251121104419,sadness,/Users/geziwang/Desktop/teenager_ppg/cleaned_video_outputs/emotion_clips/5121007046_20251121104419/sadness.mp4,ok,ok,722,23.9997,722,1,722,900,0.00201477,61.8743
5121007046_20251121104419,happiness,/Users/geziwang/Desktop/teenager_ppg/cleaned_video_outputs/emotion_clips/5121007046_20251121104419/happiness.mp4,ok,ok,721,24,721,1,721,900,0.00220772,61.875
5121007046_20251121104419,fearness,/Users/geziwang/Desktop/teenager_ppg/cleaned_video_outputs/emotion_clips/5121007046_20251121104419/fearness.mp4,ok,ok,721,24,721,1,721,900,0.00223017,61.875
5121007046_20251121104419,tension,/Users/geziwang/Desktop/teenager_ppg/cleaned_video_outputs/emotion_clips/5121007046_20251121104419/tension.mp4,ok,ok,718,24,718,1,718,900,0.00253198,61.875
5121007047_20251121105103,calm,/Users/geziwang/Desktop/teenager_ppg/cleaned_video_outputs/emotion_clips/5121007047_20251121105103/calm.mp4,ok,ok,726,23.9997,726,1,726,900,0.00224413,56.2494
5121007047_20251121105103,sadness,/Users/geziwang/Desktop/teenager_ppg/cleaned_video_outputs/emotion_clips/5121007047_20251121105103/sadness.mp4,ok,ok,720,23.9997,720,1,720,900,0.00236766,56.2494
5121007047_20251121105103,happiness,/Users/geziwang/Desktop/teenager_ppg/cleaned_video_outputs/emotion_clips/5121007047_20251121105103/happiness.mp4,ok,ok,719,24,719,1,719,900,0.00277867,50.625
5121007047_20251121105103,fearness,/Users/geziwang/Desktop/teenager_ppg/cleaned_video_outputs/emotion_clips/5121007047_20251121105103/fearness.mp4,ok,ok,719,24,719,1,719,900,0.00158383,67.5
5121007047_20251121105103,tension,/Users/geziwang/Desktop/teenager_ppg/cleaned_video_outputs/emotion_clips/5121007047_20251121105103/tension.mp4,ok,ok,717,24,717,1,717,900,0.00121488,56.25
5121007048_20251121105730,calm,/Users/geziwang/Desktop/teenager_ppg/cleaned_video_outputs/emotion_clips/5121007048_20251121105730/calm.mp4,ok,ok,727,23.9997,727,1,727,900,0.00171009,84.3741
5121007048_20251121105730,sadness,/Users/geziwang/Desktop/teenager_ppg/cleaned_video_outputs/emotion_clips/5121007048_20251121105730/sadness.mp4,ok,ok,720,23.9997,720,1,720,900,0.00199771,61.8743
5121007048_20251121105730,happiness,/Users/geziwang/Desktop/teenager_ppg/cleaned_video_outputs/emotion_clips/5121007048_20251121105730/happiness.mp4,ok,ok,720,24,720,1,720,900,0.00165532,56.25
5121007048_20251121105730,fearness,/Users/geziwang/Desktop/teenager_ppg/cleaned_video_outputs/emotion_clips/5121007048_20251121105730/fearness.mp4,ok,ok,720,24,720,1,720,900,0.00173404,73.125
5121007048_20251121105730,tension,/Users/geziwang/Desktop/teenager_ppg/cleaned_video_outputs/emotion_clips/5121007048_20251121105730/tension.mp4,ok,ok,717,24,717,1,717,900,0.00145382,56.25
5121007049_20251121110436,calm,/Users/geziwang/Desktop/teenager_ppg/cleaned_video_outputs/emotion_clips/5121007049_20251121110436/calm.mp4,ok,ok,723,23.9997,723,1,723,900,0.00171472,95.6239
5121007049_20251121110436,sadness,/Users/geziwang/Desktop/teenager_ppg/cleaned_video_outputs/emotion_clips/5121007049_20251121110436/sadness.mp4,ok,ok,719,23.9997,719,1,719,900,0.00256433,61.8743
5121007049_20251121110436,happiness,/Users/geziwang/Desktop/teenager_ppg/cleaned_video_outputs/emotion_clips/5121007049_20251121110436/happiness.mp4,ok,ok,719,24,719,1,719,900,0.00196976,67.5
5121007049_20251121110436,fearness,/Users/geziwang/Desktop/teenager_ppg/cleaned_video_outputs/emotion_clips/5121007049_20251121110436/fearness.mp4,ok,ok,719,24,719,1,719,900,0.0021851,78.75
5121007049_20251121110436,tension,/Users/geziwang/Desktop/teenager_ppg/cleaned_video_outputs/emotion_clips/5121007049_20251121110436/tension.mp4,ok,ok,716,24,716,1,716,900,0.00185434,84.375
5121007050_20251121111307,calm,/Users/geziwang/Desktop/teenager_ppg/cleaned_video_outputs/emotion_clips/5121007050_20251121111307/calm.mp4,ok,ok,726,23.9997,726,1,726,900,0.000943378,56.2494
5121007050_20251121111307,sadness,/Users/geziwang/Desktop/teenager_ppg/cleaned_video_outputs/emotion_clips/5121007050_20251121111307/sadness.mp4,ok,ok,718,23.9997,718,1,718,900,0.00107289,61.8743
5121007050_20251121111307,happiness,/Users/geziwang/Desktop/teenager_ppg/cleaned_video_outputs/emotion_clips/5121007050_20251121111307/happiness.mp4,ok,ok,718,24,718,1,718,900,0.000763962,78.75
5121007050_20251121111307,fearness,/Users/geziwang/Desktop/teenager_ppg/cleaned_video_outputs/emotion_clips/5121007050_20251121111307/fearness.mp4,ok,ok,717,24,717,1,717,900,0.000774492,67.5
5121007050_20251121111307,tension,/Users/geziwang/Desktop/teenager_ppg/cleaned_video_outputs/emotion_clips/5121007050_20251121111307/tension.mp4,ok,ok,716,24,716,1,716,900,0.000961719,73.125
5121007051_20251121112040,calm,/Users/geziwang/Desktop/teenager_ppg/cleaned_video_outputs/emotion_clips/5121007051_20251121112040/calm.mp4,ok,ok,725,23.9997,725,1,725,900,0.00108472,67.4993
5121007051_20251121112040,sadness,/Users/geziwang/Desktop/teenager_ppg/cleaned_video_outputs/emotion_clips/5121007051_20251121112040/sadness.mp4,ok,ok,716,23.9997,716,1,716,900,0.000961071,61.8743
5121007051_20251121112040,happiness,/Users/geziwang/Desktop/teenager_ppg/cleaned_video_outputs/emotion_clips/5121007051_20251121112040/happiness.mp4,ok,ok,716,24,716,1,716,900,0.00101224,61.875
5121007051_20251121112040,fearness,/Users/geziwang/Desktop/teenager_ppg/cleaned_video_outputs/emotion_clips/5121007051_20251121112040/fearness.mp4,ok,ok,716,24,716,1,716,900,0.00104642,56.25
5121007051_20251121112040,tension,/Users/geziwang/Desktop/teenager_ppg/cleaned_video_outputs/emotion_clips/5121007051_20251121112040/tension.mp4,ok,ok,714,24,714,1,714,900,0.00112743,73.125
5121007052_20251121112808,calm,/Users/geziwang/Desktop/teenager_ppg/cleaned_video_outputs/emotion_clips/5121007052_20251121112808/calm.mp4,ok,ok,726,23.9997,726,1,726,900,0.00109831,118.124
5121007052_20251121112808,sadness,/Users/geziwang/Desktop/teenager_ppg/cleaned_video_outputs/emotion_clips/5121007052_20251121112808/sadness.mp4,ok,ok,716,23.9997,716,1,716,900,0.000925232,61.8743
5121007052_20251121112808,happiness,/Users/geziwang/Desktop/teenager_ppg/cleaned_video_outputs/emotion_clips/5121007052_20251121112808/happiness.mp4,ok,ok,716,24,716,1,716,900,0.00128216,56.25
5121007052_20251121112808,fearness,/Users/geziwang/Desktop/teenager_ppg/cleaned_video_outputs/emotion_clips/5121007052_20251121112808/fearness.mp4,ok,ok,716,24,716,1,716,900,0.00105006,67.5
5121007052_20251121112808,tension,/Users/geziwang/Desktop/teenager_ppg/cleaned_video_outputs/emotion_clips/5121007052_20251121112808/tension.mp4,ok,ok,714,24,714,1,714,900,0.00102105,56.25
5121201012_20251130104040,calm,/Users/geziwang/Desktop/teenager_ppg/cleaned_video_outputs/emotion_clips/5121201012_20251130104040/calm.mp4,ok,ok,729,23.9997,729,1,729,900,0.000726735,61.8743
5121201012_20251130104040,sadness,/Users/geziwang/Desktop/teenager_ppg/cleaned_video_outputs/emotion_clips/5121201012_20251130104040/sadness.mp4,ok,ok,721,23.9997,721,1,721,900,0.000768698,73.1242
5121201012_20251130104040,happiness,/Users/geziwang/Desktop/teenager_ppg/cleaned_video_outputs/emotion_clips/5121201012_20251130104040/happiness.mp4,ok,ok,721,24,721,1,721,900,0.000648882,56.25
5121201012_20251130104040,fearness,/Users/geziwang/Desktop/teenager_ppg/cleaned_video_outputs/emotion_clips/5121201012_20251130104040/fearness.mp4,ok,ok,720,24,720,1,720,900,0.000837682,78.75
5121201012_20251130104040,tension,/Users/geziwang/Desktop/teenager_ppg/cleaned_video_outputs/emotion_clips/5121201012_20251130104040/tension.mp4,ok,ok,719,24,719,1,719,900,0.000944934,50.625
5121201013_20251130104803,calm,/Users/geziwang/Desktop/teenager_ppg/cleaned_video_outputs/emotion_clips/5121201013_20251130104803/calm.mp4,ok,ok,727,23.9997,727,1,727,900,0.00107463,56.2494
5121201013_20251130104803,sadness,/Users/geziwang/Desktop/teenager_ppg/cleaned_video_outputs/emotion_clips/5121201013_20251130104803/sadness.mp4,ok,ok,721,23.9997,721,1,721,900,0.00102639,84.3741
5121201013_20251130104803,happiness,/Users/geziwang/Desktop/teenager_ppg/cleaned_video_outputs/emotion_clips/5121201013_20251130104803/happiness.mp4,ok,ok,720,24,720,1,720,900,0.00101507,90
5121201013_20251130104803,fearness,/Users/geziwang/Desktop/teenager_ppg/cleaned_video_outputs/emotion_clips/5121201013_20251130104803/fearness.mp4,ok,ok,720,24,720,1,720,900,0.00128789,50.625
5121201013_20251130104803,tension,/Users/geziwang/Desktop/teenager_ppg/cleaned_video_outputs/emotion_clips/5121201013_20251130104803/tension.mp4,ok,ok,717,24,717,1,717,900,0.00165383,95.625
5121201014_20251130105429,calm,/Users/geziwang/Desktop/teenager_ppg/cleaned_video_outputs/emotion_clips/5121201014_20251130105429/calm.mp4,ok,ok,727,23.9997,727,1,727,900,0.00108702,67.4993
5121201014_20251130105429,sadness,/Users/geziwang/Desktop/teenager_ppg/cleaned_video_outputs/emotion_clips/5121201014_20251130105429/sadness.mp4,ok,ok,722,23.9997,722,1,722,900,0.00075971,50.6244
5121201014_20251130105429,happiness,/Users/geziwang/Desktop/teenager_ppg/cleaned_video_outputs/emotion_clips/5121201014_20251130105429/happiness.mp4,ok,ok,721,24,721,1,721,900,0.00098325,90
5121201014_20251130105429,fearness,/Users/geziwang/Desktop/teenager_ppg/cleaned_video_outputs/emotion_clips/5121201014_20251130105429/fearness.mp4,ok,ok,721,24,721,1,721,900,0.000804945,61.875
5121201014_20251130105429,tension,/Users/geziwang/Desktop/teenager_ppg/cleaned_video_outputs/emotion_clips/5121201014_20251130105429/tension.mp4,ok,ok,719,24,719,1,719,900,0.00081239,73.125
5121201015_20251130110141,calm,/Users/geziwang/Desktop/teenager_ppg/cleaned_video_outputs/emotion_clips/5121201015_20251130110141/calm.mp4,ok,ok,728,23.9997,728,1,728,900,0.00133905,73.1242
5121201015_20251130110141,sadness,/Users/geziwang/Desktop/teenager_ppg/cleaned_video_outputs/emotion_clips/5121201015_20251130110141/sadness.mp4,ok,ok,721,23.9997,721,1,721,900,0.0014295,73.1242
5121201015_20251130110141,happiness,/Users/geziwang/Desktop/teenager_ppg/cleaned_video_outputs/emotion_clips/5121201015_20251130110141/happiness.mp4,ok,ok,720,24,720,1,720,900,0.000957945,56.25
5121201015_20251130110141,fearness,/Users/geziwang/Desktop/teenager_ppg/cleaned_video_outputs/emotion_clips/5121201015_20251130110141/fearness.mp4,ok,ok,720,24,720,1,720,900,0.00126987,78.75
5121201015_20251130110141,tension,/Users/geziwang/Desktop/teenager_ppg/cleaned_video_outputs/emotion_clips/5121201015_20251130110141/tension.mp4,ok,ok,718,24,718,1,718,900,0.00117269,78.75
5121201016_20251130110845,calm,/Users/geziwang/Desktop/teenager_ppg/cleaned_video_outputs/emotion_clips/5121201016_20251130110845/calm.mp4,ok,ok,727,23.9997,727,1,727,900,0.0012063,61.8743
5121201016_20251130110845,sadness,/Users/geziwang/Desktop/teenager_ppg/cleaned_video_outputs/emotion_clips/5121201016_20251130110845/sadness.mp4,ok,ok,721,23.9997,721,1,721,900,0.000782087,61.8743
5121201016_20251130110845,happiness,/Users/geziwang/Desktop/teenager_ppg/cleaned_video_outputs/emotion_clips/5121201016_20251130110845/happiness.mp4,ok,ok,720,24,720,1,720,900,0.000742167,50.625
5121201016_20251130110845,fearness,/Users/geziwang/Desktop/teenager_ppg/cleaned_video_outputs/emotion_clips/5121201016_20251130110845/fearness.mp4,ok,ok,720,24,720,1,720,900,0.000568843,56.25
5121201016_20251130110845,tension,/Users/geziwang/Desktop/teenager_ppg/cleaned_video_outputs/emotion_clips/5121201016_20251130110845/tension.mp4,ok,ok,717,24,717,1,717,900,0.000689182,73.125
5121201017_20251130111920,calm,/Users/geziwang/Desktop/teenager_ppg/cleaned_video_outputs/emotion_clips/5121201017_20251130111920/calm.mp4,ok,ok,728,23.9997,728,1,728,900,0.000902192,61.8743
5121201017_20251130111920,sadness,/Users/geziwang/Desktop/teenager_ppg/cleaned_video_outputs/emotion_clips/5121201017_20251130111920/sadness.mp4,ok,ok,721,23.9997,721,1,721,900,0.00097105,89.999
5121201017_20251130111920,happiness,/Users/geziwang/Desktop/teenager_ppg/cleaned_video_outputs/emotion_clips/5121201017_20251130111920/happiness.mp4,ok,ok,720,24,720,1,720,900,0.000752236,61.875
5121201017_20251130111920,fearness,/Users/geziwang/Desktop/teenager_ppg/cleaned_video_outputs/emotion_clips/5121201017_20251130111920/fearness.mp4,ok,ok,720,24,720,1,720,900,0.000855664,56.25
5121201017_20251130111920,tension,/Users/geziwang/Desktop/teenager_ppg/cleaned_video_outputs/emotion_clips/5121201017_20251130111920/tension.mp4,ok,ok,717,24,717,1,717,900,0.00120063,78.75
5121201018_20251130112900,calm,/Users/geziwang/Desktop/teenager_ppg/cleaned_video_outputs/emotion_clips/5121201018_20251130112900/calm.mp4,ok,ok,729,23.9997,729,1,729,900,0.00342901,89.999
5121201018_20251130112900,sadness,/Users/geziwang/Desktop/teenager_ppg/cleaned_video_outputs/emotion_clips/5121201018_20251130112900/sadness.mp4,ok,ok,721,23.9997,721,1,721,900,0.00301536,73.1242
5121201018_20251130112900,happiness,/Users/geziwang/Desktop/teenager_ppg/cleaned_video_outputs/emotion_clips/5121201018_20251130112900/happiness.mp4,ok,ok,721,24,721,1,721,900,0.00226998,61.875
5121201018_20251130112900,fearness,/Users/geziwang/Desktop/teenager_ppg/cleaned_video_outputs/emotion_clips/5121201018_20251130112900/fearness.mp4,ok,ok,720,24,720,1,720,900,0.00248433,67.5
5121201018_20251130112900,tension,/Users/geziwang/Desktop/teenager_ppg/cleaned_video_outputs/emotion_clips/5121201018_20251130112900/tension.mp4,ok,ok,718,24,718,1,718,900,0.00236175,67.5
5121201019_20251130113945,calm,/Users/geziwang/Desktop/teenager_ppg/cleaned_video_outputs/emotion_clips/5121201019_20251130113945/calm.mp4,ok,ok,728,23.9997,728,1,728,900,0.00107468,61.8743
5121201019_20251130113945,sadness,/Users/geziwang/Desktop/teenager_ppg/cleaned_video_outputs/emotion_clips/5121201019_20251130113945/sadness.mp4,ok,ok,721,23.9997,721,1,721,900,0.000646136,78.7491
5121201019_20251130113945,happiness,/Users/geziwang/Desktop/teenager_ppg/cleaned_video_outputs/emotion_clips/5121201019_20251130113945/happiness.mp4,ok,ok,720,24,720,1,720,900,0.000769165,84.375
5121201019_20251130113945,fearness,/Users/geziwang/Desktop/teenager_ppg/cleaned_video_outputs/emotion_clips/5121201019_20251130113945/fearness.mp4,ok,ok,720,24,720,1,720,900,0.000836958,45
5121201019_20251130113945,tension,/Users/geziwang/Desktop/teenager_ppg/cleaned_video_outputs/emotion_clips/5121201019_20251130113945/tension.mp4,ok,ok,717,24,717,1,717,900,0.000686577,50.625
5121201020_20251130114914,calm,/Users/geziwang/Desktop/teenager_ppg/cleaned_video_outputs/emotion_clips/5121201020_20251130114914/calm.mp4,ok,ok,728,23.9997,728,1,728,900,0.00092707,78.7491
5121201020_20251130114914,sadness,/Users/geziwang/Desktop/teenager_ppg/cleaned_video_outputs/emotion_clips/5121201020_20251130114914/sadness.mp4,ok,ok,721,23.9997,721,1,721,900,0.00127077,73.1242
5121201020_20251130114914,happiness,/Users/geziwang/Desktop/teenager_ppg/cleaned_video_outputs/emotion_clips/5121201020_20251130114914/happiness.mp4,ok,ok,720,24,720,1,720,900,0.000915128,78.75
5121201020_20251130114914,fearness,/Users/geziwang/Desktop/teenager_ppg/cleaned_video_outputs/emotion_clips/5121201020_20251130114914/fearness.mp4,ok,ok,720,24,720,1,720,900,0.000881765,67.5
5121201020_20251130114914,tension,/Users/geziwang/Desktop/teenager_ppg/cleaned_video_outputs/emotion_clips/5121201020_20251130114914/tension.mp4,ok,ok,717,24,717,1,717,900,0.00109355,61.875
5121201021_20251130115525,calm,/Users/geziwang/Desktop/teenager_ppg/cleaned_video_outputs/emotion_clips/5121201021_20251130115525/calm.mp4,ok,ok,728,23.9997,728,1,728,900,0.00120879,73.1242
5121201021_20251130115525,sadness,/Users/geziwang/Desktop/teenager_ppg/cleaned_video_outputs/emotion_clips/5121201021_20251130115525/sadness.mp4,ok,ok,721,23.9997,721,1,721,900,0.00172921,61.8743
5121201021_20251130115525,happiness,/Users/geziwang/Desktop/teenager_ppg/cleaned_video_outputs/emotion_clips/5121201021_20251130115525/happiness.mp4,ok,ok,721,24,721,1,721,900,0.00123113,84.375
5121201021_20251130115525,fearness,/Users/geziwang/Desktop/teenager_ppg/cleaned_video_outputs/emotion_clips/5121201021_20251130115525/fearness.mp4,ok,ok,720,24,720,1,720,900,0.00184845,84.375
5121201021_20251130115525,tension,/Users/geziwang/Desktop/teenager_ppg/cleaned_video_outputs/emotion_clips/5121201021_20251130115525/tension.mp4,ok,ok,717,24,717,1,717,900,0.00248427,61.875
5121201022_20251130135502,calm,/Users/geziwang/Desktop/teenager_ppg/cleaned_video_outputs/emotion_clips/5121201022_20251130135502/calm.mp4,ok,ok,726,23.9997,726,1,726,900,0.00105889,50.6244
5121201022_20251130135502,sadness,/Users/geziwang/Desktop/teenager_ppg/cleaned_video_outputs/emotion_clips/5121201022_20251130135502/sadness.mp4,ok,ok,721,23.9997,721,1,721,900,0.00131103,67.4993
5121201022_20251130135502,happiness,/Users/geziwang/Desktop/teenager_ppg/cleaned_video_outputs/emotion_clips/5121201022_20251130135502/happiness.mp4,ok,ok,720,24,720,1,720,900,0.00065891,90
5121201022_20251130135502,fearness,/Users/geziwang/Desktop/teenager_ppg/cleaned_video_outputs/emotion_clips/5121201022_20251130135502/fearness.mp4,ok,ok,720,24,720,1,720,900,0.000910593,67.5
5121201022_20251130135502,tension,/Users/geziwang/Desktop/teenager_ppg/cleaned_video_outputs/emotion_clips/5121201022_20251130135502/tension.mp4,ok,ok,717,24,717,1,717,900,0.000918004,61.875
5121209023_20251130141158,calm,/Users/geziwang/Desktop/teenager_ppg/cleaned_video_outputs/emotion_clips/5121209023_20251130141158/calm.mp4,ok,ok,727,23.9997,727,1,727,900,0.000922932,44.9995
5121209023_20251130141158,sadness,/Users/geziwang/Desktop/teenager_ppg/cleaned_video_outputs/emotion_clips/5121209023_20251130141158/sadness.mp4,ok,ok,721,23.9997,721,1,721,900,0.00101101,50.6244
5121209023_20251130141158,happiness,/Users/geziwang/Desktop/teenager_ppg/cleaned_video_outputs/emotion_clips/5121209023_20251130141158/happiness.mp4,ok,ok,720,24,720,1,720,900,0.00106544,61.875
5121209023_20251130141158,fearness,/Users/geziwang/Desktop/teenager_ppg/cleaned_video_outputs/emotion_clips/5121209023_20251130141158/fearness.mp4,ok,ok,720,24,720,1,720,900,0.00067691,56.25
5121209023_20251130141158,tension,/Users/geziwang/Desktop/teenager_ppg/cleaned_video_outputs/emotion_clips/5121209023_20251130141158/tension.mp4,ok,ok,717,24,717,1,717,900,0.000778767,61.875
5121209024_20251130142226,calm,/Users/geziwang/Desktop/teenager_ppg/cleaned_video_outputs/emotion_clips/5121209024_20251130142226/calm.mp4,ok,ok,727,23.9997,727,1,727,900,0.0013422,67.4993
5121209024_20251130142226,sadness,/Users/geziwang/Desktop/teenager_ppg/cleaned_video_outputs/emotion_clips/5121209024_20251130142226/sadness.mp4,ok,ok,722,23.9997,722,1,722,900,0.00176092,84.3741
5121209024_20251130142226,happiness,/Users/geziwang/Desktop/teenager_ppg/cleaned_video_outputs/emotion_clips/5121209024_20251130142226/happiness.mp4,ok,ok,722,24,722,1,722,900,0.00177994,61.875
5121209024_20251130142226,fearness,/Users/geziwang/Desktop/teenager_ppg/cleaned_video_outputs/emotion_clips/5121209024_20251130142226/fearness.mp4,ok,ok,722,24,722,1,722,900,0.0018932,95.625
5121209024_20251130142226,tension,/Users/geziwang/Desktop/teenager_ppg/cleaned_video_outputs/emotion_clips/5121209024_20251130142226/tension.mp4,ok,ok,719,24,719,1,719,900,0.00143545,50.625
5121209025_20251130142913,calm,/Users/geziwang/Desktop/teenager_ppg/cleaned_video_outputs/emotion_clips/5121209025_20251130142913/calm.mp4,ok,ok,727,23.9997,727,1,727,900,0.000994982,106.874
5121209025_20251130142913,sadness,/Users/geziwang/Desktop/teenager_ppg/cleaned_video_outputs/emotion_clips/5121209025_20251130142913/sadness.mp4,ok,ok,721,23.9997,721,1,721,900,0.00139448,73.1242
5121209025_20251130142913,happiness,/Users/geziwang/Desktop/teenager_ppg/cleaned_video_outputs/emotion_clips/5121209025_20251130142913/happiness.mp4,ok,ok,720,24,720,1,720,900,0.000985541,56.25
5121209025_20251130142913,fearness,/Users/geziwang/Desktop/teenager_ppg/cleaned_video_outputs/emotion_clips/5121209025_20251130142913/fearness.mp4,ok,ok,720,24,720,1,720,900,0.00125287,90
5121209025_20251130142913,tension,/Users/geziwang/Desktop/teenager_ppg/cleaned_video_outputs/emotion_clips/5121209025_20251130142913/tension.mp4,ok,ok,717,24,717,1,717,900,0.000977558,90
5121209026_20251130143920,calm,/Users/geziwang/Desktop/teenager_ppg/cleaned_video_outputs/emotion_clips/5121209026_20251130143920/calm.mp4,ok,ok,727,23.9997,727,1,727,900,0.000927658,78.7491
5121209026_20251130143920,sadness,/Users/geziwang/Desktop/teenager_ppg/cleaned_video_outputs/emotion_clips/5121209026_20251130143920/sadness.mp4,ok,ok,721,23.9997,721,1,721,900,0.00140802,56.2494
5121209026_20251130143920,happiness,/Users/geziwang/Desktop/teenager_ppg/cleaned_video_outputs/emotion_clips/5121209026_20251130143920/happiness.mp4,ok,ok,720,24,720,1,720,900,0.000870269,56.25
5121209026_20251130143920,fearness,/Users/geziwang/Desktop/teenager_ppg/cleaned_video_outputs/emotion_clips/5121209026_20251130143920/fearness.mp4,ok,ok,720,24,720,1,720,900,0.00105041,73.125
5121209026_20251130143920,tension,/Users/geziwang/Desktop/teenager_ppg/cleaned_video_outputs/emotion_clips/5121209026_20251130143920/tension.mp4,ok,ok,718,24,718,1,718,900,0.000860801,78.75
5121209027_20251130144741,calm,/Users/geziwang/Desktop/teenager_ppg/cleaned_video_outputs/emotion_clips/5121209027_20251130144741/calm.mp4,ok,ok,729,23.9997,729,1,729,900,0.00115288,67.4993
5121209027_20251130144741,sadness,/Users/geziwang/Desktop/teenager_ppg/cleaned_video_outputs/emotion_clips/5121209027_20251130144741/sadness.mp4,ok,ok,722,23.9997,722,1,722,900,0.00103739,78.7491
5121209027_20251130144741,happiness,/Users/geziwang/Desktop/teenager_ppg/cleaned_video_outputs/emotion_clips/5121209027_20251130144741/happiness.mp4,ok,ok,722,24,722,1,722,900,0.00108678,61.875
5121209027_20251130144741,fearness,/Users/geziwang/Desktop/teenager_ppg/cleaned_video_outputs/emotion_clips/5121209027_20251130144741/fearness.mp4,ok,ok,722,24,722,1,722,900,0.0011996,78.75
5121209027_20251130144741,tension,/Users/geziwang/Desktop/teenager_ppg/cleaned_video_outputs/emotion_clips/5121209027_20251130144741/tension.mp4,ok,ok,718,24,718,1,718,900,0.00168741,50.625
5121209028_20251130145603,calm,/Users/geziwang/Desktop/teenager_ppg/cleaned_video_outputs/emotion_clips/5121209028_20251130145603/calm.mp4,ok,ok,724,23.9997,724,1,724,900,0.00217587,95.6239
5121209028_20251130145603,sadness,/Users/geziwang/Desktop/teenager_ppg/cleaned_video_outputs/emotion_clips/5121209028_20251130145603/sadness.mp4,ok,ok,721,23.9997,721,1,721,900,0.00244068,95.6239
5121209028_20251130145603,happiness,/Users/geziwang/Desktop/teenager_ppg/cleaned_video_outputs/emotion_clips/5121209028_20251130145603/happiness.mp4,ok,ok,721,24,721,1,721,900,0.00238669,56.25
5121209028_20251130145603,fearness,/Users/geziwang/Desktop/teenager_ppg/cleaned_video_outputs/emotion_clips/5121209028_20251130145603/fearness.mp4,ok,ok,720,24,720,1,720,900,0.00167939,84.375
5121209028_20251130145603,tension,/Users/geziwang/Desktop/teenager_ppg/cleaned_video_outputs/emotion_clips/5121209028_20251130145603/tension.mp4,ok,ok,719,24,719,1,719,900,0.00149901,73.125
5121209029_20251130150420,calm,/Users/geziwang/Desktop/teenager_ppg/cleaned_video_outputs/emotion_clips/5121209029_20251130150420/calm.mp4,ok,ok,728,23.9997,728,1,728,900,0.00130054,44.9995
5121209029_20251130150420,sadness,/Users/geziwang/Desktop/teenager_ppg/cleaned_video_outputs/emotion_clips/5121209029_20251130150420/sadness.mp4,ok,ok,721,23.9997,721,1,721,900,0.00195958,78.7491
5121209029_20251130150420,happiness,/Users/geziwang/Desktop/teenager_ppg/cleaned_video_outputs/emotion_clips/5121209029_20251130150420/happiness.mp4,ok,ok,721,24,721,1,721,900,0.0017634,50.625
5121209029_20251130150420,fearness,/Users/geziwang/Desktop/teenager_ppg/cleaned_video_outputs/emotion_clips/5121209029_20251130150420/fearness.mp4,ok,ok,720,24,720,1,720,900,0.00227359,50.625
5121209029_20251130150420,tension,/Users/geziwang/Desktop/teenager_ppg/cleaned_video_outputs/emotion_clips/5121209029_20251130150420/tension.mp4,ok,ok,719,24,719,1,719,900,0.00180437,50.625
5121209030_20251130151445,calm,/Users/geziwang/Desktop/teenager_ppg/cleaned_video_outputs/emotion_clips/5121209030_20251130151445/calm.mp4,ok,ok,728,23.9997,728,1,728,900,0.00110574,89.999
5121209030_20251130151445,sadness,/Users/geziwang/Desktop/teenager_ppg/cleaned_video_outputs/emotion_clips/5121209030_20251130151445/sadness.mp4,ok,ok,722,23.9997,722,1,722,900,0.00153109,67.4993
5121209030_20251130151445,happiness,/Users/geziwang/Desktop/teenager_ppg/cleaned_video_outputs/emotion_clips/5121209030_20251130151445/happiness.mp4,ok,ok,721,24,721,1,721,900,0.00118787,61.875
5121209030_20251130151445,fearness,/Users/geziwang/Desktop/teenager_ppg/cleaned_video_outputs/emotion_clips/5121209030_20251130151445/fearness.mp4,ok,ok,721,24,721,1,721,900,0.00113041,56.25
5121209030_20251130151445,tension,/Users/geziwang/Desktop/teenager_ppg/cleaned_video_outputs/emotion_clips/5121209030_20251130151445/tension.mp4,ok,ok,717,24,717,1,717,900,0.00115852,50.625
5121209031_20251130152232,calm,/Users/geziwang/Desktop/teenager_ppg/cleaned_video_outputs/emotion_clips/5121209031_20251130152232/calm.mp4,ok,ok,729,23.9997,729,1,729,900,0.0010302,67.4993
5121209031_20251130152232,sadness,/Users/geziwang/Desktop/teenager_ppg/cleaned_video_outputs/emotion_clips/5121209031_20251130152232/sadness.mp4,ok,ok,721,23.9997,721,1,721,900,0.000872796,56.2494
5121209031_20251130152232,happiness,/Users/geziwang/Desktop/teenager_ppg/cleaned_video_outputs/emotion_clips/5121209031_20251130152232/happiness.mp4,ok,ok,721,24,721,1,721,900,0.00102284,61.875
5121209031_20251130152232,fearness,/Users/geziwang/Desktop/teenager_ppg/cleaned_video_outputs/emotion_clips/5121209031_20251130152232/fearness.mp4,ok,ok,720,24,720,1,720,900,0.000857104,61.875
5121209031_20251130152232,tension,/Users/geziwang/Desktop/teenager_ppg/cleaned_video_outputs/emotion_clips/5121209031_20251130152232/tension.mp4,ok,ok,718,24,718,1,718,900,0.00115572,61.875
5121209032_20251130152948,calm,/Users/geziwang/Desktop/teenager_ppg/cleaned_video_outputs/emotion_clips/5121209032_20251130152948/calm.mp4,ok,ok,728,23.9997,728,1,728,900,0.00100681,78.7491
5121209032_20251130152948,sadness,/Users/geziwang/Desktop/teenager_ppg/cleaned_video_outputs/emotion_clips/5121209032_20251130152948/sadness.mp4,ok,ok,722,23.9997,722,1,722,900,0.000957869,56.2494
5121209032_20251130152948,happiness,/Users/geziwang/Desktop/teenager_ppg/cleaned_video_outputs/emotion_clips/5121209032_20251130152948/happiness.mp4,ok,ok,721,24,721,1,721,900,0.000971532,84.375
5121209032_20251130152948,fearness,/Users/geziwang/Desktop/teenager_ppg/cleaned_video_outputs/emotion_clips/5121209032_20251130152948/fearness.mp4,ok,ok,721,24,721,1,721,900,0.000905657,78.75
5121209032_20251130152948,tension,/Users/geziwang/Desktop/teenager_ppg/cleaned_video_outputs/emotion_clips/5121209032_20251130152948/tension.mp4,ok,ok,718,24,718,1,718,900,0.000998079,67.5
5121209033_20251130153645,calm,/Users/geziwang/Desktop/teenager_ppg/cleaned_video_outputs/emotion_clips/5121209033_20251130153645/calm.mp4,ok,ok,728,23.9997,728,1,728,900,0.00145818,61.8743
5121209033_20251130153645,sadness,/Users/geziwang/Desktop/teenager_ppg/cleaned_video_outputs/emotion_clips/5121209033_20251130153645/sadness.mp4,ok,ok,722,23.9997,722,1,722,900,0.00162496,73.1242
5121209033_20251130153645,happiness,/Users/geziwang/Desktop/teenager_ppg/cleaned_video_outputs/emotion_clips/5121209033_20251130153645/happiness.mp4,ok,ok,722,24,722,1,722,900,0.000904913,73.125
5121209033_20251130153645,fearness,/Users/geziwang/Desktop/teenager_ppg/cleaned_video_outputs/emotion_clips/5121209033_20251130153645/fearness.mp4,ok,ok,722,24,722,1,722,900,0.00130271,73.125
5121209033_20251130153645,tension,/Users/geziwang/Desktop/teenager_ppg/cleaned_video_outputs/emotion_clips/5121209033_20251130153645/tension.mp4,ok,ok,718,24,718,1,718,900,0.00110755,90
